observation_id,observation_date,origin,destination,route_id,commodity,vessel_class,cargo_size_t,freight_usd_per_t,rate_type,observation_type,source_name,source_url,source_reference,publication_date,retrieval_date,coverage_start,coverage_end,source_file,verification_status,verification_notes,confidence,schema_version
synth-00001,2015-01-01,Newcastle,Visakhapatnam,R1,Coal,Panamax,140000,5.85,freight_usd_per_t,synthetic_monthly,synthetic_route_freight_rates.csv,,R1|2015-01-01,,2026-09-05,2015-01-01,2015-01-01,synthetic_route_freight_rates.csv,synthetic,Synthetic MVP development data; not broker/public observed freight quotes.,low,1.0
synth-00002,2015-02-01,Newcastle,Visakhapatnam,R1,Coal,Panamax,140000,6.39,freight_usd_per_t,synthetic_monthly,synthetic_route_freight_rates.csv,,R1|2015-02-01,,2026-09-05,2015-02-01,2015-02-01,synthetic_route_freight_rates.csv,synthetic,Synthetic MVP development data; not broker/public observed freight quotes.,low,1.0
synth-00003,2015-03-01,Newcastle,Visakhapatnam,R1,Coal,Panamax,140000,5.83,freight_usd_per_t,synthetic_monthly,synthetic_route_freight_rates.csv,,R1|2015-03-01,,2026-09-05,2015-03-01,2015-03-01,synthetic_route_freight_rates.csv,synthetic,Synthetic MVP development data; not broker/public observed freight quotes.,low,1.0
synth-00004,2015-04-01,Newcastle,Visakhapatnam,R1,Coal,Panamax,140000,6.86,freight_usd_per_t,synthetic_monthly,synthetic_route_freight_rates.csv,,R1|2015-04-01,,2026-09-05,2015-04-01,2015-04-01,synthetic_route_freight_rates.csv,synthetic,Synthetic MVP development data; not broker/public observed freight quotes.,low,1.0
synth-00005,2015-05-01,Newcastle,Visakhapatnam,R1,Coal,Panamax,140000,6.41,freight_usd_per_t,synthetic_monthly,synthetic_route_freight_rates.csv,,R1|2015-05-01,,2026-09-05,2015-05-01,2015-05-01,synthetic_route_freight_rates.csv,synthetic,Synthetic MVP development data; not broker/public observed freight quotes.,low,1.0
synth-00006,2015-06-01,Newcastle,Visakhapatnam,R1,Coal,Panamax,140000,6.48,freight_usd_per_t,synthetic_monthly,synthetic_route_freight_rates.csv,,R1|2015-06-01,,2026-09-05,2015-06-01,2015-06-01,synthetic_route_freight_rates.csv,synthetic,Synthetic MVP development data; not broker/public observed freight quotes.,low,1.0
synth-00007,2015-07-01,Newcastle,Visakhapatnam,R1,Coal,Panamax,140000,6.02,freight_usd_per_t,synthetic_monthly,synthetic_route_freight_rates.csv,,R1|2015-07-01,,2026-09-05,2015-07-01,2015-07-01,synthetic_route_freight_rates.csv,synthetic,Synthetic MVP development data; not broker/public observed freight quotes.,low,1.0
synth-00008,2015-08-01,Newcastle,Visakhapatnam,R1,Coal,Panamax,140000,5.89,freight_usd_per_t,synthetic_monthly,synthetic_route_freight_rates.csv,,R1|2015-08-01,,2026-09-05,2015-08-01,2015-08-01,synthetic_route_freight_rates.csv,synthetic,Synthetic MVP development data; not broker/public observed freight quotes.,low,1.0
synth-00009,2015-09-01,Newcastle,Visakhapatnam,R1,Coal,Panamax,140000,6.01,freight_usd_per_t,synthetic_monthly,synthetic_route_freight_rates.csv,,R1|2015-09-01,,2026-09-05,2015-09-01,2015-09-01,synthetic_route_freight_rates.csv,synthetic,Synthetic MVP development data; not broker/public observed freight quotes.,low,1.0
synth-00010,2015-10-01,Newcastle,Visakhapatnam,R1,Coal,Panamax,140000,5.72,freight_usd_per_t,synthetic_monthly,synthetic_route_freight_rates.csv,,R1|2015-10-01,,2026-09-05,2015-10-01,2015-10-01,synthetic_route_freight_rates.csv,synthetic,Synthetic MVP development data; not broker/public observed freight quotes.,low,1.0
synth-00011,2015-11-01,Newcastle,Visakhapatnam,R1,Coal,Panamax,140000,5.7,freight_usd_per_t,synthetic_monthly,synthetic_route_freight_rates.csv,,R1|2015-11-01,,2026-09-05,2015-11-01,2015-11-01,synthetic_route_freight_rates.csv,synthetic,Synthetic MVP development data; not broker/public observed freight quotes.,low,1.0
synth-00012,2015-12-01,Newcastle,Visakhapatnam,R1,Coal,Panamax,140000,5.86,freight_usd_per_t,synthetic_monthly,synthetic_route_freight_rates.csv,,R1|2015-12-01,,2026-09-05,2015-12-01,2015-12-01,synthetic_route_freight_rates.csv,synthetic,Synthetic MVP development data; not broker/public observed freight quotes.,low,1.0
synth-00013,2016-01-01,Newcastle,Visakhapatnam,R1,Coal,Panamax,140000,5.35,freight_usd_per_t,synthetic_monthly,synthetic_route_freight_rates.csv,,R1|2016-01-01,,2026-09-05,2016-01-01,2016-01-01,synthetic_route_freight_rates.csv,synthetic,Synthetic MVP development data; not broker/public observed freight quotes.,low,1.0
synth-00014,2016-02-01,Newcastle,Visakhapatnam,R1,Coal,Panamax,140000,5.07,freight_usd_per_t,synthetic_monthly,synthetic_route_freight_rates.csv,,R1|2016-02-01,,2026-09-05,2016-02-01,2016-02-01,synthetic_route_freight_rates.csv,synthetic,Synthetic MVP development data; not broker/public observed freight quotes.,low,1.0
synth-00015,2016-03-01,Newcastle,Visakhapatnam,R1,Coal,Panamax,140000,4.53,freight_usd_per_t,synthetic_monthly,synthetic_route_freight_rates.csv,,R1|2016-03-01,,2026-09-05,2016-03-01,2016-03-01,synthetic_route_freight_rates.csv,synthetic,Synthetic MVP development data; not broker/public observed freight quotes.,low,1.0
synth-00016,2016-04-01,Newcastle,Visakhapatnam,R1,Coal,Panamax,140000,4.08,freight_usd_per_t,synthetic_monthly,synthetic_route_freight_rates.csv,,R1|2016-04-01,,2026-09-05,2016-04-01,2016-04-01,synthetic_route_freight_rates.csv,synthetic,Synthetic MVP development data; not broker/public observed freight quotes.,low,1.0
synth-00017,2016-05-01,Newcastle,Visakhapatnam,R1,Coal,Panamax,140000,3.99,freight_usd_per_t,synthetic_monthly,synthetic_route_freight_rates.csv,,R1|2016-05-01,,2026-09-05,2016-05-01,2016-05-01,synthetic_route_freight_rates.csv,synthetic,Synthetic MVP development data; not broker/public observed freight quotes.,low,1.0
synth-00018,2016-06-01,Newcastle,Visakhapatnam,R1,Coal,Panamax,140000,3.88,freight_usd_per_t,synthetic_monthly,synthetic_route_freight_rates.csv,,R1|2016-06-01,,2026-09-05,2016-06-01,2016-06-01,synthetic_route_freight_rates.csv,synthetic,Synthetic MVP development data; not broker/public observed freight quotes.,low,1.0
synth-00019,2016-07-01,Newcastle,Visakhapatnam,R1,Coal,Panamax,140000,2.92,freight_usd_per_t,synthetic_monthly,synthetic_route_freight_rates.csv,,R1|2016-07-01,,2026-09-05,2016-07-01,2016-07-01,synthetic_route_freight_rates.csv,synthetic,Synthetic MVP development data; not broker/public observed freight quotes.,low,1.0
synth-00020,2016-08-01,Newcastle,Visakhapatnam,R1,Coal,Panamax,140000,2.41,freight_usd_per_t,synthetic_monthly,synthetic_route_freight_rates.csv,,R1|2016-08-01,,2026-09-05,2016-08-01,2016-08-01,synthetic_route_freight_rates.csv,synthetic,Synthetic MVP development data; not broker/public observed freight quotes.,low,1.0
synth-00021,2016-09-01,Newcastle,Visakhapatnam,R1,Coal,Panamax,140000,2.88,freight_usd_per_t,synthetic_monthly,synthetic_route_freight_rates.csv,,R1|2016-09-01,,2026-09-05,2016-09-01,2016-09-01,synthetic_route_freight_rates.csv,synthetic,Synthetic MVP development data; not broker/public observed freight quotes.,low,1.0
synth-00022,2016-10-01,Newcastle,Visakhapatnam,R1,Coal,Panamax,140000,3.03,freight_usd_per_t,synthetic_monthly,synthetic_route_freight_rates.csv,,R1|2016-10-01,,2026-09-05,2016-10-01,2016-10-01,synthetic_route_freight_rates.csv,synthetic,Synthetic MVP development data; not broker/public observed freight quotes.,low,1.0
synth-00023,2016-11-01,Newcastle,Visakhapatnam,R1,Coal,Panamax,140000,3.52,freight_usd_per_t,synthetic_monthly,synthetic_route_freight_rates.csv,,R1|2016-11-01,,2026-09-05,2016-11-01,2016-11-01,synthetic_route_freight_rates.csv,synthetic,Synthetic MVP development data; not broker/public observed freight quotes.,low,1.0
synth-00024,2016-12-01,Newcastle,Visakhapatnam,R1,Coal,Panamax,140000,3.11,freight_usd_per_t,synthetic_monthly,synthetic_route_freight_rates.csv,,R1|2016-12-01,,2026-09-05,2016-12-01,2016-12-01,synthetic_route_freight_rates.csv,synthetic,Synthetic MVP development data; not broker/public observed freight quotes.,low,1.0
synth-00025,2017-01-01,Newcastle,Visakhapatnam,R1,Coal,Panamax,140000,6.45,freight_usd_per_t,synthetic_monthly,synthetic_route_freight_rates.csv,,R1|2017-01-01,,2026-09-05,2017-01-01,2017-01-01,synthetic_route_freight_rates.csv,synthetic,Synthetic MVP development data; not broker/public observed freight quotes.,low,1.0
synth-00026,2017-02-01,Newcastle,Visakhapatnam,R1,Coal,Panamax,140000,6.75,freight_usd_per_t,synthetic_monthly,synthetic_route_freight_rates.csv,,R1|2017-02-01,,2026-09-05,2017-02-01,2017-02-01,synthetic_route_freight_rates.csv,synthetic,Synthetic MVP development data; not broker/public observed freight quotes.,low,1.0
synth-00027,2017-03-01,Newcastle,Visakhapatnam,R1,Coal,Panamax,140000,6.66,freight_usd_per_t,synthetic_monthly,synthetic_route_freight_rates.csv,,R1|2017-03-01,,2026-09-05,2017-03-01,2017-03-01,synthetic_route_freight_rates.csv,synthetic,Synthetic MVP development data; not broker/public observed freight quotes.,low,1.0
synth-00028,2017-04-01,Newcastle,Visakhapatnam,R1,Coal,Panamax,140000,7.21,freight_usd_per_t,synthetic_monthly,synthetic_route_freight_rates.csv,,R1|2017-04-01,,2026-09-05,2017-04-01,2017-04-01,synthetic_route_freight_rates.csv,synthetic,Synthetic MVP development data; not broker/public observed freight quotes.,low,1.0
synth-00029,2017-05-01,Newcastle,Visakhapatnam,R1,Coal,Panamax,140000,6.12,freight_usd_per_t,synthetic_monthly,synthetic_route_freight_rates.csv,,R1|2017-05-01,,2026-09-05,2017-05-01,2017-05-01,synthetic_route_freight_rates.csv,synthetic,Synthetic MVP development data; not broker/public observed freight quotes.,low,1.0
synth-00030,2017-06-01,Newcastle,Visakhapatnam,R1,Coal,Panamax,140000,6.05,freight_usd_per_t,synthetic_monthly,synthetic_route_freight_rates.csv,,R1|2017-06-01,,2026-09-05,2017-06-01,2017-06-01,synthetic_route_freight_rates.csv,synthetic,Synthetic MVP development data; not broker/public observed freight quotes.,low,1.0
synth-00031,2017-07-01,Newcastle,Visakhapatnam,R1,Coal,Panamax,140000,5.5,freight_usd_per_t,synthetic_monthly,synthetic_route_freight_rates.csv,,R1|2017-07-01,,2026-09-05,2017-07-01,2017-07-01,synthetic_route_freight_rates.csv,synthetic,Synthetic MVP development data; not broker/public observed freight quotes.,low,1.0
synth-00032,2017-08-01,Newcastle,Visakhapatnam,R1,Coal,Panamax,140000,6.12,freight_usd_per_t,synthetic_monthly,synthetic_route_freight_rates.csv,,R1|2017-08-01,,2026-09-05,2017-08-01,2017-08-01,synthetic_route_freight_rates.csv,synthetic,Synthetic MVP development data; not broker/public observed freight quotes.,low,1.0
synth-00033,2017-09-01,Newcastle,Visakhapatnam,R1,Coal,Panamax,140000,6.3,freight_usd_per_t,synthetic_monthly,synthetic_route_freight_rates.csv,,R1|2017-09-01,,2026-09-05,2017-09-01,2017-09-01,synthetic_route_freight_rates.csv,synthetic,Synthetic MVP development data; not broker/public observed freight quotes.,low,1.0
synth-00034,2017-10-01,Newcastle,Visakhapatnam,R1,Coal,Panamax,140000,5.7,freight_usd_per_t,synthetic_monthly,synthetic_route_freight_rates.csv,,R1|2017-10-01,,2026-09-05,2017-10-01,2017-10-01,synthetic_route_freight_rates.csv,synthetic,Synthetic MVP development data; not broker/public observed freight quotes.,low,1.0
synth-00035,2017-11-01,Newcastle,Visakhapatnam,R1,Coal,Panamax,140000,6.38,freight_usd_per_t,synthetic_monthly,synthetic_route_freight_rates.csv,,R1|2017-11-01,,2026-09-05,2017-11-01,2017-11-01,synthetic_route_freight_rates.csv,synthetic,Synthetic MVP development data; not broker/public observed freight quotes.,low,1.0
synth-00036,2017-12-01,Newcastle,Visakhapatnam,R1,Coal,Panamax,140000,6.51,freight_usd_per_t,synthetic_monthly,synthetic_route_freight_rates.csv,,R1|2017-12-01,,2026-09-05,2017-12-01,2017-12-01,synthetic_route_freight_rates.csv,synthetic,Synthetic MVP development data; not broker/public observed freight quotes.,low,1.0
synth-00037,2018-01-01,Newcastle,Visakhapatnam,R1,Coal,Panamax,140000,8.51,freight_usd_per_t,synthetic_monthly,synthetic_route_freight_rates.csv,,R1|2018-01-01,,2026-09-05,2018-01-01,2018-01-01,synthetic_route_freight_rates.csv,synthetic,Synthetic MVP development data; not broker/public observed freight quotes.,low,1.0
synth-00038,2018-02-01,Newcastle,Visakhapatnam,R1,Coal,Panamax,140000,8.69,freight_usd_per_t,synthetic_monthly,synthetic_route_freight_rates.csv,,R1|2018-02-01,,2026-09-05,2018-02-01,2018-02-01,synthetic_route_freight_rates.csv,synthetic,Synthetic MVP development data; not broker/public observed freight quotes.,low,1.0
synth-00039,2018-03-01,Newcastle,Visakhapatnam,R1,Coal,Panamax,140000,7.72,freight_usd_per_t,synthetic_monthly,synthetic_route_freight_rates.csv,,R1|2018-03-01,,2026-09-05,2018-03-01,2018-03-01,synthetic_route_freight_rates.csv,synthetic,Synthetic MVP development data; not broker/public observed freight quotes.,low,1.0
synth-00040,2018-04-01,Newcastle,Visakhapatnam,R1,Coal,Panamax,140000,9.06,freight_usd_per_t,synthetic_monthly,synthetic_route_freight_rates.csv,,R1|2018-04-01,,2026-09-05,2018-04-01,2018-04-01,synthetic_route_freight_rates.csv,synthetic,Synthetic MVP development data; not broker/public observed freight quotes.,low,1.0
synth-00041,2018-05-01,Newcastle,Visakhapatnam,R1,Coal,Panamax,140000,8.39,freight_usd_per_t,synthetic_monthly,synthetic_route_freight_rates.csv,,R1|2018-05-01,,2026-09-05,2018-05-01,2018-05-01,synthetic_route_freight_rates.csv,synthetic,Synthetic MVP development data; not broker/public observed freight quotes.,low,1.0
synth-00042,2018-06-01,Newcastle,Visakhapatnam,R1,Coal,Panamax,140000,8.19,freight_usd_per_t,synthetic_monthly,synthetic_route_freight_rates.csv,,R1|2018-06-01,,2026-09-05,2018-06-01,2018-06-01,synthetic_route_freight_rates.csv,synthetic,Synthetic MVP development data; not broker/public observed freight quotes.,low,1.0
synth-00043,2018-07-01,Newcastle,Visakhapatnam,R1,Coal,Panamax,140000,7.75,freight_usd_per_t,synthetic_monthly,synthetic_route_freight_rates.csv,,R1|2018-07-01,,2026-09-05,2018-07-01,2018-07-01,synthetic_route_freight_rates.csv,synthetic,Synthetic MVP development data; not broker/public observed freight quotes.,low,1.0
synth-00044,2018-08-01,Newcastle,Visakhapatnam,R1,Coal,Panamax,140000,8.03,freight_usd_per_t,synthetic_monthly,synthetic_route_freight_rates.csv,,R1|2018-08-01,,2026-09-05,2018-08-01,2018-08-01,synthetic_route_freight_rates.csv,synthetic,Synthetic MVP development data; not broker/public observed freight quotes.,low,1.0
synth-00045,2018-09-01,Newcastle,Visakhapatnam,R1,Coal,Panamax,140000,7.13,freight_usd_per_t,synthetic_monthly,synthetic_route_freight_rates.csv,,R1|2018-09-01,,2026-09-05,2018-09-01,2018-09-01,synthetic_route_freight_rates.csv,synthetic,Synthetic MVP development data; not broker/public observed freight quotes.,low,1.0
synth-00046,2018-10-01,Newcastle,Visakhapatnam,R1,Coal,Panamax,140000,6.87,freight_usd_per_t,synthetic_monthly,synthetic_route_freight_rates.csv,,R1|2018-10-01,,2026-09-05,2018-10-01,2018-10-01,synthetic_route_freight_rates.csv,synthetic,Synthetic MVP development data; not broker/public observed freight quotes.,low,1.0
synth-00047,2018-11-01,Newcastle,Visakhapatnam,R1,Coal,Panamax,140000,7.06,freight_usd_per_t,synthetic_monthly,synthetic_route_freight_rates.csv,,R1|2018-11-01,,2026-09-05,2018-11-01,2018-11-01,synthetic_route_freight_rates.csv,synthetic,Synthetic MVP development data; not broker/public observed freight quotes.,low,1.0
synth-00048,2018-12-01,Newcastle,Visakhapatnam,R1,Coal,Panamax,140000,7.82,freight_usd_per_t,synthetic_monthly,synthetic_route_freight_rates.csv,,R1|2018-12-01,,2026-09-05,2018-12-01,2018-12-01,synthetic_route_freight_rates.csv,synthetic,Synthetic MVP development data; not broker/public observed freight quotes.,low,1.0
synth-00049,2019-01-01,Newcastle,Visakhapatnam,R1,Coal,Panamax,140000,7.37,freight_usd_per_t,synthetic_monthly,synthetic_route_freight_rates.csv,,R1|2019-01-01,,2026-09-05,2019-01-01,2019-01-01,synthetic_route_freight_rates.csv,synthetic,Synthetic MVP development data; not broker/public observed freight quotes.,low,1.0
synth-00050,2019-02-01,Newcastle,Visakhapatnam,R1,Coal,Panamax,140000,6.81,freight_usd_per_t,synthetic_monthly,synthetic_route_freight_rates.csv,,R1|2019-02-01,,2026-09-05,2019-02-01,2019-02-01,synthetic_route_freight_rates.csv,synthetic,Synthetic MVP development data; not broker/public observed freight quotes.,low,1.0
synth-00051,2019-03-01,Newcastle,Visakhapatnam,R1,Coal,Panamax,140000,7.56,freight_usd_per_t,synthetic_monthly,synthetic_route_freight_rates.csv,,R1|2019-03-01,,2026-09-05,2019-03-01,2019-03-01,synthetic_route_freight_rates.csv,synthetic,Synthetic MVP development data; not broker/public observed freight quotes.,low,1.0
synth-00052,2019-04-01,Newcastle,Visakhapatnam,R1,Coal,Panamax,140000,7.92,freight_usd_per_t,synthetic_monthly,synthetic_route_freight_rates.csv,,R1|2019-04-01,,2026-09-05,2019-04-01,2019-04-01,synthetic_route_freight_rates.csv,synthetic,Synthetic MVP development data; not broker/public observed freight quotes.,low,1.0
synth-00053,2019-05-01,Newcastle,Visakhapatnam,R1,Coal,Panamax,140000,7.23,freight_usd_per_t,synthetic_monthly,synthetic_route_freight_rates.csv,,R1|2019-05-01,,2026-09-05,2019-05-01,2019-05-01,synthetic_route_freight_rates.csv,synthetic,Synthetic MVP development data; not broker/public observed freight quotes.,low,1.0
synth-00054,2019-06-01,Newcastle,Visakhapatnam,R1,Coal,Panamax,140000,7.22,freight_usd_per_t,synthetic_monthly,synthetic_route_freight_rates.csv,,R1|2019-06-01,,2026-09-05,2019-06-01,2019-06-01,synthetic_route_freight_rates.csv,synthetic,Synthetic MVP development data; not broker/public observed freight quotes.,low,1.0
synth-00055,2019-07-01,Newcastle,Visakhapatnam,R1,Coal,Panamax,140000,7.89,freight_usd_per_t,synthetic_monthly,synthetic_route_freight_rates.csv,,R1|2019-07-01,,2026-09-05,2019-07-01,2019-07-01,synthetic_route_freight_rates.csv,synthetic,Synthetic MVP development data; not broker/public observed freight quotes.,low,1.0
synth-00056,2019-08-01,Newcastle,Visakhapatnam,R1,Coal,Panamax,140000,8.1,freight_usd_per_t,synthetic_monthly,synthetic_route_freight_rates.csv,,R1|2019-08-01,,2026-09-05,2019-08-01,2019-08-01,synthetic_route_freight_rates.csv,synthetic,Synthetic MVP development data; not broker/public observed freight quotes.,low,1.0
synth-00057,2019-09-01,Newcastle,Visakhapatnam,R1,Coal,Panamax,140000,7.15,freight_usd_per_t,synthetic_monthly,synthetic_route_freight_rates.csv,,R1|2019-09-01,,2026-09-05,2019-09-01,2019-09-01,synthetic_route_freight_rates.csv,synthetic,Synthetic MVP development data; not broker/public observed freight quotes.,low,1.0
synth-00058,2019-10-01,Newcastle,Visakhapatnam,R1,Coal,Panamax,140000,7.0,freight_usd_per_t,synthetic_monthly,synthetic_route_freight_rates.csv,,R1|2019-10-01,,2026-09-05,2019-10-01,2019-10-01,synthetic_route_freight_rates.csv,synthetic,Synthetic MVP development data; not broker/public observed freight quotes.,low,1.0
synth-00059,2019-11-01,Newcastle,Visakhapatnam,R1,Coal,Panamax,140000,7.43,freight_usd_per_t,synthetic_monthly,synthetic_route_freight_rates.csv,,R1|2019-11-01,,2026-09-05,2019-11-01,2019-11-01,synthetic_route_freight_rates.csv,synthetic,Synthetic MVP development data; not broker/public observed freight quotes.,low,1.0
synth-00060,2019-12-01,Newcastle,Visakhapatnam,R1,Coal,Panamax,140000,7.74,freight_usd_per_t,synthetic_monthly,synthetic_route_freight_rates.csv,,R1|2019-12-01,,2026-09-05,2019-12-01,2019-12-01,synthetic_route_freight_rates.csv,synthetic,Synthetic MVP development data; not broker/public observed freight quotes.,low,1.0
synth-00061,2020-01-01,Newcastle,Visakhapatnam,R1,Coal,Panamax,140000,5.37,freight_usd_per_t,synthetic_monthly,synthetic_route_freight_rates.csv,,R1|2020-01-01,,2026-09-05,2020-01-01,2020-01-01,synthetic_route_freight_rates.csv,synthetic,Synthetic MVP development data; not broker/public observed freight quotes.,low,1.0
synth-00062,2020-02-01,Newcastle,Visakhapatnam,R1,Coal,Panamax,140000,5.65,freight_usd_per_t,synthetic_monthly,synthetic_route_freight_rates.csv,,R1|2020-02-01,,2026-09-05,2020-02-01,2020-02-01,synthetic_route_freight_rates.csv,synthetic,Synthetic MVP development data; not broker/public observed freight quotes.,low,1.0
synth-00063,2020-03-01,Newcastle,Visakhapatnam,R1,Coal,Panamax,140000,5.46,freight_usd_per_t,synthetic_monthly,synthetic_route_freight_rates.csv,,R1|2020-03-01,,2026-09-05,2020-03-01,2020-03-01,synthetic_route_freight_rates.csv,synthetic,Synthetic MVP development data; not broker/public observed freight quotes.,low,1.0
synth-00064,2020-04-01,Newcastle,Visakhapatnam,R1,Coal,Panamax,140000,3.19,freight_usd_per_t,synthetic_monthly,synthetic_route_freight_rates.csv,,R1|2020-04-01,,2026-09-05,2020-04-01,2020-04-01,synthetic_route_freight_rates.csv,synthetic,Synthetic MVP development data; not broker/public observed freight quotes.,low,1.0
synth-00065,2020-05-01,Newcastle,Visakhapatnam,R1,Coal,Panamax,140000,2.9,freight_usd_per_t,synthetic_monthly,synthetic_route_freight_rates.csv,,R1|2020-05-01,,2026-09-05,2020-05-01,2020-05-01,synthetic_route_freight_rates.csv,synthetic,Synthetic MVP development data; not broker/public observed freight quotes.,low,1.0
synth-00066,2020-06-01,Newcastle,Visakhapatnam,R1,Coal,Panamax,140000,3.33,freight_usd_per_t,synthetic_monthly,synthetic_route_freight_rates.csv,,R1|2020-06-01,,2026-09-05,2020-06-01,2020-06-01,synthetic_route_freight_rates.csv,synthetic,Synthetic MVP development data; not broker/public observed freight quotes.,low,1.0
synth-00067,2020-07-01,Newcastle,Visakhapatnam,R1,Coal,Panamax,140000,5.05,freight_usd_per_t,synthetic_monthly,synthetic_route_freight_rates.csv,,R1|2020-07-01,,2026-09-05,2020-07-01,2020-07-01,synthetic_route_freight_rates.csv,synthetic,Synthetic MVP development data; not broker/public observed freight quotes.,low,1.0
synth-00068,2020-08-01,Newcastle,Visakhapatnam,R1,Coal,Panamax,140000,5.17,freight_usd_per_t,synthetic_monthly,synthetic_route_freight_rates.csv,,R1|2020-08-01,,2026-09-05,2020-08-01,2020-08-01,synthetic_route_freight_rates.csv,synthetic,Synthetic MVP development data; not broker/public observed freight quotes.,low,1.0
synth-00069,2020-09-01,Newcastle,Visakhapatnam,R1,Coal,Panamax,140000,5.16,freight_usd_per_t,synthetic_monthly,synthetic_route_freight_rates.csv,,R1|2020-09-01,,2026-09-05,2020-09-01,2020-09-01,synthetic_route_freight_rates.csv,synthetic,Synthetic MVP development data; not broker/public observed freight quotes.,low,1.0
synth-00070,2020-10-01,Newcastle,Visakhapatnam,R1,Coal,Panamax,140000,5.32,freight_usd_per_t,synthetic_monthly,synthetic_route_freight_rates.csv,,R1|2020-10-01,,2026-09-05,2020-10-01,2020-10-01,synthetic_route_freight_rates.csv,synthetic,Synthetic MVP development data; not broker/public observed freight quotes.,low,1.0
synth-00071,2020-11-01,Newcastle,Visakhapatnam,R1,Coal,Panamax,140000,5.01,freight_usd_per_t,synthetic_monthly,synthetic_route_freight_rates.csv,,R1|2020-11-01,,2026-09-05,2020-11-01,2020-11-01,synthetic_route_freight_rates.csv,synthetic,Synthetic MVP development data; not broker/public observed freight quotes.,low,1.0
synth-00072,2020-12-01,Newcastle,Visakhapatnam,R1,Coal,Panamax,140000,6.16,freight_usd_per_t,synthetic_monthly,synthetic_route_freight_rates.csv,,R1|2020-12-01,,2026-09-05,2020-12-01,2020-12-01,synthetic_route_freight_rates.csv,synthetic,Synthetic MVP development data; not broker/public observed freight quotes.,low,1.0
synth-00073,2021-01-01,Newcastle,Visakhapatnam,R1,Coal,Panamax,140000,19.62,freight_usd_per_t,synthetic_monthly,synthetic_route_freight_rates.csv,,R1|2021-01-01,,2026-09-05,2021-01-01,2021-01-01,synthetic_route_freight_rates.csv,synthetic,Synthetic MVP development data; not broker/public observed freight quotes.,low,1.0
synth-00074,2021-02-01,Newcastle,Visakhapatnam,R1,Coal,Panamax,140000,20.18,freight_usd_per_t,synthetic_monthly,synthetic_route_freight_rates.csv,,R1|2021-02-01,,2026-09-05,2021-02-01,2021-02-01,synthetic_route_freight_rates.csv,synthetic,Synthetic MVP development data; not broker/public observed freight quotes.,low,1.0
synth-00075,2021-03-01,Newcastle,Visakhapatnam,R1,Coal,Panamax,140000,18.2,freight_usd_per_t,synthetic_monthly,synthetic_route_freight_rates.csv,,R1|2021-03-01,,2026-09-05,2021-03-01,2021-03-01,synthetic_route_freight_rates.csv,synthetic,Synthetic MVP development data; not broker/public observed freight quotes.,low,1.0
synth-00076,2021-04-01,Newcastle,Visakhapatnam,R1,Coal,Panamax,140000,19.4,freight_usd_per_t,synthetic_monthly,synthetic_route_freight_rates.csv,,R1|2021-04-01,,2026-09-05,2021-04-01,2021-04-01,synthetic_route_freight_rates.csv,synthetic,Synthetic MVP development data; not broker/public observed freight quotes.,low,1.0
synth-00077,2021-05-01,Newcastle,Visakhapatnam,R1,Coal,Panamax,140000,17.68,freight_usd_per_t,synthetic_monthly,synthetic_route_freight_rates.csv,,R1|2021-05-01,,2026-09-05,2021-05-01,2021-05-01,synthetic_route_freight_rates.csv,synthetic,Synthetic MVP development data; not broker/public observed freight quotes.,low,1.0
synth-00078,2021-06-01,Newcastle,Visakhapatnam,R1,Coal,Panamax,140000,19.04,freight_usd_per_t,synthetic_monthly,synthetic_route_freight_rates.csv,,R1|2021-06-01,,2026-09-05,2021-06-01,2021-06-01,synthetic_route_freight_rates.csv,synthetic,Synthetic MVP development data; not broker/public observed freight quotes.,low,1.0
synth-00079,2021-07-01,Newcastle,Visakhapatnam,R1,Coal,Panamax,140000,18.4,freight_usd_per_t,synthetic_monthly,synthetic_route_freight_rates.csv,,R1|2021-07-01,,2026-09-05,2021-07-01,2021-07-01,synthetic_route_freight_rates.csv,synthetic,Synthetic MVP development data; not broker/public observed freight quotes.,low,1.0
synth-00080,2021-08-01,Newcastle,Visakhapatnam,R1,Coal,Panamax,140000,17.75,freight_usd_per_t,synthetic_monthly,synthetic_route_freight_rates.csv,,R1|2021-08-01,,2026-09-05,2021-08-01,2021-08-01,synthetic_route_freight_rates.csv,synthetic,Synthetic MVP development data; not broker/public observed freight quotes.,low,1.0
synth-00081,2021-09-01,Newcastle,Visakhapatnam,R1,Coal,Panamax,140000,24.44,freight_usd_per_t,synthetic_monthly,synthetic_route_freight_rates.csv,,R1|2021-09-01,,2026-09-05,2021-09-01,2021-09-01,synthetic_route_freight_rates.csv,synthetic,Synthetic MVP development data; not broker/public observed freight quotes.,low,1.0
synth-00082,2021-10-01,Newcastle,Visakhapatnam,R1,Coal,Panamax,140000,18.73,freight_usd_per_t,synthetic_monthly,synthetic_route_freight_rates.csv,,R1|2021-10-01,,2026-09-05,2021-10-01,2021-10-01,synthetic_route_freight_rates.csv,synthetic,Synthetic MVP development data; not broker/public observed freight quotes.,low,1.0
synth-00083,2021-11-01,Newcastle,Visakhapatnam,R1,Coal,Panamax,140000,22.53,freight_usd_per_t,synthetic_monthly,synthetic_route_freight_rates.csv,,R1|2021-11-01,,2026-09-05,2021-11-01,2021-11-01,synthetic_route_freight_rates.csv,synthetic,Synthetic MVP development data; not broker/public observed freight quotes.,low,1.0
synth-00084,2021-12-01,Newcastle,Visakhapatnam,R1,Coal,Panamax,140000,16.17,freight_usd_per_t,synthetic_monthly,synthetic_route_freight_rates.csv,,R1|2021-12-01,,2026-09-05,2021-12-01,2021-12-01,synthetic_route_freight_rates.csv,synthetic,Synthetic MVP development data; not broker/public observed freight quotes.,low,1.0
synth-00085,2022-01-01,Newcastle,Visakhapatnam,R1,Coal,Panamax,140000,14.07,freight_usd_per_t,synthetic_monthly,synthetic_route_freight_rates.csv,,R1|2022-01-01,,2026-09-05,2022-01-01,2022-01-01,synthetic_route_freight_rates.csv,synthetic,Synthetic MVP development data; not broker/public observed freight quotes.,low,1.0
synth-00086,2022-02-01,Newcastle,Visakhapatnam,R1,Coal,Panamax,140000,15.32,freight_usd_per_t,synthetic_monthly,synthetic_route_freight_rates.csv,,R1|2022-02-01,,2026-09-05,2022-02-01,2022-02-01,synthetic_route_freight_rates.csv,synthetic,Synthetic MVP development data; not broker/public observed freight quotes.,low,1.0
synth-00087,2022-03-01,Newcastle,Visakhapatnam,R1,Coal,Panamax,140000,15.08,freight_usd_per_t,synthetic_monthly,synthetic_route_freight_rates.csv,,R1|2022-03-01,,2026-09-05,2022-03-01,2022-03-01,synthetic_route_freight_rates.csv,synthetic,Synthetic MVP development data; not broker/public observed freight quotes.,low,1.0
synth-00088,2022-04-01,Newcastle,Visakhapatnam,R1,Coal,Panamax,140000,14.25,freight_usd_per_t,synthetic_monthly,synthetic_route_freight_rates.csv,,R1|2022-04-01,,2026-09-05,2022-04-01,2022-04-01,synthetic_route_freight_rates.csv,synthetic,Synthetic MVP development data; not broker/public observed freight quotes.,low,1.0
synth-00089,2022-05-01,Newcastle,Visakhapatnam,R1,Coal,Panamax,140000,14.04,freight_usd_per_t,synthetic_monthly,synthetic_route_freight_rates.csv,,R1|2022-05-01,,2026-09-05,2022-05-01,2022-05-01,synthetic_route_freight_rates.csv,synthetic,Synthetic MVP development data; not broker/public observed freight quotes.,low,1.0
synth-00090,2022-06-01,Newcastle,Visakhapatnam,R1,Coal,Panamax,140000,16.06,freight_usd_per_t,synthetic_monthly,synthetic_route_freight_rates.csv,,R1|2022-06-01,,2026-09-05,2022-06-01,2022-06-01,synthetic_route_freight_rates.csv,synthetic,Synthetic MVP development data; not broker/public observed freight quotes.,low,1.0
synth-00091,2022-07-01,Newcastle,Visakhapatnam,R1,Coal,Panamax,140000,14.59,freight_usd_per_t,synthetic_monthly,synthetic_route_freight_rates.csv,,R1|2022-07-01,,2026-09-05,2022-07-01,2022-07-01,synthetic_route_freight_rates.csv,synthetic,Synthetic MVP development data; not broker/public observed freight quotes.,low,1.0
synth-00092,2022-08-01,Newcastle,Visakhapatnam,R1,Coal,Panamax,140000,15.4,freight_usd_per_t,synthetic_monthly,synthetic_route_freight_rates.csv,,R1|2022-08-01,,2026-09-05,2022-08-01,2022-08-01,synthetic_route_freight_rates.csv,synthetic,Synthetic MVP development data; not broker/public observed freight quotes.,low,1.0
synth-00093,2022-09-01,Newcastle,Visakhapatnam,R1,Coal,Panamax,140000,14.8,freight_usd_per_t,synthetic_monthly,synthetic_route_freight_rates.csv,,R1|2022-09-01,,2026-09-05,2022-09-01,2022-09-01,synthetic_route_freight_rates.csv,synthetic,Synthetic MVP development data; not broker/public observed freight quotes.,low,1.0
synth-00094,2022-10-01,Newcastle,Visakhapatnam,R1,Coal,Panamax,140000,13.19,freight_usd_per_t,synthetic_monthly,synthetic_route_freight_rates.csv,,R1|2022-10-01,,2026-09-05,2022-10-01,2022-10-01,synthetic_route_freight_rates.csv,synthetic,Synthetic MVP development data; not broker/public observed freight quotes.,low,1.0
synth-00095,2022-11-01,Newcastle,Visakhapatnam,R1,Coal,Panamax,140000,15.25,freight_usd_per_t,synthetic_monthly,synthetic_route_freight_rates.csv,,R1|2022-11-01,,2026-09-05,2022-11-01,2022-11-01,synthetic_route_freight_rates.csv,synthetic,Synthetic MVP development data; not broker/public observed freight quotes.,low,1.0
synth-00096,2022-12-01,Newcastle,Visakhapatnam,R1,Coal,Panamax,140000,14.03,freight_usd_per_t,synthetic_monthly,synthetic_route_freight_rates.csv,,R1|2022-12-01,,2026-09-05,2022-12-01,2022-12-01,synthetic_route_freight_rates.csv,synthetic,Synthetic MVP development data; not broker/public observed freight quotes.,low,1.0
synth-00097,2023-01-01,Newcastle,Visakhapatnam,R1,Coal,Panamax,140000,9.0,freight_usd_per_t,synthetic_monthly,synthetic_route_freight_rates.csv,,R1|2023-01-01,,2026-09-05,2023-01-01,2023-01-01,synthetic_route_freight_rates.csv,synthetic,Synthetic MVP development data; not broker/public observed freight quotes.,low,1.0
synth-00098,2023-02-01,Newcastle,Visakhapatnam,R1,Coal,Panamax,140000,10.55,freight_usd_per_t,synthetic_monthly,synthetic_route_freight_rates.csv,,R1|2023-02-01,,2026-09-05,2023-02-01,2023-02-01,synthetic_route_freight_rates.csv,synthetic,Synthetic MVP development data; not broker/public observed freight quotes.,low,1.0
synth-00099,2023-03-01,Newcastle,Visakhapatnam,R1,Coal,Panamax,140000,10.25,freight_usd_per_t,synthetic_monthly,synthetic_route_freight_rates.csv,,R1|2023-03-01,,2026-09-05,2023-03-01,2023-03-01,synthetic_route_freight_rates.csv,synthetic,Synthetic MVP development data; not broker/public observed freight quotes.,low,1.0
synth-00100,2023-04-01,Newcastle,Visakhapatnam,R1,Coal,Panamax,140000,10.88,freight_usd_per_t,synthetic_monthly,synthetic_route_freight_rates.csv,,R1|2023-04-01,,2026-09-05,2023-04-01,2023-04-01,synthetic_route_freight_rates.csv,synthetic,Synthetic MVP development data; not broker/public observed freight quotes.,low,1.0
synth-00101,2023-05-01,Newcastle,Visakhapatnam,R1,Coal,Panamax,140000,9.25,freight_usd_per_t,synthetic_monthly,synthetic_route_freight_rates.csv,,R1|2023-05-01,,2026-09-05,2023-05-01,2023-05-01,synthetic_route_freight_rates.csv,synthetic,Synthetic MVP development data; not broker/public observed freight quotes.,low,1.0
synth-00102,2023-06-01,Newcastle,Visakhapatnam,R1,Coal,Panamax,140000,9.85,freight_usd_per_t,synthetic_monthly,synthetic_route_freight_rates.csv,,R1|2023-06-01,,2026-09-05,2023-06-01,2023-06-01,synthetic_route_freight_rates.csv,synthetic,Synthetic MVP development data; not broker/public observed freight quotes.,low,1.0
synth-00103,2023-07-01,Newcastle,Visakhapatnam,R1,Coal,Panamax,140000,9.68,freight_usd_per_t,synthetic_monthly,synthetic_route_freight_rates.csv,,R1|2023-07-01,,2026-09-05,2023-07-01,2023-07-01,synthetic_route_freight_rates.csv,synthetic,Synthetic MVP development data; not broker/public observed freight quotes.,low,1.0
synth-00104,2023-08-01,Newcastle,Visakhapatnam,R1,Coal,Panamax,140000,9.29,freight_usd_per_t,synthetic_monthly,synthetic_route_freight_rates.csv,,R1|2023-08-01,,2026-09-05,2023-08-01,2023-08-01,synthetic_route_freight_rates.csv,synthetic,Synthetic MVP development data; not broker/public observed freight quotes.,low,1.0
synth-00105,2023-09-01,Newcastle,Visakhapatnam,R1,Coal,Panamax,140000,8.33,freight_usd_per_t,synthetic_monthly,synthetic_route_freight_rates.csv,,R1|2023-09-01,,2026-09-05,2023-09-01,2023-09-01,synthetic_route_freight_rates.csv,synthetic,Synthetic MVP development data; not broker/public observed freight quotes.,low,1.0
synth-00106,2023-10-01,Newcastle,Visakhapatnam,R1,Coal,Panamax,140000,8.44,freight_usd_per_t,synthetic_monthly,synthetic_route_freight_rates.csv,,R1|2023-10-01,,2026-09-05,2023-10-01,2023-10-01,synthetic_route_freight_rates.csv,synthetic,Synthetic MVP development data; not broker/public observed freight quotes.,low,1.0
synth-00107,2023-11-01,Newcastle,Visakhapatnam,R1,Coal,Panamax,140000,9.46,freight_usd_per_t,synthetic_monthly,synthetic_route_freight_rates.csv,,R1|2023-11-01,,2026-09-05,2023-11-01,2023-11-01,synthetic_route_freight_rates.csv,synthetic,Synthetic MVP development data; not broker/public observed freight quotes.,low,1.0
synth-00108,2023-12-01,Newcastle,Visakhapatnam,R1,Coal,Panamax,140000,9.82,freight_usd_per_t,synthetic_monthly,synthetic_route_freight_rates.csv,,R1|2023-12-01,,2026-09-05,2023-12-01,2023-12-01,synthetic_route_freight_rates.csv,synthetic,Synthetic MVP development data; not broker/public observed freight quotes.,low,1.0
synth-00109,2024-01-01,Newcastle,Visakhapatnam,R1,Coal,Panamax,140000,10.73,freight_usd_per_t,synthetic_monthly,synthetic_route_freight_rates.csv,,R1|2024-01-01,,2026-09-05,2024-01-01,2024-01-01,synthetic_route_freight_rates.csv,synthetic,Synthetic MVP development data; not broker/public observed freight quotes.,low,1.0
synth-00110,2024-02-01,Newcastle,Visakhapatnam,R1,Coal,Panamax,140000,10.31,freight_usd_per_t,synthetic_monthly,synthetic_route_freight_rates.csv,,R1|2024-02-01,,2026-09-05,2024-02-01,2024-02-01,synthetic_route_freight_rates.csv,synthetic,Synthetic MVP development data; not broker/public observed freight quotes.,low,1.0
synth-00111,2024-03-01,Newcastle,Visakhapatnam,R1,Coal,Panamax,140000,8.86,freight_usd_per_t,synthetic_monthly,synthetic_route_freight_rates.csv,,R1|2024-03-01,,2026-09-05,2024-03-01,2024-03-01,synthetic_route_freight_rates.csv,synthetic,Synthetic MVP development data; not broker/public observed freight quotes.,low,1.0
synth-00112,2024-04-01,Newcastle,Visakhapatnam,R1,Coal,Panamax,140000,9.84,freight_usd_per_t,synthetic_monthly,synthetic_route_freight_rates.csv,,R1|2024-04-01,,2026-09-05,2024-04-01,2024-04-01,synthetic_route_freight_rates.csv,synthetic,Synthetic MVP development data; not broker/public observed freight quotes.,low,1.0
synth-00113,2024-05-01,Newcastle,Visakhapatnam,R1,Coal,Panamax,140000,10.19,freight_usd_per_t,synthetic_monthly,synthetic_route_freight_rates.csv,,R1|2024-05-01,,2026-09-05,2024-05-01,2024-05-01,synthetic_route_freight_rates.csv,synthetic,Synthetic MVP development data; not broker/public observed freight quotes.,low,1.0
synth-00114,2024-06-01,Newcastle,Visakhapatnam,R1,Coal,Panamax,140000,11.17,freight_usd_per_t,synthetic_monthly,synthetic_route_freight_rates.csv,,R1|2024-06-01,,2026-09-05,2024-06-01,2024-06-01,synthetic_route_freight_rates.csv,synthetic,Synthetic MVP development data; not broker/public observed freight quotes.,low,1.0
synth-00115,2024-07-01,Newcastle,Visakhapatnam,R1,Coal,Panamax,140000,9.3,freight_usd_per_t,synthetic_monthly,synthetic_route_freight_rates.csv,,R1|2024-07-01,,2026-09-05,2024-07-01,2024-07-01,synthetic_route_freight_rates.csv,synthetic,Synthetic MVP development data; not broker/public observed freight quotes.,low,1.0
synth-00116,2024-08-01,Newcastle,Visakhapatnam,R1,Coal,Panamax,140000,9.61,freight_usd_per_t,synthetic_monthly,synthetic_route_freight_rates.csv,,R1|2024-08-01,,2026-09-05,2024-08-01,2024-08-01,synthetic_route_freight_rates.csv,synthetic,Synthetic MVP development data; not broker/public observed freight quotes.,low,1.0
synth-00117,2024-09-01,Newcastle,Visakhapatnam,R1,Coal,Panamax,140000,10.29,freight_usd_per_t,synthetic_monthly,synthetic_route_freight_rates.csv,,R1|2024-09-01,,2026-09-05,2024-09-01,2024-09-01,synthetic_route_freight_rates.csv,synthetic,Synthetic MVP development data; not broker/public observed freight quotes.,low,1.0
synth-00118,2024-10-01,Newcastle,Visakhapatnam,R1,Coal,Panamax,140000,8.27,freight_usd_per_t,synthetic_monthly,synthetic_route_freight_rates.csv,,R1|2024-10-01,,2026-09-05,2024-10-01,2024-10-01,synthetic_route_freight_rates.csv,synthetic,Synthetic MVP development data; not broker/public observed freight quotes.,low,1.0
synth-00119,2024-11-01,Newcastle,Visakhapatnam,R1,Coal,Panamax,140000,9.52,freight_usd_per_t,synthetic_monthly,synthetic_route_freight_rates.csv,,R1|2024-11-01,,2026-09-05,2024-11-01,2024-11-01,synthetic_route_freight_rates.csv,synthetic,Synthetic MVP development data; not broker/public observed freight quotes.,low,1.0
synth-00120,2024-12-01,Newcastle,Visakhapatnam,R1,Coal,Panamax,140000,10.35,freight_usd_per_t,synthetic_monthly,synthetic_route_freight_rates.csv,,R1|2024-12-01,,2026-09-05,2024-12-01,2024-12-01,synthetic_route_freight_rates.csv,synthetic,Synthetic MVP development data; not broker/public observed freight quotes.,low,1.0
synth-00121,2025-01-01,Newcastle,Visakhapatnam,R1,Coal,Panamax,140000,9.36,freight_usd_per_t,synthetic_monthly,synthetic_route_freight_rates.csv,,R1|2025-01-01,,2026-09-05,2025-01-01,2025-01-01,synthetic_route_freight_rates.csv,synthetic,Synthetic MVP development data; not broker/public observed freight quotes.,low,1.0
synth-00122,2025-02-01,Newcastle,Visakhapatnam,R1,Coal,Panamax,140000,9.64,freight_usd_per_t,synthetic_monthly,synthetic_route_freight_rates.csv,,R1|2025-02-01,,2026-09-05,2025-02-01,2025-02-01,synthetic_route_freight_rates.csv,synthetic,Synthetic MVP development data; not broker/public observed freight quotes.,low,1.0
synth-00123,2025-03-01,Newcastle,Visakhapatnam,R1,Coal,Panamax,140000,8.61,freight_usd_per_t,synthetic_monthly,synthetic_route_freight_rates.csv,,R1|2025-03-01,,2026-09-05,2025-03-01,2025-03-01,synthetic_route_freight_rates.csv,synthetic,Synthetic MVP development data; not broker/public observed freight quotes.,low,1.0
synth-00124,2025-04-01,Newcastle,Visakhapatnam,R1,Coal,Panamax,140000,9.04,freight_usd_per_t,synthetic_monthly,synthetic_route_freight_rates.csv,,R1|2025-04-01,,2026-09-05,2025-04-01,2025-04-01,synthetic_route_freight_rates.csv,synthetic,Synthetic MVP development data; not broker/public observed freight quotes.,low,1.0
synth-00125,2025-05-01,Newcastle,Visakhapatnam,R1,Coal,Panamax,140000,9.33,freight_usd_per_t,synthetic_monthly,synthetic_route_freight_rates.csv,,R1|2025-05-01,,2026-09-05,2025-05-01,2025-05-01,synthetic_route_freight_rates.csv,synthetic,Synthetic MVP development data; not broker/public observed freight quotes.,low,1.0
synth-00126,2025-06-01,Newcastle,Visakhapatnam,R1,Coal,Panamax,140000,9.99,freight_usd_per_t,synthetic_monthly,synthetic_route_freight_rates.csv,,R1|2025-06-01,,2026-09-05,2025-06-01,2025-06-01,synthetic_route_freight_rates.csv,synthetic,Synthetic MVP development data; not broker/public observed freight quotes.,low,1.0
synth-00127,2025-07-01,Newcastle,Visakhapatnam,R1,Coal,Panamax,140000,10.47,freight_usd_per_t,synthetic_monthly,synthetic_route_freight_rates.csv,,R1|2025-07-01,,2026-09-05,2025-07-01,2025-07-01,synthetic_route_freight_rates.csv,synthetic,Synthetic MVP development data; not broker/public observed freight quotes.,low,1.0
synth-00128,2025-08-01,Newcastle,Visakhapatnam,R1,Coal,Panamax,140000,8.4,freight_usd_per_t,synthetic_monthly,synthetic_route_freight_rates.csv,,R1|2025-08-01,,2026-09-05,2025-08-01,2025-08-01,synthetic_route_freight_rates.csv,synthetic,Synthetic MVP development data; not broker/public observed freight quotes.,low,1.0
synth-00129,2025-09-01,Newcastle,Visakhapatnam,R1,Coal,Panamax,140000,8.73,freight_usd_per_t,synthetic_monthly,synthetic_route_freight_rates.csv,,R1|2025-09-01,,2026-09-05,2025-09-01,2025-09-01,synthetic_route_freight_rates.csv,synthetic,Synthetic MVP development data; not broker/public observed freight quotes.,low,1.0
synth-00130,2025-10-01,Newcastle,Visakhapatnam,R1,Coal,Panamax,140000,8.18,freight_usd_per_t,synthetic_monthly,synthetic_route_freight_rates.csv,,R1|2025-10-01,,2026-09-05,2025-10-01,2025-10-01,synthetic_route_freight_rates.csv,synthetic,Synthetic MVP development data; not broker/public observed freight quotes.,low,1.0
synth-00131,2025-11-01,Newcastle,Visakhapatnam,R1,Coal,Panamax,140000,8.35,freight_usd_per_t,synthetic_monthly,synthetic_route_freight_rates.csv,,R1|2025-11-01,,2026-09-05,2025-11-01,2025-11-01,synthetic_route_freight_rates.csv,synthetic,Synthetic MVP development data; not broker/public observed freight quotes.,low,1.0
synth-00132,2025-12-01,Newcastle,Visakhapatnam,R1,Coal,Panamax,140000,7.65,freight_usd_per_t,synthetic_monthly,synthetic_route_freight_rates.csv,,R1|2025-12-01,,2026-09-05,2025-12-01,2025-12-01,synthetic_route_freight_rates.csv,synthetic,Synthetic MVP development data; not broker/public observed freight quotes.,low,1.0
synth-00133,2026-01-01,Newcastle,Visakhapatnam,R1,Coal,Panamax,140000,8.18,freight_usd_per_t,synthetic_monthly,synthetic_route_freight_rates.csv,,R1|2026-01-01,,2026-09-05,2026-01-01,2026-01-01,synthetic_route_freight_rates.csv,synthetic,Synthetic MVP development data; not broker/public observed freight quotes.,low,1.0
synth-00134,2026-02-01,Newcastle,Visakhapatnam,R1,Coal,Panamax,140000,8.28,freight_usd_per_t,synthetic_monthly,synthetic_route_freight_rates.csv,,R1|2026-02-01,,2026-09-05,2026-02-01,2026-02-01,synthetic_route_freight_rates.csv,synthetic,Synthetic MVP development data; not broker/public observed freight quotes.,low,1.0
synth-00135,2026-03-01,Newcastle,Visakhapatnam,R1,Coal,Panamax,140000,7.67,freight_usd_per_t,synthetic_monthly,synthetic_route_freight_rates.csv,,R1|2026-03-01,,2026-09-05,2026-03-01,2026-03-01,synthetic_route_freight_rates.csv,synthetic,Synthetic MVP development data; not broker/public observed freight quotes.,low,1.0
synth-00136,2026-04-01,Newcastle,Visakhapatnam,R1,Coal,Panamax,140000,8.84,freight_usd_per_t,synthetic_monthly,synthetic_route_freight_rates.csv,,R1|2026-04-01,,2026-09-05,2026-04-01,2026-04-01,synthetic_route_freight_rates.csv,synthetic,Synthetic MVP development data; not broker/public observed freight quotes.,low,1.0
synth-00137,2026-05-01,Newcastle,Visakhapatnam,R1,Coal,Panamax,140000,8.14,freight_usd_per_t,synthetic_monthly,synthetic_route_freight_rates.csv,,R1|2026-05-01,,2026-09-05,2026-05-01,2026-05-01,synthetic_route_freight_rates.csv,synthetic,Synthetic MVP development data; not broker/public observed freight quotes.,low,1.0
synth-00138,2026-06-01,Newcastle,Visakhapatnam,R1,Coal,Panamax,140000,7.95,freight_usd_per_t,synthetic_monthly,synthetic_route_freight_rates.csv,,R1|2026-06-01,,2026-09-05,2026-06-01,2026-06-01,synthetic_route_freight_rates.csv,synthetic,Synthetic MVP development data; not broker/public observed freight quotes.,low,1.0
synth-00139,2026-07-01,Newcastle,Visakhapatnam,R1,Coal,Panamax,140000,8.19,freight_usd_per_t,synthetic_monthly,synthetic_route_freight_rates.csv,,R1|2026-07-01,,2026-09-05,2026-07-01,2026-07-01,synthetic_route_freight_rates.csv,synthetic,Synthetic MVP development data; not broker/public observed freight quotes.,low,1.0
synth-00140,2026-08-01,Newcastle,Visakhapatnam,R1,Coal,Panamax,140000,7.21,freight_usd_per_t,synthetic_monthly,synthetic_route_freight_rates.csv,,R1|2026-08-01,,2026-09-05,2026-08-01,2026-08-01,synthetic_route_freight_rates.csv,synthetic,Synthetic MVP development data; not broker/public observed freight quotes.,low,1.0
synth-00141,2015-01-01,Tubarao,Paradip,R2,Iron Ore,Capesize,140000,9.84,freight_usd_per_t,synthetic_monthly,synthetic_route_freight_rates.csv,,R2|2015-01-01,,2026-09-05,2015-01-01,2015-01-01,synthetic_route_freight_rates.csv,synthetic,Synthetic MVP development data; not broker/public observed freight quotes.,low,1.0
synth-00142,2015-02-01,Tubarao,Paradip,R2,Iron Ore,Capesize,140000,10.48,freight_usd_per_t,synthetic_monthly,synthetic_route_freight_rates.csv,,R2|2015-02-01,,2026-09-05,2015-02-01,2015-02-01,synthetic_route_freight_rates.csv,synthetic,Synthetic MVP development data; not broker/public observed freight quotes.,low,1.0
synth-00143,2015-03-01,Tubarao,Paradip,R2,Iron Ore,Capesize,140000,11.58,freight_usd_per_t,synthetic_monthly,synthetic_route_freight_rates.csv,,R2|2015-03-01,,2026-09-05,2015-03-01,2015-03-01,synthetic_route_freight_rates.csv,synthetic,Synthetic MVP development data; not broker/public observed freight quotes.,low,1.0
synth-00144,2015-04-01,Tubarao,Paradip,R2,Iron Ore,Capesize,140000,10.79,freight_usd_per_t,synthetic_monthly,synthetic_route_freight_rates.csv,,R2|2015-04-01,,2026-09-05,2015-04-01,2015-04-01,synthetic_route_freight_rates.csv,synthetic,Synthetic MVP development data; not broker/public observed freight quotes.,low,1.0
synth-00145,2015-05-01,Tubarao,Paradip,R2,Iron Ore,Capesize,140000,11.85,freight_usd_per_t,synthetic_monthly,synthetic_route_freight_rates.csv,,R2|2015-05-01,,2026-09-05,2015-05-01,2015-05-01,synthetic_route_freight_rates.csv,synthetic,Synthetic MVP development data; not broker/public observed freight quotes.,low,1.0
synth-00146,2015-06-01,Tubarao,Paradip,R2,Iron Ore,Capesize,140000,9.52,freight_usd_per_t,synthetic_monthly,synthetic_route_freight_rates.csv,,R2|2015-06-01,,2026-09-05,2015-06-01,2015-06-01,synthetic_route_freight_rates.csv,synthetic,Synthetic MVP development data; not broker/public observed freight quotes.,low,1.0
synth-00147,2015-07-01,Tubarao,Paradip,R2,Iron Ore,Capesize,140000,10.77,freight_usd_per_t,synthetic_monthly,synthetic_route_freight_rates.csv,,R2|2015-07-01,,2026-09-05,2015-07-01,2015-07-01,synthetic_route_freight_rates.csv,synthetic,Synthetic MVP development data; not broker/public observed freight quotes.,low,1.0
synth-00148,2015-08-01,Tubarao,Paradip,R2,Iron Ore,Capesize,140000,10.99,freight_usd_per_t,synthetic_monthly,synthetic_route_freight_rates.csv,,R2|2015-08-01,,2026-09-05,2015-08-01,2015-08-01,synthetic_route_freight_rates.csv,synthetic,Synthetic MVP development data; not broker/public observed freight quotes.,low,1.0
synth-00149,2015-09-01,Tubarao,Paradip,R2,Iron Ore,Capesize,140000,10.05,freight_usd_per_t,synthetic_monthly,synthetic_route_freight_rates.csv,,R2|2015-09-01,,2026-09-05,2015-09-01,2015-09-01,synthetic_route_freight_rates.csv,synthetic,Synthetic MVP development data; not broker/public observed freight quotes.,low,1.0
synth-00150,2015-10-01,Tubarao,Paradip,R2,Iron Ore,Capesize,140000,9.24,freight_usd_per_t,synthetic_monthly,synthetic_route_freight_rates.csv,,R2|2015-10-01,,2026-09-05,2015-10-01,2015-10-01,synthetic_route_freight_rates.csv,synthetic,Synthetic MVP development data; not broker/public observed freight quotes.,low,1.0
synth-00151,2015-11-01,Tubarao,Paradip,R2,Iron Ore,Capesize,140000,9.43,freight_usd_per_t,synthetic_monthly,synthetic_route_freight_rates.csv,,R2|2015-11-01,,2026-09-05,2015-11-01,2015-11-01,synthetic_route_freight_rates.csv,synthetic,Synthetic MVP development data; not broker/public observed freight quotes.,low,1.0
synth-00152,2015-12-01,Tubarao,Paradip,R2,Iron Ore,Capesize,140000,9.5,freight_usd_per_t,synthetic_monthly,synthetic_route_freight_rates.csv,,R2|2015-12-01,,2026-09-05,2015-12-01,2015-12-01,synthetic_route_freight_rates.csv,synthetic,Synthetic MVP development data; not broker/public observed freight quotes.,low,1.0
synth-00153,2016-01-01,Tubarao,Paradip,R2,Iron Ore,Capesize,140000,9.09,freight_usd_per_t,synthetic_monthly,synthetic_route_freight_rates.csv,,R2|2016-01-01,,2026-09-05,2016-01-01,2016-01-01,synthetic_route_freight_rates.csv,synthetic,Synthetic MVP development data; not broker/public observed freight quotes.,low,1.0
synth-00154,2016-02-01,Tubarao,Paradip,R2,Iron Ore,Capesize,140000,8.85,freight_usd_per_t,synthetic_monthly,synthetic_route_freight_rates.csv,,R2|2016-02-01,,2026-09-05,2016-02-01,2016-02-01,synthetic_route_freight_rates.csv,synthetic,Synthetic MVP development data; not broker/public observed freight quotes.,low,1.0
synth-00155,2016-03-01,Tubarao,Paradip,R2,Iron Ore,Capesize,140000,7.7,freight_usd_per_t,synthetic_monthly,synthetic_route_freight_rates.csv,,R2|2016-03-01,,2026-09-05,2016-03-01,2016-03-01,synthetic_route_freight_rates.csv,synthetic,Synthetic MVP development data; not broker/public observed freight quotes.,low,1.0
synth-00156,2016-04-01,Tubarao,Paradip,R2,Iron Ore,Capesize,140000,6.91,freight_usd_per_t,synthetic_monthly,synthetic_route_freight_rates.csv,,R2|2016-04-01,,2026-09-05,2016-04-01,2016-04-01,synthetic_route_freight_rates.csv,synthetic,Synthetic MVP development data; not broker/public observed freight quotes.,low,1.0
synth-00157,2016-05-01,Tubarao,Paradip,R2,Iron Ore,Capesize,140000,6.45,freight_usd_per_t,synthetic_monthly,synthetic_route_freight_rates.csv,,R2|2016-05-01,,2026-09-05,2016-05-01,2016-05-01,synthetic_route_freight_rates.csv,synthetic,Synthetic MVP development data; not broker/public observed freight quotes.,low,1.0
synth-00158,2016-06-01,Tubarao,Paradip,R2,Iron Ore,Capesize,140000,6.52,freight_usd_per_t,synthetic_monthly,synthetic_route_freight_rates.csv,,R2|2016-06-01,,2026-09-05,2016-06-01,2016-06-01,synthetic_route_freight_rates.csv,synthetic,Synthetic MVP development data; not broker/public observed freight quotes.,low,1.0
synth-00159,2016-07-01,Tubarao,Paradip,R2,Iron Ore,Capesize,140000,5.46,freight_usd_per_t,synthetic_monthly,synthetic_route_freight_rates.csv,,R2|2016-07-01,,2026-09-05,2016-07-01,2016-07-01,synthetic_route_freight_rates.csv,synthetic,Synthetic MVP development data; not broker/public observed freight quotes.,low,1.0
synth-00160,2016-08-01,Tubarao,Paradip,R2,Iron Ore,Capesize,140000,4.08,freight_usd_per_t,synthetic_monthly,synthetic_route_freight_rates.csv,,R2|2016-08-01,,2026-09-05,2016-08-01,2016-08-01,synthetic_route_freight_rates.csv,synthetic,Synthetic MVP development data; not broker/public observed freight quotes.,low,1.0
synth-00161,2016-09-01,Tubarao,Paradip,R2,Iron Ore,Capesize,140000,4.91,freight_usd_per_t,synthetic_monthly,synthetic_route_freight_rates.csv,,R2|2016-09-01,,2026-09-05,2016-09-01,2016-09-01,synthetic_route_freight_rates.csv,synthetic,Synthetic MVP development data; not broker/public observed freight quotes.,low,1.0
synth-00162,2016-10-01,Tubarao,Paradip,R2,Iron Ore,Capesize,140000,4.79,freight_usd_per_t,synthetic_monthly,synthetic_route_freight_rates.csv,,R2|2016-10-01,,2026-09-05,2016-10-01,2016-10-01,synthetic_route_freight_rates.csv,synthetic,Synthetic MVP development data; not broker/public observed freight quotes.,low,1.0
synth-00163,2016-11-01,Tubarao,Paradip,R2,Iron Ore,Capesize,140000,5.83,freight_usd_per_t,synthetic_monthly,synthetic_route_freight_rates.csv,,R2|2016-11-01,,2026-09-05,2016-11-01,2016-11-01,synthetic_route_freight_rates.csv,synthetic,Synthetic MVP development data; not broker/public observed freight quotes.,low,1.0
synth-00164,2016-12-01,Tubarao,Paradip,R2,Iron Ore,Capesize,140000,5.65,freight_usd_per_t,synthetic_monthly,synthetic_route_freight_rates.csv,,R2|2016-12-01,,2026-09-05,2016-12-01,2016-12-01,synthetic_route_freight_rates.csv,synthetic,Synthetic MVP development data; not broker/public observed freight quotes.,low,1.0
synth-00165,2017-01-01,Tubarao,Paradip,R2,Iron Ore,Capesize,140000,10.4,freight_usd_per_t,synthetic_monthly,synthetic_route_freight_rates.csv,,R2|2017-01-01,,2026-09-05,2017-01-01,2017-01-01,synthetic_route_freight_rates.csv,synthetic,Synthetic MVP development data; not broker/public observed freight quotes.,low,1.0
synth-00166,2017-02-01,Tubarao,Paradip,R2,Iron Ore,Capesize,140000,11.26,freight_usd_per_t,synthetic_monthly,synthetic_route_freight_rates.csv,,R2|2017-02-01,,2026-09-05,2017-02-01,2017-02-01,synthetic_route_freight_rates.csv,synthetic,Synthetic MVP development data; not broker/public observed freight quotes.,low,1.0
synth-00167,2017-03-01,Tubarao,Paradip,R2,Iron Ore,Capesize,140000,11.51,freight_usd_per_t,synthetic_monthly,synthetic_route_freight_rates.csv,,R2|2017-03-01,,2026-09-05,2017-03-01,2017-03-01,synthetic_route_freight_rates.csv,synthetic,Synthetic MVP development data; not broker/public observed freight quotes.,low,1.0
synth-00168,2017-04-01,Tubarao,Paradip,R2,Iron Ore,Capesize,140000,10.82,freight_usd_per_t,synthetic_monthly,synthetic_route_freight_rates.csv,,R2|2017-04-01,,2026-09-05,2017-04-01,2017-04-01,synthetic_route_freight_rates.csv,synthetic,Synthetic MVP development data; not broker/public observed freight quotes.,low,1.0
synth-00169,2017-05-01,Tubarao,Paradip,R2,Iron Ore,Capesize,140000,10.77,freight_usd_per_t,synthetic_monthly,synthetic_route_freight_rates.csv,,R2|2017-05-01,,2026-09-05,2017-05-01,2017-05-01,synthetic_route_freight_rates.csv,synthetic,Synthetic MVP development data; not broker/public observed freight quotes.,low,1.0
synth-00170,2017-06-01,Tubarao,Paradip,R2,Iron Ore,Capesize,140000,10.54,freight_usd_per_t,synthetic_monthly,synthetic_route_freight_rates.csv,,R2|2017-06-01,,2026-09-05,2017-06-01,2017-06-01,synthetic_route_freight_rates.csv,synthetic,Synthetic MVP development data; not broker/public observed freight quotes.,low,1.0
synth-00171,2017-07-01,Tubarao,Paradip,R2,Iron Ore,Capesize,140000,9.64,freight_usd_per_t,synthetic_monthly,synthetic_route_freight_rates.csv,,R2|2017-07-01,,2026-09-05,2017-07-01,2017-07-01,synthetic_route_freight_rates.csv,synthetic,Synthetic MVP development data; not broker/public observed freight quotes.,low,1.0
synth-00172,2017-08-01,Tubarao,Paradip,R2,Iron Ore,Capesize,140000,11.4,freight_usd_per_t,synthetic_monthly,synthetic_route_freight_rates.csv,,R2|2017-08-01,,2026-09-05,2017-08-01,2017-08-01,synthetic_route_freight_rates.csv,synthetic,Synthetic MVP development data; not broker/public observed freight quotes.,low,1.0
synth-00173,2017-09-01,Tubarao,Paradip,R2,Iron Ore,Capesize,140000,11.15,freight_usd_per_t,synthetic_monthly,synthetic_route_freight_rates.csv,,R2|2017-09-01,,2026-09-05,2017-09-01,2017-09-01,synthetic_route_freight_rates.csv,synthetic,Synthetic MVP development data; not broker/public observed freight quotes.,low,1.0
synth-00174,2017-10-01,Tubarao,Paradip,R2,Iron Ore,Capesize,140000,9.86,freight_usd_per_t,synthetic_monthly,synthetic_route_freight_rates.csv,,R2|2017-10-01,,2026-09-05,2017-10-01,2017-10-01,synthetic_route_freight_rates.csv,synthetic,Synthetic MVP development data; not broker/public observed freight quotes.,low,1.0
synth-00175,2017-11-01,Tubarao,Paradip,R2,Iron Ore,Capesize,140000,11.35,freight_usd_per_t,synthetic_monthly,synthetic_route_freight_rates.csv,,R2|2017-11-01,,2026-09-05,2017-11-01,2017-11-01,synthetic_route_freight_rates.csv,synthetic,Synthetic MVP development data; not broker/public observed freight quotes.,low,1.0
synth-00176,2017-12-01,Tubarao,Paradip,R2,Iron Ore,Capesize,140000,10.6,freight_usd_per_t,synthetic_monthly,synthetic_route_freight_rates.csv,,R2|2017-12-01,,2026-09-05,2017-12-01,2017-12-01,synthetic_route_freight_rates.csv,synthetic,Synthetic MVP development data; not broker/public observed freight quotes.,low,1.0
synth-00177,2018-01-01,Tubarao,Paradip,R2,Iron Ore,Capesize,140000,14.89,freight_usd_per_t,synthetic_monthly,synthetic_route_freight_rates.csv,,R2|2018-01-01,,2026-09-05,2018-01-01,2018-01-01,synthetic_route_freight_rates.csv,synthetic,Synthetic MVP development data; not broker/public observed freight quotes.,low,1.0
synth-00178,2018-02-01,Tubarao,Paradip,R2,Iron Ore,Capesize,140000,13.49,freight_usd_per_t,synthetic_monthly,synthetic_route_freight_rates.csv,,R2|2018-02-01,,2026-09-05,2018-02-01,2018-02-01,synthetic_route_freight_rates.csv,synthetic,Synthetic MVP development data; not broker/public observed freight quotes.,low,1.0
synth-00179,2018-03-01,Tubarao,Paradip,R2,Iron Ore,Capesize,140000,13.46,freight_usd_per_t,synthetic_monthly,synthetic_route_freight_rates.csv,,R2|2018-03-01,,2026-09-05,2018-03-01,2018-03-01,synthetic_route_freight_rates.csv,synthetic,Synthetic MVP development data; not broker/public observed freight quotes.,low,1.0
synth-00180,2018-04-01,Tubarao,Paradip,R2,Iron Ore,Capesize,140000,13.42,freight_usd_per_t,synthetic_monthly,synthetic_route_freight_rates.csv,,R2|2018-04-01,,2026-09-05,2018-04-01,2018-04-01,synthetic_route_freight_rates.csv,synthetic,Synthetic MVP development data; not broker/public observed freight quotes.,low,1.0
synth-00181,2018-05-01,Tubarao,Paradip,R2,Iron Ore,Capesize,140000,13.83,freight_usd_per_t,synthetic_monthly,synthetic_route_freight_rates.csv,,R2|2018-05-01,,2026-09-05,2018-05-01,2018-05-01,synthetic_route_freight_rates.csv,synthetic,Synthetic MVP development data; not broker/public observed freight quotes.,low,1.0
synth-00182,2018-06-01,Tubarao,Paradip,R2,Iron Ore,Capesize,140000,14.91,freight_usd_per_t,synthetic_monthly,synthetic_route_freight_rates.csv,,R2|2018-06-01,,2026-09-05,2018-06-01,2018-06-01,synthetic_route_freight_rates.csv,synthetic,Synthetic MVP development data; not broker/public observed freight quotes.,low,1.0
synth-00183,2018-07-01,Tubarao,Paradip,R2,Iron Ore,Capesize,140000,13.28,freight_usd_per_t,synthetic_monthly,synthetic_route_freight_rates.csv,,R2|2018-07-01,,2026-09-05,2018-07-01,2018-07-01,synthetic_route_freight_rates.csv,synthetic,Synthetic MVP development data; not broker/public observed freight quotes.,low,1.0
synth-00184,2018-08-01,Tubarao,Paradip,R2,Iron Ore,Capesize,140000,14.66,freight_usd_per_t,synthetic_monthly,synthetic_route_freight_rates.csv,,R2|2018-08-01,,2026-09-05,2018-08-01,2018-08-01,synthetic_route_freight_rates.csv,synthetic,Synthetic MVP development data; not broker/public observed freight quotes.,low,1.0
synth-00185,2018-09-01,Tubarao,Paradip,R2,Iron Ore,Capesize,140000,11.58,freight_usd_per_t,synthetic_monthly,synthetic_route_freight_rates.csv,,R2|2018-09-01,,2026-09-05,2018-09-01,2018-09-01,synthetic_route_freight_rates.csv,synthetic,Synthetic MVP development data; not broker/public observed freight quotes.,low,1.0
synth-00186,2018-10-01,Tubarao,Paradip,R2,Iron Ore,Capesize,140000,10.55,freight_usd_per_t,synthetic_monthly,synthetic_route_freight_rates.csv,,R2|2018-10-01,,2026-09-05,2018-10-01,2018-10-01,synthetic_route_freight_rates.csv,synthetic,Synthetic MVP development data; not broker/public observed freight quotes.,low,1.0
synth-00187,2018-11-01,Tubarao,Paradip,R2,Iron Ore,Capesize,140000,12.34,freight_usd_per_t,synthetic_monthly,synthetic_route_freight_rates.csv,,R2|2018-11-01,,2026-09-05,2018-11-01,2018-11-01,synthetic_route_freight_rates.csv,synthetic,Synthetic MVP development data; not broker/public observed freight quotes.,low,1.0
synth-00188,2018-12-01,Tubarao,Paradip,R2,Iron Ore,Capesize,140000,13.81,freight_usd_per_t,synthetic_monthly,synthetic_route_freight_rates.csv,,R2|2018-12-01,,2026-09-05,2018-12-01,2018-12-01,synthetic_route_freight_rates.csv,synthetic,Synthetic MVP development data; not broker/public observed freight quotes.,low,1.0
synth-00189,2019-01-01,Tubarao,Paradip,R2,Iron Ore,Capesize,140000,13.43,freight_usd_per_t,synthetic_monthly,synthetic_route_freight_rates.csv,,R2|2019-01-01,,2026-09-05,2019-01-01,2019-01-01,synthetic_route_freight_rates.csv,synthetic,Synthetic MVP development data; not broker/public observed freight quotes.,low,1.0
synth-00190,2019-02-01,Tubarao,Paradip,R2,Iron Ore,Capesize,140000,12.86,freight_usd_per_t,synthetic_monthly,synthetic_route_freight_rates.csv,,R2|2019-02-01,,2026-09-05,2019-02-01,2019-02-01,synthetic_route_freight_rates.csv,synthetic,Synthetic MVP development data; not broker/public observed freight quotes.,low,1.0
synth-00191,2019-03-01,Tubarao,Paradip,R2,Iron Ore,Capesize,140000,13.08,freight_usd_per_t,synthetic_monthly,synthetic_route_freight_rates.csv,,R2|2019-03-01,,2026-09-05,2019-03-01,2019-03-01,synthetic_route_freight_rates.csv,synthetic,Synthetic MVP development data; not broker/public observed freight quotes.,low,1.0
synth-00192,2019-04-01,Tubarao,Paradip,R2,Iron Ore,Capesize,140000,12.27,freight_usd_per_t,synthetic_monthly,synthetic_route_freight_rates.csv,,R2|2019-04-01,,2026-09-05,2019-04-01,2019-04-01,synthetic_route_freight_rates.csv,synthetic,Synthetic MVP development data; not broker/public observed freight quotes.,low,1.0
synth-00193,2019-05-01,Tubarao,Paradip,R2,Iron Ore,Capesize,140000,12.16,freight_usd_per_t,synthetic_monthly,synthetic_route_freight_rates.csv,,R2|2019-05-01,,2026-09-05,2019-05-01,2019-05-01,synthetic_route_freight_rates.csv,synthetic,Synthetic MVP development data; not broker/public observed freight quotes.,low,1.0
synth-00194,2019-06-01,Tubarao,Paradip,R2,Iron Ore,Capesize,140000,12.6,freight_usd_per_t,synthetic_monthly,synthetic_route_freight_rates.csv,,R2|2019-06-01,,2026-09-05,2019-06-01,2019-06-01,synthetic_route_freight_rates.csv,synthetic,Synthetic MVP development data; not broker/public observed freight quotes.,low,1.0
synth-00195,2019-07-01,Tubarao,Paradip,R2,Iron Ore,Capesize,140000,13.88,freight_usd_per_t,synthetic_monthly,synthetic_route_freight_rates.csv,,R2|2019-07-01,,2026-09-05,2019-07-01,2019-07-01,synthetic_route_freight_rates.csv,synthetic,Synthetic MVP development data; not broker/public observed freight quotes.,low,1.0
synth-00196,2019-08-01,Tubarao,Paradip,R2,Iron Ore,Capesize,140000,13.35,freight_usd_per_t,synthetic_monthly,synthetic_route_freight_rates.csv,,R2|2019-08-01,,2026-09-05,2019-08-01,2019-08-01,synthetic_route_freight_rates.csv,synthetic,Synthetic MVP development data; not broker/public observed freight quotes.,low,1.0
synth-00197,2019-09-01,Tubarao,Paradip,R2,Iron Ore,Capesize,140000,12.14,freight_usd_per_t,synthetic_monthly,synthetic_route_freight_rates.csv,,R2|2019-09-01,,2026-09-05,2019-09-01,2019-09-01,synthetic_route_freight_rates.csv,synthetic,Synthetic MVP development data; not broker/public observed freight quotes.,low,1.0
synth-00198,2019-10-01,Tubarao,Paradip,R2,Iron Ore,Capesize,140000,11.57,freight_usd_per_t,synthetic_monthly,synthetic_route_freight_rates.csv,,R2|2019-10-01,,2026-09-05,2019-10-01,2019-10-01,synthetic_route_freight_rates.csv,synthetic,Synthetic MVP development data; not broker/public observed freight quotes.,low,1.0
synth-00199,2019-11-01,Tubarao,Paradip,R2,Iron Ore,Capesize,140000,12.79,freight_usd_per_t,synthetic_monthly,synthetic_route_freight_rates.csv,,R2|2019-11-01,,2026-09-05,2019-11-01,2019-11-01,synthetic_route_freight_rates.csv,synthetic,Synthetic MVP development data; not broker/public observed freight quotes.,low,1.0
synth-00200,2019-12-01,Tubarao,Paradip,R2,Iron Ore,Capesize,140000,13.49,freight_usd_per_t,synthetic_monthly,synthetic_route_freight_rates.csv,,R2|2019-12-01,,2026-09-05,2019-12-01,2019-12-01,synthetic_route_freight_rates.csv,synthetic,Synthetic MVP development data; not broker/public observed freight quotes.,low,1.0
synth-00201,2020-01-01,Tubarao,Paradip,R2,Iron Ore,Capesize,140000,8.56,freight_usd_per_t,synthetic_monthly,synthetic_route_freight_rates.csv,,R2|2020-01-01,,2026-09-05,2020-01-01,2020-01-01,synthetic_route_freight_rates.csv,synthetic,Synthetic MVP development data; not broker/public observed freight quotes.,low,1.0
synth-00202,2020-02-01,Tubarao,Paradip,R2,Iron Ore,Capesize,140000,9.41,freight_usd_per_t,synthetic_monthly,synthetic_route_freight_rates.csv,,R2|2020-02-01,,2026-09-05,2020-02-01,2020-02-01,synthetic_route_freight_rates.csv,synthetic,Synthetic MVP development data; not broker/public observed freight quotes.,low,1.0
synth-00203,2020-03-01,Tubarao,Paradip,R2,Iron Ore,Capesize,140000,8.87,freight_usd_per_t,synthetic_monthly,synthetic_route_freight_rates.csv,,R2|2020-03-01,,2026-09-05,2020-03-01,2020-03-01,synthetic_route_freight_rates.csv,synthetic,Synthetic MVP development data; not broker/public observed freight quotes.,low,1.0
synth-00204,2020-04-01,Tubarao,Paradip,R2,Iron Ore,Capesize,140000,5.0,freight_usd_per_t,synthetic_monthly,synthetic_route_freight_rates.csv,,R2|2020-04-01,,2026-09-05,2020-04-01,2020-04-01,synthetic_route_freight_rates.csv,synthetic,Synthetic MVP development data; not broker/public observed freight quotes.,low,1.0
synth-00205,2020-05-01,Tubarao,Paradip,R2,Iron Ore,Capesize,140000,5.14,freight_usd_per_t,synthetic_monthly,synthetic_route_freight_rates.csv,,R2|2020-05-01,,2026-09-05,2020-05-01,2020-05-01,synthetic_route_freight_rates.csv,synthetic,Synthetic MVP development data; not broker/public observed freight quotes.,low,1.0
synth-00206,2020-06-01,Tubarao,Paradip,R2,Iron Ore,Capesize,140000,5.99,freight_usd_per_t,synthetic_monthly,synthetic_route_freight_rates.csv,,R2|2020-06-01,,2026-09-05,2020-06-01,2020-06-01,synthetic_route_freight_rates.csv,synthetic,Synthetic MVP development data; not broker/public observed freight quotes.,low,1.0
synth-00207,2020-07-01,Tubarao,Paradip,R2,Iron Ore,Capesize,140000,7.73,freight_usd_per_t,synthetic_monthly,synthetic_route_freight_rates.csv,,R2|2020-07-01,,2026-09-05,2020-07-01,2020-07-01,synthetic_route_freight_rates.csv,synthetic,Synthetic MVP development data; not broker/public observed freight quotes.,low,1.0
synth-00208,2020-08-01,Tubarao,Paradip,R2,Iron Ore,Capesize,140000,7.92,freight_usd_per_t,synthetic_monthly,synthetic_route_freight_rates.csv,,R2|2020-08-01,,2026-09-05,2020-08-01,2020-08-01,synthetic_route_freight_rates.csv,synthetic,Synthetic MVP development data; not broker/public observed freight quotes.,low,1.0
synth-00209,2020-09-01,Tubarao,Paradip,R2,Iron Ore,Capesize,140000,8.21,freight_usd_per_t,synthetic_monthly,synthetic_route_freight_rates.csv,,R2|2020-09-01,,2026-09-05,2020-09-01,2020-09-01,synthetic_route_freight_rates.csv,synthetic,Synthetic MVP development data; not broker/public observed freight quotes.,low,1.0
synth-00210,2020-10-01,Tubarao,Paradip,R2,Iron Ore,Capesize,140000,7.47,freight_usd_per_t,synthetic_monthly,synthetic_route_freight_rates.csv,,R2|2020-10-01,,2026-09-05,2020-10-01,2020-10-01,synthetic_route_freight_rates.csv,synthetic,Synthetic MVP development data; not broker/public observed freight quotes.,low,1.0
synth-00211,2020-11-01,Tubarao,Paradip,R2,Iron Ore,Capesize,140000,8.37,freight_usd_per_t,synthetic_monthly,synthetic_route_freight_rates.csv,,R2|2020-11-01,,2026-09-05,2020-11-01,2020-11-01,synthetic_route_freight_rates.csv,synthetic,Synthetic MVP development data; not broker/public observed freight quotes.,low,1.0
synth-00212,2020-12-01,Tubarao,Paradip,R2,Iron Ore,Capesize,140000,10.59,freight_usd_per_t,synthetic_monthly,synthetic_route_freight_rates.csv,,R2|2020-12-01,,2026-09-05,2020-12-01,2020-12-01,synthetic_route_freight_rates.csv,synthetic,Synthetic MVP development data; not broker/public observed freight quotes.,low,1.0
synth-00213,2021-01-01,Tubarao,Paradip,R2,Iron Ore,Capesize,140000,33.05,freight_usd_per_t,synthetic_monthly,synthetic_route_freight_rates.csv,,R2|2021-01-01,,2026-09-05,2021-01-01,2021-01-01,synthetic_route_freight_rates.csv,synthetic,Synthetic MVP development data; not broker/public observed freight quotes.,low,1.0
synth-00214,2021-02-01,Tubarao,Paradip,R2,Iron Ore,Capesize,140000,32.81,freight_usd_per_t,synthetic_monthly,synthetic_route_freight_rates.csv,,R2|2021-02-01,,2026-09-05,2021-02-01,2021-02-01,synthetic_route_freight_rates.csv,synthetic,Synthetic MVP development data; not broker/public observed freight quotes.,low,1.0
synth-00215,2021-03-01,Tubarao,Paradip,R2,Iron Ore,Capesize,140000,31.27,freight_usd_per_t,synthetic_monthly,synthetic_route_freight_rates.csv,,R2|2021-03-01,,2026-09-05,2021-03-01,2021-03-01,synthetic_route_freight_rates.csv,synthetic,Synthetic MVP development data; not broker/public observed freight quotes.,low,1.0
synth-00216,2021-04-01,Tubarao,Paradip,R2,Iron Ore,Capesize,140000,30.05,freight_usd_per_t,synthetic_monthly,synthetic_route_freight_rates.csv,,R2|2021-04-01,,2026-09-05,2021-04-01,2021-04-01,synthetic_route_freight_rates.csv,synthetic,Synthetic MVP development data; not broker/public observed freight quotes.,low,1.0
synth-00217,2021-05-01,Tubarao,Paradip,R2,Iron Ore,Capesize,140000,31.1,freight_usd_per_t,synthetic_monthly,synthetic_route_freight_rates.csv,,R2|2021-05-01,,2026-09-05,2021-05-01,2021-05-01,synthetic_route_freight_rates.csv,synthetic,Synthetic MVP development data; not broker/public observed freight quotes.,low,1.0
synth-00218,2021-06-01,Tubarao,Paradip,R2,Iron Ore,Capesize,140000,32.14,freight_usd_per_t,synthetic_monthly,synthetic_route_freight_rates.csv,,R2|2021-06-01,,2026-09-05,2021-06-01,2021-06-01,synthetic_route_freight_rates.csv,synthetic,Synthetic MVP development data; not broker/public observed freight quotes.,low,1.0
synth-00219,2021-07-01,Tubarao,Paradip,R2,Iron Ore,Capesize,140000,32.42,freight_usd_per_t,synthetic_monthly,synthetic_route_freight_rates.csv,,R2|2021-07-01,,2026-09-05,2021-07-01,2021-07-01,synthetic_route_freight_rates.csv,synthetic,Synthetic MVP development data; not broker/public observed freight quotes.,low,1.0
synth-00220,2021-08-01,Tubarao,Paradip,R2,Iron Ore,Capesize,140000,28.68,freight_usd_per_t,synthetic_monthly,synthetic_route_freight_rates.csv,,R2|2021-08-01,,2026-09-05,2021-08-01,2021-08-01,synthetic_route_freight_rates.csv,synthetic,Synthetic MVP development data; not broker/public observed freight quotes.,low,1.0
synth-00221,2021-09-01,Tubarao,Paradip,R2,Iron Ore,Capesize,140000,38.04,freight_usd_per_t,synthetic_monthly,synthetic_route_freight_rates.csv,,R2|2021-09-01,,2026-09-05,2021-09-01,2021-09-01,synthetic_route_freight_rates.csv,synthetic,Synthetic MVP development data; not broker/public observed freight quotes.,low,1.0
synth-00222,2021-10-01,Tubarao,Paradip,R2,Iron Ore,Capesize,140000,37.64,freight_usd_per_t,synthetic_monthly,synthetic_route_freight_rates.csv,,R2|2021-10-01,,2026-09-05,2021-10-01,2021-10-01,synthetic_route_freight_rates.csv,synthetic,Synthetic MVP development data; not broker/public observed freight quotes.,low,1.0
synth-00223,2021-11-01,Tubarao,Paradip,R2,Iron Ore,Capesize,140000,36.66,freight_usd_per_t,synthetic_monthly,synthetic_route_freight_rates.csv,,R2|2021-11-01,,2026-09-05,2021-11-01,2021-11-01,synthetic_route_freight_rates.csv,synthetic,Synthetic MVP development data; not broker/public observed freight quotes.,low,1.0
synth-00224,2021-12-01,Tubarao,Paradip,R2,Iron Ore,Capesize,140000,30.36,freight_usd_per_t,synthetic_monthly,synthetic_route_freight_rates.csv,,R2|2021-12-01,,2026-09-05,2021-12-01,2021-12-01,synthetic_route_freight_rates.csv,synthetic,Synthetic MVP development data; not broker/public observed freight quotes.,low,1.0
synth-00225,2022-01-01,Tubarao,Paradip,R2,Iron Ore,Capesize,140000,25.22,freight_usd_per_t,synthetic_monthly,synthetic_route_freight_rates.csv,,R2|2022-01-01,,2026-09-05,2022-01-01,2022-01-01,synthetic_route_freight_rates.csv,synthetic,Synthetic MVP development data; not broker/public observed freight quotes.,low,1.0
synth-00226,2022-02-01,Tubarao,Paradip,R2,Iron Ore,Capesize,140000,24.09,freight_usd_per_t,synthetic_monthly,synthetic_route_freight_rates.csv,,R2|2022-02-01,,2026-09-05,2022-02-01,2022-02-01,synthetic_route_freight_rates.csv,synthetic,Synthetic MVP development data; not broker/public observed freight quotes.,low,1.0
synth-00227,2022-03-01,Tubarao,Paradip,R2,Iron Ore,Capesize,140000,25.72,freight_usd_per_t,synthetic_monthly,synthetic_route_freight_rates.csv,,R2|2022-03-01,,2026-09-05,2022-03-01,2022-03-01,synthetic_route_freight_rates.csv,synthetic,Synthetic MVP development data; not broker/public observed freight quotes.,low,1.0
synth-00228,2022-04-01,Tubarao,Paradip,R2,Iron Ore,Capesize,140000,25.5,freight_usd_per_t,synthetic_monthly,synthetic_route_freight_rates.csv,,R2|2022-04-01,,2026-09-05,2022-04-01,2022-04-01,synthetic_route_freight_rates.csv,synthetic,Synthetic MVP development data; not broker/public observed freight quotes.,low,1.0
synth-00229,2022-05-01,Tubarao,Paradip,R2,Iron Ore,Capesize,140000,24.76,freight_usd_per_t,synthetic_monthly,synthetic_route_freight_rates.csv,,R2|2022-05-01,,2026-09-05,2022-05-01,2022-05-01,synthetic_route_freight_rates.csv,synthetic,Synthetic MVP development data; not broker/public observed freight quotes.,low,1.0
synth-00230,2022-06-01,Tubarao,Paradip,R2,Iron Ore,Capesize,140000,25.27,freight_usd_per_t,synthetic_monthly,synthetic_route_freight_rates.csv,,R2|2022-06-01,,2026-09-05,2022-06-01,2022-06-01,synthetic_route_freight_rates.csv,synthetic,Synthetic MVP development data; not broker/public observed freight quotes.,low,1.0
synth-00231,2022-07-01,Tubarao,Paradip,R2,Iron Ore,Capesize,140000,25.66,freight_usd_per_t,synthetic_monthly,synthetic_route_freight_rates.csv,,R2|2022-07-01,,2026-09-05,2022-07-01,2022-07-01,synthetic_route_freight_rates.csv,synthetic,Synthetic MVP development data; not broker/public observed freight quotes.,low,1.0
synth-00232,2022-08-01,Tubarao,Paradip,R2,Iron Ore,Capesize,140000,26.42,freight_usd_per_t,synthetic_monthly,synthetic_route_freight_rates.csv,,R2|2022-08-01,,2026-09-05,2022-08-01,2022-08-01,synthetic_route_freight_rates.csv,synthetic,Synthetic MVP development data; not broker/public observed freight quotes.,low,1.0
synth-00233,2022-09-01,Tubarao,Paradip,R2,Iron Ore,Capesize,140000,26.81,freight_usd_per_t,synthetic_monthly,synthetic_route_freight_rates.csv,,R2|2022-09-01,,2026-09-05,2022-09-01,2022-09-01,synthetic_route_freight_rates.csv,synthetic,Synthetic MVP development data; not broker/public observed freight quotes.,low,1.0
synth-00234,2022-10-01,Tubarao,Paradip,R2,Iron Ore,Capesize,140000,24.19,freight_usd_per_t,synthetic_monthly,synthetic_route_freight_rates.csv,,R2|2022-10-01,,2026-09-05,2022-10-01,2022-10-01,synthetic_route_freight_rates.csv,synthetic,Synthetic MVP development data; not broker/public observed freight quotes.,low,1.0
synth-00235,2022-11-01,Tubarao,Paradip,R2,Iron Ore,Capesize,140000,25.81,freight_usd_per_t,synthetic_monthly,synthetic_route_freight_rates.csv,,R2|2022-11-01,,2026-09-05,2022-11-01,2022-11-01,synthetic_route_freight_rates.csv,synthetic,Synthetic MVP development data; not broker/public observed freight quotes.,low,1.0
synth-00236,2022-12-01,Tubarao,Paradip,R2,Iron Ore,Capesize,140000,22.14,freight_usd_per_t,synthetic_monthly,synthetic_route_freight_rates.csv,,R2|2022-12-01,,2026-09-05,2022-12-01,2022-12-01,synthetic_route_freight_rates.csv,synthetic,Synthetic MVP development data; not broker/public observed freight quotes.,low,1.0
synth-00237,2023-01-01,Tubarao,Paradip,R2,Iron Ore,Capesize,140000,17.69,freight_usd_per_t,synthetic_monthly,synthetic_route_freight_rates.csv,,R2|2023-01-01,,2026-09-05,2023-01-01,2023-01-01,synthetic_route_freight_rates.csv,synthetic,Synthetic MVP development data; not broker/public observed freight quotes.,low,1.0
synth-00238,2023-02-01,Tubarao,Paradip,R2,Iron Ore,Capesize,140000,17.86,freight_usd_per_t,synthetic_monthly,synthetic_route_freight_rates.csv,,R2|2023-02-01,,2026-09-05,2023-02-01,2023-02-01,synthetic_route_freight_rates.csv,synthetic,Synthetic MVP development data; not broker/public observed freight quotes.,low,1.0
synth-00239,2023-03-01,Tubarao,Paradip,R2,Iron Ore,Capesize,140000,19.9,freight_usd_per_t,synthetic_monthly,synthetic_route_freight_rates.csv,,R2|2023-03-01,,2026-09-05,2023-03-01,2023-03-01,synthetic_route_freight_rates.csv,synthetic,Synthetic MVP development data; not broker/public observed freight quotes.,low,1.0
synth-00240,2023-04-01,Tubarao,Paradip,R2,Iron Ore,Capesize,140000,16.95,freight_usd_per_t,synthetic_monthly,synthetic_route_freight_rates.csv,,R2|2023-04-01,,2026-09-05,2023-04-01,2023-04-01,synthetic_route_freight_rates.csv,synthetic,Synthetic MVP development data; not broker/public observed freight quotes.,low,1.0
synth-00241,2023-05-01,Tubarao,Paradip,R2,Iron Ore,Capesize,140000,15.62,freight_usd_per_t,synthetic_monthly,synthetic_route_freight_rates.csv,,R2|2023-05-01,,2026-09-05,2023-05-01,2023-05-01,synthetic_route_freight_rates.csv,synthetic,Synthetic MVP development data; not broker/public observed freight quotes.,low,1.0
synth-00242,2023-06-01,Tubarao,Paradip,R2,Iron Ore,Capesize,140000,16.26,freight_usd_per_t,synthetic_monthly,synthetic_route_freight_rates.csv,,R2|2023-06-01,,2026-09-05,2023-06-01,2023-06-01,synthetic_route_freight_rates.csv,synthetic,Synthetic MVP development data; not broker/public observed freight quotes.,low,1.0
synth-00243,2023-07-01,Tubarao,Paradip,R2,Iron Ore,Capesize,140000,14.28,freight_usd_per_t,synthetic_monthly,synthetic_route_freight_rates.csv,,R2|2023-07-01,,2026-09-05,2023-07-01,2023-07-01,synthetic_route_freight_rates.csv,synthetic,Synthetic MVP development data; not broker/public observed freight quotes.,low,1.0
synth-00244,2023-08-01,Tubarao,Paradip,R2,Iron Ore,Capesize,140000,14.68,freight_usd_per_t,synthetic_monthly,synthetic_route_freight_rates.csv,,R2|2023-08-01,,2026-09-05,2023-08-01,2023-08-01,synthetic_route_freight_rates.csv,synthetic,Synthetic MVP development data; not broker/public observed freight quotes.,low,1.0
synth-00245,2023-09-01,Tubarao,Paradip,R2,Iron Ore,Capesize,140000,14.42,freight_usd_per_t,synthetic_monthly,synthetic_route_freight_rates.csv,,R2|2023-09-01,,2026-09-05,2023-09-01,2023-09-01,synthetic_route_freight_rates.csv,synthetic,Synthetic MVP development data; not broker/public observed freight quotes.,low,1.0
synth-00246,2023-10-01,Tubarao,Paradip,R2,Iron Ore,Capesize,140000,14.63,freight_usd_per_t,synthetic_monthly,synthetic_route_freight_rates.csv,,R2|2023-10-01,,2026-09-05,2023-10-01,2023-10-01,synthetic_route_freight_rates.csv,synthetic,Synthetic MVP development data; not broker/public observed freight quotes.,low,1.0
synth-00247,2023-11-01,Tubarao,Paradip,R2,Iron Ore,Capesize,140000,16.68,freight_usd_per_t,synthetic_monthly,synthetic_route_freight_rates.csv,,R2|2023-11-01,,2026-09-05,2023-11-01,2023-11-01,synthetic_route_freight_rates.csv,synthetic,Synthetic MVP development data; not broker/public observed freight quotes.,low,1.0
synth-00248,2023-12-01,Tubarao,Paradip,R2,Iron Ore,Capesize,140000,18.79,freight_usd_per_t,synthetic_monthly,synthetic_route_freight_rates.csv,,R2|2023-12-01,,2026-09-05,2023-12-01,2023-12-01,synthetic_route_freight_rates.csv,synthetic,Synthetic MVP development data; not broker/public observed freight quotes.,low,1.0
synth-00249,2024-01-01,Tubarao,Paradip,R2,Iron Ore,Capesize,140000,17.48,freight_usd_per_t,synthetic_monthly,synthetic_route_freight_rates.csv,,R2|2024-01-01,,2026-09-05,2024-01-01,2024-01-01,synthetic_route_freight_rates.csv,synthetic,Synthetic MVP development data; not broker/public observed freight quotes.,low,1.0
synth-00250,2024-02-01,Tubarao,Paradip,R2,Iron Ore,Capesize,140000,16.61,freight_usd_per_t,synthetic_monthly,synthetic_route_freight_rates.csv,,R2|2024-02-01,,2026-09-05,2024-02-01,2024-02-01,synthetic_route_freight_rates.csv,synthetic,Synthetic MVP development data; not broker/public observed freight quotes.,low,1.0
synth-00251,2024-03-01,Tubarao,Paradip,R2,Iron Ore,Capesize,140000,15.28,freight_usd_per_t,synthetic_monthly,synthetic_route_freight_rates.csv,,R2|2024-03-01,,2026-09-05,2024-03-01,2024-03-01,synthetic_route_freight_rates.csv,synthetic,Synthetic MVP development data; not broker/public observed freight quotes.,low,1.0
synth-00252,2024-04-01,Tubarao,Paradip,R2,Iron Ore,Capesize,140000,16.32,freight_usd_per_t,synthetic_monthly,synthetic_route_freight_rates.csv,,R2|2024-04-01,,2026-09-05,2024-04-01,2024-04-01,synthetic_route_freight_rates.csv,synthetic,Synthetic MVP development data; not broker/public observed freight quotes.,low,1.0
synth-00253,2024-05-01,Tubarao,Paradip,R2,Iron Ore,Capesize,140000,14.56,freight_usd_per_t,synthetic_monthly,synthetic_route_freight_rates.csv,,R2|2024-05-01,,2026-09-05,2024-05-01,2024-05-01,synthetic_route_freight_rates.csv,synthetic,Synthetic MVP development data; not broker/public observed freight quotes.,low,1.0
synth-00254,2024-06-01,Tubarao,Paradip,R2,Iron Ore,Capesize,140000,19.62,freight_usd_per_t,synthetic_monthly,synthetic_route_freight_rates.csv,,R2|2024-06-01,,2026-09-05,2024-06-01,2024-06-01,synthetic_route_freight_rates.csv,synthetic,Synthetic MVP development data; not broker/public observed freight quotes.,low,1.0
synth-00255,2024-07-01,Tubarao,Paradip,R2,Iron Ore,Capesize,140000,18.04,freight_usd_per_t,synthetic_monthly,synthetic_route_freight_rates.csv,,R2|2024-07-01,,2026-09-05,2024-07-01,2024-07-01,synthetic_route_freight_rates.csv,synthetic,Synthetic MVP development data; not broker/public observed freight quotes.,low,1.0
synth-00256,2024-08-01,Tubarao,Paradip,R2,Iron Ore,Capesize,140000,16.28,freight_usd_per_t,synthetic_monthly,synthetic_route_freight_rates.csv,,R2|2024-08-01,,2026-09-05,2024-08-01,2024-08-01,synthetic_route_freight_rates.csv,synthetic,Synthetic MVP development data; not broker/public observed freight quotes.,low,1.0
synth-00257,2024-09-01,Tubarao,Paradip,R2,Iron Ore,Capesize,140000,14.97,freight_usd_per_t,synthetic_monthly,synthetic_route_freight_rates.csv,,R2|2024-09-01,,2026-09-05,2024-09-01,2024-09-01,synthetic_route_freight_rates.csv,synthetic,Synthetic MVP development data; not broker/public observed freight quotes.,low,1.0
synth-00258,2024-10-01,Tubarao,Paradip,R2,Iron Ore,Capesize,140000,15.48,freight_usd_per_t,synthetic_monthly,synthetic_route_freight_rates.csv,,R2|2024-10-01,,2026-09-05,2024-10-01,2024-10-01,synthetic_route_freight_rates.csv,synthetic,Synthetic MVP development data; not broker/public observed freight quotes.,low,1.0
synth-00259,2024-11-01,Tubarao,Paradip,R2,Iron Ore,Capesize,140000,15.67,freight_usd_per_t,synthetic_monthly,synthetic_route_freight_rates.csv,,R2|2024-11-01,,2026-09-05,2024-11-01,2024-11-01,synthetic_route_freight_rates.csv,synthetic,Synthetic MVP development data; not broker/public observed freight quotes.,low,1.0
synth-00260,2024-12-01,Tubarao,Paradip,R2,Iron Ore,Capesize,140000,17.9,freight_usd_per_t,synthetic_monthly,synthetic_route_freight_rates.csv,,R2|2024-12-01,,2026-09-05,2024-12-01,2024-12-01,synthetic_route_freight_rates.csv,synthetic,Synthetic MVP development data; not broker/public observed freight quotes.,low,1.0
synth-00261,2025-01-01,Tubarao,Paradip,R2,Iron Ore,Capesize,140000,15.29,freight_usd_per_t,synthetic_monthly,synthetic_route_freight_rates.csv,,R2|2025-01-01,,2026-09-05,2025-01-01,2025-01-01,synthetic_route_freight_rates.csv,synthetic,Synthetic MVP development data; not broker/public observed freight quotes.,low,1.0
synth-00262,2025-02-01,Tubarao,Paradip,R2,Iron Ore,Capesize,140000,15.87,freight_usd_per_t,synthetic_monthly,synthetic_route_freight_rates.csv,,R2|2025-02-01,,2026-09-05,2025-02-01,2025-02-01,synthetic_route_freight_rates.csv,synthetic,Synthetic MVP development data; not broker/public observed freight quotes.,low,1.0
synth-00263,2025-03-01,Tubarao,Paradip,R2,Iron Ore,Capesize,140000,17.39,freight_usd_per_t,synthetic_monthly,synthetic_route_freight_rates.csv,,R2|2025-03-01,,2026-09-05,2025-03-01,2025-03-01,synthetic_route_freight_rates.csv,synthetic,Synthetic MVP development data; not broker/public observed freight quotes.,low,1.0
synth-00264,2025-04-01,Tubarao,Paradip,R2,Iron Ore,Capesize,140000,16.17,freight_usd_per_t,synthetic_monthly,synthetic_route_freight_rates.csv,,R2|2025-04-01,,2026-09-05,2025-04-01,2025-04-01,synthetic_route_freight_rates.csv,synthetic,Synthetic MVP development data; not broker/public observed freight quotes.,low,1.0
synth-00265,2025-05-01,Tubarao,Paradip,R2,Iron Ore,Capesize,140000,15.63,freight_usd_per_t,synthetic_monthly,synthetic_route_freight_rates.csv,,R2|2025-05-01,,2026-09-05,2025-05-01,2025-05-01,synthetic_route_freight_rates.csv,synthetic,Synthetic MVP development data; not broker/public observed freight quotes.,low,1.0
synth-00266,2025-06-01,Tubarao,Paradip,R2,Iron Ore,Capesize,140000,18.59,freight_usd_per_t,synthetic_monthly,synthetic_route_freight_rates.csv,,R2|2025-06-01,,2026-09-05,2025-06-01,2025-06-01,synthetic_route_freight_rates.csv,synthetic,Synthetic MVP development data; not broker/public observed freight quotes.,low,1.0
synth-00267,2025-07-01,Tubarao,Paradip,R2,Iron Ore,Capesize,140000,15.5,freight_usd_per_t,synthetic_monthly,synthetic_route_freight_rates.csv,,R2|2025-07-01,,2026-09-05,2025-07-01,2025-07-01,synthetic_route_freight_rates.csv,synthetic,Synthetic MVP development data; not broker/public observed freight quotes.,low,1.0
synth-00268,2025-08-01,Tubarao,Paradip,R2,Iron Ore,Capesize,140000,15.2,freight_usd_per_t,synthetic_monthly,synthetic_route_freight_rates.csv,,R2|2025-08-01,,2026-09-05,2025-08-01,2025-08-01,synthetic_route_freight_rates.csv,synthetic,Synthetic MVP development data; not broker/public observed freight quotes.,low,1.0
synth-00269,2025-09-01,Tubarao,Paradip,R2,Iron Ore,Capesize,140000,15.19,freight_usd_per_t,synthetic_monthly,synthetic_route_freight_rates.csv,,R2|2025-09-01,,2026-09-05,2025-09-01,2025-09-01,synthetic_route_freight_rates.csv,synthetic,Synthetic MVP development data; not broker/public observed freight quotes.,low,1.0
synth-00270,2025-10-01,Tubarao,Paradip,R2,Iron Ore,Capesize,140000,14.1,freight_usd_per_t,synthetic_monthly,synthetic_route_freight_rates.csv,,R2|2025-10-01,,2026-09-05,2025-10-01,2025-10-01,synthetic_route_freight_rates.csv,synthetic,Synthetic MVP development data; not broker/public observed freight quotes.,low,1.0
synth-00271,2025-11-01,Tubarao,Paradip,R2,Iron Ore,Capesize,140000,13.64,freight_usd_per_t,synthetic_monthly,synthetic_route_freight_rates.csv,,R2|2025-11-01,,2026-09-05,2025-11-01,2025-11-01,synthetic_route_freight_rates.csv,synthetic,Synthetic MVP development data; not broker/public observed freight quotes.,low,1.0
synth-00272,2025-12-01,Tubarao,Paradip,R2,Iron Ore,Capesize,140000,13.16,freight_usd_per_t,synthetic_monthly,synthetic_route_freight_rates.csv,,R2|2025-12-01,,2026-09-05,2025-12-01,2025-12-01,synthetic_route_freight_rates.csv,synthetic,Synthetic MVP development data; not broker/public observed freight quotes.,low,1.0
synth-00273,2026-01-01,Tubarao,Paradip,R2,Iron Ore,Capesize,140000,12.08,freight_usd_per_t,synthetic_monthly,synthetic_route_freight_rates.csv,,R2|2026-01-01,,2026-09-05,2026-01-01,2026-01-01,synthetic_route_freight_rates.csv,synthetic,Synthetic MVP development data; not broker/public observed freight quotes.,low,1.0
synth-00274,2026-02-01,Tubarao,Paradip,R2,Iron Ore,Capesize,140000,14.9,freight_usd_per_t,synthetic_monthly,synthetic_route_freight_rates.csv,,R2|2026-02-01,,2026-09-05,2026-02-01,2026-02-01,synthetic_route_freight_rates.csv,synthetic,Synthetic MVP development data; not broker/public observed freight quotes.,low,1.0
synth-00275,2026-03-01,Tubarao,Paradip,R2,Iron Ore,Capesize,140000,13.88,freight_usd_per_t,synthetic_monthly,synthetic_route_freight_rates.csv,,R2|2026-03-01,,2026-09-05,2026-03-01,2026-03-01,synthetic_route_freight_rates.csv,synthetic,Synthetic MVP development data; not broker/public observed freight quotes.,low,1.0
synth-00276,2026-04-01,Tubarao,Paradip,R2,Iron Ore,Capesize,140000,14.08,freight_usd_per_t,synthetic_monthly,synthetic_route_freight_rates.csv,,R2|2026-04-01,,2026-09-05,2026-04-01,2026-04-01,synthetic_route_freight_rates.csv,synthetic,Synthetic MVP development data; not broker/public observed freight quotes.,low,1.0
synth-00277,2026-05-01,Tubarao,Paradip,R2,Iron Ore,Capesize,140000,14.7,freight_usd_per_t,synthetic_monthly,synthetic_route_freight_rates.csv,,R2|2026-05-01,,2026-09-05,2026-05-01,2026-05-01,synthetic_route_freight_rates.csv,synthetic,Synthetic MVP development data; not broker/public observed freight quotes.,low,1.0
synth-00278,2026-06-01,Tubarao,Paradip,R2,Iron Ore,Capesize,140000,13.94,freight_usd_per_t,synthetic_monthly,synthetic_route_freight_rates.csv,,R2|2026-06-01,,2026-09-05,2026-06-01,2026-06-01,synthetic_route_freight_rates.csv,synthetic,Synthetic MVP development data; not broker/public observed freight quotes.,low,1.0
synth-00279,2026-07-01,Tubarao,Paradip,R2,Iron Ore,Capesize,140000,14.63,freight_usd_per_t,synthetic_monthly,synthetic_route_freight_rates.csv,,R2|2026-07-01,,2026-09-05,2026-07-01,2026-07-01,synthetic_route_freight_rates.csv,synthetic,Synthetic MVP development data; not broker/public observed freight quotes.,low,1.0
synth-00280,2026-08-01,Tubarao,Paradip,R2,Iron Ore,Capesize,140000,12.48,freight_usd_per_t,synthetic_monthly,synthetic_route_freight_rates.csv,,R2|2026-08-01,,2026-09-05,2026-08-01,2026-08-01,synthetic_route_freight_rates.csv,synthetic,Synthetic MVP development data; not broker/public observed freight quotes.,low,1.0
synth-00281,2015-01-01,Richards Bay,Krishnapatnam,R3,Coal,Panamax,140000,5.89,freight_usd_per_t,synthetic_monthly,synthetic_route_freight_rates.csv,,R3|2015-01-01,,2026-09-05,2015-01-01,2015-01-01,synthetic_route_freight_rates.csv,synthetic,Synthetic MVP development data; not broker/public observed freight quotes.,low,1.0
synth-00282,2015-02-01,Richards Bay,Krishnapatnam,R3,Coal,Panamax,140000,6.02,freight_usd_per_t,synthetic_monthly,synthetic_route_freight_rates.csv,,R3|2015-02-01,,2026-09-05,2015-02-01,2015-02-01,synthetic_route_freight_rates.csv,synthetic,Synthetic MVP development data; not broker/public observed freight quotes.,low,1.0
synth-00283,2015-03-01,Richards Bay,Krishnapatnam,R3,Coal,Panamax,140000,5.78,freight_usd_per_t,synthetic_monthly,synthetic_route_freight_rates.csv,,R3|2015-03-01,,2026-09-05,2015-03-01,2015-03-01,synthetic_route_freight_rates.csv,synthetic,Synthetic MVP development data; not broker/public observed freight quotes.,low,1.0
synth-00284,2015-04-01,Richards Bay,Krishnapatnam,R3,Coal,Panamax,140000,6.58,freight_usd_per_t,synthetic_monthly,synthetic_route_freight_rates.csv,,R3|2015-04-01,,2026-09-05,2015-04-01,2015-04-01,synthetic_route_freight_rates.csv,synthetic,Synthetic MVP development data; not broker/public observed freight quotes.,low,1.0
synth-00285,2015-05-01,Richards Bay,Krishnapatnam,R3,Coal,Panamax,140000,6.03,freight_usd_per_t,synthetic_monthly,synthetic_route_freight_rates.csv,,R3|2015-05-01,,2026-09-05,2015-05-01,2015-05-01,synthetic_route_freight_rates.csv,synthetic,Synthetic MVP development data; not broker/public observed freight quotes.,low,1.0
synth-00286,2015-06-01,Richards Bay,Krishnapatnam,R3,Coal,Panamax,140000,6.15,freight_usd_per_t,synthetic_monthly,synthetic_route_freight_rates.csv,,R3|2015-06-01,,2026-09-05,2015-06-01,2015-06-01,synthetic_route_freight_rates.csv,synthetic,Synthetic MVP development data; not broker/public observed freight quotes.,low,1.0
synth-00287,2015-07-01,Richards Bay,Krishnapatnam,R3,Coal,Panamax,140000,5.64,freight_usd_per_t,synthetic_monthly,synthetic_route_freight_rates.csv,,R3|2015-07-01,,2026-09-05,2015-07-01,2015-07-01,synthetic_route_freight_rates.csv,synthetic,Synthetic MVP development data; not broker/public observed freight quotes.,low,1.0
synth-00288,2015-08-01,Richards Bay,Krishnapatnam,R3,Coal,Panamax,140000,6.02,freight_usd_per_t,synthetic_monthly,synthetic_route_freight_rates.csv,,R3|2015-08-01,,2026-09-05,2015-08-01,2015-08-01,synthetic_route_freight_rates.csv,synthetic,Synthetic MVP development data; not broker/public observed freight quotes.,low,1.0
synth-00289,2015-09-01,Richards Bay,Krishnapatnam,R3,Coal,Panamax,140000,5.69,freight_usd_per_t,synthetic_monthly,synthetic_route_freight_rates.csv,,R3|2015-09-01,,2026-09-05,2015-09-01,2015-09-01,synthetic_route_freight_rates.csv,synthetic,Synthetic MVP development data; not broker/public observed freight quotes.,low,1.0
synth-00290,2015-10-01,Richards Bay,Krishnapatnam,R3,Coal,Panamax,140000,4.75,freight_usd_per_t,synthetic_monthly,synthetic_route_freight_rates.csv,,R3|2015-10-01,,2026-09-05,2015-10-01,2015-10-01,synthetic_route_freight_rates.csv,synthetic,Synthetic MVP development data; not broker/public observed freight quotes.,low,1.0
synth-00291,2015-11-01,Richards Bay,Krishnapatnam,R3,Coal,Panamax,140000,4.89,freight_usd_per_t,synthetic_monthly,synthetic_route_freight_rates.csv,,R3|2015-11-01,,2026-09-05,2015-11-01,2015-11-01,synthetic_route_freight_rates.csv,synthetic,Synthetic MVP development data; not broker/public observed freight quotes.,low,1.0
synth-00292,2015-12-01,Richards Bay,Krishnapatnam,R3,Coal,Panamax,140000,4.77,freight_usd_per_t,synthetic_monthly,synthetic_route_freight_rates.csv,,R3|2015-12-01,,2026-09-05,2015-12-01,2015-12-01,synthetic_route_freight_rates.csv,synthetic,Synthetic MVP development data; not broker/public observed freight quotes.,low,1.0
synth-00293,2016-01-01,Richards Bay,Krishnapatnam,R3,Coal,Panamax,140000,5.04,freight_usd_per_t,synthetic_monthly,synthetic_route_freight_rates.csv,,R3|2016-01-01,,2026-09-05,2016-01-01,2016-01-01,synthetic_route_freight_rates.csv,synthetic,Synthetic MVP development data; not broker/public observed freight quotes.,low,1.0
synth-00294,2016-02-01,Richards Bay,Krishnapatnam,R3,Coal,Panamax,140000,4.8,freight_usd_per_t,synthetic_monthly,synthetic_route_freight_rates.csv,,R3|2016-02-01,,2026-09-05,2016-02-01,2016-02-01,synthetic_route_freight_rates.csv,synthetic,Synthetic MVP development data; not broker/public observed freight quotes.,low,1.0
synth-00295,2016-03-01,Richards Bay,Krishnapatnam,R3,Coal,Panamax,140000,4.43,freight_usd_per_t,synthetic_monthly,synthetic_route_freight_rates.csv,,R3|2016-03-01,,2026-09-05,2016-03-01,2016-03-01,synthetic_route_freight_rates.csv,synthetic,Synthetic MVP development data; not broker/public observed freight quotes.,low,1.0
synth-00296,2016-04-01,Richards Bay,Krishnapatnam,R3,Coal,Panamax,140000,3.92,freight_usd_per_t,synthetic_monthly,synthetic_route_freight_rates.csv,,R3|2016-04-01,,2026-09-05,2016-04-01,2016-04-01,synthetic_route_freight_rates.csv,synthetic,Synthetic MVP development data; not broker/public observed freight quotes.,low,1.0
synth-00297,2016-05-01,Richards Bay,Krishnapatnam,R3,Coal,Panamax,140000,3.64,freight_usd_per_t,synthetic_monthly,synthetic_route_freight_rates.csv,,R3|2016-05-01,,2026-09-05,2016-05-01,2016-05-01,synthetic_route_freight_rates.csv,synthetic,Synthetic MVP development data; not broker/public observed freight quotes.,low,1.0
synth-00298,2016-06-01,Richards Bay,Krishnapatnam,R3,Coal,Panamax,140000,3.26,freight_usd_per_t,synthetic_monthly,synthetic_route_freight_rates.csv,,R3|2016-06-01,,2026-09-05,2016-06-01,2016-06-01,synthetic_route_freight_rates.csv,synthetic,Synthetic MVP development data; not broker/public observed freight quotes.,low,1.0
synth-00299,2016-07-01,Richards Bay,Krishnapatnam,R3,Coal,Panamax,140000,2.62,freight_usd_per_t,synthetic_monthly,synthetic_route_freight_rates.csv,,R3|2016-07-01,,2026-09-05,2016-07-01,2016-07-01,synthetic_route_freight_rates.csv,synthetic,Synthetic MVP development data; not broker/public observed freight quotes.,low,1.0
synth-00300,2016-08-01,Richards Bay,Krishnapatnam,R3,Coal,Panamax,140000,2.15,freight_usd_per_t,synthetic_monthly,synthetic_route_freight_rates.csv,,R3|2016-08-01,,2026-09-05,2016-08-01,2016-08-01,synthetic_route_freight_rates.csv,synthetic,Synthetic MVP development data; not broker/public observed freight quotes.,low,1.0
synth-00301,2016-09-01,Richards Bay,Krishnapatnam,R3,Coal,Panamax,140000,2.85,freight_usd_per_t,synthetic_monthly,synthetic_route_freight_rates.csv,,R3|2016-09-01,,2026-09-05,2016-09-01,2016-09-01,synthetic_route_freight_rates.csv,synthetic,Synthetic MVP development data; not broker/public observed freight quotes.,low,1.0
synth-00302,2016-10-01,Richards Bay,Krishnapatnam,R3,Coal,Panamax,140000,2.69,freight_usd_per_t,synthetic_monthly,synthetic_route_freight_rates.csv,,R3|2016-10-01,,2026-09-05,2016-10-01,2016-10-01,synthetic_route_freight_rates.csv,synthetic,Synthetic MVP development data; not broker/public observed freight quotes.,low,1.0
synth-00303,2016-11-01,Richards Bay,Krishnapatnam,R3,Coal,Panamax,140000,2.75,freight_usd_per_t,synthetic_monthly,synthetic_route_freight_rates.csv,,R3|2016-11-01,,2026-09-05,2016-11-01,2016-11-01,synthetic_route_freight_rates.csv,synthetic,Synthetic MVP development data; not broker/public observed freight quotes.,low,1.0
synth-00304,2016-12-01,Richards Bay,Krishnapatnam,R3,Coal,Panamax,140000,2.98,freight_usd_per_t,synthetic_monthly,synthetic_route_freight_rates.csv,,R3|2016-12-01,,2026-09-05,2016-12-01,2016-12-01,synthetic_route_freight_rates.csv,synthetic,Synthetic MVP development data; not broker/public observed freight quotes.,low,1.0
synth-00305,2017-01-01,Richards Bay,Krishnapatnam,R3,Coal,Panamax,140000,5.31,freight_usd_per_t,synthetic_monthly,synthetic_route_freight_rates.csv,,R3|2017-01-01,,2026-09-05,2017-01-01,2017-01-01,synthetic_route_freight_rates.csv,synthetic,Synthetic MVP development data; not broker/public observed freight quotes.,low,1.0
synth-00306,2017-02-01,Richards Bay,Krishnapatnam,R3,Coal,Panamax,140000,6.31,freight_usd_per_t,synthetic_monthly,synthetic_route_freight_rates.csv,,R3|2017-02-01,,2026-09-05,2017-02-01,2017-02-01,synthetic_route_freight_rates.csv,synthetic,Synthetic MVP development data; not broker/public observed freight quotes.,low,1.0
synth-00307,2017-03-01,Richards Bay,Krishnapatnam,R3,Coal,Panamax,140000,6.01,freight_usd_per_t,synthetic_monthly,synthetic_route_freight_rates.csv,,R3|2017-03-01,,2026-09-05,2017-03-01,2017-03-01,synthetic_route_freight_rates.csv,synthetic,Synthetic MVP development data; not broker/public observed freight quotes.,low,1.0
synth-00308,2017-04-01,Richards Bay,Krishnapatnam,R3,Coal,Panamax,140000,5.8,freight_usd_per_t,synthetic_monthly,synthetic_route_freight_rates.csv,,R3|2017-04-01,,2026-09-05,2017-04-01,2017-04-01,synthetic_route_freight_rates.csv,synthetic,Synthetic MVP development data; not broker/public observed freight quotes.,low,1.0
synth-00309,2017-05-01,Richards Bay,Krishnapatnam,R3,Coal,Panamax,140000,5.57,freight_usd_per_t,synthetic_monthly,synthetic_route_freight_rates.csv,,R3|2017-05-01,,2026-09-05,2017-05-01,2017-05-01,synthetic_route_freight_rates.csv,synthetic,Synthetic MVP development data; not broker/public observed freight quotes.,low,1.0
synth-00310,2017-06-01,Richards Bay,Krishnapatnam,R3,Coal,Panamax,140000,5.5,freight_usd_per_t,synthetic_monthly,synthetic_route_freight_rates.csv,,R3|2017-06-01,,2026-09-05,2017-06-01,2017-06-01,synthetic_route_freight_rates.csv,synthetic,Synthetic MVP development data; not broker/public observed freight quotes.,low,1.0
synth-00311,2017-07-01,Richards Bay,Krishnapatnam,R3,Coal,Panamax,140000,5.3,freight_usd_per_t,synthetic_monthly,synthetic_route_freight_rates.csv,,R3|2017-07-01,,2026-09-05,2017-07-01,2017-07-01,synthetic_route_freight_rates.csv,synthetic,Synthetic MVP development data; not broker/public observed freight quotes.,low,1.0
synth-00312,2017-08-01,Richards Bay,Krishnapatnam,R3,Coal,Panamax,140000,6.18,freight_usd_per_t,synthetic_monthly,synthetic_route_freight_rates.csv,,R3|2017-08-01,,2026-09-05,2017-08-01,2017-08-01,synthetic_route_freight_rates.csv,synthetic,Synthetic MVP development data; not broker/public observed freight quotes.,low,1.0
synth-00313,2017-09-01,Richards Bay,Krishnapatnam,R3,Coal,Panamax,140000,5.55,freight_usd_per_t,synthetic_monthly,synthetic_route_freight_rates.csv,,R3|2017-09-01,,2026-09-05,2017-09-01,2017-09-01,synthetic_route_freight_rates.csv,synthetic,Synthetic MVP development data; not broker/public observed freight quotes.,low,1.0
synth-00314,2017-10-01,Richards Bay,Krishnapatnam,R3,Coal,Panamax,140000,5.3,freight_usd_per_t,synthetic_monthly,synthetic_route_freight_rates.csv,,R3|2017-10-01,,2026-09-05,2017-10-01,2017-10-01,synthetic_route_freight_rates.csv,synthetic,Synthetic MVP development data; not broker/public observed freight quotes.,low,1.0
synth-00315,2017-11-01,Richards Bay,Krishnapatnam,R3,Coal,Panamax,140000,5.66,freight_usd_per_t,synthetic_monthly,synthetic_route_freight_rates.csv,,R3|2017-11-01,,2026-09-05,2017-11-01,2017-11-01,synthetic_route_freight_rates.csv,synthetic,Synthetic MVP development data; not broker/public observed freight quotes.,low,1.0
synth-00316,2017-12-01,Richards Bay,Krishnapatnam,R3,Coal,Panamax,140000,5.55,freight_usd_per_t,synthetic_monthly,synthetic_route_freight_rates.csv,,R3|2017-12-01,,2026-09-05,2017-12-01,2017-12-01,synthetic_route_freight_rates.csv,synthetic,Synthetic MVP development data; not broker/public observed freight quotes.,low,1.0
synth-00317,2018-01-01,Richards Bay,Krishnapatnam,R3,Coal,Panamax,140000,7.81,freight_usd_per_t,synthetic_monthly,synthetic_route_freight_rates.csv,,R3|2018-01-01,,2026-09-05,2018-01-01,2018-01-01,synthetic_route_freight_rates.csv,synthetic,Synthetic MVP development data; not broker/public observed freight quotes.,low,1.0
synth-00318,2018-02-01,Richards Bay,Krishnapatnam,R3,Coal,Panamax,140000,7.09,freight_usd_per_t,synthetic_monthly,synthetic_route_freight_rates.csv,,R3|2018-02-01,,2026-09-05,2018-02-01,2018-02-01,synthetic_route_freight_rates.csv,synthetic,Synthetic MVP development data; not broker/public observed freight quotes.,low,1.0
synth-00319,2018-03-01,Richards Bay,Krishnapatnam,R3,Coal,Panamax,140000,7.03,freight_usd_per_t,synthetic_monthly,synthetic_route_freight_rates.csv,,R3|2018-03-01,,2026-09-05,2018-03-01,2018-03-01,synthetic_route_freight_rates.csv,synthetic,Synthetic MVP development data; not broker/public observed freight quotes.,low,1.0
synth-00320,2018-04-01,Richards Bay,Krishnapatnam,R3,Coal,Panamax,140000,6.92,freight_usd_per_t,synthetic_monthly,synthetic_route_freight_rates.csv,,R3|2018-04-01,,2026-09-05,2018-04-01,2018-04-01,synthetic_route_freight_rates.csv,synthetic,Synthetic MVP development data; not broker/public observed freight quotes.,low,1.0
synth-00321,2018-05-01,Richards Bay,Krishnapatnam,R3,Coal,Panamax,140000,8.25,freight_usd_per_t,synthetic_monthly,synthetic_route_freight_rates.csv,,R3|2018-05-01,,2026-09-05,2018-05-01,2018-05-01,synthetic_route_freight_rates.csv,synthetic,Synthetic MVP development data; not broker/public observed freight quotes.,low,1.0
synth-00322,2018-06-01,Richards Bay,Krishnapatnam,R3,Coal,Panamax,140000,7.91,freight_usd_per_t,synthetic_monthly,synthetic_route_freight_rates.csv,,R3|2018-06-01,,2026-09-05,2018-06-01,2018-06-01,synthetic_route_freight_rates.csv,synthetic,Synthetic MVP development data; not broker/public observed freight quotes.,low,1.0
synth-00323,2018-07-01,Richards Bay,Krishnapatnam,R3,Coal,Panamax,140000,7.29,freight_usd_per_t,synthetic_monthly,synthetic_route_freight_rates.csv,,R3|2018-07-01,,2026-09-05,2018-07-01,2018-07-01,synthetic_route_freight_rates.csv,synthetic,Synthetic MVP development data; not broker/public observed freight quotes.,low,1.0
synth-00324,2018-08-01,Richards Bay,Krishnapatnam,R3,Coal,Panamax,140000,7.32,freight_usd_per_t,synthetic_monthly,synthetic_route_freight_rates.csv,,R3|2018-08-01,,2026-09-05,2018-08-01,2018-08-01,synthetic_route_freight_rates.csv,synthetic,Synthetic MVP development data; not broker/public observed freight quotes.,low,1.0
synth-00325,2018-09-01,Richards Bay,Krishnapatnam,R3,Coal,Panamax,140000,6.61,freight_usd_per_t,synthetic_monthly,synthetic_route_freight_rates.csv,,R3|2018-09-01,,2026-09-05,2018-09-01,2018-09-01,synthetic_route_freight_rates.csv,synthetic,Synthetic MVP development data; not broker/public observed freight quotes.,low,1.0
synth-00326,2018-10-01,Richards Bay,Krishnapatnam,R3,Coal,Panamax,140000,6.06,freight_usd_per_t,synthetic_monthly,synthetic_route_freight_rates.csv,,R3|2018-10-01,,2026-09-05,2018-10-01,2018-10-01,synthetic_route_freight_rates.csv,synthetic,Synthetic MVP development data; not broker/public observed freight quotes.,low,1.0
synth-00327,2018-11-01,Richards Bay,Krishnapatnam,R3,Coal,Panamax,140000,6.56,freight_usd_per_t,synthetic_monthly,synthetic_route_freight_rates.csv,,R3|2018-11-01,,2026-09-05,2018-11-01,2018-11-01,synthetic_route_freight_rates.csv,synthetic,Synthetic MVP development data; not broker/public observed freight quotes.,low,1.0
synth-00328,2018-12-01,Richards Bay,Krishnapatnam,R3,Coal,Panamax,140000,7.52,freight_usd_per_t,synthetic_monthly,synthetic_route_freight_rates.csv,,R3|2018-12-01,,2026-09-05,2018-12-01,2018-12-01,synthetic_route_freight_rates.csv,synthetic,Synthetic MVP development data; not broker/public observed freight quotes.,low,1.0
synth-00329,2019-01-01,Richards Bay,Krishnapatnam,R3,Coal,Panamax,140000,6.91,freight_usd_per_t,synthetic_monthly,synthetic_route_freight_rates.csv,,R3|2019-01-01,,2026-09-05,2019-01-01,2019-01-01,synthetic_route_freight_rates.csv,synthetic,Synthetic MVP development data; not broker/public observed freight quotes.,low,1.0
synth-00330,2019-02-01,Richards Bay,Krishnapatnam,R3,Coal,Panamax,140000,6.61,freight_usd_per_t,synthetic_monthly,synthetic_route_freight_rates.csv,,R3|2019-02-01,,2026-09-05,2019-02-01,2019-02-01,synthetic_route_freight_rates.csv,synthetic,Synthetic MVP development data; not broker/public observed freight quotes.,low,1.0
synth-00331,2019-03-01,Richards Bay,Krishnapatnam,R3,Coal,Panamax,140000,7.04,freight_usd_per_t,synthetic_monthly,synthetic_route_freight_rates.csv,,R3|2019-03-01,,2026-09-05,2019-03-01,2019-03-01,synthetic_route_freight_rates.csv,synthetic,Synthetic MVP development data; not broker/public observed freight quotes.,low,1.0
synth-00332,2019-04-01,Richards Bay,Krishnapatnam,R3,Coal,Panamax,140000,6.2,freight_usd_per_t,synthetic_monthly,synthetic_route_freight_rates.csv,,R3|2019-04-01,,2026-09-05,2019-04-01,2019-04-01,synthetic_route_freight_rates.csv,synthetic,Synthetic MVP development data; not broker/public observed freight quotes.,low,1.0
synth-00333,2019-05-01,Richards Bay,Krishnapatnam,R3,Coal,Panamax,140000,6.11,freight_usd_per_t,synthetic_monthly,synthetic_route_freight_rates.csv,,R3|2019-05-01,,2026-09-05,2019-05-01,2019-05-01,synthetic_route_freight_rates.csv,synthetic,Synthetic MVP development data; not broker/public observed freight quotes.,low,1.0
synth-00334,2019-06-01,Richards Bay,Krishnapatnam,R3,Coal,Panamax,140000,7.6,freight_usd_per_t,synthetic_monthly,synthetic_route_freight_rates.csv,,R3|2019-06-01,,2026-09-05,2019-06-01,2019-06-01,synthetic_route_freight_rates.csv,synthetic,Synthetic MVP development data; not broker/public observed freight quotes.,low,1.0
synth-00335,2019-07-01,Richards Bay,Krishnapatnam,R3,Coal,Panamax,140000,7.81,freight_usd_per_t,synthetic_monthly,synthetic_route_freight_rates.csv,,R3|2019-07-01,,2026-09-05,2019-07-01,2019-07-01,synthetic_route_freight_rates.csv,synthetic,Synthetic MVP development data; not broker/public observed freight quotes.,low,1.0
synth-00336,2019-08-01,Richards Bay,Krishnapatnam,R3,Coal,Panamax,140000,7.25,freight_usd_per_t,synthetic_monthly,synthetic_route_freight_rates.csv,,R3|2019-08-01,,2026-09-05,2019-08-01,2019-08-01,synthetic_route_freight_rates.csv,synthetic,Synthetic MVP development data; not broker/public observed freight quotes.,low,1.0
synth-00337,2019-09-01,Richards Bay,Krishnapatnam,R3,Coal,Panamax,140000,7.11,freight_usd_per_t,synthetic_monthly,synthetic_route_freight_rates.csv,,R3|2019-09-01,,2026-09-05,2019-09-01,2019-09-01,synthetic_route_freight_rates.csv,synthetic,Synthetic MVP development data; not broker/public observed freight quotes.,low,1.0
synth-00338,2019-10-01,Richards Bay,Krishnapatnam,R3,Coal,Panamax,140000,6.51,freight_usd_per_t,synthetic_monthly,synthetic_route_freight_rates.csv,,R3|2019-10-01,,2026-09-05,2019-10-01,2019-10-01,synthetic_route_freight_rates.csv,synthetic,Synthetic MVP development data; not broker/public observed freight quotes.,low,1.0
synth-00339,2019-11-01,Richards Bay,Krishnapatnam,R3,Coal,Panamax,140000,7.89,freight_usd_per_t,synthetic_monthly,synthetic_route_freight_rates.csv,,R3|2019-11-01,,2026-09-05,2019-11-01,2019-11-01,synthetic_route_freight_rates.csv,synthetic,Synthetic MVP development data; not broker/public observed freight quotes.,low,1.0
synth-00340,2019-12-01,Richards Bay,Krishnapatnam,R3,Coal,Panamax,140000,8.0,freight_usd_per_t,synthetic_monthly,synthetic_route_freight_rates.csv,,R3|2019-12-01,,2026-09-05,2019-12-01,2019-12-01,synthetic_route_freight_rates.csv,synthetic,Synthetic MVP development data; not broker/public observed freight quotes.,low,1.0
synth-00341,2020-01-01,Richards Bay,Krishnapatnam,R3,Coal,Panamax,140000,4.84,freight_usd_per_t,synthetic_monthly,synthetic_route_freight_rates.csv,,R3|2020-01-01,,2026-09-05,2020-01-01,2020-01-01,synthetic_route_freight_rates.csv,synthetic,Synthetic MVP development data; not broker/public observed freight quotes.,low,1.0
synth-00342,2020-02-01,Richards Bay,Krishnapatnam,R3,Coal,Panamax,140000,4.83,freight_usd_per_t,synthetic_monthly,synthetic_route_freight_rates.csv,,R3|2020-02-01,,2026-09-05,2020-02-01,2020-02-01,synthetic_route_freight_rates.csv,synthetic,Synthetic MVP development data; not broker/public observed freight quotes.,low,1.0
synth-00343,2020-03-01,Richards Bay,Krishnapatnam,R3,Coal,Panamax,140000,4.39,freight_usd_per_t,synthetic_monthly,synthetic_route_freight_rates.csv,,R3|2020-03-01,,2026-09-05,2020-03-01,2020-03-01,synthetic_route_freight_rates.csv,synthetic,Synthetic MVP development data; not broker/public observed freight quotes.,low,1.0
synth-00344,2020-04-01,Richards Bay,Krishnapatnam,R3,Coal,Panamax,140000,2.82,freight_usd_per_t,synthetic_monthly,synthetic_route_freight_rates.csv,,R3|2020-04-01,,2026-09-05,2020-04-01,2020-04-01,synthetic_route_freight_rates.csv,synthetic,Synthetic MVP development data; not broker/public observed freight quotes.,low,1.0
synth-00345,2020-05-01,Richards Bay,Krishnapatnam,R3,Coal,Panamax,140000,2.76,freight_usd_per_t,synthetic_monthly,synthetic_route_freight_rates.csv,,R3|2020-05-01,,2026-09-05,2020-05-01,2020-05-01,synthetic_route_freight_rates.csv,synthetic,Synthetic MVP development data; not broker/public observed freight quotes.,low,1.0
synth-00346,2020-06-01,Richards Bay,Krishnapatnam,R3,Coal,Panamax,140000,3.0,freight_usd_per_t,synthetic_monthly,synthetic_route_freight_rates.csv,,R3|2020-06-01,,2026-09-05,2020-06-01,2020-06-01,synthetic_route_freight_rates.csv,synthetic,Synthetic MVP development data; not broker/public observed freight quotes.,low,1.0
synth-00347,2020-07-01,Richards Bay,Krishnapatnam,R3,Coal,Panamax,140000,4.4,freight_usd_per_t,synthetic_monthly,synthetic_route_freight_rates.csv,,R3|2020-07-01,,2026-09-05,2020-07-01,2020-07-01,synthetic_route_freight_rates.csv,synthetic,Synthetic MVP development data; not broker/public observed freight quotes.,low,1.0
synth-00348,2020-08-01,Richards Bay,Krishnapatnam,R3,Coal,Panamax,140000,4.4,freight_usd_per_t,synthetic_monthly,synthetic_route_freight_rates.csv,,R3|2020-08-01,,2026-09-05,2020-08-01,2020-08-01,synthetic_route_freight_rates.csv,synthetic,Synthetic MVP development data; not broker/public observed freight quotes.,low,1.0
synth-00349,2020-09-01,Richards Bay,Krishnapatnam,R3,Coal,Panamax,140000,5.04,freight_usd_per_t,synthetic_monthly,synthetic_route_freight_rates.csv,,R3|2020-09-01,,2026-09-05,2020-09-01,2020-09-01,synthetic_route_freight_rates.csv,synthetic,Synthetic MVP development data; not broker/public observed freight quotes.,low,1.0
synth-00350,2020-10-01,Richards Bay,Krishnapatnam,R3,Coal,Panamax,140000,4.3,freight_usd_per_t,synthetic_monthly,synthetic_route_freight_rates.csv,,R3|2020-10-01,,2026-09-05,2020-10-01,2020-10-01,synthetic_route_freight_rates.csv,synthetic,Synthetic MVP development data; not broker/public observed freight quotes.,low,1.0
synth-00351,2020-11-01,Richards Bay,Krishnapatnam,R3,Coal,Panamax,140000,4.49,freight_usd_per_t,synthetic_monthly,synthetic_route_freight_rates.csv,,R3|2020-11-01,,2026-09-05,2020-11-01,2020-11-01,synthetic_route_freight_rates.csv,synthetic,Synthetic MVP development data; not broker/public observed freight quotes.,low,1.0
synth-00352,2020-12-01,Richards Bay,Krishnapatnam,R3,Coal,Panamax,140000,5.78,freight_usd_per_t,synthetic_monthly,synthetic_route_freight_rates.csv,,R3|2020-12-01,,2026-09-05,2020-12-01,2020-12-01,synthetic_route_freight_rates.csv,synthetic,Synthetic MVP development data; not broker/public observed freight quotes.,low,1.0
synth-00353,2021-01-01,Richards Bay,Krishnapatnam,R3,Coal,Panamax,140000,17.35,freight_usd_per_t,synthetic_monthly,synthetic_route_freight_rates.csv,,R3|2021-01-01,,2026-09-05,2021-01-01,2021-01-01,synthetic_route_freight_rates.csv,synthetic,Synthetic MVP development data; not broker/public observed freight quotes.,low,1.0
synth-00354,2021-02-01,Richards Bay,Krishnapatnam,R3,Coal,Panamax,140000,17.26,freight_usd_per_t,synthetic_monthly,synthetic_route_freight_rates.csv,,R3|2021-02-01,,2026-09-05,2021-02-01,2021-02-01,synthetic_route_freight_rates.csv,synthetic,Synthetic MVP development data; not broker/public observed freight quotes.,low,1.0
synth-00355,2021-03-01,Richards Bay,Krishnapatnam,R3,Coal,Panamax,140000,18.37,freight_usd_per_t,synthetic_monthly,synthetic_route_freight_rates.csv,,R3|2021-03-01,,2026-09-05,2021-03-01,2021-03-01,synthetic_route_freight_rates.csv,synthetic,Synthetic MVP development data; not broker/public observed freight quotes.,low,1.0
synth-00356,2021-04-01,Richards Bay,Krishnapatnam,R3,Coal,Panamax,140000,17.72,freight_usd_per_t,synthetic_monthly,synthetic_route_freight_rates.csv,,R3|2021-04-01,,2026-09-05,2021-04-01,2021-04-01,synthetic_route_freight_rates.csv,synthetic,Synthetic MVP development data; not broker/public observed freight quotes.,low,1.0
synth-00357,2021-05-01,Richards Bay,Krishnapatnam,R3,Coal,Panamax,140000,16.1,freight_usd_per_t,synthetic_monthly,synthetic_route_freight_rates.csv,,R3|2021-05-01,,2026-09-05,2021-05-01,2021-05-01,synthetic_route_freight_rates.csv,synthetic,Synthetic MVP development data; not broker/public observed freight quotes.,low,1.0
synth-00358,2021-06-01,Richards Bay,Krishnapatnam,R3,Coal,Panamax,140000,17.62,freight_usd_per_t,synthetic_monthly,synthetic_route_freight_rates.csv,,R3|2021-06-01,,2026-09-05,2021-06-01,2021-06-01,synthetic_route_freight_rates.csv,synthetic,Synthetic MVP development data; not broker/public observed freight quotes.,low,1.0
synth-00359,2021-07-01,Richards Bay,Krishnapatnam,R3,Coal,Panamax,140000,16.64,freight_usd_per_t,synthetic_monthly,synthetic_route_freight_rates.csv,,R3|2021-07-01,,2026-09-05,2021-07-01,2021-07-01,synthetic_route_freight_rates.csv,synthetic,Synthetic MVP development data; not broker/public observed freight quotes.,low,1.0
synth-00360,2021-08-01,Richards Bay,Krishnapatnam,R3,Coal,Panamax,140000,15.19,freight_usd_per_t,synthetic_monthly,synthetic_route_freight_rates.csv,,R3|2021-08-01,,2026-09-05,2021-08-01,2021-08-01,synthetic_route_freight_rates.csv,synthetic,Synthetic MVP development data; not broker/public observed freight quotes.,low,1.0
synth-00361,2021-09-01,Richards Bay,Krishnapatnam,R3,Coal,Panamax,140000,21.16,freight_usd_per_t,synthetic_monthly,synthetic_route_freight_rates.csv,,R3|2021-09-01,,2026-09-05,2021-09-01,2021-09-01,synthetic_route_freight_rates.csv,synthetic,Synthetic MVP development data; not broker/public observed freight quotes.,low,1.0
synth-00362,2021-10-01,Richards Bay,Krishnapatnam,R3,Coal,Panamax,140000,20.89,freight_usd_per_t,synthetic_monthly,synthetic_route_freight_rates.csv,,R3|2021-10-01,,2026-09-05,2021-10-01,2021-10-01,synthetic_route_freight_rates.csv,synthetic,Synthetic MVP development data; not broker/public observed freight quotes.,low,1.0
synth-00363,2021-11-01,Richards Bay,Krishnapatnam,R3,Coal,Panamax,140000,18.7,freight_usd_per_t,synthetic_monthly,synthetic_route_freight_rates.csv,,R3|2021-11-01,,2026-09-05,2021-11-01,2021-11-01,synthetic_route_freight_rates.csv,synthetic,Synthetic MVP development data; not broker/public observed freight quotes.,low,1.0
synth-00364,2021-12-01,Richards Bay,Krishnapatnam,R3,Coal,Panamax,140000,16.69,freight_usd_per_t,synthetic_monthly,synthetic_route_freight_rates.csv,,R3|2021-12-01,,2026-09-05,2021-12-01,2021-12-01,synthetic_route_freight_rates.csv,synthetic,Synthetic MVP development data; not broker/public observed freight quotes.,low,1.0
synth-00365,2022-01-01,Richards Bay,Krishnapatnam,R3,Coal,Panamax,140000,12.87,freight_usd_per_t,synthetic_monthly,synthetic_route_freight_rates.csv,,R3|2022-01-01,,2026-09-05,2022-01-01,2022-01-01,synthetic_route_freight_rates.csv,synthetic,Synthetic MVP development data; not broker/public observed freight quotes.,low,1.0
synth-00366,2022-02-01,Richards Bay,Krishnapatnam,R3,Coal,Panamax,140000,13.08,freight_usd_per_t,synthetic_monthly,synthetic_route_freight_rates.csv,,R3|2022-02-01,,2026-09-05,2022-02-01,2022-02-01,synthetic_route_freight_rates.csv,synthetic,Synthetic MVP development data; not broker/public observed freight quotes.,low,1.0
synth-00367,2022-03-01,Richards Bay,Krishnapatnam,R3,Coal,Panamax,140000,13.46,freight_usd_per_t,synthetic_monthly,synthetic_route_freight_rates.csv,,R3|2022-03-01,,2026-09-05,2022-03-01,2022-03-01,synthetic_route_freight_rates.csv,synthetic,Synthetic MVP development data; not broker/public observed freight quotes.,low,1.0
synth-00368,2022-04-01,Richards Bay,Krishnapatnam,R3,Coal,Panamax,140000,13.3,freight_usd_per_t,synthetic_monthly,synthetic_route_freight_rates.csv,,R3|2022-04-01,,2026-09-05,2022-04-01,2022-04-01,synthetic_route_freight_rates.csv,synthetic,Synthetic MVP development data; not broker/public observed freight quotes.,low,1.0
synth-00369,2022-05-01,Richards Bay,Krishnapatnam,R3,Coal,Panamax,140000,13.47,freight_usd_per_t,synthetic_monthly,synthetic_route_freight_rates.csv,,R3|2022-05-01,,2026-09-05,2022-05-01,2022-05-01,synthetic_route_freight_rates.csv,synthetic,Synthetic MVP development data; not broker/public observed freight quotes.,low,1.0
synth-00370,2022-06-01,Richards Bay,Krishnapatnam,R3,Coal,Panamax,140000,13.74,freight_usd_per_t,synthetic_monthly,synthetic_route_freight_rates.csv,,R3|2022-06-01,,2026-09-05,2022-06-01,2022-06-01,synthetic_route_freight_rates.csv,synthetic,Synthetic MVP development data; not broker/public observed freight quotes.,low,1.0
synth-00371,2022-07-01,Richards Bay,Krishnapatnam,R3,Coal,Panamax,140000,14.17,freight_usd_per_t,synthetic_monthly,synthetic_route_freight_rates.csv,,R3|2022-07-01,,2026-09-05,2022-07-01,2022-07-01,synthetic_route_freight_rates.csv,synthetic,Synthetic MVP development data; not broker/public observed freight quotes.,low,1.0
synth-00372,2022-08-01,Richards Bay,Krishnapatnam,R3,Coal,Panamax,140000,14.02,freight_usd_per_t,synthetic_monthly,synthetic_route_freight_rates.csv,,R3|2022-08-01,,2026-09-05,2022-08-01,2022-08-01,synthetic_route_freight_rates.csv,synthetic,Synthetic MVP development data; not broker/public observed freight quotes.,low,1.0
synth-00373,2022-09-01,Richards Bay,Krishnapatnam,R3,Coal,Panamax,140000,13.47,freight_usd_per_t,synthetic_monthly,synthetic_route_freight_rates.csv,,R3|2022-09-01,,2026-09-05,2022-09-01,2022-09-01,synthetic_route_freight_rates.csv,synthetic,Synthetic MVP development data; not broker/public observed freight quotes.,low,1.0
synth-00374,2022-10-01,Richards Bay,Krishnapatnam,R3,Coal,Panamax,140000,12.02,freight_usd_per_t,synthetic_monthly,synthetic_route_freight_rates.csv,,R3|2022-10-01,,2026-09-05,2022-10-01,2022-10-01,synthetic_route_freight_rates.csv,synthetic,Synthetic MVP development data; not broker/public observed freight quotes.,low,1.0
synth-00375,2022-11-01,Richards Bay,Krishnapatnam,R3,Coal,Panamax,140000,12.34,freight_usd_per_t,synthetic_monthly,synthetic_route_freight_rates.csv,,R3|2022-11-01,,2026-09-05,2022-11-01,2022-11-01,synthetic_route_freight_rates.csv,synthetic,Synthetic MVP development data; not broker/public observed freight quotes.,low,1.0
synth-00376,2022-12-01,Richards Bay,Krishnapatnam,R3,Coal,Panamax,140000,13.03,freight_usd_per_t,synthetic_monthly,synthetic_route_freight_rates.csv,,R3|2022-12-01,,2026-09-05,2022-12-01,2022-12-01,synthetic_route_freight_rates.csv,synthetic,Synthetic MVP development data; not broker/public observed freight quotes.,low,1.0
synth-00377,2023-01-01,Richards Bay,Krishnapatnam,R3,Coal,Panamax,140000,9.48,freight_usd_per_t,synthetic_monthly,synthetic_route_freight_rates.csv,,R3|2023-01-01,,2026-09-05,2023-01-01,2023-01-01,synthetic_route_freight_rates.csv,synthetic,Synthetic MVP development data; not broker/public observed freight quotes.,low,1.0
synth-00378,2023-02-01,Richards Bay,Krishnapatnam,R3,Coal,Panamax,140000,9.18,freight_usd_per_t,synthetic_monthly,synthetic_route_freight_rates.csv,,R3|2023-02-01,,2026-09-05,2023-02-01,2023-02-01,synthetic_route_freight_rates.csv,synthetic,Synthetic MVP development data; not broker/public observed freight quotes.,low,1.0
synth-00379,2023-03-01,Richards Bay,Krishnapatnam,R3,Coal,Panamax,140000,9.83,freight_usd_per_t,synthetic_monthly,synthetic_route_freight_rates.csv,,R3|2023-03-01,,2026-09-05,2023-03-01,2023-03-01,synthetic_route_freight_rates.csv,synthetic,Synthetic MVP development data; not broker/public observed freight quotes.,low,1.0
synth-00380,2023-04-01,Richards Bay,Krishnapatnam,R3,Coal,Panamax,140000,9.99,freight_usd_per_t,synthetic_monthly,synthetic_route_freight_rates.csv,,R3|2023-04-01,,2026-09-05,2023-04-01,2023-04-01,synthetic_route_freight_rates.csv,synthetic,Synthetic MVP development data; not broker/public observed freight quotes.,low,1.0
synth-00381,2023-05-01,Richards Bay,Krishnapatnam,R3,Coal,Panamax,140000,8.15,freight_usd_per_t,synthetic_monthly,synthetic_route_freight_rates.csv,,R3|2023-05-01,,2026-09-05,2023-05-01,2023-05-01,synthetic_route_freight_rates.csv,synthetic,Synthetic MVP development data; not broker/public observed freight quotes.,low,1.0
synth-00382,2023-06-01,Richards Bay,Krishnapatnam,R3,Coal,Panamax,140000,9.39,freight_usd_per_t,synthetic_monthly,synthetic_route_freight_rates.csv,,R3|2023-06-01,,2026-09-05,2023-06-01,2023-06-01,synthetic_route_freight_rates.csv,synthetic,Synthetic MVP development data; not broker/public observed freight quotes.,low,1.0
synth-00383,2023-07-01,Richards Bay,Krishnapatnam,R3,Coal,Panamax,140000,8.43,freight_usd_per_t,synthetic_monthly,synthetic_route_freight_rates.csv,,R3|2023-07-01,,2026-09-05,2023-07-01,2023-07-01,synthetic_route_freight_rates.csv,synthetic,Synthetic MVP development data; not broker/public observed freight quotes.,low,1.0
synth-00384,2023-08-01,Richards Bay,Krishnapatnam,R3,Coal,Panamax,140000,8.46,freight_usd_per_t,synthetic_monthly,synthetic_route_freight_rates.csv,,R3|2023-08-01,,2026-09-05,2023-08-01,2023-08-01,synthetic_route_freight_rates.csv,synthetic,Synthetic MVP development data; not broker/public observed freight quotes.,low,1.0
synth-00385,2023-09-01,Richards Bay,Krishnapatnam,R3,Coal,Panamax,140000,7.86,freight_usd_per_t,synthetic_monthly,synthetic_route_freight_rates.csv,,R3|2023-09-01,,2026-09-05,2023-09-01,2023-09-01,synthetic_route_freight_rates.csv,synthetic,Synthetic MVP development data; not broker/public observed freight quotes.,low,1.0
synth-00386,2023-10-01,Richards Bay,Krishnapatnam,R3,Coal,Panamax,140000,7.2,freight_usd_per_t,synthetic_monthly,synthetic_route_freight_rates.csv,,R3|2023-10-01,,2026-09-05,2023-10-01,2023-10-01,synthetic_route_freight_rates.csv,synthetic,Synthetic MVP development data; not broker/public observed freight quotes.,low,1.0
synth-00387,2023-11-01,Richards Bay,Krishnapatnam,R3,Coal,Panamax,140000,8.22,freight_usd_per_t,synthetic_monthly,synthetic_route_freight_rates.csv,,R3|2023-11-01,,2026-09-05,2023-11-01,2023-11-01,synthetic_route_freight_rates.csv,synthetic,Synthetic MVP development data; not broker/public observed freight quotes.,low,1.0
synth-00388,2023-12-01,Richards Bay,Krishnapatnam,R3,Coal,Panamax,140000,9.39,freight_usd_per_t,synthetic_monthly,synthetic_route_freight_rates.csv,,R3|2023-12-01,,2026-09-05,2023-12-01,2023-12-01,synthetic_route_freight_rates.csv,synthetic,Synthetic MVP development data; not broker/public observed freight quotes.,low,1.0
synth-00389,2024-01-01,Richards Bay,Krishnapatnam,R3,Coal,Panamax,140000,9.22,freight_usd_per_t,synthetic_monthly,synthetic_route_freight_rates.csv,,R3|2024-01-01,,2026-09-05,2024-01-01,2024-01-01,synthetic_route_freight_rates.csv,synthetic,Synthetic MVP development data; not broker/public observed freight quotes.,low,1.0
synth-00390,2024-02-01,Richards Bay,Krishnapatnam,R3,Coal,Panamax,140000,8.91,freight_usd_per_t,synthetic_monthly,synthetic_route_freight_rates.csv,,R3|2024-02-01,,2026-09-05,2024-02-01,2024-02-01,synthetic_route_freight_rates.csv,synthetic,Synthetic MVP development data; not broker/public observed freight quotes.,low,1.0
synth-00391,2024-03-01,Richards Bay,Krishnapatnam,R3,Coal,Panamax,140000,9.01,freight_usd_per_t,synthetic_monthly,synthetic_route_freight_rates.csv,,R3|2024-03-01,,2026-09-05,2024-03-01,2024-03-01,synthetic_route_freight_rates.csv,synthetic,Synthetic MVP development data; not broker/public observed freight quotes.,low,1.0
synth-00392,2024-04-01,Richards Bay,Krishnapatnam,R3,Coal,Panamax,140000,7.96,freight_usd_per_t,synthetic_monthly,synthetic_route_freight_rates.csv,,R3|2024-04-01,,2026-09-05,2024-04-01,2024-04-01,synthetic_route_freight_rates.csv,synthetic,Synthetic MVP development data; not broker/public observed freight quotes.,low,1.0
synth-00393,2024-05-01,Richards Bay,Krishnapatnam,R3,Coal,Panamax,140000,8.47,freight_usd_per_t,synthetic_monthly,synthetic_route_freight_rates.csv,,R3|2024-05-01,,2026-09-05,2024-05-01,2024-05-01,synthetic_route_freight_rates.csv,synthetic,Synthetic MVP development data; not broker/public observed freight quotes.,low,1.0
synth-00394,2024-06-01,Richards Bay,Krishnapatnam,R3,Coal,Panamax,140000,9.21,freight_usd_per_t,synthetic_monthly,synthetic_route_freight_rates.csv,,R3|2024-06-01,,2026-09-05,2024-06-01,2024-06-01,synthetic_route_freight_rates.csv,synthetic,Synthetic MVP development data; not broker/public observed freight quotes.,low,1.0
synth-00395,2024-07-01,Richards Bay,Krishnapatnam,R3,Coal,Panamax,140000,8.99,freight_usd_per_t,synthetic_monthly,synthetic_route_freight_rates.csv,,R3|2024-07-01,,2026-09-05,2024-07-01,2024-07-01,synthetic_route_freight_rates.csv,synthetic,Synthetic MVP development data; not broker/public observed freight quotes.,low,1.0
synth-00396,2024-08-01,Richards Bay,Krishnapatnam,R3,Coal,Panamax,140000,9.11,freight_usd_per_t,synthetic_monthly,synthetic_route_freight_rates.csv,,R3|2024-08-01,,2026-09-05,2024-08-01,2024-08-01,synthetic_route_freight_rates.csv,synthetic,Synthetic MVP development data; not broker/public observed freight quotes.,low,1.0
synth-00397,2024-09-01,Richards Bay,Krishnapatnam,R3,Coal,Panamax,140000,8.55,freight_usd_per_t,synthetic_monthly,synthetic_route_freight_rates.csv,,R3|2024-09-01,,2026-09-05,2024-09-01,2024-09-01,synthetic_route_freight_rates.csv,synthetic,Synthetic MVP development data; not broker/public observed freight quotes.,low,1.0
synth-00398,2024-10-01,Richards Bay,Krishnapatnam,R3,Coal,Panamax,140000,7.76,freight_usd_per_t,synthetic_monthly,synthetic_route_freight_rates.csv,,R3|2024-10-01,,2026-09-05,2024-10-01,2024-10-01,synthetic_route_freight_rates.csv,synthetic,Synthetic MVP development data; not broker/public observed freight quotes.,low,1.0
synth-00399,2024-11-01,Richards Bay,Krishnapatnam,R3,Coal,Panamax,140000,9.03,freight_usd_per_t,synthetic_monthly,synthetic_route_freight_rates.csv,,R3|2024-11-01,,2026-09-05,2024-11-01,2024-11-01,synthetic_route_freight_rates.csv,synthetic,Synthetic MVP development data; not broker/public observed freight quotes.,low,1.0
synth-00400,2024-12-01,Richards Bay,Krishnapatnam,R3,Coal,Panamax,140000,8.93,freight_usd_per_t,synthetic_monthly,synthetic_route_freight_rates.csv,,R3|2024-12-01,,2026-09-05,2024-12-01,2024-12-01,synthetic_route_freight_rates.csv,synthetic,Synthetic MVP development data; not broker/public observed freight quotes.,low,1.0
synth-00401,2025-01-01,Richards Bay,Krishnapatnam,R3,Coal,Panamax,140000,9.44,freight_usd_per_t,synthetic_monthly,synthetic_route_freight_rates.csv,,R3|2025-01-01,,2026-09-05,2025-01-01,2025-01-01,synthetic_route_freight_rates.csv,synthetic,Synthetic MVP development data; not broker/public observed freight quotes.,low,1.0
synth-00402,2025-02-01,Richards Bay,Krishnapatnam,R3,Coal,Panamax,140000,8.42,freight_usd_per_t,synthetic_monthly,synthetic_route_freight_rates.csv,,R3|2025-02-01,,2026-09-05,2025-02-01,2025-02-01,synthetic_route_freight_rates.csv,synthetic,Synthetic MVP development data; not broker/public observed freight quotes.,low,1.0
synth-00403,2025-03-01,Richards Bay,Krishnapatnam,R3,Coal,Panamax,140000,9.74,freight_usd_per_t,synthetic_monthly,synthetic_route_freight_rates.csv,,R3|2025-03-01,,2026-09-05,2025-03-01,2025-03-01,synthetic_route_freight_rates.csv,synthetic,Synthetic MVP development data; not broker/public observed freight quotes.,low,1.0
synth-00404,2025-04-01,Richards Bay,Krishnapatnam,R3,Coal,Panamax,140000,9.43,freight_usd_per_t,synthetic_monthly,synthetic_route_freight_rates.csv,,R3|2025-04-01,,2026-09-05,2025-04-01,2025-04-01,synthetic_route_freight_rates.csv,synthetic,Synthetic MVP development data; not broker/public observed freight quotes.,low,1.0
synth-00405,2025-05-01,Richards Bay,Krishnapatnam,R3,Coal,Panamax,140000,7.64,freight_usd_per_t,synthetic_monthly,synthetic_route_freight_rates.csv,,R3|2025-05-01,,2026-09-05,2025-05-01,2025-05-01,synthetic_route_freight_rates.csv,synthetic,Synthetic MVP development data; not broker/public observed freight quotes.,low,1.0
synth-00406,2025-06-01,Richards Bay,Krishnapatnam,R3,Coal,Panamax,140000,9.44,freight_usd_per_t,synthetic_monthly,synthetic_route_freight_rates.csv,,R3|2025-06-01,,2026-09-05,2025-06-01,2025-06-01,synthetic_route_freight_rates.csv,synthetic,Synthetic MVP development data; not broker/public observed freight quotes.,low,1.0
synth-00407,2025-07-01,Richards Bay,Krishnapatnam,R3,Coal,Panamax,140000,9.19,freight_usd_per_t,synthetic_monthly,synthetic_route_freight_rates.csv,,R3|2025-07-01,,2026-09-05,2025-07-01,2025-07-01,synthetic_route_freight_rates.csv,synthetic,Synthetic MVP development data; not broker/public observed freight quotes.,low,1.0
synth-00408,2025-08-01,Richards Bay,Krishnapatnam,R3,Coal,Panamax,140000,8.27,freight_usd_per_t,synthetic_monthly,synthetic_route_freight_rates.csv,,R3|2025-08-01,,2026-09-05,2025-08-01,2025-08-01,synthetic_route_freight_rates.csv,synthetic,Synthetic MVP development data; not broker/public observed freight quotes.,low,1.0
synth-00409,2025-09-01,Richards Bay,Krishnapatnam,R3,Coal,Panamax,140000,8.39,freight_usd_per_t,synthetic_monthly,synthetic_route_freight_rates.csv,,R3|2025-09-01,,2026-09-05,2025-09-01,2025-09-01,synthetic_route_freight_rates.csv,synthetic,Synthetic MVP development data; not broker/public observed freight quotes.,low,1.0
synth-00410,2025-10-01,Richards Bay,Krishnapatnam,R3,Coal,Panamax,140000,7.27,freight_usd_per_t,synthetic_monthly,synthetic_route_freight_rates.csv,,R3|2025-10-01,,2026-09-05,2025-10-01,2025-10-01,synthetic_route_freight_rates.csv,synthetic,Synthetic MVP development data; not broker/public observed freight quotes.,low,1.0
synth-00411,2025-11-01,Richards Bay,Krishnapatnam,R3,Coal,Panamax,140000,7.22,freight_usd_per_t,synthetic_monthly,synthetic_route_freight_rates.csv,,R3|2025-11-01,,2026-09-05,2025-11-01,2025-11-01,synthetic_route_freight_rates.csv,synthetic,Synthetic MVP development data; not broker/public observed freight quotes.,low,1.0
synth-00412,2025-12-01,Richards Bay,Krishnapatnam,R3,Coal,Panamax,140000,7.55,freight_usd_per_t,synthetic_monthly,synthetic_route_freight_rates.csv,,R3|2025-12-01,,2026-09-05,2025-12-01,2025-12-01,synthetic_route_freight_rates.csv,synthetic,Synthetic MVP development data; not broker/public observed freight quotes.,low,1.0
synth-00413,2026-01-01,Richards Bay,Krishnapatnam,R3,Coal,Panamax,140000,7.55,freight_usd_per_t,synthetic_monthly,synthetic_route_freight_rates.csv,,R3|2026-01-01,,2026-09-05,2026-01-01,2026-01-01,synthetic_route_freight_rates.csv,synthetic,Synthetic MVP development data; not broker/public observed freight quotes.,low,1.0
synth-00414,2026-02-01,Richards Bay,Krishnapatnam,R3,Coal,Panamax,140000,7.73,freight_usd_per_t,synthetic_monthly,synthetic_route_freight_rates.csv,,R3|2026-02-01,,2026-09-05,2026-02-01,2026-02-01,synthetic_route_freight_rates.csv,synthetic,Synthetic MVP development data; not broker/public observed freight quotes.,low,1.0
synth-00415,2026-03-01,Richards Bay,Krishnapatnam,R3,Coal,Panamax,140000,7.57,freight_usd_per_t,synthetic_monthly,synthetic_route_freight_rates.csv,,R3|2026-03-01,,2026-09-05,2026-03-01,2026-03-01,synthetic_route_freight_rates.csv,synthetic,Synthetic MVP development data; not broker/public observed freight quotes.,low,1.0
synth-00416,2026-04-01,Richards Bay,Krishnapatnam,R3,Coal,Panamax,140000,7.81,freight_usd_per_t,synthetic_monthly,synthetic_route_freight_rates.csv,,R3|2026-04-01,,2026-09-05,2026-04-01,2026-04-01,synthetic_route_freight_rates.csv,synthetic,Synthetic MVP development data; not broker/public observed freight quotes.,low,1.0
synth-00417,2026-05-01,Richards Bay,Krishnapatnam,R3,Coal,Panamax,140000,7.26,freight_usd_per_t,synthetic_monthly,synthetic_route_freight_rates.csv,,R3|2026-05-01,,2026-09-05,2026-05-01,2026-05-01,synthetic_route_freight_rates.csv,synthetic,Synthetic MVP development data; not broker/public observed freight quotes.,low,1.0
synth-00418,2026-06-01,Richards Bay,Krishnapatnam,R3,Coal,Panamax,140000,7.4,freight_usd_per_t,synthetic_monthly,synthetic_route_freight_rates.csv,,R3|2026-06-01,,2026-09-05,2026-06-01,2026-06-01,synthetic_route_freight_rates.csv,synthetic,Synthetic MVP development data; not broker/public observed freight quotes.,low,1.0
synth-00419,2026-07-01,Richards Bay,Krishnapatnam,R3,Coal,Panamax,140000,7.68,freight_usd_per_t,synthetic_monthly,synthetic_route_freight_rates.csv,,R3|2026-07-01,,2026-09-05,2026-07-01,2026-07-01,synthetic_route_freight_rates.csv,synthetic,Synthetic MVP development data; not broker/public observed freight quotes.,low,1.0
synth-00420,2026-08-01,Richards Bay,Krishnapatnam,R3,Coal,Panamax,140000,6.64,freight_usd_per_t,synthetic_monthly,synthetic_route_freight_rates.csv,,R3|2026-08-01,,2026-09-05,2026-08-01,2026-08-01,synthetic_route_freight_rates.csv,synthetic,Synthetic MVP development data; not broker/public observed freight quotes.,low,1.0
synth-00421,2015-01-01,Kalimantan,Kamarajar,R4,Coal,Supramax,140000,3.39,freight_usd_per_t,synthetic_monthly,synthetic_route_freight_rates.csv,,R4|2015-01-01,,2026-09-05,2015-01-01,2015-01-01,synthetic_route_freight_rates.csv,synthetic,Synthetic MVP development data; not broker/public observed freight quotes.,low,1.0
synth-00422,2015-02-01,Kalimantan,Kamarajar,R4,Coal,Supramax,140000,3.82,freight_usd_per_t,synthetic_monthly,synthetic_route_freight_rates.csv,,R4|2015-02-01,,2026-09-05,2015-02-01,2015-02-01,synthetic_route_freight_rates.csv,synthetic,Synthetic MVP development data; not broker/public observed freight quotes.,low,1.0
synth-00423,2015-03-01,Kalimantan,Kamarajar,R4,Coal,Supramax,140000,3.82,freight_usd_per_t,synthetic_monthly,synthetic_route_freight_rates.csv,,R4|2015-03-01,,2026-09-05,2015-03-01,2015-03-01,synthetic_route_freight_rates.csv,synthetic,Synthetic MVP development data; not broker/public observed freight quotes.,low,1.0
synth-00424,2015-04-01,Kalimantan,Kamarajar,R4,Coal,Supramax,140000,3.86,freight_usd_per_t,synthetic_monthly,synthetic_route_freight_rates.csv,,R4|2015-04-01,,2026-09-05,2015-04-01,2015-04-01,synthetic_route_freight_rates.csv,synthetic,Synthetic MVP development data; not broker/public observed freight quotes.,low,1.0
synth-00425,2015-05-01,Kalimantan,Kamarajar,R4,Coal,Supramax,140000,3.87,freight_usd_per_t,synthetic_monthly,synthetic_route_freight_rates.csv,,R4|2015-05-01,,2026-09-05,2015-05-01,2015-05-01,synthetic_route_freight_rates.csv,synthetic,Synthetic MVP development data; not broker/public observed freight quotes.,low,1.0
synth-00426,2015-06-01,Kalimantan,Kamarajar,R4,Coal,Supramax,140000,3.52,freight_usd_per_t,synthetic_monthly,synthetic_route_freight_rates.csv,,R4|2015-06-01,,2026-09-05,2015-06-01,2015-06-01,synthetic_route_freight_rates.csv,synthetic,Synthetic MVP development data; not broker/public observed freight quotes.,low,1.0
synth-00427,2015-07-01,Kalimantan,Kamarajar,R4,Coal,Supramax,140000,3.32,freight_usd_per_t,synthetic_monthly,synthetic_route_freight_rates.csv,,R4|2015-07-01,,2026-09-05,2015-07-01,2015-07-01,synthetic_route_freight_rates.csv,synthetic,Synthetic MVP development data; not broker/public observed freight quotes.,low,1.0
synth-00428,2015-08-01,Kalimantan,Kamarajar,R4,Coal,Supramax,140000,3.46,freight_usd_per_t,synthetic_monthly,synthetic_route_freight_rates.csv,,R4|2015-08-01,,2026-09-05,2015-08-01,2015-08-01,synthetic_route_freight_rates.csv,synthetic,Synthetic MVP development data; not broker/public observed freight quotes.,low,1.0
synth-00429,2015-09-01,Kalimantan,Kamarajar,R4,Coal,Supramax,140000,3.06,freight_usd_per_t,synthetic_monthly,synthetic_route_freight_rates.csv,,R4|2015-09-01,,2026-09-05,2015-09-01,2015-09-01,synthetic_route_freight_rates.csv,synthetic,Synthetic MVP development data; not broker/public observed freight quotes.,low,1.0
synth-00430,2015-10-01,Kalimantan,Kamarajar,R4,Coal,Supramax,140000,3.2,freight_usd_per_t,synthetic_monthly,synthetic_route_freight_rates.csv,,R4|2015-10-01,,2026-09-05,2015-10-01,2015-10-01,synthetic_route_freight_rates.csv,synthetic,Synthetic MVP development data; not broker/public observed freight quotes.,low,1.0
synth-00431,2015-11-01,Kalimantan,Kamarajar,R4,Coal,Supramax,140000,3.25,freight_usd_per_t,synthetic_monthly,synthetic_route_freight_rates.csv,,R4|2015-11-01,,2026-09-05,2015-11-01,2015-11-01,synthetic_route_freight_rates.csv,synthetic,Synthetic MVP development data; not broker/public observed freight quotes.,low,1.0
synth-00432,2015-12-01,Kalimantan,Kamarajar,R4,Coal,Supramax,140000,3.6,freight_usd_per_t,synthetic_monthly,synthetic_route_freight_rates.csv,,R4|2015-12-01,,2026-09-05,2015-12-01,2015-12-01,synthetic_route_freight_rates.csv,synthetic,Synthetic MVP development data; not broker/public observed freight quotes.,low,1.0
synth-00433,2016-01-01,Kalimantan,Kamarajar,R4,Coal,Supramax,140000,3.25,freight_usd_per_t,synthetic_monthly,synthetic_route_freight_rates.csv,,R4|2016-01-01,,2026-09-05,2016-01-01,2016-01-01,synthetic_route_freight_rates.csv,synthetic,Synthetic MVP development data; not broker/public observed freight quotes.,low,1.0
synth-00434,2016-02-01,Kalimantan,Kamarajar,R4,Coal,Supramax,140000,2.86,freight_usd_per_t,synthetic_monthly,synthetic_route_freight_rates.csv,,R4|2016-02-01,,2026-09-05,2016-02-01,2016-02-01,synthetic_route_freight_rates.csv,synthetic,Synthetic MVP development data; not broker/public observed freight quotes.,low,1.0
synth-00435,2016-03-01,Kalimantan,Kamarajar,R4,Coal,Supramax,140000,2.68,freight_usd_per_t,synthetic_monthly,synthetic_route_freight_rates.csv,,R4|2016-03-01,,2026-09-05,2016-03-01,2016-03-01,synthetic_route_freight_rates.csv,synthetic,Synthetic MVP development data; not broker/public observed freight quotes.,low,1.0
synth-00436,2016-04-01,Kalimantan,Kamarajar,R4,Coal,Supramax,140000,2.17,freight_usd_per_t,synthetic_monthly,synthetic_route_freight_rates.csv,,R4|2016-04-01,,2026-09-05,2016-04-01,2016-04-01,synthetic_route_freight_rates.csv,synthetic,Synthetic MVP development data; not broker/public observed freight quotes.,low,1.0
synth-00437,2016-05-01,Kalimantan,Kamarajar,R4,Coal,Supramax,140000,2.13,freight_usd_per_t,synthetic_monthly,synthetic_route_freight_rates.csv,,R4|2016-05-01,,2026-09-05,2016-05-01,2016-05-01,synthetic_route_freight_rates.csv,synthetic,Synthetic MVP development data; not broker/public observed freight quotes.,low,1.0
synth-00438,2016-06-01,Kalimantan,Kamarajar,R4,Coal,Supramax,140000,2.27,freight_usd_per_t,synthetic_monthly,synthetic_route_freight_rates.csv,,R4|2016-06-01,,2026-09-05,2016-06-01,2016-06-01,synthetic_route_freight_rates.csv,synthetic,Synthetic MVP development data; not broker/public observed freight quotes.,low,1.0
synth-00439,2016-07-01,Kalimantan,Kamarajar,R4,Coal,Supramax,140000,1.66,freight_usd_per_t,synthetic_monthly,synthetic_route_freight_rates.csv,,R4|2016-07-01,,2026-09-05,2016-07-01,2016-07-01,synthetic_route_freight_rates.csv,synthetic,Synthetic MVP development data; not broker/public observed freight quotes.,low,1.0
synth-00440,2016-08-01,Kalimantan,Kamarajar,R4,Coal,Supramax,140000,1.43,freight_usd_per_t,synthetic_monthly,synthetic_route_freight_rates.csv,,R4|2016-08-01,,2026-09-05,2016-08-01,2016-08-01,synthetic_route_freight_rates.csv,synthetic,Synthetic MVP development data; not broker/public observed freight quotes.,low,1.0
synth-00441,2016-09-01,Kalimantan,Kamarajar,R4,Coal,Supramax,140000,1.78,freight_usd_per_t,synthetic_monthly,synthetic_route_freight_rates.csv,,R4|2016-09-01,,2026-09-05,2016-09-01,2016-09-01,synthetic_route_freight_rates.csv,synthetic,Synthetic MVP development data; not broker/public observed freight quotes.,low,1.0
synth-00442,2016-10-01,Kalimantan,Kamarajar,R4,Coal,Supramax,140000,1.65,freight_usd_per_t,synthetic_monthly,synthetic_route_freight_rates.csv,,R4|2016-10-01,,2026-09-05,2016-10-01,2016-10-01,synthetic_route_freight_rates.csv,synthetic,Synthetic MVP development data; not broker/public observed freight quotes.,low,1.0
synth-00443,2016-11-01,Kalimantan,Kamarajar,R4,Coal,Supramax,140000,1.98,freight_usd_per_t,synthetic_monthly,synthetic_route_freight_rates.csv,,R4|2016-11-01,,2026-09-05,2016-11-01,2016-11-01,synthetic_route_freight_rates.csv,synthetic,Synthetic MVP development data; not broker/public observed freight quotes.,low,1.0
synth-00444,2016-12-01,Kalimantan,Kamarajar,R4,Coal,Supramax,140000,2.08,freight_usd_per_t,synthetic_monthly,synthetic_route_freight_rates.csv,,R4|2016-12-01,,2026-09-05,2016-12-01,2016-12-01,synthetic_route_freight_rates.csv,synthetic,Synthetic MVP development data; not broker/public observed freight quotes.,low,1.0
synth-00445,2017-01-01,Kalimantan,Kamarajar,R4,Coal,Supramax,140000,3.58,freight_usd_per_t,synthetic_monthly,synthetic_route_freight_rates.csv,,R4|2017-01-01,,2026-09-05,2017-01-01,2017-01-01,synthetic_route_freight_rates.csv,synthetic,Synthetic MVP development data; not broker/public observed freight quotes.,low,1.0
synth-00446,2017-02-01,Kalimantan,Kamarajar,R4,Coal,Supramax,140000,3.87,freight_usd_per_t,synthetic_monthly,synthetic_route_freight_rates.csv,,R4|2017-02-01,,2026-09-05,2017-02-01,2017-02-01,synthetic_route_freight_rates.csv,synthetic,Synthetic MVP development data; not broker/public observed freight quotes.,low,1.0
synth-00447,2017-03-01,Kalimantan,Kamarajar,R4,Coal,Supramax,140000,3.6,freight_usd_per_t,synthetic_monthly,synthetic_route_freight_rates.csv,,R4|2017-03-01,,2026-09-05,2017-03-01,2017-03-01,synthetic_route_freight_rates.csv,synthetic,Synthetic MVP development data; not broker/public observed freight quotes.,low,1.0
synth-00448,2017-04-01,Kalimantan,Kamarajar,R4,Coal,Supramax,140000,3.64,freight_usd_per_t,synthetic_monthly,synthetic_route_freight_rates.csv,,R4|2017-04-01,,2026-09-05,2017-04-01,2017-04-01,synthetic_route_freight_rates.csv,synthetic,Synthetic MVP development data; not broker/public observed freight quotes.,low,1.0
synth-00449,2017-05-01,Kalimantan,Kamarajar,R4,Coal,Supramax,140000,3.72,freight_usd_per_t,synthetic_monthly,synthetic_route_freight_rates.csv,,R4|2017-05-01,,2026-09-05,2017-05-01,2017-05-01,synthetic_route_freight_rates.csv,synthetic,Synthetic MVP development data; not broker/public observed freight quotes.,low,1.0
synth-00450,2017-06-01,Kalimantan,Kamarajar,R4,Coal,Supramax,140000,3.47,freight_usd_per_t,synthetic_monthly,synthetic_route_freight_rates.csv,,R4|2017-06-01,,2026-09-05,2017-06-01,2017-06-01,synthetic_route_freight_rates.csv,synthetic,Synthetic MVP development data; not broker/public observed freight quotes.,low,1.0
synth-00451,2017-07-01,Kalimantan,Kamarajar,R4,Coal,Supramax,140000,3.33,freight_usd_per_t,synthetic_monthly,synthetic_route_freight_rates.csv,,R4|2017-07-01,,2026-09-05,2017-07-01,2017-07-01,synthetic_route_freight_rates.csv,synthetic,Synthetic MVP development data; not broker/public observed freight quotes.,low,1.0
synth-00452,2017-08-01,Kalimantan,Kamarajar,R4,Coal,Supramax,140000,3.6,freight_usd_per_t,synthetic_monthly,synthetic_route_freight_rates.csv,,R4|2017-08-01,,2026-09-05,2017-08-01,2017-08-01,synthetic_route_freight_rates.csv,synthetic,Synthetic MVP development data; not broker/public observed freight quotes.,low,1.0
synth-00453,2017-09-01,Kalimantan,Kamarajar,R4,Coal,Supramax,140000,3.74,freight_usd_per_t,synthetic_monthly,synthetic_route_freight_rates.csv,,R4|2017-09-01,,2026-09-05,2017-09-01,2017-09-01,synthetic_route_freight_rates.csv,synthetic,Synthetic MVP development data; not broker/public observed freight quotes.,low,1.0
synth-00454,2017-10-01,Kalimantan,Kamarajar,R4,Coal,Supramax,140000,3.29,freight_usd_per_t,synthetic_monthly,synthetic_route_freight_rates.csv,,R4|2017-10-01,,2026-09-05,2017-10-01,2017-10-01,synthetic_route_freight_rates.csv,synthetic,Synthetic MVP development data; not broker/public observed freight quotes.,low,1.0
synth-00455,2017-11-01,Kalimantan,Kamarajar,R4,Coal,Supramax,140000,3.82,freight_usd_per_t,synthetic_monthly,synthetic_route_freight_rates.csv,,R4|2017-11-01,,2026-09-05,2017-11-01,2017-11-01,synthetic_route_freight_rates.csv,synthetic,Synthetic MVP development data; not broker/public observed freight quotes.,low,1.0
synth-00456,2017-12-01,Kalimantan,Kamarajar,R4,Coal,Supramax,140000,3.52,freight_usd_per_t,synthetic_monthly,synthetic_route_freight_rates.csv,,R4|2017-12-01,,2026-09-05,2017-12-01,2017-12-01,synthetic_route_freight_rates.csv,synthetic,Synthetic MVP development data; not broker/public observed freight quotes.,low,1.0
synth-00457,2018-01-01,Kalimantan,Kamarajar,R4,Coal,Supramax,140000,4.84,freight_usd_per_t,synthetic_monthly,synthetic_route_freight_rates.csv,,R4|2018-01-01,,2026-09-05,2018-01-01,2018-01-01,synthetic_route_freight_rates.csv,synthetic,Synthetic MVP development data; not broker/public observed freight quotes.,low,1.0
synth-00458,2018-02-01,Kalimantan,Kamarajar,R4,Coal,Supramax,140000,4.44,freight_usd_per_t,synthetic_monthly,synthetic_route_freight_rates.csv,,R4|2018-02-01,,2026-09-05,2018-02-01,2018-02-01,synthetic_route_freight_rates.csv,synthetic,Synthetic MVP development data; not broker/public observed freight quotes.,low,1.0
synth-00459,2018-03-01,Kalimantan,Kamarajar,R4,Coal,Supramax,140000,4.42,freight_usd_per_t,synthetic_monthly,synthetic_route_freight_rates.csv,,R4|2018-03-01,,2026-09-05,2018-03-01,2018-03-01,synthetic_route_freight_rates.csv,synthetic,Synthetic MVP development data; not broker/public observed freight quotes.,low,1.0
synth-00460,2018-04-01,Kalimantan,Kamarajar,R4,Coal,Supramax,140000,4.69,freight_usd_per_t,synthetic_monthly,synthetic_route_freight_rates.csv,,R4|2018-04-01,,2026-09-05,2018-04-01,2018-04-01,synthetic_route_freight_rates.csv,synthetic,Synthetic MVP development data; not broker/public observed freight quotes.,low,1.0
synth-00461,2018-05-01,Kalimantan,Kamarajar,R4,Coal,Supramax,140000,4.87,freight_usd_per_t,synthetic_monthly,synthetic_route_freight_rates.csv,,R4|2018-05-01,,2026-09-05,2018-05-01,2018-05-01,synthetic_route_freight_rates.csv,synthetic,Synthetic MVP development data; not broker/public observed freight quotes.,low,1.0
synth-00462,2018-06-01,Kalimantan,Kamarajar,R4,Coal,Supramax,140000,4.71,freight_usd_per_t,synthetic_monthly,synthetic_route_freight_rates.csv,,R4|2018-06-01,,2026-09-05,2018-06-01,2018-06-01,synthetic_route_freight_rates.csv,synthetic,Synthetic MVP development data; not broker/public observed freight quotes.,low,1.0
synth-00463,2018-07-01,Kalimantan,Kamarajar,R4,Coal,Supramax,140000,4.93,freight_usd_per_t,synthetic_monthly,synthetic_route_freight_rates.csv,,R4|2018-07-01,,2026-09-05,2018-07-01,2018-07-01,synthetic_route_freight_rates.csv,synthetic,Synthetic MVP development data; not broker/public observed freight quotes.,low,1.0
synth-00464,2018-08-01,Kalimantan,Kamarajar,R4,Coal,Supramax,140000,4.83,freight_usd_per_t,synthetic_monthly,synthetic_route_freight_rates.csv,,R4|2018-08-01,,2026-09-05,2018-08-01,2018-08-01,synthetic_route_freight_rates.csv,synthetic,Synthetic MVP development data; not broker/public observed freight quotes.,low,1.0
synth-00465,2018-09-01,Kalimantan,Kamarajar,R4,Coal,Supramax,140000,4.24,freight_usd_per_t,synthetic_monthly,synthetic_route_freight_rates.csv,,R4|2018-09-01,,2026-09-05,2018-09-01,2018-09-01,synthetic_route_freight_rates.csv,synthetic,Synthetic MVP development data; not broker/public observed freight quotes.,low,1.0
synth-00466,2018-10-01,Kalimantan,Kamarajar,R4,Coal,Supramax,140000,4.19,freight_usd_per_t,synthetic_monthly,synthetic_route_freight_rates.csv,,R4|2018-10-01,,2026-09-05,2018-10-01,2018-10-01,synthetic_route_freight_rates.csv,synthetic,Synthetic MVP development data; not broker/public observed freight quotes.,low,1.0
synth-00467,2018-11-01,Kalimantan,Kamarajar,R4,Coal,Supramax,140000,3.82,freight_usd_per_t,synthetic_monthly,synthetic_route_freight_rates.csv,,R4|2018-11-01,,2026-09-05,2018-11-01,2018-11-01,synthetic_route_freight_rates.csv,synthetic,Synthetic MVP development data; not broker/public observed freight quotes.,low,1.0
synth-00468,2018-12-01,Kalimantan,Kamarajar,R4,Coal,Supramax,140000,4.25,freight_usd_per_t,synthetic_monthly,synthetic_route_freight_rates.csv,,R4|2018-12-01,,2026-09-05,2018-12-01,2018-12-01,synthetic_route_freight_rates.csv,synthetic,Synthetic MVP development data; not broker/public observed freight quotes.,low,1.0
synth-00469,2019-01-01,Kalimantan,Kamarajar,R4,Coal,Supramax,140000,4.04,freight_usd_per_t,synthetic_monthly,synthetic_route_freight_rates.csv,,R4|2019-01-01,,2026-09-05,2019-01-01,2019-01-01,synthetic_route_freight_rates.csv,synthetic,Synthetic MVP development data; not broker/public observed freight quotes.,low,1.0
synth-00470,2019-02-01,Kalimantan,Kamarajar,R4,Coal,Supramax,140000,4.57,freight_usd_per_t,synthetic_monthly,synthetic_route_freight_rates.csv,,R4|2019-02-01,,2026-09-05,2019-02-01,2019-02-01,synthetic_route_freight_rates.csv,synthetic,Synthetic MVP development data; not broker/public observed freight quotes.,low,1.0
synth-00471,2019-03-01,Kalimantan,Kamarajar,R4,Coal,Supramax,140000,4.61,freight_usd_per_t,synthetic_monthly,synthetic_route_freight_rates.csv,,R4|2019-03-01,,2026-09-05,2019-03-01,2019-03-01,synthetic_route_freight_rates.csv,synthetic,Synthetic MVP development data; not broker/public observed freight quotes.,low,1.0
synth-00472,2019-04-01,Kalimantan,Kamarajar,R4,Coal,Supramax,140000,4.37,freight_usd_per_t,synthetic_monthly,synthetic_route_freight_rates.csv,,R4|2019-04-01,,2026-09-05,2019-04-01,2019-04-01,synthetic_route_freight_rates.csv,synthetic,Synthetic MVP development data; not broker/public observed freight quotes.,low,1.0
synth-00473,2019-05-01,Kalimantan,Kamarajar,R4,Coal,Supramax,140000,4.19,freight_usd_per_t,synthetic_monthly,synthetic_route_freight_rates.csv,,R4|2019-05-01,,2026-09-05,2019-05-01,2019-05-01,synthetic_route_freight_rates.csv,synthetic,Synthetic MVP development data; not broker/public observed freight quotes.,low,1.0
synth-00474,2019-06-01,Kalimantan,Kamarajar,R4,Coal,Supramax,140000,4.19,freight_usd_per_t,synthetic_monthly,synthetic_route_freight_rates.csv,,R4|2019-06-01,,2026-09-05,2019-06-01,2019-06-01,synthetic_route_freight_rates.csv,synthetic,Synthetic MVP development data; not broker/public observed freight quotes.,low,1.0
synth-00475,2019-07-01,Kalimantan,Kamarajar,R4,Coal,Supramax,140000,5.06,freight_usd_per_t,synthetic_monthly,synthetic_route_freight_rates.csv,,R4|2019-07-01,,2026-09-05,2019-07-01,2019-07-01,synthetic_route_freight_rates.csv,synthetic,Synthetic MVP development data; not broker/public observed freight quotes.,low,1.0
synth-00476,2019-08-01,Kalimantan,Kamarajar,R4,Coal,Supramax,140000,4.62,freight_usd_per_t,synthetic_monthly,synthetic_route_freight_rates.csv,,R4|2019-08-01,,2026-09-05,2019-08-01,2019-08-01,synthetic_route_freight_rates.csv,synthetic,Synthetic MVP development data; not broker/public observed freight quotes.,low,1.0
synth-00477,2019-09-01,Kalimantan,Kamarajar,R4,Coal,Supramax,140000,4.34,freight_usd_per_t,synthetic_monthly,synthetic_route_freight_rates.csv,,R4|2019-09-01,,2026-09-05,2019-09-01,2019-09-01,synthetic_route_freight_rates.csv,synthetic,Synthetic MVP development data; not broker/public observed freight quotes.,low,1.0
synth-00478,2019-10-01,Kalimantan,Kamarajar,R4,Coal,Supramax,140000,4.15,freight_usd_per_t,synthetic_monthly,synthetic_route_freight_rates.csv,,R4|2019-10-01,,2026-09-05,2019-10-01,2019-10-01,synthetic_route_freight_rates.csv,synthetic,Synthetic MVP development data; not broker/public observed freight quotes.,low,1.0
synth-00479,2019-11-01,Kalimantan,Kamarajar,R4,Coal,Supramax,140000,4.38,freight_usd_per_t,synthetic_monthly,synthetic_route_freight_rates.csv,,R4|2019-11-01,,2026-09-05,2019-11-01,2019-11-01,synthetic_route_freight_rates.csv,synthetic,Synthetic MVP development data; not broker/public observed freight quotes.,low,1.0
synth-00480,2019-12-01,Kalimantan,Kamarajar,R4,Coal,Supramax,140000,4.79,freight_usd_per_t,synthetic_monthly,synthetic_route_freight_rates.csv,,R4|2019-12-01,,2026-09-05,2019-12-01,2019-12-01,synthetic_route_freight_rates.csv,synthetic,Synthetic MVP development data; not broker/public observed freight quotes.,low,1.0
synth-00481,2020-01-01,Kalimantan,Kamarajar,R4,Coal,Supramax,140000,2.92,freight_usd_per_t,synthetic_monthly,synthetic_route_freight_rates.csv,,R4|2020-01-01,,2026-09-05,2020-01-01,2020-01-01,synthetic_route_freight_rates.csv,synthetic,Synthetic MVP development data; not broker/public observed freight quotes.,low,1.0
synth-00482,2020-02-01,Kalimantan,Kamarajar,R4,Coal,Supramax,140000,3.24,freight_usd_per_t,synthetic_monthly,synthetic_route_freight_rates.csv,,R4|2020-02-01,,2026-09-05,2020-02-01,2020-02-01,synthetic_route_freight_rates.csv,synthetic,Synthetic MVP development data; not broker/public observed freight quotes.,low,1.0
synth-00483,2020-03-01,Kalimantan,Kamarajar,R4,Coal,Supramax,140000,3.27,freight_usd_per_t,synthetic_monthly,synthetic_route_freight_rates.csv,,R4|2020-03-01,,2026-09-05,2020-03-01,2020-03-01,synthetic_route_freight_rates.csv,synthetic,Synthetic MVP development data; not broker/public observed freight quotes.,low,1.0
synth-00484,2020-04-01,Kalimantan,Kamarajar,R4,Coal,Supramax,140000,1.87,freight_usd_per_t,synthetic_monthly,synthetic_route_freight_rates.csv,,R4|2020-04-01,,2026-09-05,2020-04-01,2020-04-01,synthetic_route_freight_rates.csv,synthetic,Synthetic MVP development data; not broker/public observed freight quotes.,low,1.0
synth-00485,2020-05-01,Kalimantan,Kamarajar,R4,Coal,Supramax,140000,1.94,freight_usd_per_t,synthetic_monthly,synthetic_route_freight_rates.csv,,R4|2020-05-01,,2026-09-05,2020-05-01,2020-05-01,synthetic_route_freight_rates.csv,synthetic,Synthetic MVP development data; not broker/public observed freight quotes.,low,1.0
synth-00486,2020-06-01,Kalimantan,Kamarajar,R4,Coal,Supramax,140000,1.97,freight_usd_per_t,synthetic_monthly,synthetic_route_freight_rates.csv,,R4|2020-06-01,,2026-09-05,2020-06-01,2020-06-01,synthetic_route_freight_rates.csv,synthetic,Synthetic MVP development data; not broker/public observed freight quotes.,low,1.0
synth-00487,2020-07-01,Kalimantan,Kamarajar,R4,Coal,Supramax,140000,2.7,freight_usd_per_t,synthetic_monthly,synthetic_route_freight_rates.csv,,R4|2020-07-01,,2026-09-05,2020-07-01,2020-07-01,synthetic_route_freight_rates.csv,synthetic,Synthetic MVP development data; not broker/public observed freight quotes.,low,1.0
synth-00488,2020-08-01,Kalimantan,Kamarajar,R4,Coal,Supramax,140000,2.89,freight_usd_per_t,synthetic_monthly,synthetic_route_freight_rates.csv,,R4|2020-08-01,,2026-09-05,2020-08-01,2020-08-01,synthetic_route_freight_rates.csv,synthetic,Synthetic MVP development data; not broker/public observed freight quotes.,low,1.0
synth-00489,2020-09-01,Kalimantan,Kamarajar,R4,Coal,Supramax,140000,2.91,freight_usd_per_t,synthetic_monthly,synthetic_route_freight_rates.csv,,R4|2020-09-01,,2026-09-05,2020-09-01,2020-09-01,synthetic_route_freight_rates.csv,synthetic,Synthetic MVP development data; not broker/public observed freight quotes.,low,1.0
synth-00490,2020-10-01,Kalimantan,Kamarajar,R4,Coal,Supramax,140000,2.72,freight_usd_per_t,synthetic_monthly,synthetic_route_freight_rates.csv,,R4|2020-10-01,,2026-09-05,2020-10-01,2020-10-01,synthetic_route_freight_rates.csv,synthetic,Synthetic MVP development data; not broker/public observed freight quotes.,low,1.0
synth-00491,2020-11-01,Kalimantan,Kamarajar,R4,Coal,Supramax,140000,2.57,freight_usd_per_t,synthetic_monthly,synthetic_route_freight_rates.csv,,R4|2020-11-01,,2026-09-05,2020-11-01,2020-11-01,synthetic_route_freight_rates.csv,synthetic,Synthetic MVP development data; not broker/public observed freight quotes.,low,1.0
synth-00492,2020-12-01,Kalimantan,Kamarajar,R4,Coal,Supramax,140000,3.62,freight_usd_per_t,synthetic_monthly,synthetic_route_freight_rates.csv,,R4|2020-12-01,,2026-09-05,2020-12-01,2020-12-01,synthetic_route_freight_rates.csv,synthetic,Synthetic MVP development data; not broker/public observed freight quotes.,low,1.0
synth-00493,2021-01-01,Kalimantan,Kamarajar,R4,Coal,Supramax,140000,10.72,freight_usd_per_t,synthetic_monthly,synthetic_route_freight_rates.csv,,R4|2021-01-01,,2026-09-05,2021-01-01,2021-01-01,synthetic_route_freight_rates.csv,synthetic,Synthetic MVP development data; not broker/public observed freight quotes.,low,1.0
synth-00494,2021-02-01,Kalimantan,Kamarajar,R4,Coal,Supramax,140000,11.03,freight_usd_per_t,synthetic_monthly,synthetic_route_freight_rates.csv,,R4|2021-02-01,,2026-09-05,2021-02-01,2021-02-01,synthetic_route_freight_rates.csv,synthetic,Synthetic MVP development data; not broker/public observed freight quotes.,low,1.0
synth-00495,2021-03-01,Kalimantan,Kamarajar,R4,Coal,Supramax,140000,10.13,freight_usd_per_t,synthetic_monthly,synthetic_route_freight_rates.csv,,R4|2021-03-01,,2026-09-05,2021-03-01,2021-03-01,synthetic_route_freight_rates.csv,synthetic,Synthetic MVP development data; not broker/public observed freight quotes.,low,1.0
synth-00496,2021-04-01,Kalimantan,Kamarajar,R4,Coal,Supramax,140000,9.89,freight_usd_per_t,synthetic_monthly,synthetic_route_freight_rates.csv,,R4|2021-04-01,,2026-09-05,2021-04-01,2021-04-01,synthetic_route_freight_rates.csv,synthetic,Synthetic MVP development data; not broker/public observed freight quotes.,low,1.0
synth-00497,2021-05-01,Kalimantan,Kamarajar,R4,Coal,Supramax,140000,11.05,freight_usd_per_t,synthetic_monthly,synthetic_route_freight_rates.csv,,R4|2021-05-01,,2026-09-05,2021-05-01,2021-05-01,synthetic_route_freight_rates.csv,synthetic,Synthetic MVP development data; not broker/public observed freight quotes.,low,1.0
synth-00498,2021-06-01,Kalimantan,Kamarajar,R4,Coal,Supramax,140000,11.16,freight_usd_per_t,synthetic_monthly,synthetic_route_freight_rates.csv,,R4|2021-06-01,,2026-09-05,2021-06-01,2021-06-01,synthetic_route_freight_rates.csv,synthetic,Synthetic MVP development data; not broker/public observed freight quotes.,low,1.0
synth-00499,2021-07-01,Kalimantan,Kamarajar,R4,Coal,Supramax,140000,10.18,freight_usd_per_t,synthetic_monthly,synthetic_route_freight_rates.csv,,R4|2021-07-01,,2026-09-05,2021-07-01,2021-07-01,synthetic_route_freight_rates.csv,synthetic,Synthetic MVP development data; not broker/public observed freight quotes.,low,1.0
synth-00500,2021-08-01,Kalimantan,Kamarajar,R4,Coal,Supramax,140000,9.54,freight_usd_per_t,synthetic_monthly,synthetic_route_freight_rates.csv,,R4|2021-08-01,,2026-09-05,2021-08-01,2021-08-01,synthetic_route_freight_rates.csv,synthetic,Synthetic MVP development data; not broker/public observed freight quotes.,low,1.0
synth-00501,2021-09-01,Kalimantan,Kamarajar,R4,Coal,Supramax,140000,12.43,freight_usd_per_t,synthetic_monthly,synthetic_route_freight_rates.csv,,R4|2021-09-01,,2026-09-05,2021-09-01,2021-09-01,synthetic_route_freight_rates.csv,synthetic,Synthetic MVP development data; not broker/public observed freight quotes.,low,1.0
synth-00502,2021-10-01,Kalimantan,Kamarajar,R4,Coal,Supramax,140000,12.91,freight_usd_per_t,synthetic_monthly,synthetic_route_freight_rates.csv,,R4|2021-10-01,,2026-09-05,2021-10-01,2021-10-01,synthetic_route_freight_rates.csv,synthetic,Synthetic MVP development data; not broker/public observed freight quotes.,low,1.0
synth-00503,2021-11-01,Kalimantan,Kamarajar,R4,Coal,Supramax,140000,12.4,freight_usd_per_t,synthetic_monthly,synthetic_route_freight_rates.csv,,R4|2021-11-01,,2026-09-05,2021-11-01,2021-11-01,synthetic_route_freight_rates.csv,synthetic,Synthetic MVP development data; not broker/public observed freight quotes.,low,1.0
synth-00504,2021-12-01,Kalimantan,Kamarajar,R4,Coal,Supramax,140000,9.38,freight_usd_per_t,synthetic_monthly,synthetic_route_freight_rates.csv,,R4|2021-12-01,,2026-09-05,2021-12-01,2021-12-01,synthetic_route_freight_rates.csv,synthetic,Synthetic MVP development data; not broker/public observed freight quotes.,low,1.0
synth-00505,2022-01-01,Kalimantan,Kamarajar,R4,Coal,Supramax,140000,8.21,freight_usd_per_t,synthetic_monthly,synthetic_route_freight_rates.csv,,R4|2022-01-01,,2026-09-05,2022-01-01,2022-01-01,synthetic_route_freight_rates.csv,synthetic,Synthetic MVP development data; not broker/public observed freight quotes.,low,1.0
synth-00506,2022-02-01,Kalimantan,Kamarajar,R4,Coal,Supramax,140000,8.27,freight_usd_per_t,synthetic_monthly,synthetic_route_freight_rates.csv,,R4|2022-02-01,,2026-09-05,2022-02-01,2022-02-01,synthetic_route_freight_rates.csv,synthetic,Synthetic MVP development data; not broker/public observed freight quotes.,low,1.0
synth-00507,2022-03-01,Kalimantan,Kamarajar,R4,Coal,Supramax,140000,7.5,freight_usd_per_t,synthetic_monthly,synthetic_route_freight_rates.csv,,R4|2022-03-01,,2026-09-05,2022-03-01,2022-03-01,synthetic_route_freight_rates.csv,synthetic,Synthetic MVP development data; not broker/public observed freight quotes.,low,1.0
synth-00508,2022-04-01,Kalimantan,Kamarajar,R4,Coal,Supramax,140000,8.66,freight_usd_per_t,synthetic_monthly,synthetic_route_freight_rates.csv,,R4|2022-04-01,,2026-09-05,2022-04-01,2022-04-01,synthetic_route_freight_rates.csv,synthetic,Synthetic MVP development data; not broker/public observed freight quotes.,low,1.0
synth-00509,2022-05-01,Kalimantan,Kamarajar,R4,Coal,Supramax,140000,8.3,freight_usd_per_t,synthetic_monthly,synthetic_route_freight_rates.csv,,R4|2022-05-01,,2026-09-05,2022-05-01,2022-05-01,synthetic_route_freight_rates.csv,synthetic,Synthetic MVP development data; not broker/public observed freight quotes.,low,1.0
synth-00510,2022-06-01,Kalimantan,Kamarajar,R4,Coal,Supramax,140000,9.27,freight_usd_per_t,synthetic_monthly,synthetic_route_freight_rates.csv,,R4|2022-06-01,,2026-09-05,2022-06-01,2022-06-01,synthetic_route_freight_rates.csv,synthetic,Synthetic MVP development data; not broker/public observed freight quotes.,low,1.0
synth-00511,2022-07-01,Kalimantan,Kamarajar,R4,Coal,Supramax,140000,9.54,freight_usd_per_t,synthetic_monthly,synthetic_route_freight_rates.csv,,R4|2022-07-01,,2026-09-05,2022-07-01,2022-07-01,synthetic_route_freight_rates.csv,synthetic,Synthetic MVP development data; not broker/public observed freight quotes.,low,1.0
synth-00512,2022-08-01,Kalimantan,Kamarajar,R4,Coal,Supramax,140000,9.28,freight_usd_per_t,synthetic_monthly,synthetic_route_freight_rates.csv,,R4|2022-08-01,,2026-09-05,2022-08-01,2022-08-01,synthetic_route_freight_rates.csv,synthetic,Synthetic MVP development data; not broker/public observed freight quotes.,low,1.0
synth-00513,2022-09-01,Kalimantan,Kamarajar,R4,Coal,Supramax,140000,8.41,freight_usd_per_t,synthetic_monthly,synthetic_route_freight_rates.csv,,R4|2022-09-01,,2026-09-05,2022-09-01,2022-09-01,synthetic_route_freight_rates.csv,synthetic,Synthetic MVP development data; not broker/public observed freight quotes.,low,1.0
synth-00514,2022-10-01,Kalimantan,Kamarajar,R4,Coal,Supramax,140000,7.43,freight_usd_per_t,synthetic_monthly,synthetic_route_freight_rates.csv,,R4|2022-10-01,,2026-09-05,2022-10-01,2022-10-01,synthetic_route_freight_rates.csv,synthetic,Synthetic MVP development data; not broker/public observed freight quotes.,low,1.0
synth-00515,2022-11-01,Kalimantan,Kamarajar,R4,Coal,Supramax,140000,8.97,freight_usd_per_t,synthetic_monthly,synthetic_route_freight_rates.csv,,R4|2022-11-01,,2026-09-05,2022-11-01,2022-11-01,synthetic_route_freight_rates.csv,synthetic,Synthetic MVP development data; not broker/public observed freight quotes.,low,1.0
synth-00516,2022-12-01,Kalimantan,Kamarajar,R4,Coal,Supramax,140000,7.87,freight_usd_per_t,synthetic_monthly,synthetic_route_freight_rates.csv,,R4|2022-12-01,,2026-09-05,2022-12-01,2022-12-01,synthetic_route_freight_rates.csv,synthetic,Synthetic MVP development data; not broker/public observed freight quotes.,low,1.0
synth-00517,2023-01-01,Kalimantan,Kamarajar,R4,Coal,Supramax,140000,5.78,freight_usd_per_t,synthetic_monthly,synthetic_route_freight_rates.csv,,R4|2023-01-01,,2026-09-05,2023-01-01,2023-01-01,synthetic_route_freight_rates.csv,synthetic,Synthetic MVP development data; not broker/public observed freight quotes.,low,1.0
synth-00518,2023-02-01,Kalimantan,Kamarajar,R4,Coal,Supramax,140000,6.03,freight_usd_per_t,synthetic_monthly,synthetic_route_freight_rates.csv,,R4|2023-02-01,,2026-09-05,2023-02-01,2023-02-01,synthetic_route_freight_rates.csv,synthetic,Synthetic MVP development data; not broker/public observed freight quotes.,low,1.0
synth-00519,2023-03-01,Kalimantan,Kamarajar,R4,Coal,Supramax,140000,6.18,freight_usd_per_t,synthetic_monthly,synthetic_route_freight_rates.csv,,R4|2023-03-01,,2026-09-05,2023-03-01,2023-03-01,synthetic_route_freight_rates.csv,synthetic,Synthetic MVP development data; not broker/public observed freight quotes.,low,1.0
synth-00520,2023-04-01,Kalimantan,Kamarajar,R4,Coal,Supramax,140000,5.98,freight_usd_per_t,synthetic_monthly,synthetic_route_freight_rates.csv,,R4|2023-04-01,,2026-09-05,2023-04-01,2023-04-01,synthetic_route_freight_rates.csv,synthetic,Synthetic MVP development data; not broker/public observed freight quotes.,low,1.0
synth-00521,2023-05-01,Kalimantan,Kamarajar,R4,Coal,Supramax,140000,5.4,freight_usd_per_t,synthetic_monthly,synthetic_route_freight_rates.csv,,R4|2023-05-01,,2026-09-05,2023-05-01,2023-05-01,synthetic_route_freight_rates.csv,synthetic,Synthetic MVP development data; not broker/public observed freight quotes.,low,1.0
synth-00522,2023-06-01,Kalimantan,Kamarajar,R4,Coal,Supramax,140000,5.56,freight_usd_per_t,synthetic_monthly,synthetic_route_freight_rates.csv,,R4|2023-06-01,,2026-09-05,2023-06-01,2023-06-01,synthetic_route_freight_rates.csv,synthetic,Synthetic MVP development data; not broker/public observed freight quotes.,low,1.0
synth-00523,2023-07-01,Kalimantan,Kamarajar,R4,Coal,Supramax,140000,5.44,freight_usd_per_t,synthetic_monthly,synthetic_route_freight_rates.csv,,R4|2023-07-01,,2026-09-05,2023-07-01,2023-07-01,synthetic_route_freight_rates.csv,synthetic,Synthetic MVP development data; not broker/public observed freight quotes.,low,1.0
synth-00524,2023-08-01,Kalimantan,Kamarajar,R4,Coal,Supramax,140000,5.0,freight_usd_per_t,synthetic_monthly,synthetic_route_freight_rates.csv,,R4|2023-08-01,,2026-09-05,2023-08-01,2023-08-01,synthetic_route_freight_rates.csv,synthetic,Synthetic MVP development data; not broker/public observed freight quotes.,low,1.0
synth-00525,2023-09-01,Kalimantan,Kamarajar,R4,Coal,Supramax,140000,4.93,freight_usd_per_t,synthetic_monthly,synthetic_route_freight_rates.csv,,R4|2023-09-01,,2026-09-05,2023-09-01,2023-09-01,synthetic_route_freight_rates.csv,synthetic,Synthetic MVP development data; not broker/public observed freight quotes.,low,1.0
synth-00526,2023-10-01,Kalimantan,Kamarajar,R4,Coal,Supramax,140000,4.98,freight_usd_per_t,synthetic_monthly,synthetic_route_freight_rates.csv,,R4|2023-10-01,,2026-09-05,2023-10-01,2023-10-01,synthetic_route_freight_rates.csv,synthetic,Synthetic MVP development data; not broker/public observed freight quotes.,low,1.0
synth-00527,2023-11-01,Kalimantan,Kamarajar,R4,Coal,Supramax,140000,5.52,freight_usd_per_t,synthetic_monthly,synthetic_route_freight_rates.csv,,R4|2023-11-01,,2026-09-05,2023-11-01,2023-11-01,synthetic_route_freight_rates.csv,synthetic,Synthetic MVP development data; not broker/public observed freight quotes.,low,1.0
synth-00528,2023-12-01,Kalimantan,Kamarajar,R4,Coal,Supramax,140000,6.3,freight_usd_per_t,synthetic_monthly,synthetic_route_freight_rates.csv,,R4|2023-12-01,,2026-09-05,2023-12-01,2023-12-01,synthetic_route_freight_rates.csv,synthetic,Synthetic MVP development data; not broker/public observed freight quotes.,low,1.0
synth-00529,2024-01-01,Kalimantan,Kamarajar,R4,Coal,Supramax,140000,4.94,freight_usd_per_t,synthetic_monthly,synthetic_route_freight_rates.csv,,R4|2024-01-01,,2026-09-05,2024-01-01,2024-01-01,synthetic_route_freight_rates.csv,synthetic,Synthetic MVP development data; not broker/public observed freight quotes.,low,1.0
synth-00530,2024-02-01,Kalimantan,Kamarajar,R4,Coal,Supramax,140000,6.15,freight_usd_per_t,synthetic_monthly,synthetic_route_freight_rates.csv,,R4|2024-02-01,,2026-09-05,2024-02-01,2024-02-01,synthetic_route_freight_rates.csv,synthetic,Synthetic MVP development data; not broker/public observed freight quotes.,low,1.0
synth-00531,2024-03-01,Kalimantan,Kamarajar,R4,Coal,Supramax,140000,5.8,freight_usd_per_t,synthetic_monthly,synthetic_route_freight_rates.csv,,R4|2024-03-01,,2026-09-05,2024-03-01,2024-03-01,synthetic_route_freight_rates.csv,synthetic,Synthetic MVP development data; not broker/public observed freight quotes.,low,1.0
synth-00532,2024-04-01,Kalimantan,Kamarajar,R4,Coal,Supramax,140000,4.87,freight_usd_per_t,synthetic_monthly,synthetic_route_freight_rates.csv,,R4|2024-04-01,,2026-09-05,2024-04-01,2024-04-01,synthetic_route_freight_rates.csv,synthetic,Synthetic MVP development data; not broker/public observed freight quotes.,low,1.0
synth-00533,2024-05-01,Kalimantan,Kamarajar,R4,Coal,Supramax,140000,5.22,freight_usd_per_t,synthetic_monthly,synthetic_route_freight_rates.csv,,R4|2024-05-01,,2026-09-05,2024-05-01,2024-05-01,synthetic_route_freight_rates.csv,synthetic,Synthetic MVP development data; not broker/public observed freight quotes.,low,1.0
synth-00534,2024-06-01,Kalimantan,Kamarajar,R4,Coal,Supramax,140000,6.01,freight_usd_per_t,synthetic_monthly,synthetic_route_freight_rates.csv,,R4|2024-06-01,,2026-09-05,2024-06-01,2024-06-01,synthetic_route_freight_rates.csv,synthetic,Synthetic MVP development data; not broker/public observed freight quotes.,low,1.0
synth-00535,2024-07-01,Kalimantan,Kamarajar,R4,Coal,Supramax,140000,5.4,freight_usd_per_t,synthetic_monthly,synthetic_route_freight_rates.csv,,R4|2024-07-01,,2026-09-05,2024-07-01,2024-07-01,synthetic_route_freight_rates.csv,synthetic,Synthetic MVP development data; not broker/public observed freight quotes.,low,1.0
synth-00536,2024-08-01,Kalimantan,Kamarajar,R4,Coal,Supramax,140000,5.46,freight_usd_per_t,synthetic_monthly,synthetic_route_freight_rates.csv,,R4|2024-08-01,,2026-09-05,2024-08-01,2024-08-01,synthetic_route_freight_rates.csv,synthetic,Synthetic MVP development data; not broker/public observed freight quotes.,low,1.0
synth-00537,2024-09-01,Kalimantan,Kamarajar,R4,Coal,Supramax,140000,5.27,freight_usd_per_t,synthetic_monthly,synthetic_route_freight_rates.csv,,R4|2024-09-01,,2026-09-05,2024-09-01,2024-09-01,synthetic_route_freight_rates.csv,synthetic,Synthetic MVP development data; not broker/public observed freight quotes.,low,1.0
synth-00538,2024-10-01,Kalimantan,Kamarajar,R4,Coal,Supramax,140000,5.38,freight_usd_per_t,synthetic_monthly,synthetic_route_freight_rates.csv,,R4|2024-10-01,,2026-09-05,2024-10-01,2024-10-01,synthetic_route_freight_rates.csv,synthetic,Synthetic MVP development data; not broker/public observed freight quotes.,low,1.0
synth-00539,2024-11-01,Kalimantan,Kamarajar,R4,Coal,Supramax,140000,5.62,freight_usd_per_t,synthetic_monthly,synthetic_route_freight_rates.csv,,R4|2024-11-01,,2026-09-05,2024-11-01,2024-11-01,synthetic_route_freight_rates.csv,synthetic,Synthetic MVP development data; not broker/public observed freight quotes.,low,1.0
synth-00540,2024-12-01,Kalimantan,Kamarajar,R4,Coal,Supramax,140000,6.11,freight_usd_per_t,synthetic_monthly,synthetic_route_freight_rates.csv,,R4|2024-12-01,,2026-09-05,2024-12-01,2024-12-01,synthetic_route_freight_rates.csv,synthetic,Synthetic MVP development data; not broker/public observed freight quotes.,low,1.0
synth-00541,2025-01-01,Kalimantan,Kamarajar,R4,Coal,Supramax,140000,5.87,freight_usd_per_t,synthetic_monthly,synthetic_route_freight_rates.csv,,R4|2025-01-01,,2026-09-05,2025-01-01,2025-01-01,synthetic_route_freight_rates.csv,synthetic,Synthetic MVP development data; not broker/public observed freight quotes.,low,1.0
synth-00542,2025-02-01,Kalimantan,Kamarajar,R4,Coal,Supramax,140000,5.26,freight_usd_per_t,synthetic_monthly,synthetic_route_freight_rates.csv,,R4|2025-02-01,,2026-09-05,2025-02-01,2025-02-01,synthetic_route_freight_rates.csv,synthetic,Synthetic MVP development data; not broker/public observed freight quotes.,low,1.0
synth-00543,2025-03-01,Kalimantan,Kamarajar,R4,Coal,Supramax,140000,5.77,freight_usd_per_t,synthetic_monthly,synthetic_route_freight_rates.csv,,R4|2025-03-01,,2026-09-05,2025-03-01,2025-03-01,synthetic_route_freight_rates.csv,synthetic,Synthetic MVP development data; not broker/public observed freight quotes.,low,1.0
synth-00544,2025-04-01,Kalimantan,Kamarajar,R4,Coal,Supramax,140000,5.63,freight_usd_per_t,synthetic_monthly,synthetic_route_freight_rates.csv,,R4|2025-04-01,,2026-09-05,2025-04-01,2025-04-01,synthetic_route_freight_rates.csv,synthetic,Synthetic MVP development data; not broker/public observed freight quotes.,low,1.0
synth-00545,2025-05-01,Kalimantan,Kamarajar,R4,Coal,Supramax,140000,5.12,freight_usd_per_t,synthetic_monthly,synthetic_route_freight_rates.csv,,R4|2025-05-01,,2026-09-05,2025-05-01,2025-05-01,synthetic_route_freight_rates.csv,synthetic,Synthetic MVP development data; not broker/public observed freight quotes.,low,1.0
synth-00546,2025-06-01,Kalimantan,Kamarajar,R4,Coal,Supramax,140000,6.37,freight_usd_per_t,synthetic_monthly,synthetic_route_freight_rates.csv,,R4|2025-06-01,,2026-09-05,2025-06-01,2025-06-01,synthetic_route_freight_rates.csv,synthetic,Synthetic MVP development data; not broker/public observed freight quotes.,low,1.0
synth-00547,2025-07-01,Kalimantan,Kamarajar,R4,Coal,Supramax,140000,5.52,freight_usd_per_t,synthetic_monthly,synthetic_route_freight_rates.csv,,R4|2025-07-01,,2026-09-05,2025-07-01,2025-07-01,synthetic_route_freight_rates.csv,synthetic,Synthetic MVP development data; not broker/public observed freight quotes.,low,1.0
synth-00548,2025-08-01,Kalimantan,Kamarajar,R4,Coal,Supramax,140000,5.12,freight_usd_per_t,synthetic_monthly,synthetic_route_freight_rates.csv,,R4|2025-08-01,,2026-09-05,2025-08-01,2025-08-01,synthetic_route_freight_rates.csv,synthetic,Synthetic MVP development data; not broker/public observed freight quotes.,low,1.0
synth-00549,2025-09-01,Kalimantan,Kamarajar,R4,Coal,Supramax,140000,5.33,freight_usd_per_t,synthetic_monthly,synthetic_route_freight_rates.csv,,R4|2025-09-01,,2026-09-05,2025-09-01,2025-09-01,synthetic_route_freight_rates.csv,synthetic,Synthetic MVP development data; not broker/public observed freight quotes.,low,1.0
synth-00550,2025-10-01,Kalimantan,Kamarajar,R4,Coal,Supramax,140000,4.79,freight_usd_per_t,synthetic_monthly,synthetic_route_freight_rates.csv,,R4|2025-10-01,,2026-09-05,2025-10-01,2025-10-01,synthetic_route_freight_rates.csv,synthetic,Synthetic MVP development data; not broker/public observed freight quotes.,low,1.0
synth-00551,2025-11-01,Kalimantan,Kamarajar,R4,Coal,Supramax,140000,4.41,freight_usd_per_t,synthetic_monthly,synthetic_route_freight_rates.csv,,R4|2025-11-01,,2026-09-05,2025-11-01,2025-11-01,synthetic_route_freight_rates.csv,synthetic,Synthetic MVP development data; not broker/public observed freight quotes.,low,1.0
synth-00552,2025-12-01,Kalimantan,Kamarajar,R4,Coal,Supramax,140000,5.03,freight_usd_per_t,synthetic_monthly,synthetic_route_freight_rates.csv,,R4|2025-12-01,,2026-09-05,2025-12-01,2025-12-01,synthetic_route_freight_rates.csv,synthetic,Synthetic MVP development data; not broker/public observed freight quotes.,low,1.0
synth-00553,2026-01-01,Kalimantan,Kamarajar,R4,Coal,Supramax,140000,4.22,freight_usd_per_t,synthetic_monthly,synthetic_route_freight_rates.csv,,R4|2026-01-01,,2026-09-05,2026-01-01,2026-01-01,synthetic_route_freight_rates.csv,synthetic,Synthetic MVP development data; not broker/public observed freight quotes.,low,1.0
synth-00554,2026-02-01,Kalimantan,Kamarajar,R4,Coal,Supramax,140000,4.92,freight_usd_per_t,synthetic_monthly,synthetic_route_freight_rates.csv,,R4|2026-02-01,,2026-09-05,2026-02-01,2026-02-01,synthetic_route_freight_rates.csv,synthetic,Synthetic MVP development data; not broker/public observed freight quotes.,low,1.0
synth-00555,2026-03-01,Kalimantan,Kamarajar,R4,Coal,Supramax,140000,4.79,freight_usd_per_t,synthetic_monthly,synthetic_route_freight_rates.csv,,R4|2026-03-01,,2026-09-05,2026-03-01,2026-03-01,synthetic_route_freight_rates.csv,synthetic,Synthetic MVP development data; not broker/public observed freight quotes.,low,1.0
synth-00556,2026-04-01,Kalimantan,Kamarajar,R4,Coal,Supramax,140000,4.91,freight_usd_per_t,synthetic_monthly,synthetic_route_freight_rates.csv,,R4|2026-04-01,,2026-09-05,2026-04-01,2026-04-01,synthetic_route_freight_rates.csv,synthetic,Synthetic MVP development data; not broker/public observed freight quotes.,low,1.0
synth-00557,2026-05-01,Kalimantan,Kamarajar,R4,Coal,Supramax,140000,4.73,freight_usd_per_t,synthetic_monthly,synthetic_route_freight_rates.csv,,R4|2026-05-01,,2026-09-05,2026-05-01,2026-05-01,synthetic_route_freight_rates.csv,synthetic,Synthetic MVP development data; not broker/public observed freight quotes.,low,1.0
synth-00558,2026-06-01,Kalimantan,Kamarajar,R4,Coal,Supramax,140000,4.43,freight_usd_per_t,synthetic_monthly,synthetic_route_freight_rates.csv,,R4|2026-06-01,,2026-09-05,2026-06-01,2026-06-01,synthetic_route_freight_rates.csv,synthetic,Synthetic MVP development data; not broker/public observed freight quotes.,low,1.0
synth-00559,2026-07-01,Kalimantan,Kamarajar,R4,Coal,Supramax,140000,4.93,freight_usd_per_t,synthetic_monthly,synthetic_route_freight_rates.csv,,R4|2026-07-01,,2026-09-05,2026-07-01,2026-07-01,synthetic_route_freight_rates.csv,synthetic,Synthetic MVP development data; not broker/public observed freight quotes.,low,1.0
synth-00560,2026-08-01,Kalimantan,Kamarajar,R4,Coal,Supramax,140000,4.2,freight_usd_per_t,synthetic_monthly,synthetic_route_freight_rates.csv,,R4|2026-08-01,,2026-09-05,2026-08-01,2026-08-01,synthetic_route_freight_rates.csv,synthetic,Synthetic MVP development data; not broker/public observed freight quotes.,low,1.0
synth-00561,2015-01-01,Port Hedland,Chennai,R5,Iron Ore,Capesize,140000,7.37,freight_usd_per_t,synthetic_monthly,synthetic_route_freight_rates.csv,,R5|2015-01-01,,2026-09-05,2015-01-01,2015-01-01,synthetic_route_freight_rates.csv,synthetic,Synthetic MVP development data; not broker/public observed freight quotes.,low,1.0
synth-00562,2015-02-01,Port Hedland,Chennai,R5,Iron Ore,Capesize,140000,8.25,freight_usd_per_t,synthetic_monthly,synthetic_route_freight_rates.csv,,R5|2015-02-01,,2026-09-05,2015-02-01,2015-02-01,synthetic_route_freight_rates.csv,synthetic,Synthetic MVP development data; not broker/public observed freight quotes.,low,1.0
synth-00563,2015-03-01,Port Hedland,Chennai,R5,Iron Ore,Capesize,140000,8.0,freight_usd_per_t,synthetic_monthly,synthetic_route_freight_rates.csv,,R5|2015-03-01,,2026-09-05,2015-03-01,2015-03-01,synthetic_route_freight_rates.csv,synthetic,Synthetic MVP development data; not broker/public observed freight quotes.,low,1.0
synth-00564,2015-04-01,Port Hedland,Chennai,R5,Iron Ore,Capesize,140000,8.26,freight_usd_per_t,synthetic_monthly,synthetic_route_freight_rates.csv,,R5|2015-04-01,,2026-09-05,2015-04-01,2015-04-01,synthetic_route_freight_rates.csv,synthetic,Synthetic MVP development data; not broker/public observed freight quotes.,low,1.0
synth-00565,2015-05-01,Port Hedland,Chennai,R5,Iron Ore,Capesize,140000,7.63,freight_usd_per_t,synthetic_monthly,synthetic_route_freight_rates.csv,,R5|2015-05-01,,2026-09-05,2015-05-01,2015-05-01,synthetic_route_freight_rates.csv,synthetic,Synthetic MVP development data; not broker/public observed freight quotes.,low,1.0
synth-00566,2015-06-01,Port Hedland,Chennai,R5,Iron Ore,Capesize,140000,8.4,freight_usd_per_t,synthetic_monthly,synthetic_route_freight_rates.csv,,R5|2015-06-01,,2026-09-05,2015-06-01,2015-06-01,synthetic_route_freight_rates.csv,synthetic,Synthetic MVP development data; not broker/public observed freight quotes.,low,1.0
synth-00567,2015-07-01,Port Hedland,Chennai,R5,Iron Ore,Capesize,140000,7.85,freight_usd_per_t,synthetic_monthly,synthetic_route_freight_rates.csv,,R5|2015-07-01,,2026-09-05,2015-07-01,2015-07-01,synthetic_route_freight_rates.csv,synthetic,Synthetic MVP development data; not broker/public observed freight quotes.,low,1.0
synth-00568,2015-08-01,Port Hedland,Chennai,R5,Iron Ore,Capesize,140000,8.97,freight_usd_per_t,synthetic_monthly,synthetic_route_freight_rates.csv,,R5|2015-08-01,,2026-09-05,2015-08-01,2015-08-01,synthetic_route_freight_rates.csv,synthetic,Synthetic MVP development data; not broker/public observed freight quotes.,low,1.0
synth-00569,2015-09-01,Port Hedland,Chennai,R5,Iron Ore,Capesize,140000,6.86,freight_usd_per_t,synthetic_monthly,synthetic_route_freight_rates.csv,,R5|2015-09-01,,2026-09-05,2015-09-01,2015-09-01,synthetic_route_freight_rates.csv,synthetic,Synthetic MVP development data; not broker/public observed freight quotes.,low,1.0
synth-00570,2015-10-01,Port Hedland,Chennai,R5,Iron Ore,Capesize,140000,8.0,freight_usd_per_t,synthetic_monthly,synthetic_route_freight_rates.csv,,R5|2015-10-01,,2026-09-05,2015-10-01,2015-10-01,synthetic_route_freight_rates.csv,synthetic,Synthetic MVP development data; not broker/public observed freight quotes.,low,1.0
synth-00571,2015-11-01,Port Hedland,Chennai,R5,Iron Ore,Capesize,140000,7.44,freight_usd_per_t,synthetic_monthly,synthetic_route_freight_rates.csv,,R5|2015-11-01,,2026-09-05,2015-11-01,2015-11-01,synthetic_route_freight_rates.csv,synthetic,Synthetic MVP development data; not broker/public observed freight quotes.,low,1.0
synth-00572,2015-12-01,Port Hedland,Chennai,R5,Iron Ore,Capesize,140000,7.49,freight_usd_per_t,synthetic_monthly,synthetic_route_freight_rates.csv,,R5|2015-12-01,,2026-09-05,2015-12-01,2015-12-01,synthetic_route_freight_rates.csv,synthetic,Synthetic MVP development data; not broker/public observed freight quotes.,low,1.0
synth-00573,2016-01-01,Port Hedland,Chennai,R5,Iron Ore,Capesize,140000,7.04,freight_usd_per_t,synthetic_monthly,synthetic_route_freight_rates.csv,,R5|2016-01-01,,2026-09-05,2016-01-01,2016-01-01,synthetic_route_freight_rates.csv,synthetic,Synthetic MVP development data; not broker/public observed freight quotes.,low,1.0
synth-00574,2016-02-01,Port Hedland,Chennai,R5,Iron Ore,Capesize,140000,6.69,freight_usd_per_t,synthetic_monthly,synthetic_route_freight_rates.csv,,R5|2016-02-01,,2026-09-05,2016-02-01,2016-02-01,synthetic_route_freight_rates.csv,synthetic,Synthetic MVP development data; not broker/public observed freight quotes.,low,1.0
synth-00575,2016-03-01,Port Hedland,Chennai,R5,Iron Ore,Capesize,140000,5.83,freight_usd_per_t,synthetic_monthly,synthetic_route_freight_rates.csv,,R5|2016-03-01,,2026-09-05,2016-03-01,2016-03-01,synthetic_route_freight_rates.csv,synthetic,Synthetic MVP development data; not broker/public observed freight quotes.,low,1.0
synth-00576,2016-04-01,Port Hedland,Chennai,R5,Iron Ore,Capesize,140000,5.84,freight_usd_per_t,synthetic_monthly,synthetic_route_freight_rates.csv,,R5|2016-04-01,,2026-09-05,2016-04-01,2016-04-01,synthetic_route_freight_rates.csv,synthetic,Synthetic MVP development data; not broker/public observed freight quotes.,low,1.0
synth-00577,2016-05-01,Port Hedland,Chennai,R5,Iron Ore,Capesize,140000,4.8,freight_usd_per_t,synthetic_monthly,synthetic_route_freight_rates.csv,,R5|2016-05-01,,2026-09-05,2016-05-01,2016-05-01,synthetic_route_freight_rates.csv,synthetic,Synthetic MVP development data; not broker/public observed freight quotes.,low,1.0
synth-00578,2016-06-01,Port Hedland,Chennai,R5,Iron Ore,Capesize,140000,5.0,freight_usd_per_t,synthetic_monthly,synthetic_route_freight_rates.csv,,R5|2016-06-01,,2026-09-05,2016-06-01,2016-06-01,synthetic_route_freight_rates.csv,synthetic,Synthetic MVP development data; not broker/public observed freight quotes.,low,1.0
synth-00579,2016-07-01,Port Hedland,Chennai,R5,Iron Ore,Capesize,140000,3.98,freight_usd_per_t,synthetic_monthly,synthetic_route_freight_rates.csv,,R5|2016-07-01,,2026-09-05,2016-07-01,2016-07-01,synthetic_route_freight_rates.csv,synthetic,Synthetic MVP development data; not broker/public observed freight quotes.,low,1.0
synth-00580,2016-08-01,Port Hedland,Chennai,R5,Iron Ore,Capesize,140000,3.05,freight_usd_per_t,synthetic_monthly,synthetic_route_freight_rates.csv,,R5|2016-08-01,,2026-09-05,2016-08-01,2016-08-01,synthetic_route_freight_rates.csv,synthetic,Synthetic MVP development data; not broker/public observed freight quotes.,low,1.0
synth-00581,2016-09-01,Port Hedland,Chennai,R5,Iron Ore,Capesize,140000,4.02,freight_usd_per_t,synthetic_monthly,synthetic_route_freight_rates.csv,,R5|2016-09-01,,2026-09-05,2016-09-01,2016-09-01,synthetic_route_freight_rates.csv,synthetic,Synthetic MVP development data; not broker/public observed freight quotes.,low,1.0
synth-00582,2016-10-01,Port Hedland,Chennai,R5,Iron Ore,Capesize,140000,3.49,freight_usd_per_t,synthetic_monthly,synthetic_route_freight_rates.csv,,R5|2016-10-01,,2026-09-05,2016-10-01,2016-10-01,synthetic_route_freight_rates.csv,synthetic,Synthetic MVP development data; not broker/public observed freight quotes.,low,1.0
synth-00583,2016-11-01,Port Hedland,Chennai,R5,Iron Ore,Capesize,140000,4.05,freight_usd_per_t,synthetic_monthly,synthetic_route_freight_rates.csv,,R5|2016-11-01,,2026-09-05,2016-11-01,2016-11-01,synthetic_route_freight_rates.csv,synthetic,Synthetic MVP development data; not broker/public observed freight quotes.,low,1.0
synth-00584,2016-12-01,Port Hedland,Chennai,R5,Iron Ore,Capesize,140000,4.4,freight_usd_per_t,synthetic_monthly,synthetic_route_freight_rates.csv,,R5|2016-12-01,,2026-09-05,2016-12-01,2016-12-01,synthetic_route_freight_rates.csv,synthetic,Synthetic MVP development data; not broker/public observed freight quotes.,low,1.0
synth-00585,2017-01-01,Port Hedland,Chennai,R5,Iron Ore,Capesize,140000,8.11,freight_usd_per_t,synthetic_monthly,synthetic_route_freight_rates.csv,,R5|2017-01-01,,2026-09-05,2017-01-01,2017-01-01,synthetic_route_freight_rates.csv,synthetic,Synthetic MVP development data; not broker/public observed freight quotes.,low,1.0
synth-00586,2017-02-01,Port Hedland,Chennai,R5,Iron Ore,Capesize,140000,8.57,freight_usd_per_t,synthetic_monthly,synthetic_route_freight_rates.csv,,R5|2017-02-01,,2026-09-05,2017-02-01,2017-02-01,synthetic_route_freight_rates.csv,synthetic,Synthetic MVP development data; not broker/public observed freight quotes.,low,1.0
synth-00587,2017-03-01,Port Hedland,Chennai,R5,Iron Ore,Capesize,140000,8.37,freight_usd_per_t,synthetic_monthly,synthetic_route_freight_rates.csv,,R5|2017-03-01,,2026-09-05,2017-03-01,2017-03-01,synthetic_route_freight_rates.csv,synthetic,Synthetic MVP development data; not broker/public observed freight quotes.,low,1.0
synth-00588,2017-04-01,Port Hedland,Chennai,R5,Iron Ore,Capesize,140000,8.77,freight_usd_per_t,synthetic_monthly,synthetic_route_freight_rates.csv,,R5|2017-04-01,,2026-09-05,2017-04-01,2017-04-01,synthetic_route_freight_rates.csv,synthetic,Synthetic MVP development data; not broker/public observed freight quotes.,low,1.0
synth-00589,2017-05-01,Port Hedland,Chennai,R5,Iron Ore,Capesize,140000,7.88,freight_usd_per_t,synthetic_monthly,synthetic_route_freight_rates.csv,,R5|2017-05-01,,2026-09-05,2017-05-01,2017-05-01,synthetic_route_freight_rates.csv,synthetic,Synthetic MVP development data; not broker/public observed freight quotes.,low,1.0
synth-00590,2017-06-01,Port Hedland,Chennai,R5,Iron Ore,Capesize,140000,7.91,freight_usd_per_t,synthetic_monthly,synthetic_route_freight_rates.csv,,R5|2017-06-01,,2026-09-05,2017-06-01,2017-06-01,synthetic_route_freight_rates.csv,synthetic,Synthetic MVP development data; not broker/public observed freight quotes.,low,1.0
synth-00591,2017-07-01,Port Hedland,Chennai,R5,Iron Ore,Capesize,140000,7.6,freight_usd_per_t,synthetic_monthly,synthetic_route_freight_rates.csv,,R5|2017-07-01,,2026-09-05,2017-07-01,2017-07-01,synthetic_route_freight_rates.csv,synthetic,Synthetic MVP development data; not broker/public observed freight quotes.,low,1.0
synth-00592,2017-08-01,Port Hedland,Chennai,R5,Iron Ore,Capesize,140000,7.94,freight_usd_per_t,synthetic_monthly,synthetic_route_freight_rates.csv,,R5|2017-08-01,,2026-09-05,2017-08-01,2017-08-01,synthetic_route_freight_rates.csv,synthetic,Synthetic MVP development data; not broker/public observed freight quotes.,low,1.0
synth-00593,2017-09-01,Port Hedland,Chennai,R5,Iron Ore,Capesize,140000,8.44,freight_usd_per_t,synthetic_monthly,synthetic_route_freight_rates.csv,,R5|2017-09-01,,2026-09-05,2017-09-01,2017-09-01,synthetic_route_freight_rates.csv,synthetic,Synthetic MVP development data; not broker/public observed freight quotes.,low,1.0
synth-00594,2017-10-01,Port Hedland,Chennai,R5,Iron Ore,Capesize,140000,6.7,freight_usd_per_t,synthetic_monthly,synthetic_route_freight_rates.csv,,R5|2017-10-01,,2026-09-05,2017-10-01,2017-10-01,synthetic_route_freight_rates.csv,synthetic,Synthetic MVP development data; not broker/public observed freight quotes.,low,1.0
synth-00595,2017-11-01,Port Hedland,Chennai,R5,Iron Ore,Capesize,140000,8.66,freight_usd_per_t,synthetic_monthly,synthetic_route_freight_rates.csv,,R5|2017-11-01,,2026-09-05,2017-11-01,2017-11-01,synthetic_route_freight_rates.csv,synthetic,Synthetic MVP development data; not broker/public observed freight quotes.,low,1.0
synth-00596,2017-12-01,Port Hedland,Chennai,R5,Iron Ore,Capesize,140000,8.37,freight_usd_per_t,synthetic_monthly,synthetic_route_freight_rates.csv,,R5|2017-12-01,,2026-09-05,2017-12-01,2017-12-01,synthetic_route_freight_rates.csv,synthetic,Synthetic MVP development data; not broker/public observed freight quotes.,low,1.0
synth-00597,2018-01-01,Port Hedland,Chennai,R5,Iron Ore,Capesize,140000,11.27,freight_usd_per_t,synthetic_monthly,synthetic_route_freight_rates.csv,,R5|2018-01-01,,2026-09-05,2018-01-01,2018-01-01,synthetic_route_freight_rates.csv,synthetic,Synthetic MVP development data; not broker/public observed freight quotes.,low,1.0
synth-00598,2018-02-01,Port Hedland,Chennai,R5,Iron Ore,Capesize,140000,11.11,freight_usd_per_t,synthetic_monthly,synthetic_route_freight_rates.csv,,R5|2018-02-01,,2026-09-05,2018-02-01,2018-02-01,synthetic_route_freight_rates.csv,synthetic,Synthetic MVP development data; not broker/public observed freight quotes.,low,1.0
synth-00599,2018-03-01,Port Hedland,Chennai,R5,Iron Ore,Capesize,140000,11.09,freight_usd_per_t,synthetic_monthly,synthetic_route_freight_rates.csv,,R5|2018-03-01,,2026-09-05,2018-03-01,2018-03-01,synthetic_route_freight_rates.csv,synthetic,Synthetic MVP development data; not broker/public observed freight quotes.,low,1.0
synth-00600,2018-04-01,Port Hedland,Chennai,R5,Iron Ore,Capesize,140000,10.96,freight_usd_per_t,synthetic_monthly,synthetic_route_freight_rates.csv,,R5|2018-04-01,,2026-09-05,2018-04-01,2018-04-01,synthetic_route_freight_rates.csv,synthetic,Synthetic MVP development data; not broker/public observed freight quotes.,low,1.0
synth-00601,2018-05-01,Port Hedland,Chennai,R5,Iron Ore,Capesize,140000,9.66,freight_usd_per_t,synthetic_monthly,synthetic_route_freight_rates.csv,,R5|2018-05-01,,2026-09-05,2018-05-01,2018-05-01,synthetic_route_freight_rates.csv,synthetic,Synthetic MVP development data; not broker/public observed freight quotes.,low,1.0
synth-00602,2018-06-01,Port Hedland,Chennai,R5,Iron Ore,Capesize,140000,10.47,freight_usd_per_t,synthetic_monthly,synthetic_route_freight_rates.csv,,R5|2018-06-01,,2026-09-05,2018-06-01,2018-06-01,synthetic_route_freight_rates.csv,synthetic,Synthetic MVP development data; not broker/public observed freight quotes.,low,1.0
synth-00603,2018-07-01,Port Hedland,Chennai,R5,Iron Ore,Capesize,140000,10.37,freight_usd_per_t,synthetic_monthly,synthetic_route_freight_rates.csv,,R5|2018-07-01,,2026-09-05,2018-07-01,2018-07-01,synthetic_route_freight_rates.csv,synthetic,Synthetic MVP development data; not broker/public observed freight quotes.,low,1.0
synth-00604,2018-08-01,Port Hedland,Chennai,R5,Iron Ore,Capesize,140000,10.27,freight_usd_per_t,synthetic_monthly,synthetic_route_freight_rates.csv,,R5|2018-08-01,,2026-09-05,2018-08-01,2018-08-01,synthetic_route_freight_rates.csv,synthetic,Synthetic MVP development data; not broker/public observed freight quotes.,low,1.0
synth-00605,2018-09-01,Port Hedland,Chennai,R5,Iron Ore,Capesize,140000,9.67,freight_usd_per_t,synthetic_monthly,synthetic_route_freight_rates.csv,,R5|2018-09-01,,2026-09-05,2018-09-01,2018-09-01,synthetic_route_freight_rates.csv,synthetic,Synthetic MVP development data; not broker/public observed freight quotes.,low,1.0
synth-00606,2018-10-01,Port Hedland,Chennai,R5,Iron Ore,Capesize,140000,8.36,freight_usd_per_t,synthetic_monthly,synthetic_route_freight_rates.csv,,R5|2018-10-01,,2026-09-05,2018-10-01,2018-10-01,synthetic_route_freight_rates.csv,synthetic,Synthetic MVP development data; not broker/public observed freight quotes.,low,1.0
synth-00607,2018-11-01,Port Hedland,Chennai,R5,Iron Ore,Capesize,140000,9.1,freight_usd_per_t,synthetic_monthly,synthetic_route_freight_rates.csv,,R5|2018-11-01,,2026-09-05,2018-11-01,2018-11-01,synthetic_route_freight_rates.csv,synthetic,Synthetic MVP development data; not broker/public observed freight quotes.,low,1.0
synth-00608,2018-12-01,Port Hedland,Chennai,R5,Iron Ore,Capesize,140000,9.88,freight_usd_per_t,synthetic_monthly,synthetic_route_freight_rates.csv,,R5|2018-12-01,,2026-09-05,2018-12-01,2018-12-01,synthetic_route_freight_rates.csv,synthetic,Synthetic MVP development data; not broker/public observed freight quotes.,low,1.0
synth-00609,2019-01-01,Port Hedland,Chennai,R5,Iron Ore,Capesize,140000,9.75,freight_usd_per_t,synthetic_monthly,synthetic_route_freight_rates.csv,,R5|2019-01-01,,2026-09-05,2019-01-01,2019-01-01,synthetic_route_freight_rates.csv,synthetic,Synthetic MVP development data; not broker/public observed freight quotes.,low,1.0
synth-00610,2019-02-01,Port Hedland,Chennai,R5,Iron Ore,Capesize,140000,8.96,freight_usd_per_t,synthetic_monthly,synthetic_route_freight_rates.csv,,R5|2019-02-01,,2026-09-05,2019-02-01,2019-02-01,synthetic_route_freight_rates.csv,synthetic,Synthetic MVP development data; not broker/public observed freight quotes.,low,1.0
synth-00611,2019-03-01,Port Hedland,Chennai,R5,Iron Ore,Capesize,140000,9.65,freight_usd_per_t,synthetic_monthly,synthetic_route_freight_rates.csv,,R5|2019-03-01,,2026-09-05,2019-03-01,2019-03-01,synthetic_route_freight_rates.csv,synthetic,Synthetic MVP development data; not broker/public observed freight quotes.,low,1.0
synth-00612,2019-04-01,Port Hedland,Chennai,R5,Iron Ore,Capesize,140000,9.26,freight_usd_per_t,synthetic_monthly,synthetic_route_freight_rates.csv,,R5|2019-04-01,,2026-09-05,2019-04-01,2019-04-01,synthetic_route_freight_rates.csv,synthetic,Synthetic MVP development data; not broker/public observed freight quotes.,low,1.0
synth-00613,2019-05-01,Port Hedland,Chennai,R5,Iron Ore,Capesize,140000,8.9,freight_usd_per_t,synthetic_monthly,synthetic_route_freight_rates.csv,,R5|2019-05-01,,2026-09-05,2019-05-01,2019-05-01,synthetic_route_freight_rates.csv,synthetic,Synthetic MVP development data; not broker/public observed freight quotes.,low,1.0
synth-00614,2019-06-01,Port Hedland,Chennai,R5,Iron Ore,Capesize,140000,10.61,freight_usd_per_t,synthetic_monthly,synthetic_route_freight_rates.csv,,R5|2019-06-01,,2026-09-05,2019-06-01,2019-06-01,synthetic_route_freight_rates.csv,synthetic,Synthetic MVP development data; not broker/public observed freight quotes.,low,1.0
synth-00615,2019-07-01,Port Hedland,Chennai,R5,Iron Ore,Capesize,140000,9.74,freight_usd_per_t,synthetic_monthly,synthetic_route_freight_rates.csv,,R5|2019-07-01,,2026-09-05,2019-07-01,2019-07-01,synthetic_route_freight_rates.csv,synthetic,Synthetic MVP development data; not broker/public observed freight quotes.,low,1.0
synth-00616,2019-08-01,Port Hedland,Chennai,R5,Iron Ore,Capesize,140000,11.76,freight_usd_per_t,synthetic_monthly,synthetic_route_freight_rates.csv,,R5|2019-08-01,,2026-09-05,2019-08-01,2019-08-01,synthetic_route_freight_rates.csv,synthetic,Synthetic MVP development data; not broker/public observed freight quotes.,low,1.0
synth-00617,2019-09-01,Port Hedland,Chennai,R5,Iron Ore,Capesize,140000,10.03,freight_usd_per_t,synthetic_monthly,synthetic_route_freight_rates.csv,,R5|2019-09-01,,2026-09-05,2019-09-01,2019-09-01,synthetic_route_freight_rates.csv,synthetic,Synthetic MVP development data; not broker/public observed freight quotes.,low,1.0
synth-00618,2019-10-01,Port Hedland,Chennai,R5,Iron Ore,Capesize,140000,9.17,freight_usd_per_t,synthetic_monthly,synthetic_route_freight_rates.csv,,R5|2019-10-01,,2026-09-05,2019-10-01,2019-10-01,synthetic_route_freight_rates.csv,synthetic,Synthetic MVP development data; not broker/public observed freight quotes.,low,1.0
synth-00619,2019-11-01,Port Hedland,Chennai,R5,Iron Ore,Capesize,140000,9.27,freight_usd_per_t,synthetic_monthly,synthetic_route_freight_rates.csv,,R5|2019-11-01,,2026-09-05,2019-11-01,2019-11-01,synthetic_route_freight_rates.csv,synthetic,Synthetic MVP development data; not broker/public observed freight quotes.,low,1.0
synth-00620,2019-12-01,Port Hedland,Chennai,R5,Iron Ore,Capesize,140000,11.1,freight_usd_per_t,synthetic_monthly,synthetic_route_freight_rates.csv,,R5|2019-12-01,,2026-09-05,2019-12-01,2019-12-01,synthetic_route_freight_rates.csv,synthetic,Synthetic MVP development data; not broker/public observed freight quotes.,low,1.0
synth-00621,2020-01-01,Port Hedland,Chennai,R5,Iron Ore,Capesize,140000,6.7,freight_usd_per_t,synthetic_monthly,synthetic_route_freight_rates.csv,,R5|2020-01-01,,2026-09-05,2020-01-01,2020-01-01,synthetic_route_freight_rates.csv,synthetic,Synthetic MVP development data; not broker/public observed freight quotes.,low,1.0
synth-00622,2020-02-01,Port Hedland,Chennai,R5,Iron Ore,Capesize,140000,7.23,freight_usd_per_t,synthetic_monthly,synthetic_route_freight_rates.csv,,R5|2020-02-01,,2026-09-05,2020-02-01,2020-02-01,synthetic_route_freight_rates.csv,synthetic,Synthetic MVP development data; not broker/public observed freight quotes.,low,1.0
synth-00623,2020-03-01,Port Hedland,Chennai,R5,Iron Ore,Capesize,140000,7.64,freight_usd_per_t,synthetic_monthly,synthetic_route_freight_rates.csv,,R5|2020-03-01,,2026-09-05,2020-03-01,2020-03-01,synthetic_route_freight_rates.csv,synthetic,Synthetic MVP development data; not broker/public observed freight quotes.,low,1.0
synth-00624,2020-04-01,Port Hedland,Chennai,R5,Iron Ore,Capesize,140000,3.94,freight_usd_per_t,synthetic_monthly,synthetic_route_freight_rates.csv,,R5|2020-04-01,,2026-09-05,2020-04-01,2020-04-01,synthetic_route_freight_rates.csv,synthetic,Synthetic MVP development data; not broker/public observed freight quotes.,low,1.0
synth-00625,2020-05-01,Port Hedland,Chennai,R5,Iron Ore,Capesize,140000,4.3,freight_usd_per_t,synthetic_monthly,synthetic_route_freight_rates.csv,,R5|2020-05-01,,2026-09-05,2020-05-01,2020-05-01,synthetic_route_freight_rates.csv,synthetic,Synthetic MVP development data; not broker/public observed freight quotes.,low,1.0
synth-00626,2020-06-01,Port Hedland,Chennai,R5,Iron Ore,Capesize,140000,4.41,freight_usd_per_t,synthetic_monthly,synthetic_route_freight_rates.csv,,R5|2020-06-01,,2026-09-05,2020-06-01,2020-06-01,synthetic_route_freight_rates.csv,synthetic,Synthetic MVP development data; not broker/public observed freight quotes.,low,1.0
synth-00627,2020-07-01,Port Hedland,Chennai,R5,Iron Ore,Capesize,140000,6.43,freight_usd_per_t,synthetic_monthly,synthetic_route_freight_rates.csv,,R5|2020-07-01,,2026-09-05,2020-07-01,2020-07-01,synthetic_route_freight_rates.csv,synthetic,Synthetic MVP development data; not broker/public observed freight quotes.,low,1.0
synth-00628,2020-08-01,Port Hedland,Chennai,R5,Iron Ore,Capesize,140000,7.17,freight_usd_per_t,synthetic_monthly,synthetic_route_freight_rates.csv,,R5|2020-08-01,,2026-09-05,2020-08-01,2020-08-01,synthetic_route_freight_rates.csv,synthetic,Synthetic MVP development data; not broker/public observed freight quotes.,low,1.0
synth-00629,2020-09-01,Port Hedland,Chennai,R5,Iron Ore,Capesize,140000,6.38,freight_usd_per_t,synthetic_monthly,synthetic_route_freight_rates.csv,,R5|2020-09-01,,2026-09-05,2020-09-01,2020-09-01,synthetic_route_freight_rates.csv,synthetic,Synthetic MVP development data; not broker/public observed freight quotes.,low,1.0
synth-00630,2020-10-01,Port Hedland,Chennai,R5,Iron Ore,Capesize,140000,6.36,freight_usd_per_t,synthetic_monthly,synthetic_route_freight_rates.csv,,R5|2020-10-01,,2026-09-05,2020-10-01,2020-10-01,synthetic_route_freight_rates.csv,synthetic,Synthetic MVP development data; not broker/public observed freight quotes.,low,1.0
synth-00631,2020-11-01,Port Hedland,Chennai,R5,Iron Ore,Capesize,140000,6.59,freight_usd_per_t,synthetic_monthly,synthetic_route_freight_rates.csv,,R5|2020-11-01,,2026-09-05,2020-11-01,2020-11-01,synthetic_route_freight_rates.csv,synthetic,Synthetic MVP development data; not broker/public observed freight quotes.,low,1.0
synth-00632,2020-12-01,Port Hedland,Chennai,R5,Iron Ore,Capesize,140000,7.41,freight_usd_per_t,synthetic_monthly,synthetic_route_freight_rates.csv,,R5|2020-12-01,,2026-09-05,2020-12-01,2020-12-01,synthetic_route_freight_rates.csv,synthetic,Synthetic MVP development data; not broker/public observed freight quotes.,low,1.0
synth-00633,2021-01-01,Port Hedland,Chennai,R5,Iron Ore,Capesize,140000,25.26,freight_usd_per_t,synthetic_monthly,synthetic_route_freight_rates.csv,,R5|2021-01-01,,2026-09-05,2021-01-01,2021-01-01,synthetic_route_freight_rates.csv,synthetic,Synthetic MVP development data; not broker/public observed freight quotes.,low,1.0
synth-00634,2021-02-01,Port Hedland,Chennai,R5,Iron Ore,Capesize,140000,26.8,freight_usd_per_t,synthetic_monthly,synthetic_route_freight_rates.csv,,R5|2021-02-01,,2026-09-05,2021-02-01,2021-02-01,synthetic_route_freight_rates.csv,synthetic,Synthetic MVP development data; not broker/public observed freight quotes.,low,1.0
synth-00635,2021-03-01,Port Hedland,Chennai,R5,Iron Ore,Capesize,140000,24.94,freight_usd_per_t,synthetic_monthly,synthetic_route_freight_rates.csv,,R5|2021-03-01,,2026-09-05,2021-03-01,2021-03-01,synthetic_route_freight_rates.csv,synthetic,Synthetic MVP development data; not broker/public observed freight quotes.,low,1.0
synth-00636,2021-04-01,Port Hedland,Chennai,R5,Iron Ore,Capesize,140000,22.53,freight_usd_per_t,synthetic_monthly,synthetic_route_freight_rates.csv,,R5|2021-04-01,,2026-09-05,2021-04-01,2021-04-01,synthetic_route_freight_rates.csv,synthetic,Synthetic MVP development data; not broker/public observed freight quotes.,low,1.0
synth-00637,2021-05-01,Port Hedland,Chennai,R5,Iron Ore,Capesize,140000,23.18,freight_usd_per_t,synthetic_monthly,synthetic_route_freight_rates.csv,,R5|2021-05-01,,2026-09-05,2021-05-01,2021-05-01,synthetic_route_freight_rates.csv,synthetic,Synthetic MVP development data; not broker/public observed freight quotes.,low,1.0
synth-00638,2021-06-01,Port Hedland,Chennai,R5,Iron Ore,Capesize,140000,24.89,freight_usd_per_t,synthetic_monthly,synthetic_route_freight_rates.csv,,R5|2021-06-01,,2026-09-05,2021-06-01,2021-06-01,synthetic_route_freight_rates.csv,synthetic,Synthetic MVP development data; not broker/public observed freight quotes.,low,1.0
synth-00639,2021-07-01,Port Hedland,Chennai,R5,Iron Ore,Capesize,140000,24.57,freight_usd_per_t,synthetic_monthly,synthetic_route_freight_rates.csv,,R5|2021-07-01,,2026-09-05,2021-07-01,2021-07-01,synthetic_route_freight_rates.csv,synthetic,Synthetic MVP development data; not broker/public observed freight quotes.,low,1.0
synth-00640,2021-08-01,Port Hedland,Chennai,R5,Iron Ore,Capesize,140000,23.83,freight_usd_per_t,synthetic_monthly,synthetic_route_freight_rates.csv,,R5|2021-08-01,,2026-09-05,2021-08-01,2021-08-01,synthetic_route_freight_rates.csv,synthetic,Synthetic MVP development data; not broker/public observed freight quotes.,low,1.0
synth-00641,2021-09-01,Port Hedland,Chennai,R5,Iron Ore,Capesize,140000,28.9,freight_usd_per_t,synthetic_monthly,synthetic_route_freight_rates.csv,,R5|2021-09-01,,2026-09-05,2021-09-01,2021-09-01,synthetic_route_freight_rates.csv,synthetic,Synthetic MVP development data; not broker/public observed freight quotes.,low,1.0
synth-00642,2021-10-01,Port Hedland,Chennai,R5,Iron Ore,Capesize,140000,25.21,freight_usd_per_t,synthetic_monthly,synthetic_route_freight_rates.csv,,R5|2021-10-01,,2026-09-05,2021-10-01,2021-10-01,synthetic_route_freight_rates.csv,synthetic,Synthetic MVP development data; not broker/public observed freight quotes.,low,1.0
synth-00643,2021-11-01,Port Hedland,Chennai,R5,Iron Ore,Capesize,140000,29.02,freight_usd_per_t,synthetic_monthly,synthetic_route_freight_rates.csv,,R5|2021-11-01,,2026-09-05,2021-11-01,2021-11-01,synthetic_route_freight_rates.csv,synthetic,Synthetic MVP development data; not broker/public observed freight quotes.,low,1.0
synth-00644,2021-12-01,Port Hedland,Chennai,R5,Iron Ore,Capesize,140000,23.7,freight_usd_per_t,synthetic_monthly,synthetic_route_freight_rates.csv,,R5|2021-12-01,,2026-09-05,2021-12-01,2021-12-01,synthetic_route_freight_rates.csv,synthetic,Synthetic MVP development data; not broker/public observed freight quotes.,low,1.0
synth-00645,2022-01-01,Port Hedland,Chennai,R5,Iron Ore,Capesize,140000,19.37,freight_usd_per_t,synthetic_monthly,synthetic_route_freight_rates.csv,,R5|2022-01-01,,2026-09-05,2022-01-01,2022-01-01,synthetic_route_freight_rates.csv,synthetic,Synthetic MVP development data; not broker/public observed freight quotes.,low,1.0
synth-00646,2022-02-01,Port Hedland,Chennai,R5,Iron Ore,Capesize,140000,20.02,freight_usd_per_t,synthetic_monthly,synthetic_route_freight_rates.csv,,R5|2022-02-01,,2026-09-05,2022-02-01,2022-02-01,synthetic_route_freight_rates.csv,synthetic,Synthetic MVP development data; not broker/public observed freight quotes.,low,1.0
synth-00647,2022-03-01,Port Hedland,Chennai,R5,Iron Ore,Capesize,140000,20.48,freight_usd_per_t,synthetic_monthly,synthetic_route_freight_rates.csv,,R5|2022-03-01,,2026-09-05,2022-03-01,2022-03-01,synthetic_route_freight_rates.csv,synthetic,Synthetic MVP development data; not broker/public observed freight quotes.,low,1.0
synth-00648,2022-04-01,Port Hedland,Chennai,R5,Iron Ore,Capesize,140000,20.15,freight_usd_per_t,synthetic_monthly,synthetic_route_freight_rates.csv,,R5|2022-04-01,,2026-09-05,2022-04-01,2022-04-01,synthetic_route_freight_rates.csv,synthetic,Synthetic MVP development data; not broker/public observed freight quotes.,low,1.0
synth-00649,2022-05-01,Port Hedland,Chennai,R5,Iron Ore,Capesize,140000,18.97,freight_usd_per_t,synthetic_monthly,synthetic_route_freight_rates.csv,,R5|2022-05-01,,2026-09-05,2022-05-01,2022-05-01,synthetic_route_freight_rates.csv,synthetic,Synthetic MVP development data; not broker/public observed freight quotes.,low,1.0
synth-00650,2022-06-01,Port Hedland,Chennai,R5,Iron Ore,Capesize,140000,18.63,freight_usd_per_t,synthetic_monthly,synthetic_route_freight_rates.csv,,R5|2022-06-01,,2026-09-05,2022-06-01,2022-06-01,synthetic_route_freight_rates.csv,synthetic,Synthetic MVP development data; not broker/public observed freight quotes.,low,1.0
synth-00651,2022-07-01,Port Hedland,Chennai,R5,Iron Ore,Capesize,140000,20.23,freight_usd_per_t,synthetic_monthly,synthetic_route_freight_rates.csv,,R5|2022-07-01,,2026-09-05,2022-07-01,2022-07-01,synthetic_route_freight_rates.csv,synthetic,Synthetic MVP development data; not broker/public observed freight quotes.,low,1.0
synth-00652,2022-08-01,Port Hedland,Chennai,R5,Iron Ore,Capesize,140000,20.12,freight_usd_per_t,synthetic_monthly,synthetic_route_freight_rates.csv,,R5|2022-08-01,,2026-09-05,2022-08-01,2022-08-01,synthetic_route_freight_rates.csv,synthetic,Synthetic MVP development data; not broker/public observed freight quotes.,low,1.0
synth-00653,2022-09-01,Port Hedland,Chennai,R5,Iron Ore,Capesize,140000,19.58,freight_usd_per_t,synthetic_monthly,synthetic_route_freight_rates.csv,,R5|2022-09-01,,2026-09-05,2022-09-01,2022-09-01,synthetic_route_freight_rates.csv,synthetic,Synthetic MVP development data; not broker/public observed freight quotes.,low,1.0
synth-00654,2022-10-01,Port Hedland,Chennai,R5,Iron Ore,Capesize,140000,16.7,freight_usd_per_t,synthetic_monthly,synthetic_route_freight_rates.csv,,R5|2022-10-01,,2026-09-05,2022-10-01,2022-10-01,synthetic_route_freight_rates.csv,synthetic,Synthetic MVP development data; not broker/public observed freight quotes.,low,1.0
synth-00655,2022-11-01,Port Hedland,Chennai,R5,Iron Ore,Capesize,140000,17.03,freight_usd_per_t,synthetic_monthly,synthetic_route_freight_rates.csv,,R5|2022-11-01,,2026-09-05,2022-11-01,2022-11-01,synthetic_route_freight_rates.csv,synthetic,Synthetic MVP development data; not broker/public observed freight quotes.,low,1.0
synth-00656,2022-12-01,Port Hedland,Chennai,R5,Iron Ore,Capesize,140000,18.72,freight_usd_per_t,synthetic_monthly,synthetic_route_freight_rates.csv,,R5|2022-12-01,,2026-09-05,2022-12-01,2022-12-01,synthetic_route_freight_rates.csv,synthetic,Synthetic MVP development data; not broker/public observed freight quotes.,low,1.0
synth-00657,2023-01-01,Port Hedland,Chennai,R5,Iron Ore,Capesize,140000,13.07,freight_usd_per_t,synthetic_monthly,synthetic_route_freight_rates.csv,,R5|2023-01-01,,2026-09-05,2023-01-01,2023-01-01,synthetic_route_freight_rates.csv,synthetic,Synthetic MVP development data; not broker/public observed freight quotes.,low,1.0
synth-00658,2023-02-01,Port Hedland,Chennai,R5,Iron Ore,Capesize,140000,14.14,freight_usd_per_t,synthetic_monthly,synthetic_route_freight_rates.csv,,R5|2023-02-01,,2026-09-05,2023-02-01,2023-02-01,synthetic_route_freight_rates.csv,synthetic,Synthetic MVP development data; not broker/public observed freight quotes.,low,1.0
synth-00659,2023-03-01,Port Hedland,Chennai,R5,Iron Ore,Capesize,140000,13.88,freight_usd_per_t,synthetic_monthly,synthetic_route_freight_rates.csv,,R5|2023-03-01,,2026-09-05,2023-03-01,2023-03-01,synthetic_route_freight_rates.csv,synthetic,Synthetic MVP development data; not broker/public observed freight quotes.,low,1.0
synth-00660,2023-04-01,Port Hedland,Chennai,R5,Iron Ore,Capesize,140000,13.67,freight_usd_per_t,synthetic_monthly,synthetic_route_freight_rates.csv,,R5|2023-04-01,,2026-09-05,2023-04-01,2023-04-01,synthetic_route_freight_rates.csv,synthetic,Synthetic MVP development data; not broker/public observed freight quotes.,low,1.0
synth-00661,2023-05-01,Port Hedland,Chennai,R5,Iron Ore,Capesize,140000,13.19,freight_usd_per_t,synthetic_monthly,synthetic_route_freight_rates.csv,,R5|2023-05-01,,2026-09-05,2023-05-01,2023-05-01,synthetic_route_freight_rates.csv,synthetic,Synthetic MVP development data; not broker/public observed freight quotes.,low,1.0
synth-00662,2023-06-01,Port Hedland,Chennai,R5,Iron Ore,Capesize,140000,12.62,freight_usd_per_t,synthetic_monthly,synthetic_route_freight_rates.csv,,R5|2023-06-01,,2026-09-05,2023-06-01,2023-06-01,synthetic_route_freight_rates.csv,synthetic,Synthetic MVP development data; not broker/public observed freight quotes.,low,1.0
synth-00663,2023-07-01,Port Hedland,Chennai,R5,Iron Ore,Capesize,140000,12.41,freight_usd_per_t,synthetic_monthly,synthetic_route_freight_rates.csv,,R5|2023-07-01,,2026-09-05,2023-07-01,2023-07-01,synthetic_route_freight_rates.csv,synthetic,Synthetic MVP development data; not broker/public observed freight quotes.,low,1.0
synth-00664,2023-08-01,Port Hedland,Chennai,R5,Iron Ore,Capesize,140000,11.38,freight_usd_per_t,synthetic_monthly,synthetic_route_freight_rates.csv,,R5|2023-08-01,,2026-09-05,2023-08-01,2023-08-01,synthetic_route_freight_rates.csv,synthetic,Synthetic MVP development data; not broker/public observed freight quotes.,low,1.0
synth-00665,2023-09-01,Port Hedland,Chennai,R5,Iron Ore,Capesize,140000,11.33,freight_usd_per_t,synthetic_monthly,synthetic_route_freight_rates.csv,,R5|2023-09-01,,2026-09-05,2023-09-01,2023-09-01,synthetic_route_freight_rates.csv,synthetic,Synthetic MVP development data; not broker/public observed freight quotes.,low,1.0
synth-00666,2023-10-01,Port Hedland,Chennai,R5,Iron Ore,Capesize,140000,11.04,freight_usd_per_t,synthetic_monthly,synthetic_route_freight_rates.csv,,R5|2023-10-01,,2026-09-05,2023-10-01,2023-10-01,synthetic_route_freight_rates.csv,synthetic,Synthetic MVP development data; not broker/public observed freight quotes.,low,1.0
synth-00667,2023-11-01,Port Hedland,Chennai,R5,Iron Ore,Capesize,140000,12.81,freight_usd_per_t,synthetic_monthly,synthetic_route_freight_rates.csv,,R5|2023-11-01,,2026-09-05,2023-11-01,2023-11-01,synthetic_route_freight_rates.csv,synthetic,Synthetic MVP development data; not broker/public observed freight quotes.,low,1.0
synth-00668,2023-12-01,Port Hedland,Chennai,R5,Iron Ore,Capesize,140000,12.96,freight_usd_per_t,synthetic_monthly,synthetic_route_freight_rates.csv,,R5|2023-12-01,,2026-09-05,2023-12-01,2023-12-01,synthetic_route_freight_rates.csv,synthetic,Synthetic MVP development data; not broker/public observed freight quotes.,low,1.0
synth-00669,2024-01-01,Port Hedland,Chennai,R5,Iron Ore,Capesize,140000,13.71,freight_usd_per_t,synthetic_monthly,synthetic_route_freight_rates.csv,,R5|2024-01-01,,2026-09-05,2024-01-01,2024-01-01,synthetic_route_freight_rates.csv,synthetic,Synthetic MVP development data; not broker/public observed freight quotes.,low,1.0
synth-00670,2024-02-01,Port Hedland,Chennai,R5,Iron Ore,Capesize,140000,12.63,freight_usd_per_t,synthetic_monthly,synthetic_route_freight_rates.csv,,R5|2024-02-01,,2026-09-05,2024-02-01,2024-02-01,synthetic_route_freight_rates.csv,synthetic,Synthetic MVP development data; not broker/public observed freight quotes.,low,1.0
synth-00671,2024-03-01,Port Hedland,Chennai,R5,Iron Ore,Capesize,140000,12.25,freight_usd_per_t,synthetic_monthly,synthetic_route_freight_rates.csv,,R5|2024-03-01,,2026-09-05,2024-03-01,2024-03-01,synthetic_route_freight_rates.csv,synthetic,Synthetic MVP development data; not broker/public observed freight quotes.,low,1.0
synth-00672,2024-04-01,Port Hedland,Chennai,R5,Iron Ore,Capesize,140000,12.03,freight_usd_per_t,synthetic_monthly,synthetic_route_freight_rates.csv,,R5|2024-04-01,,2026-09-05,2024-04-01,2024-04-01,synthetic_route_freight_rates.csv,synthetic,Synthetic MVP development data; not broker/public observed freight quotes.,low,1.0
synth-00673,2024-05-01,Port Hedland,Chennai,R5,Iron Ore,Capesize,140000,12.92,freight_usd_per_t,synthetic_monthly,synthetic_route_freight_rates.csv,,R5|2024-05-01,,2026-09-05,2024-05-01,2024-05-01,synthetic_route_freight_rates.csv,synthetic,Synthetic MVP development data; not broker/public observed freight quotes.,low,1.0
synth-00674,2024-06-01,Port Hedland,Chennai,R5,Iron Ore,Capesize,140000,14.03,freight_usd_per_t,synthetic_monthly,synthetic_route_freight_rates.csv,,R5|2024-06-01,,2026-09-05,2024-06-01,2024-06-01,synthetic_route_freight_rates.csv,synthetic,Synthetic MVP development data; not broker/public observed freight quotes.,low,1.0
synth-00675,2024-07-01,Port Hedland,Chennai,R5,Iron Ore,Capesize,140000,13.85,freight_usd_per_t,synthetic_monthly,synthetic_route_freight_rates.csv,,R5|2024-07-01,,2026-09-05,2024-07-01,2024-07-01,synthetic_route_freight_rates.csv,synthetic,Synthetic MVP development data; not broker/public observed freight quotes.,low,1.0
synth-00676,2024-08-01,Port Hedland,Chennai,R5,Iron Ore,Capesize,140000,11.92,freight_usd_per_t,synthetic_monthly,synthetic_route_freight_rates.csv,,R5|2024-08-01,,2026-09-05,2024-08-01,2024-08-01,synthetic_route_freight_rates.csv,synthetic,Synthetic MVP development data; not broker/public observed freight quotes.,low,1.0
synth-00677,2024-09-01,Port Hedland,Chennai,R5,Iron Ore,Capesize,140000,12.82,freight_usd_per_t,synthetic_monthly,synthetic_route_freight_rates.csv,,R5|2024-09-01,,2026-09-05,2024-09-01,2024-09-01,synthetic_route_freight_rates.csv,synthetic,Synthetic MVP development data; not broker/public observed freight quotes.,low,1.0
synth-00678,2024-10-01,Port Hedland,Chennai,R5,Iron Ore,Capesize,140000,11.7,freight_usd_per_t,synthetic_monthly,synthetic_route_freight_rates.csv,,R5|2024-10-01,,2026-09-05,2024-10-01,2024-10-01,synthetic_route_freight_rates.csv,synthetic,Synthetic MVP development data; not broker/public observed freight quotes.,low,1.0
synth-00679,2024-11-01,Port Hedland,Chennai,R5,Iron Ore,Capesize,140000,12.23,freight_usd_per_t,synthetic_monthly,synthetic_route_freight_rates.csv,,R5|2024-11-01,,2026-09-05,2024-11-01,2024-11-01,synthetic_route_freight_rates.csv,synthetic,Synthetic MVP development data; not broker/public observed freight quotes.,low,1.0
synth-00680,2024-12-01,Port Hedland,Chennai,R5,Iron Ore,Capesize,140000,13.72,freight_usd_per_t,synthetic_monthly,synthetic_route_freight_rates.csv,,R5|2024-12-01,,2026-09-05,2024-12-01,2024-12-01,synthetic_route_freight_rates.csv,synthetic,Synthetic MVP development data; not broker/public observed freight quotes.,low,1.0
synth-00681,2025-01-01,Port Hedland,Chennai,R5,Iron Ore,Capesize,140000,12.51,freight_usd_per_t,synthetic_monthly,synthetic_route_freight_rates.csv,,R5|2025-01-01,,2026-09-05,2025-01-01,2025-01-01,synthetic_route_freight_rates.csv,synthetic,Synthetic MVP development data; not broker/public observed freight quotes.,low,1.0
synth-00682,2025-02-01,Port Hedland,Chennai,R5,Iron Ore,Capesize,140000,13.53,freight_usd_per_t,synthetic_monthly,synthetic_route_freight_rates.csv,,R5|2025-02-01,,2026-09-05,2025-02-01,2025-02-01,synthetic_route_freight_rates.csv,synthetic,Synthetic MVP development data; not broker/public observed freight quotes.,low,1.0
synth-00683,2025-03-01,Port Hedland,Chennai,R5,Iron Ore,Capesize,140000,14.98,freight_usd_per_t,synthetic_monthly,synthetic_route_freight_rates.csv,,R5|2025-03-01,,2026-09-05,2025-03-01,2025-03-01,synthetic_route_freight_rates.csv,synthetic,Synthetic MVP development data; not broker/public observed freight quotes.,low,1.0
synth-00684,2025-04-01,Port Hedland,Chennai,R5,Iron Ore,Capesize,140000,12.24,freight_usd_per_t,synthetic_monthly,synthetic_route_freight_rates.csv,,R5|2025-04-01,,2026-09-05,2025-04-01,2025-04-01,synthetic_route_freight_rates.csv,synthetic,Synthetic MVP development data; not broker/public observed freight quotes.,low,1.0
synth-00685,2025-05-01,Port Hedland,Chennai,R5,Iron Ore,Capesize,140000,12.08,freight_usd_per_t,synthetic_monthly,synthetic_route_freight_rates.csv,,R5|2025-05-01,,2026-09-05,2025-05-01,2025-05-01,synthetic_route_freight_rates.csv,synthetic,Synthetic MVP development data; not broker/public observed freight quotes.,low,1.0
synth-00686,2025-06-01,Port Hedland,Chennai,R5,Iron Ore,Capesize,140000,14.94,freight_usd_per_t,synthetic_monthly,synthetic_route_freight_rates.csv,,R5|2025-06-01,,2026-09-05,2025-06-01,2025-06-01,synthetic_route_freight_rates.csv,synthetic,Synthetic MVP development data; not broker/public observed freight quotes.,low,1.0
synth-00687,2025-07-01,Port Hedland,Chennai,R5,Iron Ore,Capesize,140000,13.65,freight_usd_per_t,synthetic_monthly,synthetic_route_freight_rates.csv,,R5|2025-07-01,,2026-09-05,2025-07-01,2025-07-01,synthetic_route_freight_rates.csv,synthetic,Synthetic MVP development data; not broker/public observed freight quotes.,low,1.0
synth-00688,2025-08-01,Port Hedland,Chennai,R5,Iron Ore,Capesize,140000,11.52,freight_usd_per_t,synthetic_monthly,synthetic_route_freight_rates.csv,,R5|2025-08-01,,2026-09-05,2025-08-01,2025-08-01,synthetic_route_freight_rates.csv,synthetic,Synthetic MVP development data; not broker/public observed freight quotes.,low,1.0
synth-00689,2025-09-01,Port Hedland,Chennai,R5,Iron Ore,Capesize,140000,11.43,freight_usd_per_t,synthetic_monthly,synthetic_route_freight_rates.csv,,R5|2025-09-01,,2026-09-05,2025-09-01,2025-09-01,synthetic_route_freight_rates.csv,synthetic,Synthetic MVP development data; not broker/public observed freight quotes.,low,1.0
synth-00690,2025-10-01,Port Hedland,Chennai,R5,Iron Ore,Capesize,140000,10.48,freight_usd_per_t,synthetic_monthly,synthetic_route_freight_rates.csv,,R5|2025-10-01,,2026-09-05,2025-10-01,2025-10-01,synthetic_route_freight_rates.csv,synthetic,Synthetic MVP development data; not broker/public observed freight quotes.,low,1.0
synth-00691,2025-11-01,Port Hedland,Chennai,R5,Iron Ore,Capesize,140000,9.5,freight_usd_per_t,synthetic_monthly,synthetic_route_freight_rates.csv,,R5|2025-11-01,,2026-09-05,2025-11-01,2025-11-01,synthetic_route_freight_rates.csv,synthetic,Synthetic MVP development data; not broker/public observed freight quotes.,low,1.0
synth-00692,2025-12-01,Port Hedland,Chennai,R5,Iron Ore,Capesize,140000,10.28,freight_usd_per_t,synthetic_monthly,synthetic_route_freight_rates.csv,,R5|2025-12-01,,2026-09-05,2025-12-01,2025-12-01,synthetic_route_freight_rates.csv,synthetic,Synthetic MVP development data; not broker/public observed freight quotes.,low,1.0
synth-00693,2026-01-01,Port Hedland,Chennai,R5,Iron Ore,Capesize,140000,9.6,freight_usd_per_t,synthetic_monthly,synthetic_route_freight_rates.csv,,R5|2026-01-01,,2026-09-05,2026-01-01,2026-01-01,synthetic_route_freight_rates.csv,synthetic,Synthetic MVP development data; not broker/public observed freight quotes.,low,1.0
synth-00694,2026-02-01,Port Hedland,Chennai,R5,Iron Ore,Capesize,140000,10.4,freight_usd_per_t,synthetic_monthly,synthetic_route_freight_rates.csv,,R5|2026-02-01,,2026-09-05,2026-02-01,2026-02-01,synthetic_route_freight_rates.csv,synthetic,Synthetic MVP development data; not broker/public observed freight quotes.,low,1.0
synth-00695,2026-03-01,Port Hedland,Chennai,R5,Iron Ore,Capesize,140000,10.53,freight_usd_per_t,synthetic_monthly,synthetic_route_freight_rates.csv,,R5|2026-03-01,,2026-09-05,2026-03-01,2026-03-01,synthetic_route_freight_rates.csv,synthetic,Synthetic MVP development data; not broker/public observed freight quotes.,low,1.0
synth-00696,2026-04-01,Port Hedland,Chennai,R5,Iron Ore,Capesize,140000,11.43,freight_usd_per_t,synthetic_monthly,synthetic_route_freight_rates.csv,,R5|2026-04-01,,2026-09-05,2026-04-01,2026-04-01,synthetic_route_freight_rates.csv,synthetic,Synthetic MVP development data; not broker/public observed freight quotes.,low,1.0
synth-00697,2026-05-01,Port Hedland,Chennai,R5,Iron Ore,Capesize,140000,11.36,freight_usd_per_t,synthetic_monthly,synthetic_route_freight_rates.csv,,R5|2026-05-01,,2026-09-05,2026-05-01,2026-05-01,synthetic_route_freight_rates.csv,synthetic,Synthetic MVP development data; not broker/public observed freight quotes.,low,1.0
synth-00698,2026-06-01,Port Hedland,Chennai,R5,Iron Ore,Capesize,140000,10.18,freight_usd_per_t,synthetic_monthly,synthetic_route_freight_rates.csv,,R5|2026-06-01,,2026-09-05,2026-06-01,2026-06-01,synthetic_route_freight_rates.csv,synthetic,Synthetic MVP development data; not broker/public observed freight quotes.,low,1.0
synth-00699,2026-07-01,Port Hedland,Chennai,R5,Iron Ore,Capesize,140000,11.2,freight_usd_per_t,synthetic_monthly,synthetic_route_freight_rates.csv,,R5|2026-07-01,,2026-09-05,2026-07-01,2026-07-01,synthetic_route_freight_rates.csv,synthetic,Synthetic MVP development data; not broker/public observed freight quotes.,low,1.0
synth-00700,2026-08-01,Port Hedland,Chennai,R5,Iron Ore,Capesize,140000,9.51,freight_usd_per_t,synthetic_monthly,synthetic_route_freight_rates.csv,,R5|2026-08-01,,2026-09-05,2026-08-01,2026-08-01,synthetic_route_freight_rates.csv,synthetic,Synthetic MVP development data; not broker/public observed freight quotes.,low,1.0
synth-00701,2015-01-01,Norfolk,Haldia,R6,Bulk Minerals And Ores,Panamax,140000,11.54,freight_usd_per_t,synthetic_monthly,synthetic_route_freight_rates.csv,,R6|2015-01-01,,2026-09-05,2015-01-01,2015-01-01,synthetic_route_freight_rates.csv,synthetic,Synthetic MVP development data; not broker/public observed freight quotes.,low,1.0
synth-00702,2015-02-01,Norfolk,Haldia,R6,Bulk Minerals And Ores,Panamax,140000,12.4,freight_usd_per_t,synthetic_monthly,synthetic_route_freight_rates.csv,,R6|2015-02-01,,2026-09-05,2015-02-01,2015-02-01,synthetic_route_freight_rates.csv,synthetic,Synthetic MVP development data; not broker/public observed freight quotes.,low,1.0
synth-00703,2015-03-01,Norfolk,Haldia,R6,Bulk Minerals And Ores,Panamax,140000,11.97,freight_usd_per_t,synthetic_monthly,synthetic_route_freight_rates.csv,,R6|2015-03-01,,2026-09-05,2015-03-01,2015-03-01,synthetic_route_freight_rates.csv,synthetic,Synthetic MVP development data; not broker/public observed freight quotes.,low,1.0
synth-00704,2015-04-01,Norfolk,Haldia,R6,Bulk Minerals And Ores,Panamax,140000,13.85,freight_usd_per_t,synthetic_monthly,synthetic_route_freight_rates.csv,,R6|2015-04-01,,2026-09-05,2015-04-01,2015-04-01,synthetic_route_freight_rates.csv,synthetic,Synthetic MVP development data; not broker/public observed freight quotes.,low,1.0
synth-00705,2015-05-01,Norfolk,Haldia,R6,Bulk Minerals And Ores,Panamax,140000,12.76,freight_usd_per_t,synthetic_monthly,synthetic_route_freight_rates.csv,,R6|2015-05-01,,2026-09-05,2015-05-01,2015-05-01,synthetic_route_freight_rates.csv,synthetic,Synthetic MVP development data; not broker/public observed freight quotes.,low,1.0
synth-00706,2015-06-01,Norfolk,Haldia,R6,Bulk Minerals And Ores,Panamax,140000,12.77,freight_usd_per_t,synthetic_monthly,synthetic_route_freight_rates.csv,,R6|2015-06-01,,2026-09-05,2015-06-01,2015-06-01,synthetic_route_freight_rates.csv,synthetic,Synthetic MVP development data; not broker/public observed freight quotes.,low,1.0
synth-00707,2015-07-01,Norfolk,Haldia,R6,Bulk Minerals And Ores,Panamax,140000,13.02,freight_usd_per_t,synthetic_monthly,synthetic_route_freight_rates.csv,,R6|2015-07-01,,2026-09-05,2015-07-01,2015-07-01,synthetic_route_freight_rates.csv,synthetic,Synthetic MVP development data; not broker/public observed freight quotes.,low,1.0
synth-00708,2015-08-01,Norfolk,Haldia,R6,Bulk Minerals And Ores,Panamax,140000,14.16,freight_usd_per_t,synthetic_monthly,synthetic_route_freight_rates.csv,,R6|2015-08-01,,2026-09-05,2015-08-01,2015-08-01,synthetic_route_freight_rates.csv,synthetic,Synthetic MVP development data; not broker/public observed freight quotes.,low,1.0
synth-00709,2015-09-01,Norfolk,Haldia,R6,Bulk Minerals And Ores,Panamax,140000,11.34,freight_usd_per_t,synthetic_monthly,synthetic_route_freight_rates.csv,,R6|2015-09-01,,2026-09-05,2015-09-01,2015-09-01,synthetic_route_freight_rates.csv,synthetic,Synthetic MVP development data; not broker/public observed freight quotes.,low,1.0
synth-00710,2015-10-01,Norfolk,Haldia,R6,Bulk Minerals And Ores,Panamax,140000,10.98,freight_usd_per_t,synthetic_monthly,synthetic_route_freight_rates.csv,,R6|2015-10-01,,2026-09-05,2015-10-01,2015-10-01,synthetic_route_freight_rates.csv,synthetic,Synthetic MVP development data; not broker/public observed freight quotes.,low,1.0
synth-00711,2015-11-01,Norfolk,Haldia,R6,Bulk Minerals And Ores,Panamax,140000,10.91,freight_usd_per_t,synthetic_monthly,synthetic_route_freight_rates.csv,,R6|2015-11-01,,2026-09-05,2015-11-01,2015-11-01,synthetic_route_freight_rates.csv,synthetic,Synthetic MVP development data; not broker/public observed freight quotes.,low,1.0
synth-00712,2015-12-01,Norfolk,Haldia,R6,Bulk Minerals And Ores,Panamax,140000,11.19,freight_usd_per_t,synthetic_monthly,synthetic_route_freight_rates.csv,,R6|2015-12-01,,2026-09-05,2015-12-01,2015-12-01,synthetic_route_freight_rates.csv,synthetic,Synthetic MVP development data; not broker/public observed freight quotes.,low,1.0
synth-00713,2016-01-01,Norfolk,Haldia,R6,Bulk Minerals And Ores,Panamax,140000,10.72,freight_usd_per_t,synthetic_monthly,synthetic_route_freight_rates.csv,,R6|2016-01-01,,2026-09-05,2016-01-01,2016-01-01,synthetic_route_freight_rates.csv,synthetic,Synthetic MVP development data; not broker/public observed freight quotes.,low,1.0
synth-00714,2016-02-01,Norfolk,Haldia,R6,Bulk Minerals And Ores,Panamax,140000,10.63,freight_usd_per_t,synthetic_monthly,synthetic_route_freight_rates.csv,,R6|2016-02-01,,2026-09-05,2016-02-01,2016-02-01,synthetic_route_freight_rates.csv,synthetic,Synthetic MVP development data; not broker/public observed freight quotes.,low,1.0
synth-00715,2016-03-01,Norfolk,Haldia,R6,Bulk Minerals And Ores,Panamax,140000,9.57,freight_usd_per_t,synthetic_monthly,synthetic_route_freight_rates.csv,,R6|2016-03-01,,2026-09-05,2016-03-01,2016-03-01,synthetic_route_freight_rates.csv,synthetic,Synthetic MVP development data; not broker/public observed freight quotes.,low,1.0
synth-00716,2016-04-01,Norfolk,Haldia,R6,Bulk Minerals And Ores,Panamax,140000,8.22,freight_usd_per_t,synthetic_monthly,synthetic_route_freight_rates.csv,,R6|2016-04-01,,2026-09-05,2016-04-01,2016-04-01,synthetic_route_freight_rates.csv,synthetic,Synthetic MVP development data; not broker/public observed freight quotes.,low,1.0
synth-00717,2016-05-01,Norfolk,Haldia,R6,Bulk Minerals And Ores,Panamax,140000,7.0,freight_usd_per_t,synthetic_monthly,synthetic_route_freight_rates.csv,,R6|2016-05-01,,2026-09-05,2016-05-01,2016-05-01,synthetic_route_freight_rates.csv,synthetic,Synthetic MVP development data; not broker/public observed freight quotes.,low,1.0
synth-00718,2016-06-01,Norfolk,Haldia,R6,Bulk Minerals And Ores,Panamax,140000,7.76,freight_usd_per_t,synthetic_monthly,synthetic_route_freight_rates.csv,,R6|2016-06-01,,2026-09-05,2016-06-01,2016-06-01,synthetic_route_freight_rates.csv,synthetic,Synthetic MVP development data; not broker/public observed freight quotes.,low,1.0
synth-00719,2016-07-01,Norfolk,Haldia,R6,Bulk Minerals And Ores,Panamax,140000,6.03,freight_usd_per_t,synthetic_monthly,synthetic_route_freight_rates.csv,,R6|2016-07-01,,2026-09-05,2016-07-01,2016-07-01,synthetic_route_freight_rates.csv,synthetic,Synthetic MVP development data; not broker/public observed freight quotes.,low,1.0
synth-00720,2016-08-01,Norfolk,Haldia,R6,Bulk Minerals And Ores,Panamax,140000,4.82,freight_usd_per_t,synthetic_monthly,synthetic_route_freight_rates.csv,,R6|2016-08-01,,2026-09-05,2016-08-01,2016-08-01,synthetic_route_freight_rates.csv,synthetic,Synthetic MVP development data; not broker/public observed freight quotes.,low,1.0
synth-00721,2016-09-01,Norfolk,Haldia,R6,Bulk Minerals And Ores,Panamax,140000,6.11,freight_usd_per_t,synthetic_monthly,synthetic_route_freight_rates.csv,,R6|2016-09-01,,2026-09-05,2016-09-01,2016-09-01,synthetic_route_freight_rates.csv,synthetic,Synthetic MVP development data; not broker/public observed freight quotes.,low,1.0
synth-00722,2016-10-01,Norfolk,Haldia,R6,Bulk Minerals And Ores,Panamax,140000,5.39,freight_usd_per_t,synthetic_monthly,synthetic_route_freight_rates.csv,,R6|2016-10-01,,2026-09-05,2016-10-01,2016-10-01,synthetic_route_freight_rates.csv,synthetic,Synthetic MVP development data; not broker/public observed freight quotes.,low,1.0
synth-00723,2016-11-01,Norfolk,Haldia,R6,Bulk Minerals And Ores,Panamax,140000,7.16,freight_usd_per_t,synthetic_monthly,synthetic_route_freight_rates.csv,,R6|2016-11-01,,2026-09-05,2016-11-01,2016-11-01,synthetic_route_freight_rates.csv,synthetic,Synthetic MVP development data; not broker/public observed freight quotes.,low,1.0
synth-00724,2016-12-01,Norfolk,Haldia,R6,Bulk Minerals And Ores,Panamax,140000,7.06,freight_usd_per_t,synthetic_monthly,synthetic_route_freight_rates.csv,,R6|2016-12-01,,2026-09-05,2016-12-01,2016-12-01,synthetic_route_freight_rates.csv,synthetic,Synthetic MVP development data; not broker/public observed freight quotes.,low,1.0
synth-00725,2017-01-01,Norfolk,Haldia,R6,Bulk Minerals And Ores,Panamax,140000,11.92,freight_usd_per_t,synthetic_monthly,synthetic_route_freight_rates.csv,,R6|2017-01-01,,2026-09-05,2017-01-01,2017-01-01,synthetic_route_freight_rates.csv,synthetic,Synthetic MVP development data; not broker/public observed freight quotes.,low,1.0
synth-00726,2017-02-01,Norfolk,Haldia,R6,Bulk Minerals And Ores,Panamax,140000,12.98,freight_usd_per_t,synthetic_monthly,synthetic_route_freight_rates.csv,,R6|2017-02-01,,2026-09-05,2017-02-01,2017-02-01,synthetic_route_freight_rates.csv,synthetic,Synthetic MVP development data; not broker/public observed freight quotes.,low,1.0
synth-00727,2017-03-01,Norfolk,Haldia,R6,Bulk Minerals And Ores,Panamax,140000,12.97,freight_usd_per_t,synthetic_monthly,synthetic_route_freight_rates.csv,,R6|2017-03-01,,2026-09-05,2017-03-01,2017-03-01,synthetic_route_freight_rates.csv,synthetic,Synthetic MVP development data; not broker/public observed freight quotes.,low,1.0
synth-00728,2017-04-01,Norfolk,Haldia,R6,Bulk Minerals And Ores,Panamax,140000,13.4,freight_usd_per_t,synthetic_monthly,synthetic_route_freight_rates.csv,,R6|2017-04-01,,2026-09-05,2017-04-01,2017-04-01,synthetic_route_freight_rates.csv,synthetic,Synthetic MVP development data; not broker/public observed freight quotes.,low,1.0
synth-00729,2017-05-01,Norfolk,Haldia,R6,Bulk Minerals And Ores,Panamax,140000,12.79,freight_usd_per_t,synthetic_monthly,synthetic_route_freight_rates.csv,,R6|2017-05-01,,2026-09-05,2017-05-01,2017-05-01,synthetic_route_freight_rates.csv,synthetic,Synthetic MVP development data; not broker/public observed freight quotes.,low,1.0
synth-00730,2017-06-01,Norfolk,Haldia,R6,Bulk Minerals And Ores,Panamax,140000,13.84,freight_usd_per_t,synthetic_monthly,synthetic_route_freight_rates.csv,,R6|2017-06-01,,2026-09-05,2017-06-01,2017-06-01,synthetic_route_freight_rates.csv,synthetic,Synthetic MVP development data; not broker/public observed freight quotes.,low,1.0
synth-00731,2017-07-01,Norfolk,Haldia,R6,Bulk Minerals And Ores,Panamax,140000,11.42,freight_usd_per_t,synthetic_monthly,synthetic_route_freight_rates.csv,,R6|2017-07-01,,2026-09-05,2017-07-01,2017-07-01,synthetic_route_freight_rates.csv,synthetic,Synthetic MVP development data; not broker/public observed freight quotes.,low,1.0
synth-00732,2017-08-01,Norfolk,Haldia,R6,Bulk Minerals And Ores,Panamax,140000,12.26,freight_usd_per_t,synthetic_monthly,synthetic_route_freight_rates.csv,,R6|2017-08-01,,2026-09-05,2017-08-01,2017-08-01,synthetic_route_freight_rates.csv,synthetic,Synthetic MVP development data; not broker/public observed freight quotes.,low,1.0
synth-00733,2017-09-01,Norfolk,Haldia,R6,Bulk Minerals And Ores,Panamax,140000,11.78,freight_usd_per_t,synthetic_monthly,synthetic_route_freight_rates.csv,,R6|2017-09-01,,2026-09-05,2017-09-01,2017-09-01,synthetic_route_freight_rates.csv,synthetic,Synthetic MVP development data; not broker/public observed freight quotes.,low,1.0
synth-00734,2017-10-01,Norfolk,Haldia,R6,Bulk Minerals And Ores,Panamax,140000,10.79,freight_usd_per_t,synthetic_monthly,synthetic_route_freight_rates.csv,,R6|2017-10-01,,2026-09-05,2017-10-01,2017-10-01,synthetic_route_freight_rates.csv,synthetic,Synthetic MVP development data; not broker/public observed freight quotes.,low,1.0
synth-00735,2017-11-01,Norfolk,Haldia,R6,Bulk Minerals And Ores,Panamax,140000,12.57,freight_usd_per_t,synthetic_monthly,synthetic_route_freight_rates.csv,,R6|2017-11-01,,2026-09-05,2017-11-01,2017-11-01,synthetic_route_freight_rates.csv,synthetic,Synthetic MVP development data; not broker/public observed freight quotes.,low,1.0
synth-00736,2017-12-01,Norfolk,Haldia,R6,Bulk Minerals And Ores,Panamax,140000,13.63,freight_usd_per_t,synthetic_monthly,synthetic_route_freight_rates.csv,,R6|2017-12-01,,2026-09-05,2017-12-01,2017-12-01,synthetic_route_freight_rates.csv,synthetic,Synthetic MVP development data; not broker/public observed freight quotes.,low,1.0
synth-00737,2018-01-01,Norfolk,Haldia,R6,Bulk Minerals And Ores,Panamax,140000,16.57,freight_usd_per_t,synthetic_monthly,synthetic_route_freight_rates.csv,,R6|2018-01-01,,2026-09-05,2018-01-01,2018-01-01,synthetic_route_freight_rates.csv,synthetic,Synthetic MVP development data; not broker/public observed freight quotes.,low,1.0
synth-00738,2018-02-01,Norfolk,Haldia,R6,Bulk Minerals And Ores,Panamax,140000,16.38,freight_usd_per_t,synthetic_monthly,synthetic_route_freight_rates.csv,,R6|2018-02-01,,2026-09-05,2018-02-01,2018-02-01,synthetic_route_freight_rates.csv,synthetic,Synthetic MVP development data; not broker/public observed freight quotes.,low,1.0
synth-00739,2018-03-01,Norfolk,Haldia,R6,Bulk Minerals And Ores,Panamax,140000,15.64,freight_usd_per_t,synthetic_monthly,synthetic_route_freight_rates.csv,,R6|2018-03-01,,2026-09-05,2018-03-01,2018-03-01,synthetic_route_freight_rates.csv,synthetic,Synthetic MVP development data; not broker/public observed freight quotes.,low,1.0
synth-00740,2018-04-01,Norfolk,Haldia,R6,Bulk Minerals And Ores,Panamax,140000,16.91,freight_usd_per_t,synthetic_monthly,synthetic_route_freight_rates.csv,,R6|2018-04-01,,2026-09-05,2018-04-01,2018-04-01,synthetic_route_freight_rates.csv,synthetic,Synthetic MVP development data; not broker/public observed freight quotes.,low,1.0
synth-00741,2018-05-01,Norfolk,Haldia,R6,Bulk Minerals And Ores,Panamax,140000,18.33,freight_usd_per_t,synthetic_monthly,synthetic_route_freight_rates.csv,,R6|2018-05-01,,2026-09-05,2018-05-01,2018-05-01,synthetic_route_freight_rates.csv,synthetic,Synthetic MVP development data; not broker/public observed freight quotes.,low,1.0
synth-00742,2018-06-01,Norfolk,Haldia,R6,Bulk Minerals And Ores,Panamax,140000,16.66,freight_usd_per_t,synthetic_monthly,synthetic_route_freight_rates.csv,,R6|2018-06-01,,2026-09-05,2018-06-01,2018-06-01,synthetic_route_freight_rates.csv,synthetic,Synthetic MVP development data; not broker/public observed freight quotes.,low,1.0
synth-00743,2018-07-01,Norfolk,Haldia,R6,Bulk Minerals And Ores,Panamax,140000,15.97,freight_usd_per_t,synthetic_monthly,synthetic_route_freight_rates.csv,,R6|2018-07-01,,2026-09-05,2018-07-01,2018-07-01,synthetic_route_freight_rates.csv,synthetic,Synthetic MVP development data; not broker/public observed freight quotes.,low,1.0
synth-00744,2018-08-01,Norfolk,Haldia,R6,Bulk Minerals And Ores,Panamax,140000,16.51,freight_usd_per_t,synthetic_monthly,synthetic_route_freight_rates.csv,,R6|2018-08-01,,2026-09-05,2018-08-01,2018-08-01,synthetic_route_freight_rates.csv,synthetic,Synthetic MVP development data; not broker/public observed freight quotes.,low,1.0
synth-00745,2018-09-01,Norfolk,Haldia,R6,Bulk Minerals And Ores,Panamax,140000,14.9,freight_usd_per_t,synthetic_monthly,synthetic_route_freight_rates.csv,,R6|2018-09-01,,2026-09-05,2018-09-01,2018-09-01,synthetic_route_freight_rates.csv,synthetic,Synthetic MVP development data; not broker/public observed freight quotes.,low,1.0
synth-00746,2018-10-01,Norfolk,Haldia,R6,Bulk Minerals And Ores,Panamax,140000,14.49,freight_usd_per_t,synthetic_monthly,synthetic_route_freight_rates.csv,,R6|2018-10-01,,2026-09-05,2018-10-01,2018-10-01,synthetic_route_freight_rates.csv,synthetic,Synthetic MVP development data; not broker/public observed freight quotes.,low,1.0
synth-00747,2018-11-01,Norfolk,Haldia,R6,Bulk Minerals And Ores,Panamax,140000,14.19,freight_usd_per_t,synthetic_monthly,synthetic_route_freight_rates.csv,,R6|2018-11-01,,2026-09-05,2018-11-01,2018-11-01,synthetic_route_freight_rates.csv,synthetic,Synthetic MVP development data; not broker/public observed freight quotes.,low,1.0
synth-00748,2018-12-01,Norfolk,Haldia,R6,Bulk Minerals And Ores,Panamax,140000,15.42,freight_usd_per_t,synthetic_monthly,synthetic_route_freight_rates.csv,,R6|2018-12-01,,2026-09-05,2018-12-01,2018-12-01,synthetic_route_freight_rates.csv,synthetic,Synthetic MVP development data; not broker/public observed freight quotes.,low,1.0
synth-00749,2019-01-01,Norfolk,Haldia,R6,Bulk Minerals And Ores,Panamax,140000,15.84,freight_usd_per_t,synthetic_monthly,synthetic_route_freight_rates.csv,,R6|2019-01-01,,2026-09-05,2019-01-01,2019-01-01,synthetic_route_freight_rates.csv,synthetic,Synthetic MVP development data; not broker/public observed freight quotes.,low,1.0
synth-00750,2019-02-01,Norfolk,Haldia,R6,Bulk Minerals And Ores,Panamax,140000,15.55,freight_usd_per_t,synthetic_monthly,synthetic_route_freight_rates.csv,,R6|2019-02-01,,2026-09-05,2019-02-01,2019-02-01,synthetic_route_freight_rates.csv,synthetic,Synthetic MVP development data; not broker/public observed freight quotes.,low,1.0
synth-00751,2019-03-01,Norfolk,Haldia,R6,Bulk Minerals And Ores,Panamax,140000,16.11,freight_usd_per_t,synthetic_monthly,synthetic_route_freight_rates.csv,,R6|2019-03-01,,2026-09-05,2019-03-01,2019-03-01,synthetic_route_freight_rates.csv,synthetic,Synthetic MVP development data; not broker/public observed freight quotes.,low,1.0
synth-00752,2019-04-01,Norfolk,Haldia,R6,Bulk Minerals And Ores,Panamax,140000,15.57,freight_usd_per_t,synthetic_monthly,synthetic_route_freight_rates.csv,,R6|2019-04-01,,2026-09-05,2019-04-01,2019-04-01,synthetic_route_freight_rates.csv,synthetic,Synthetic MVP development data; not broker/public observed freight quotes.,low,1.0
synth-00753,2019-05-01,Norfolk,Haldia,R6,Bulk Minerals And Ores,Panamax,140000,15.08,freight_usd_per_t,synthetic_monthly,synthetic_route_freight_rates.csv,,R6|2019-05-01,,2026-09-05,2019-05-01,2019-05-01,synthetic_route_freight_rates.csv,synthetic,Synthetic MVP development data; not broker/public observed freight quotes.,low,1.0
synth-00754,2019-06-01,Norfolk,Haldia,R6,Bulk Minerals And Ores,Panamax,140000,16.31,freight_usd_per_t,synthetic_monthly,synthetic_route_freight_rates.csv,,R6|2019-06-01,,2026-09-05,2019-06-01,2019-06-01,synthetic_route_freight_rates.csv,synthetic,Synthetic MVP development data; not broker/public observed freight quotes.,low,1.0
synth-00755,2019-07-01,Norfolk,Haldia,R6,Bulk Minerals And Ores,Panamax,140000,16.72,freight_usd_per_t,synthetic_monthly,synthetic_route_freight_rates.csv,,R6|2019-07-01,,2026-09-05,2019-07-01,2019-07-01,synthetic_route_freight_rates.csv,synthetic,Synthetic MVP development data; not broker/public observed freight quotes.,low,1.0
synth-00756,2019-08-01,Norfolk,Haldia,R6,Bulk Minerals And Ores,Panamax,140000,16.41,freight_usd_per_t,synthetic_monthly,synthetic_route_freight_rates.csv,,R6|2019-08-01,,2026-09-05,2019-08-01,2019-08-01,synthetic_route_freight_rates.csv,synthetic,Synthetic MVP development data; not broker/public observed freight quotes.,low,1.0
synth-00757,2019-09-01,Norfolk,Haldia,R6,Bulk Minerals And Ores,Panamax,140000,14.84,freight_usd_per_t,synthetic_monthly,synthetic_route_freight_rates.csv,,R6|2019-09-01,,2026-09-05,2019-09-01,2019-09-01,synthetic_route_freight_rates.csv,synthetic,Synthetic MVP development data; not broker/public observed freight quotes.,low,1.0
synth-00758,2019-10-01,Norfolk,Haldia,R6,Bulk Minerals And Ores,Panamax,140000,14.0,freight_usd_per_t,synthetic_monthly,synthetic_route_freight_rates.csv,,R6|2019-10-01,,2026-09-05,2019-10-01,2019-10-01,synthetic_route_freight_rates.csv,synthetic,Synthetic MVP development data; not broker/public observed freight quotes.,low,1.0
synth-00759,2019-11-01,Norfolk,Haldia,R6,Bulk Minerals And Ores,Panamax,140000,15.71,freight_usd_per_t,synthetic_monthly,synthetic_route_freight_rates.csv,,R6|2019-11-01,,2026-09-05,2019-11-01,2019-11-01,synthetic_route_freight_rates.csv,synthetic,Synthetic MVP development data; not broker/public observed freight quotes.,low,1.0
synth-00760,2019-12-01,Norfolk,Haldia,R6,Bulk Minerals And Ores,Panamax,140000,15.74,freight_usd_per_t,synthetic_monthly,synthetic_route_freight_rates.csv,,R6|2019-12-01,,2026-09-05,2019-12-01,2019-12-01,synthetic_route_freight_rates.csv,synthetic,Synthetic MVP development data; not broker/public observed freight quotes.,low,1.0
synth-00761,2020-01-01,Norfolk,Haldia,R6,Bulk Minerals And Ores,Panamax,140000,10.74,freight_usd_per_t,synthetic_monthly,synthetic_route_freight_rates.csv,,R6|2020-01-01,,2026-09-05,2020-01-01,2020-01-01,synthetic_route_freight_rates.csv,synthetic,Synthetic MVP development data; not broker/public observed freight quotes.,low,1.0
synth-00762,2020-02-01,Norfolk,Haldia,R6,Bulk Minerals And Ores,Panamax,140000,10.77,freight_usd_per_t,synthetic_monthly,synthetic_route_freight_rates.csv,,R6|2020-02-01,,2026-09-05,2020-02-01,2020-02-01,synthetic_route_freight_rates.csv,synthetic,Synthetic MVP development data; not broker/public observed freight quotes.,low,1.0
synth-00763,2020-03-01,Norfolk,Haldia,R6,Bulk Minerals And Ores,Panamax,140000,10.37,freight_usd_per_t,synthetic_monthly,synthetic_route_freight_rates.csv,,R6|2020-03-01,,2026-09-05,2020-03-01,2020-03-01,synthetic_route_freight_rates.csv,synthetic,Synthetic MVP development data; not broker/public observed freight quotes.,low,1.0
synth-00764,2020-04-01,Norfolk,Haldia,R6,Bulk Minerals And Ores,Panamax,140000,6.45,freight_usd_per_t,synthetic_monthly,synthetic_route_freight_rates.csv,,R6|2020-04-01,,2026-09-05,2020-04-01,2020-04-01,synthetic_route_freight_rates.csv,synthetic,Synthetic MVP development data; not broker/public observed freight quotes.,low,1.0
synth-00765,2020-05-01,Norfolk,Haldia,R6,Bulk Minerals And Ores,Panamax,140000,6.28,freight_usd_per_t,synthetic_monthly,synthetic_route_freight_rates.csv,,R6|2020-05-01,,2026-09-05,2020-05-01,2020-05-01,synthetic_route_freight_rates.csv,synthetic,Synthetic MVP development data; not broker/public observed freight quotes.,low,1.0
synth-00766,2020-06-01,Norfolk,Haldia,R6,Bulk Minerals And Ores,Panamax,140000,7.01,freight_usd_per_t,synthetic_monthly,synthetic_route_freight_rates.csv,,R6|2020-06-01,,2026-09-05,2020-06-01,2020-06-01,synthetic_route_freight_rates.csv,synthetic,Synthetic MVP development data; not broker/public observed freight quotes.,low,1.0
synth-00767,2020-07-01,Norfolk,Haldia,R6,Bulk Minerals And Ores,Panamax,140000,9.18,freight_usd_per_t,synthetic_monthly,synthetic_route_freight_rates.csv,,R6|2020-07-01,,2026-09-05,2020-07-01,2020-07-01,synthetic_route_freight_rates.csv,synthetic,Synthetic MVP development data; not broker/public observed freight quotes.,low,1.0
synth-00768,2020-08-01,Norfolk,Haldia,R6,Bulk Minerals And Ores,Panamax,140000,10.45,freight_usd_per_t,synthetic_monthly,synthetic_route_freight_rates.csv,,R6|2020-08-01,,2026-09-05,2020-08-01,2020-08-01,synthetic_route_freight_rates.csv,synthetic,Synthetic MVP development data; not broker/public observed freight quotes.,low,1.0
synth-00769,2020-09-01,Norfolk,Haldia,R6,Bulk Minerals And Ores,Panamax,140000,10.39,freight_usd_per_t,synthetic_monthly,synthetic_route_freight_rates.csv,,R6|2020-09-01,,2026-09-05,2020-09-01,2020-09-01,synthetic_route_freight_rates.csv,synthetic,Synthetic MVP development data; not broker/public observed freight quotes.,low,1.0
synth-00770,2020-10-01,Norfolk,Haldia,R6,Bulk Minerals And Ores,Panamax,140000,9.89,freight_usd_per_t,synthetic_monthly,synthetic_route_freight_rates.csv,,R6|2020-10-01,,2026-09-05,2020-10-01,2020-10-01,synthetic_route_freight_rates.csv,synthetic,Synthetic MVP development data; not broker/public observed freight quotes.,low,1.0
synth-00771,2020-11-01,Norfolk,Haldia,R6,Bulk Minerals And Ores,Panamax,140000,9.59,freight_usd_per_t,synthetic_monthly,synthetic_route_freight_rates.csv,,R6|2020-11-01,,2026-09-05,2020-11-01,2020-11-01,synthetic_route_freight_rates.csv,synthetic,Synthetic MVP development data; not broker/public observed freight quotes.,low,1.0
synth-00772,2020-12-01,Norfolk,Haldia,R6,Bulk Minerals And Ores,Panamax,140000,11.78,freight_usd_per_t,synthetic_monthly,synthetic_route_freight_rates.csv,,R6|2020-12-01,,2026-09-05,2020-12-01,2020-12-01,synthetic_route_freight_rates.csv,synthetic,Synthetic MVP development data; not broker/public observed freight quotes.,low,1.0
synth-00773,2021-01-01,Norfolk,Haldia,R6,Bulk Minerals And Ores,Panamax,140000,37.92,freight_usd_per_t,synthetic_monthly,synthetic_route_freight_rates.csv,,R6|2021-01-01,,2026-09-05,2021-01-01,2021-01-01,synthetic_route_freight_rates.csv,synthetic,Synthetic MVP development data; not broker/public observed freight quotes.,low,1.0
synth-00774,2021-02-01,Norfolk,Haldia,R6,Bulk Minerals And Ores,Panamax,140000,42.17,freight_usd_per_t,synthetic_monthly,synthetic_route_freight_rates.csv,,R6|2021-02-01,,2026-09-05,2021-02-01,2021-02-01,synthetic_route_freight_rates.csv,synthetic,Synthetic MVP development data; not broker/public observed freight quotes.,low,1.0
synth-00775,2021-03-01,Norfolk,Haldia,R6,Bulk Minerals And Ores,Panamax,140000,36.81,freight_usd_per_t,synthetic_monthly,synthetic_route_freight_rates.csv,,R6|2021-03-01,,2026-09-05,2021-03-01,2021-03-01,synthetic_route_freight_rates.csv,synthetic,Synthetic MVP development data; not broker/public observed freight quotes.,low,1.0
synth-00776,2021-04-01,Norfolk,Haldia,R6,Bulk Minerals And Ores,Panamax,140000,37.91,freight_usd_per_t,synthetic_monthly,synthetic_route_freight_rates.csv,,R6|2021-04-01,,2026-09-05,2021-04-01,2021-04-01,synthetic_route_freight_rates.csv,synthetic,Synthetic MVP development data; not broker/public observed freight quotes.,low,1.0
synth-00777,2021-05-01,Norfolk,Haldia,R6,Bulk Minerals And Ores,Panamax,140000,37.91,freight_usd_per_t,synthetic_monthly,synthetic_route_freight_rates.csv,,R6|2021-05-01,,2026-09-05,2021-05-01,2021-05-01,synthetic_route_freight_rates.csv,synthetic,Synthetic MVP development data; not broker/public observed freight quotes.,low,1.0
synth-00778,2021-06-01,Norfolk,Haldia,R6,Bulk Minerals And Ores,Panamax,140000,38.9,freight_usd_per_t,synthetic_monthly,synthetic_route_freight_rates.csv,,R6|2021-06-01,,2026-09-05,2021-06-01,2021-06-01,synthetic_route_freight_rates.csv,synthetic,Synthetic MVP development data; not broker/public observed freight quotes.,low,1.0
synth-00779,2021-07-01,Norfolk,Haldia,R6,Bulk Minerals And Ores,Panamax,140000,36.87,freight_usd_per_t,synthetic_monthly,synthetic_route_freight_rates.csv,,R6|2021-07-01,,2026-09-05,2021-07-01,2021-07-01,synthetic_route_freight_rates.csv,synthetic,Synthetic MVP development data; not broker/public observed freight quotes.,low,1.0
synth-00780,2021-08-01,Norfolk,Haldia,R6,Bulk Minerals And Ores,Panamax,140000,35.7,freight_usd_per_t,synthetic_monthly,synthetic_route_freight_rates.csv,,R6|2021-08-01,,2026-09-05,2021-08-01,2021-08-01,synthetic_route_freight_rates.csv,synthetic,Synthetic MVP development data; not broker/public observed freight quotes.,low,1.0
synth-00781,2021-09-01,Norfolk,Haldia,R6,Bulk Minerals And Ores,Panamax,140000,46.17,freight_usd_per_t,synthetic_monthly,synthetic_route_freight_rates.csv,,R6|2021-09-01,,2026-09-05,2021-09-01,2021-09-01,synthetic_route_freight_rates.csv,synthetic,Synthetic MVP development data; not broker/public observed freight quotes.,low,1.0
synth-00782,2021-10-01,Norfolk,Haldia,R6,Bulk Minerals And Ores,Panamax,140000,39.2,freight_usd_per_t,synthetic_monthly,synthetic_route_freight_rates.csv,,R6|2021-10-01,,2026-09-05,2021-10-01,2021-10-01,synthetic_route_freight_rates.csv,synthetic,Synthetic MVP development data; not broker/public observed freight quotes.,low,1.0
synth-00783,2021-11-01,Norfolk,Haldia,R6,Bulk Minerals And Ores,Panamax,140000,43.85,freight_usd_per_t,synthetic_monthly,synthetic_route_freight_rates.csv,,R6|2021-11-01,,2026-09-05,2021-11-01,2021-11-01,synthetic_route_freight_rates.csv,synthetic,Synthetic MVP development data; not broker/public observed freight quotes.,low,1.0
synth-00784,2021-12-01,Norfolk,Haldia,R6,Bulk Minerals And Ores,Panamax,140000,33.94,freight_usd_per_t,synthetic_monthly,synthetic_route_freight_rates.csv,,R6|2021-12-01,,2026-09-05,2021-12-01,2021-12-01,synthetic_route_freight_rates.csv,synthetic,Synthetic MVP development data; not broker/public observed freight quotes.,low,1.0
synth-00785,2022-01-01,Norfolk,Haldia,R6,Bulk Minerals And Ores,Panamax,140000,30.53,freight_usd_per_t,synthetic_monthly,synthetic_route_freight_rates.csv,,R6|2022-01-01,,2026-09-05,2022-01-01,2022-01-01,synthetic_route_freight_rates.csv,synthetic,Synthetic MVP development data; not broker/public observed freight quotes.,low,1.0
synth-00786,2022-02-01,Norfolk,Haldia,R6,Bulk Minerals And Ores,Panamax,140000,26.84,freight_usd_per_t,synthetic_monthly,synthetic_route_freight_rates.csv,,R6|2022-02-01,,2026-09-05,2022-02-01,2022-02-01,synthetic_route_freight_rates.csv,synthetic,Synthetic MVP development data; not broker/public observed freight quotes.,low,1.0
synth-00787,2022-03-01,Norfolk,Haldia,R6,Bulk Minerals And Ores,Panamax,140000,29.22,freight_usd_per_t,synthetic_monthly,synthetic_route_freight_rates.csv,,R6|2022-03-01,,2026-09-05,2022-03-01,2022-03-01,synthetic_route_freight_rates.csv,synthetic,Synthetic MVP development data; not broker/public observed freight quotes.,low,1.0
synth-00788,2022-04-01,Norfolk,Haldia,R6,Bulk Minerals And Ores,Panamax,140000,30.69,freight_usd_per_t,synthetic_monthly,synthetic_route_freight_rates.csv,,R6|2022-04-01,,2026-09-05,2022-04-01,2022-04-01,synthetic_route_freight_rates.csv,synthetic,Synthetic MVP development data; not broker/public observed freight quotes.,low,1.0
synth-00789,2022-05-01,Norfolk,Haldia,R6,Bulk Minerals And Ores,Panamax,140000,31.4,freight_usd_per_t,synthetic_monthly,synthetic_route_freight_rates.csv,,R6|2022-05-01,,2026-09-05,2022-05-01,2022-05-01,synthetic_route_freight_rates.csv,synthetic,Synthetic MVP development data; not broker/public observed freight quotes.,low,1.0
synth-00790,2022-06-01,Norfolk,Haldia,R6,Bulk Minerals And Ores,Panamax,140000,30.96,freight_usd_per_t,synthetic_monthly,synthetic_route_freight_rates.csv,,R6|2022-06-01,,2026-09-05,2022-06-01,2022-06-01,synthetic_route_freight_rates.csv,synthetic,Synthetic MVP development data; not broker/public observed freight quotes.,low,1.0
synth-00791,2022-07-01,Norfolk,Haldia,R6,Bulk Minerals And Ores,Panamax,140000,29.45,freight_usd_per_t,synthetic_monthly,synthetic_route_freight_rates.csv,,R6|2022-07-01,,2026-09-05,2022-07-01,2022-07-01,synthetic_route_freight_rates.csv,synthetic,Synthetic MVP development data; not broker/public observed freight quotes.,low,1.0
synth-00792,2022-08-01,Norfolk,Haldia,R6,Bulk Minerals And Ores,Panamax,140000,33.33,freight_usd_per_t,synthetic_monthly,synthetic_route_freight_rates.csv,,R6|2022-08-01,,2026-09-05,2022-08-01,2022-08-01,synthetic_route_freight_rates.csv,synthetic,Synthetic MVP development data; not broker/public observed freight quotes.,low,1.0
synth-00793,2022-09-01,Norfolk,Haldia,R6,Bulk Minerals And Ores,Panamax,140000,27.4,freight_usd_per_t,synthetic_monthly,synthetic_route_freight_rates.csv,,R6|2022-09-01,,2026-09-05,2022-09-01,2022-09-01,synthetic_route_freight_rates.csv,synthetic,Synthetic MVP development data; not broker/public observed freight quotes.,low,1.0
synth-00794,2022-10-01,Norfolk,Haldia,R6,Bulk Minerals And Ores,Panamax,140000,24.28,freight_usd_per_t,synthetic_monthly,synthetic_route_freight_rates.csv,,R6|2022-10-01,,2026-09-05,2022-10-01,2022-10-01,synthetic_route_freight_rates.csv,synthetic,Synthetic MVP development data; not broker/public observed freight quotes.,low,1.0
synth-00795,2022-11-01,Norfolk,Haldia,R6,Bulk Minerals And Ores,Panamax,140000,28.14,freight_usd_per_t,synthetic_monthly,synthetic_route_freight_rates.csv,,R6|2022-11-01,,2026-09-05,2022-11-01,2022-11-01,synthetic_route_freight_rates.csv,synthetic,Synthetic MVP development data; not broker/public observed freight quotes.,low,1.0
synth-00796,2022-12-01,Norfolk,Haldia,R6,Bulk Minerals And Ores,Panamax,140000,26.52,freight_usd_per_t,synthetic_monthly,synthetic_route_freight_rates.csv,,R6|2022-12-01,,2026-09-05,2022-12-01,2022-12-01,synthetic_route_freight_rates.csv,synthetic,Synthetic MVP development data; not broker/public observed freight quotes.,low,1.0
synth-00797,2023-01-01,Norfolk,Haldia,R6,Bulk Minerals And Ores,Panamax,140000,19.01,freight_usd_per_t,synthetic_monthly,synthetic_route_freight_rates.csv,,R6|2023-01-01,,2026-09-05,2023-01-01,2023-01-01,synthetic_route_freight_rates.csv,synthetic,Synthetic MVP development data; not broker/public observed freight quotes.,low,1.0
synth-00798,2023-02-01,Norfolk,Haldia,R6,Bulk Minerals And Ores,Panamax,140000,21.65,freight_usd_per_t,synthetic_monthly,synthetic_route_freight_rates.csv,,R6|2023-02-01,,2026-09-05,2023-02-01,2023-02-01,synthetic_route_freight_rates.csv,synthetic,Synthetic MVP development data; not broker/public observed freight quotes.,low,1.0
synth-00799,2023-03-01,Norfolk,Haldia,R6,Bulk Minerals And Ores,Panamax,140000,21.46,freight_usd_per_t,synthetic_monthly,synthetic_route_freight_rates.csv,,R6|2023-03-01,,2026-09-05,2023-03-01,2023-03-01,synthetic_route_freight_rates.csv,synthetic,Synthetic MVP development data; not broker/public observed freight quotes.,low,1.0
synth-00800,2023-04-01,Norfolk,Haldia,R6,Bulk Minerals And Ores,Panamax,140000,20.28,freight_usd_per_t,synthetic_monthly,synthetic_route_freight_rates.csv,,R6|2023-04-01,,2026-09-05,2023-04-01,2023-04-01,synthetic_route_freight_rates.csv,synthetic,Synthetic MVP development data; not broker/public observed freight quotes.,low,1.0
synth-00801,2023-05-01,Norfolk,Haldia,R6,Bulk Minerals And Ores,Panamax,140000,18.04,freight_usd_per_t,synthetic_monthly,synthetic_route_freight_rates.csv,,R6|2023-05-01,,2026-09-05,2023-05-01,2023-05-01,synthetic_route_freight_rates.csv,synthetic,Synthetic MVP development data; not broker/public observed freight quotes.,low,1.0
synth-00802,2023-06-01,Norfolk,Haldia,R6,Bulk Minerals And Ores,Panamax,140000,20.67,freight_usd_per_t,synthetic_monthly,synthetic_route_freight_rates.csv,,R6|2023-06-01,,2026-09-05,2023-06-01,2023-06-01,synthetic_route_freight_rates.csv,synthetic,Synthetic MVP development data; not broker/public observed freight quotes.,low,1.0
synth-00803,2023-07-01,Norfolk,Haldia,R6,Bulk Minerals And Ores,Panamax,140000,19.5,freight_usd_per_t,synthetic_monthly,synthetic_route_freight_rates.csv,,R6|2023-07-01,,2026-09-05,2023-07-01,2023-07-01,synthetic_route_freight_rates.csv,synthetic,Synthetic MVP development data; not broker/public observed freight quotes.,low,1.0
synth-00804,2023-08-01,Norfolk,Haldia,R6,Bulk Minerals And Ores,Panamax,140000,17.72,freight_usd_per_t,synthetic_monthly,synthetic_route_freight_rates.csv,,R6|2023-08-01,,2026-09-05,2023-08-01,2023-08-01,synthetic_route_freight_rates.csv,synthetic,Synthetic MVP development data; not broker/public observed freight quotes.,low,1.0
synth-00805,2023-09-01,Norfolk,Haldia,R6,Bulk Minerals And Ores,Panamax,140000,19.35,freight_usd_per_t,synthetic_monthly,synthetic_route_freight_rates.csv,,R6|2023-09-01,,2026-09-05,2023-09-01,2023-09-01,synthetic_route_freight_rates.csv,synthetic,Synthetic MVP development data; not broker/public observed freight quotes.,low,1.0
synth-00806,2023-10-01,Norfolk,Haldia,R6,Bulk Minerals And Ores,Panamax,140000,16.24,freight_usd_per_t,synthetic_monthly,synthetic_route_freight_rates.csv,,R6|2023-10-01,,2026-09-05,2023-10-01,2023-10-01,synthetic_route_freight_rates.csv,synthetic,Synthetic MVP development data; not broker/public observed freight quotes.,low,1.0
synth-00807,2023-11-01,Norfolk,Haldia,R6,Bulk Minerals And Ores,Panamax,140000,17.9,freight_usd_per_t,synthetic_monthly,synthetic_route_freight_rates.csv,,R6|2023-11-01,,2026-09-05,2023-11-01,2023-11-01,synthetic_route_freight_rates.csv,synthetic,Synthetic MVP development data; not broker/public observed freight quotes.,low,1.0
synth-00808,2023-12-01,Norfolk,Haldia,R6,Bulk Minerals And Ores,Panamax,140000,19.6,freight_usd_per_t,synthetic_monthly,synthetic_route_freight_rates.csv,,R6|2023-12-01,,2026-09-05,2023-12-01,2023-12-01,synthetic_route_freight_rates.csv,synthetic,Synthetic MVP development data; not broker/public observed freight quotes.,low,1.0
synth-00809,2024-01-01,Norfolk,Haldia,R6,Bulk Minerals And Ores,Panamax,140000,19.68,freight_usd_per_t,synthetic_monthly,synthetic_route_freight_rates.csv,,R6|2024-01-01,,2026-09-05,2024-01-01,2024-01-01,synthetic_route_freight_rates.csv,synthetic,Synthetic MVP development data; not broker/public observed freight quotes.,low,1.0
synth-00810,2024-02-01,Norfolk,Haldia,R6,Bulk Minerals And Ores,Panamax,140000,20.46,freight_usd_per_t,synthetic_monthly,synthetic_route_freight_rates.csv,,R6|2024-02-01,,2026-09-05,2024-02-01,2024-02-01,synthetic_route_freight_rates.csv,synthetic,Synthetic MVP development data; not broker/public observed freight quotes.,low,1.0
synth-00811,2024-03-01,Norfolk,Haldia,R6,Bulk Minerals And Ores,Panamax,140000,18.68,freight_usd_per_t,synthetic_monthly,synthetic_route_freight_rates.csv,,R6|2024-03-01,,2026-09-05,2024-03-01,2024-03-01,synthetic_route_freight_rates.csv,synthetic,Synthetic MVP development data; not broker/public observed freight quotes.,low,1.0
synth-00812,2024-04-01,Norfolk,Haldia,R6,Bulk Minerals And Ores,Panamax,140000,19.15,freight_usd_per_t,synthetic_monthly,synthetic_route_freight_rates.csv,,R6|2024-04-01,,2026-09-05,2024-04-01,2024-04-01,synthetic_route_freight_rates.csv,synthetic,Synthetic MVP development data; not broker/public observed freight quotes.,low,1.0
synth-00813,2024-05-01,Norfolk,Haldia,R6,Bulk Minerals And Ores,Panamax,140000,17.27,freight_usd_per_t,synthetic_monthly,synthetic_route_freight_rates.csv,,R6|2024-05-01,,2026-09-05,2024-05-01,2024-05-01,synthetic_route_freight_rates.csv,synthetic,Synthetic MVP development data; not broker/public observed freight quotes.,low,1.0
synth-00814,2024-06-01,Norfolk,Haldia,R6,Bulk Minerals And Ores,Panamax,140000,22.78,freight_usd_per_t,synthetic_monthly,synthetic_route_freight_rates.csv,,R6|2024-06-01,,2026-09-05,2024-06-01,2024-06-01,synthetic_route_freight_rates.csv,synthetic,Synthetic MVP development data; not broker/public observed freight quotes.,low,1.0
synth-00815,2024-07-01,Norfolk,Haldia,R6,Bulk Minerals And Ores,Panamax,140000,20.05,freight_usd_per_t,synthetic_monthly,synthetic_route_freight_rates.csv,,R6|2024-07-01,,2026-09-05,2024-07-01,2024-07-01,synthetic_route_freight_rates.csv,synthetic,Synthetic MVP development data; not broker/public observed freight quotes.,low,1.0
synth-00816,2024-08-01,Norfolk,Haldia,R6,Bulk Minerals And Ores,Panamax,140000,20.8,freight_usd_per_t,synthetic_monthly,synthetic_route_freight_rates.csv,,R6|2024-08-01,,2026-09-05,2024-08-01,2024-08-01,synthetic_route_freight_rates.csv,synthetic,Synthetic MVP development data; not broker/public observed freight quotes.,low,1.0
synth-00817,2024-09-01,Norfolk,Haldia,R6,Bulk Minerals And Ores,Panamax,140000,19.68,freight_usd_per_t,synthetic_monthly,synthetic_route_freight_rates.csv,,R6|2024-09-01,,2026-09-05,2024-09-01,2024-09-01,synthetic_route_freight_rates.csv,synthetic,Synthetic MVP development data; not broker/public observed freight quotes.,low,1.0
synth-00818,2024-10-01,Norfolk,Haldia,R6,Bulk Minerals And Ores,Panamax,140000,17.53,freight_usd_per_t,synthetic_monthly,synthetic_route_freight_rates.csv,,R6|2024-10-01,,2026-09-05,2024-10-01,2024-10-01,synthetic_route_freight_rates.csv,synthetic,Synthetic MVP development data; not broker/public observed freight quotes.,low,1.0
synth-00819,2024-11-01,Norfolk,Haldia,R6,Bulk Minerals And Ores,Panamax,140000,19.15,freight_usd_per_t,synthetic_monthly,synthetic_route_freight_rates.csv,,R6|2024-11-01,,2026-09-05,2024-11-01,2024-11-01,synthetic_route_freight_rates.csv,synthetic,Synthetic MVP development data; not broker/public observed freight quotes.,low,1.0
synth-00820,2024-12-01,Norfolk,Haldia,R6,Bulk Minerals And Ores,Panamax,140000,20.37,freight_usd_per_t,synthetic_monthly,synthetic_route_freight_rates.csv,,R6|2024-12-01,,2026-09-05,2024-12-01,2024-12-01,synthetic_route_freight_rates.csv,synthetic,Synthetic MVP development data; not broker/public observed freight quotes.,low,1.0
synth-00821,2025-01-01,Norfolk,Haldia,R6,Bulk Minerals And Ores,Panamax,140000,20.27,freight_usd_per_t,synthetic_monthly,synthetic_route_freight_rates.csv,,R6|2025-01-01,,2026-09-05,2025-01-01,2025-01-01,synthetic_route_freight_rates.csv,synthetic,Synthetic MVP development data; not broker/public observed freight quotes.,low,1.0
synth-00822,2025-02-01,Norfolk,Haldia,R6,Bulk Minerals And Ores,Panamax,140000,20.61,freight_usd_per_t,synthetic_monthly,synthetic_route_freight_rates.csv,,R6|2025-02-01,,2026-09-05,2025-02-01,2025-02-01,synthetic_route_freight_rates.csv,synthetic,Synthetic MVP development data; not broker/public observed freight quotes.,low,1.0
synth-00823,2025-03-01,Norfolk,Haldia,R6,Bulk Minerals And Ores,Panamax,140000,20.75,freight_usd_per_t,synthetic_monthly,synthetic_route_freight_rates.csv,,R6|2025-03-01,,2026-09-05,2025-03-01,2025-03-01,synthetic_route_freight_rates.csv,synthetic,Synthetic MVP development data; not broker/public observed freight quotes.,low,1.0
synth-00824,2025-04-01,Norfolk,Haldia,R6,Bulk Minerals And Ores,Panamax,140000,19.74,freight_usd_per_t,synthetic_monthly,synthetic_route_freight_rates.csv,,R6|2025-04-01,,2026-09-05,2025-04-01,2025-04-01,synthetic_route_freight_rates.csv,synthetic,Synthetic MVP development data; not broker/public observed freight quotes.,low,1.0
synth-00825,2025-05-01,Norfolk,Haldia,R6,Bulk Minerals And Ores,Panamax,140000,18.81,freight_usd_per_t,synthetic_monthly,synthetic_route_freight_rates.csv,,R6|2025-05-01,,2026-09-05,2025-05-01,2025-05-01,synthetic_route_freight_rates.csv,synthetic,Synthetic MVP development data; not broker/public observed freight quotes.,low,1.0
synth-00826,2025-06-01,Norfolk,Haldia,R6,Bulk Minerals And Ores,Panamax,140000,22.84,freight_usd_per_t,synthetic_monthly,synthetic_route_freight_rates.csv,,R6|2025-06-01,,2026-09-05,2025-06-01,2025-06-01,synthetic_route_freight_rates.csv,synthetic,Synthetic MVP development data; not broker/public observed freight quotes.,low,1.0
synth-00827,2025-07-01,Norfolk,Haldia,R6,Bulk Minerals And Ores,Panamax,140000,18.7,freight_usd_per_t,synthetic_monthly,synthetic_route_freight_rates.csv,,R6|2025-07-01,,2026-09-05,2025-07-01,2025-07-01,synthetic_route_freight_rates.csv,synthetic,Synthetic MVP development data; not broker/public observed freight quotes.,low,1.0
synth-00828,2025-08-01,Norfolk,Haldia,R6,Bulk Minerals And Ores,Panamax,140000,19.72,freight_usd_per_t,synthetic_monthly,synthetic_route_freight_rates.csv,,R6|2025-08-01,,2026-09-05,2025-08-01,2025-08-01,synthetic_route_freight_rates.csv,synthetic,Synthetic MVP development data; not broker/public observed freight quotes.,low,1.0
synth-00829,2025-09-01,Norfolk,Haldia,R6,Bulk Minerals And Ores,Panamax,140000,17.81,freight_usd_per_t,synthetic_monthly,synthetic_route_freight_rates.csv,,R6|2025-09-01,,2026-09-05,2025-09-01,2025-09-01,synthetic_route_freight_rates.csv,synthetic,Synthetic MVP development data; not broker/public observed freight quotes.,low,1.0
synth-00830,2025-10-01,Norfolk,Haldia,R6,Bulk Minerals And Ores,Panamax,140000,15.09,freight_usd_per_t,synthetic_monthly,synthetic_route_freight_rates.csv,,R6|2025-10-01,,2026-09-05,2025-10-01,2025-10-01,synthetic_route_freight_rates.csv,synthetic,Synthetic MVP development data; not broker/public observed freight quotes.,low,1.0
synth-00831,2025-11-01,Norfolk,Haldia,R6,Bulk Minerals And Ores,Panamax,140000,15.67,freight_usd_per_t,synthetic_monthly,synthetic_route_freight_rates.csv,,R6|2025-11-01,,2026-09-05,2025-11-01,2025-11-01,synthetic_route_freight_rates.csv,synthetic,Synthetic MVP development data; not broker/public observed freight quotes.,low,1.0
synth-00832,2025-12-01,Norfolk,Haldia,R6,Bulk Minerals And Ores,Panamax,140000,15.92,freight_usd_per_t,synthetic_monthly,synthetic_route_freight_rates.csv,,R6|2025-12-01,,2026-09-05,2025-12-01,2025-12-01,synthetic_route_freight_rates.csv,synthetic,Synthetic MVP development data; not broker/public observed freight quotes.,low,1.0
synth-00833,2026-01-01,Norfolk,Haldia,R6,Bulk Minerals And Ores,Panamax,140000,16.11,freight_usd_per_t,synthetic_monthly,synthetic_route_freight_rates.csv,,R6|2026-01-01,,2026-09-05,2026-01-01,2026-01-01,synthetic_route_freight_rates.csv,synthetic,Synthetic MVP development data; not broker/public observed freight quotes.,low,1.0
synth-00834,2026-02-01,Norfolk,Haldia,R6,Bulk Minerals And Ores,Panamax,140000,16.01,freight_usd_per_t,synthetic_monthly,synthetic_route_freight_rates.csv,,R6|2026-02-01,,2026-09-05,2026-02-01,2026-02-01,synthetic_route_freight_rates.csv,synthetic,Synthetic MVP development data; not broker/public observed freight quotes.,low,1.0
synth-00835,2026-03-01,Norfolk,Haldia,R6,Bulk Minerals And Ores,Panamax,140000,15.77,freight_usd_per_t,synthetic_monthly,synthetic_route_freight_rates.csv,,R6|2026-03-01,,2026-09-05,2026-03-01,2026-03-01,synthetic_route_freight_rates.csv,synthetic,Synthetic MVP development data; not broker/public observed freight quotes.,low,1.0
synth-00836,2026-04-01,Norfolk,Haldia,R6,Bulk Minerals And Ores,Panamax,140000,15.65,freight_usd_per_t,synthetic_monthly,synthetic_route_freight_rates.csv,,R6|2026-04-01,,2026-09-05,2026-04-01,2026-04-01,synthetic_route_freight_rates.csv,synthetic,Synthetic MVP development data; not broker/public observed freight quotes.,low,1.0
synth-00837,2026-05-01,Norfolk,Haldia,R6,Bulk Minerals And Ores,Panamax,140000,15.76,freight_usd_per_t,synthetic_monthly,synthetic_route_freight_rates.csv,,R6|2026-05-01,,2026-09-05,2026-05-01,2026-05-01,synthetic_route_freight_rates.csv,synthetic,Synthetic MVP development data; not broker/public observed freight quotes.,low,1.0
synth-00838,2026-06-01,Norfolk,Haldia,R6,Bulk Minerals And Ores,Panamax,140000,14.4,freight_usd_per_t,synthetic_monthly,synthetic_route_freight_rates.csv,,R6|2026-06-01,,2026-09-05,2026-06-01,2026-06-01,synthetic_route_freight_rates.csv,synthetic,Synthetic MVP development data; not broker/public observed freight quotes.,low,1.0
synth-00839,2026-07-01,Norfolk,Haldia,R6,Bulk Minerals And Ores,Panamax,140000,15.03,freight_usd_per_t,synthetic_monthly,synthetic_route_freight_rates.csv,,R6|2026-07-01,,2026-09-05,2026-07-01,2026-07-01,synthetic_route_freight_rates.csv,synthetic,Synthetic MVP development data; not broker/public observed freight quotes.,low,1.0
synth-00840,2026-08-01,Norfolk,Haldia,R6,Bulk Minerals And Ores,Panamax,140000,15.26,freight_usd_per_t,synthetic_monthly,synthetic_route_freight_rates.csv,,R6|2026-08-01,,2026-09-05,2026-08-01,2026-08-01,synthetic_route_freight_rates.csv,synthetic,Synthetic MVP development data; not broker/public observed freight quotes.,low,1.0
synth-00841,2015-01-01,Saldanha Bay,Visakhapatnam,R7,Iron Ore,Capesize,140000,8.79,freight_usd_per_t,synthetic_monthly,synthetic_route_freight_rates.csv,,R7|2015-01-01,,2026-09-05,2015-01-01,2015-01-01,synthetic_route_freight_rates.csv,synthetic,Synthetic MVP development data; not broker/public observed freight quotes.,low,1.0
synth-00842,2015-02-01,Saldanha Bay,Visakhapatnam,R7,Iron Ore,Capesize,140000,8.95,freight_usd_per_t,synthetic_monthly,synthetic_route_freight_rates.csv,,R7|2015-02-01,,2026-09-05,2015-02-01,2015-02-01,synthetic_route_freight_rates.csv,synthetic,Synthetic MVP development data; not broker/public observed freight quotes.,low,1.0
synth-00843,2015-03-01,Saldanha Bay,Visakhapatnam,R7,Iron Ore,Capesize,140000,8.82,freight_usd_per_t,synthetic_monthly,synthetic_route_freight_rates.csv,,R7|2015-03-01,,2026-09-05,2015-03-01,2015-03-01,synthetic_route_freight_rates.csv,synthetic,Synthetic MVP development data; not broker/public observed freight quotes.,low,1.0
synth-00844,2015-04-01,Saldanha Bay,Visakhapatnam,R7,Iron Ore,Capesize,140000,9.91,freight_usd_per_t,synthetic_monthly,synthetic_route_freight_rates.csv,,R7|2015-04-01,,2026-09-05,2015-04-01,2015-04-01,synthetic_route_freight_rates.csv,synthetic,Synthetic MVP development data; not broker/public observed freight quotes.,low,1.0
synth-00845,2015-05-01,Saldanha Bay,Visakhapatnam,R7,Iron Ore,Capesize,140000,9.24,freight_usd_per_t,synthetic_monthly,synthetic_route_freight_rates.csv,,R7|2015-05-01,,2026-09-05,2015-05-01,2015-05-01,synthetic_route_freight_rates.csv,synthetic,Synthetic MVP development data; not broker/public observed freight quotes.,low,1.0
synth-00846,2015-06-01,Saldanha Bay,Visakhapatnam,R7,Iron Ore,Capesize,140000,8.58,freight_usd_per_t,synthetic_monthly,synthetic_route_freight_rates.csv,,R7|2015-06-01,,2026-09-05,2015-06-01,2015-06-01,synthetic_route_freight_rates.csv,synthetic,Synthetic MVP development data; not broker/public observed freight quotes.,low,1.0
synth-00847,2015-07-01,Saldanha Bay,Visakhapatnam,R7,Iron Ore,Capesize,140000,10.08,freight_usd_per_t,synthetic_monthly,synthetic_route_freight_rates.csv,,R7|2015-07-01,,2026-09-05,2015-07-01,2015-07-01,synthetic_route_freight_rates.csv,synthetic,Synthetic MVP development data; not broker/public observed freight quotes.,low,1.0
synth-00848,2015-08-01,Saldanha Bay,Visakhapatnam,R7,Iron Ore,Capesize,140000,9.62,freight_usd_per_t,synthetic_monthly,synthetic_route_freight_rates.csv,,R7|2015-08-01,,2026-09-05,2015-08-01,2015-08-01,synthetic_route_freight_rates.csv,synthetic,Synthetic MVP development data; not broker/public observed freight quotes.,low,1.0
synth-00849,2015-09-01,Saldanha Bay,Visakhapatnam,R7,Iron Ore,Capesize,140000,8.46,freight_usd_per_t,synthetic_monthly,synthetic_route_freight_rates.csv,,R7|2015-09-01,,2026-09-05,2015-09-01,2015-09-01,synthetic_route_freight_rates.csv,synthetic,Synthetic MVP development data; not broker/public observed freight quotes.,low,1.0
synth-00850,2015-10-01,Saldanha Bay,Visakhapatnam,R7,Iron Ore,Capesize,140000,8.25,freight_usd_per_t,synthetic_monthly,synthetic_route_freight_rates.csv,,R7|2015-10-01,,2026-09-05,2015-10-01,2015-10-01,synthetic_route_freight_rates.csv,synthetic,Synthetic MVP development data; not broker/public observed freight quotes.,low,1.0
synth-00851,2015-11-01,Saldanha Bay,Visakhapatnam,R7,Iron Ore,Capesize,140000,8.32,freight_usd_per_t,synthetic_monthly,synthetic_route_freight_rates.csv,,R7|2015-11-01,,2026-09-05,2015-11-01,2015-11-01,synthetic_route_freight_rates.csv,synthetic,Synthetic MVP development data; not broker/public observed freight quotes.,low,1.0
synth-00852,2015-12-01,Saldanha Bay,Visakhapatnam,R7,Iron Ore,Capesize,140000,7.56,freight_usd_per_t,synthetic_monthly,synthetic_route_freight_rates.csv,,R7|2015-12-01,,2026-09-05,2015-12-01,2015-12-01,synthetic_route_freight_rates.csv,synthetic,Synthetic MVP development data; not broker/public observed freight quotes.,low,1.0
synth-00853,2016-01-01,Saldanha Bay,Visakhapatnam,R7,Iron Ore,Capesize,140000,7.99,freight_usd_per_t,synthetic_monthly,synthetic_route_freight_rates.csv,,R7|2016-01-01,,2026-09-05,2016-01-01,2016-01-01,synthetic_route_freight_rates.csv,synthetic,Synthetic MVP development data; not broker/public observed freight quotes.,low,1.0
synth-00854,2016-02-01,Saldanha Bay,Visakhapatnam,R7,Iron Ore,Capesize,140000,7.08,freight_usd_per_t,synthetic_monthly,synthetic_route_freight_rates.csv,,R7|2016-02-01,,2026-09-05,2016-02-01,2016-02-01,synthetic_route_freight_rates.csv,synthetic,Synthetic MVP development data; not broker/public observed freight quotes.,low,1.0
synth-00855,2016-03-01,Saldanha Bay,Visakhapatnam,R7,Iron Ore,Capesize,140000,6.2,freight_usd_per_t,synthetic_monthly,synthetic_route_freight_rates.csv,,R7|2016-03-01,,2026-09-05,2016-03-01,2016-03-01,synthetic_route_freight_rates.csv,synthetic,Synthetic MVP development data; not broker/public observed freight quotes.,low,1.0
synth-00856,2016-04-01,Saldanha Bay,Visakhapatnam,R7,Iron Ore,Capesize,140000,6.1,freight_usd_per_t,synthetic_monthly,synthetic_route_freight_rates.csv,,R7|2016-04-01,,2026-09-05,2016-04-01,2016-04-01,synthetic_route_freight_rates.csv,synthetic,Synthetic MVP development data; not broker/public observed freight quotes.,low,1.0
synth-00857,2016-05-01,Saldanha Bay,Visakhapatnam,R7,Iron Ore,Capesize,140000,5.81,freight_usd_per_t,synthetic_monthly,synthetic_route_freight_rates.csv,,R7|2016-05-01,,2026-09-05,2016-05-01,2016-05-01,synthetic_route_freight_rates.csv,synthetic,Synthetic MVP development data; not broker/public observed freight quotes.,low,1.0
synth-00858,2016-06-01,Saldanha Bay,Visakhapatnam,R7,Iron Ore,Capesize,140000,5.72,freight_usd_per_t,synthetic_monthly,synthetic_route_freight_rates.csv,,R7|2016-06-01,,2026-09-05,2016-06-01,2016-06-01,synthetic_route_freight_rates.csv,synthetic,Synthetic MVP development data; not broker/public observed freight quotes.,low,1.0
synth-00859,2016-07-01,Saldanha Bay,Visakhapatnam,R7,Iron Ore,Capesize,140000,4.4,freight_usd_per_t,synthetic_monthly,synthetic_route_freight_rates.csv,,R7|2016-07-01,,2026-09-05,2016-07-01,2016-07-01,synthetic_route_freight_rates.csv,synthetic,Synthetic MVP development data; not broker/public observed freight quotes.,low,1.0
synth-00860,2016-08-01,Saldanha Bay,Visakhapatnam,R7,Iron Ore,Capesize,140000,3.51,freight_usd_per_t,synthetic_monthly,synthetic_route_freight_rates.csv,,R7|2016-08-01,,2026-09-05,2016-08-01,2016-08-01,synthetic_route_freight_rates.csv,synthetic,Synthetic MVP development data; not broker/public observed freight quotes.,low,1.0
synth-00861,2016-09-01,Saldanha Bay,Visakhapatnam,R7,Iron Ore,Capesize,140000,4.73,freight_usd_per_t,synthetic_monthly,synthetic_route_freight_rates.csv,,R7|2016-09-01,,2026-09-05,2016-09-01,2016-09-01,synthetic_route_freight_rates.csv,synthetic,Synthetic MVP development data; not broker/public observed freight quotes.,low,1.0
synth-00862,2016-10-01,Saldanha Bay,Visakhapatnam,R7,Iron Ore,Capesize,140000,4.46,freight_usd_per_t,synthetic_monthly,synthetic_route_freight_rates.csv,,R7|2016-10-01,,2026-09-05,2016-10-01,2016-10-01,synthetic_route_freight_rates.csv,synthetic,Synthetic MVP development data; not broker/public observed freight quotes.,low,1.0
synth-00863,2016-11-01,Saldanha Bay,Visakhapatnam,R7,Iron Ore,Capesize,140000,4.87,freight_usd_per_t,synthetic_monthly,synthetic_route_freight_rates.csv,,R7|2016-11-01,,2026-09-05,2016-11-01,2016-11-01,synthetic_route_freight_rates.csv,synthetic,Synthetic MVP development data; not broker/public observed freight quotes.,low,1.0
synth-00864,2016-12-01,Saldanha Bay,Visakhapatnam,R7,Iron Ore,Capesize,140000,4.58,freight_usd_per_t,synthetic_monthly,synthetic_route_freight_rates.csv,,R7|2016-12-01,,2026-09-05,2016-12-01,2016-12-01,synthetic_route_freight_rates.csv,synthetic,Synthetic MVP development data; not broker/public observed freight quotes.,low,1.0
synth-00865,2017-01-01,Saldanha Bay,Visakhapatnam,R7,Iron Ore,Capesize,140000,9.3,freight_usd_per_t,synthetic_monthly,synthetic_route_freight_rates.csv,,R7|2017-01-01,,2026-09-05,2017-01-01,2017-01-01,synthetic_route_freight_rates.csv,synthetic,Synthetic MVP development data; not broker/public observed freight quotes.,low,1.0
synth-00866,2017-02-01,Saldanha Bay,Visakhapatnam,R7,Iron Ore,Capesize,140000,9.86,freight_usd_per_t,synthetic_monthly,synthetic_route_freight_rates.csv,,R7|2017-02-01,,2026-09-05,2017-02-01,2017-02-01,synthetic_route_freight_rates.csv,synthetic,Synthetic MVP development data; not broker/public observed freight quotes.,low,1.0
synth-00867,2017-03-01,Saldanha Bay,Visakhapatnam,R7,Iron Ore,Capesize,140000,9.76,freight_usd_per_t,synthetic_monthly,synthetic_route_freight_rates.csv,,R7|2017-03-01,,2026-09-05,2017-03-01,2017-03-01,synthetic_route_freight_rates.csv,synthetic,Synthetic MVP development data; not broker/public observed freight quotes.,low,1.0
synth-00868,2017-04-01,Saldanha Bay,Visakhapatnam,R7,Iron Ore,Capesize,140000,9.94,freight_usd_per_t,synthetic_monthly,synthetic_route_freight_rates.csv,,R7|2017-04-01,,2026-09-05,2017-04-01,2017-04-01,synthetic_route_freight_rates.csv,synthetic,Synthetic MVP development data; not broker/public observed freight quotes.,low,1.0
synth-00869,2017-05-01,Saldanha Bay,Visakhapatnam,R7,Iron Ore,Capesize,140000,9.53,freight_usd_per_t,synthetic_monthly,synthetic_route_freight_rates.csv,,R7|2017-05-01,,2026-09-05,2017-05-01,2017-05-01,synthetic_route_freight_rates.csv,synthetic,Synthetic MVP development data; not broker/public observed freight quotes.,low,1.0
synth-00870,2017-06-01,Saldanha Bay,Visakhapatnam,R7,Iron Ore,Capesize,140000,8.95,freight_usd_per_t,synthetic_monthly,synthetic_route_freight_rates.csv,,R7|2017-06-01,,2026-09-05,2017-06-01,2017-06-01,synthetic_route_freight_rates.csv,synthetic,Synthetic MVP development data; not broker/public observed freight quotes.,low,1.0
synth-00871,2017-07-01,Saldanha Bay,Visakhapatnam,R7,Iron Ore,Capesize,140000,8.97,freight_usd_per_t,synthetic_monthly,synthetic_route_freight_rates.csv,,R7|2017-07-01,,2026-09-05,2017-07-01,2017-07-01,synthetic_route_freight_rates.csv,synthetic,Synthetic MVP development data; not broker/public observed freight quotes.,low,1.0
synth-00872,2017-08-01,Saldanha Bay,Visakhapatnam,R7,Iron Ore,Capesize,140000,9.42,freight_usd_per_t,synthetic_monthly,synthetic_route_freight_rates.csv,,R7|2017-08-01,,2026-09-05,2017-08-01,2017-08-01,synthetic_route_freight_rates.csv,synthetic,Synthetic MVP development data; not broker/public observed freight quotes.,low,1.0
synth-00873,2017-09-01,Saldanha Bay,Visakhapatnam,R7,Iron Ore,Capesize,140000,10.21,freight_usd_per_t,synthetic_monthly,synthetic_route_freight_rates.csv,,R7|2017-09-01,,2026-09-05,2017-09-01,2017-09-01,synthetic_route_freight_rates.csv,synthetic,Synthetic MVP development data; not broker/public observed freight quotes.,low,1.0
synth-00874,2017-10-01,Saldanha Bay,Visakhapatnam,R7,Iron Ore,Capesize,140000,7.9,freight_usd_per_t,synthetic_monthly,synthetic_route_freight_rates.csv,,R7|2017-10-01,,2026-09-05,2017-10-01,2017-10-01,synthetic_route_freight_rates.csv,synthetic,Synthetic MVP development data; not broker/public observed freight quotes.,low,1.0
synth-00875,2017-11-01,Saldanha Bay,Visakhapatnam,R7,Iron Ore,Capesize,140000,10.0,freight_usd_per_t,synthetic_monthly,synthetic_route_freight_rates.csv,,R7|2017-11-01,,2026-09-05,2017-11-01,2017-11-01,synthetic_route_freight_rates.csv,synthetic,Synthetic MVP development data; not broker/public observed freight quotes.,low,1.0
synth-00876,2017-12-01,Saldanha Bay,Visakhapatnam,R7,Iron Ore,Capesize,140000,9.23,freight_usd_per_t,synthetic_monthly,synthetic_route_freight_rates.csv,,R7|2017-12-01,,2026-09-05,2017-12-01,2017-12-01,synthetic_route_freight_rates.csv,synthetic,Synthetic MVP development data; not broker/public observed freight quotes.,low,1.0
synth-00877,2018-01-01,Saldanha Bay,Visakhapatnam,R7,Iron Ore,Capesize,140000,12.03,freight_usd_per_t,synthetic_monthly,synthetic_route_freight_rates.csv,,R7|2018-01-01,,2026-09-05,2018-01-01,2018-01-01,synthetic_route_freight_rates.csv,synthetic,Synthetic MVP development data; not broker/public observed freight quotes.,low,1.0
synth-00878,2018-02-01,Saldanha Bay,Visakhapatnam,R7,Iron Ore,Capesize,140000,11.55,freight_usd_per_t,synthetic_monthly,synthetic_route_freight_rates.csv,,R7|2018-02-01,,2026-09-05,2018-02-01,2018-02-01,synthetic_route_freight_rates.csv,synthetic,Synthetic MVP development data; not broker/public observed freight quotes.,low,1.0
synth-00879,2018-03-01,Saldanha Bay,Visakhapatnam,R7,Iron Ore,Capesize,140000,11.26,freight_usd_per_t,synthetic_monthly,synthetic_route_freight_rates.csv,,R7|2018-03-01,,2026-09-05,2018-03-01,2018-03-01,synthetic_route_freight_rates.csv,synthetic,Synthetic MVP development data; not broker/public observed freight quotes.,low,1.0
synth-00880,2018-04-01,Saldanha Bay,Visakhapatnam,R7,Iron Ore,Capesize,140000,11.91,freight_usd_per_t,synthetic_monthly,synthetic_route_freight_rates.csv,,R7|2018-04-01,,2026-09-05,2018-04-01,2018-04-01,synthetic_route_freight_rates.csv,synthetic,Synthetic MVP development data; not broker/public observed freight quotes.,low,1.0
synth-00881,2018-05-01,Saldanha Bay,Visakhapatnam,R7,Iron Ore,Capesize,140000,12.2,freight_usd_per_t,synthetic_monthly,synthetic_route_freight_rates.csv,,R7|2018-05-01,,2026-09-05,2018-05-01,2018-05-01,synthetic_route_freight_rates.csv,synthetic,Synthetic MVP development data; not broker/public observed freight quotes.,low,1.0
synth-00882,2018-06-01,Saldanha Bay,Visakhapatnam,R7,Iron Ore,Capesize,140000,12.15,freight_usd_per_t,synthetic_monthly,synthetic_route_freight_rates.csv,,R7|2018-06-01,,2026-09-05,2018-06-01,2018-06-01,synthetic_route_freight_rates.csv,synthetic,Synthetic MVP development data; not broker/public observed freight quotes.,low,1.0
synth-00883,2018-07-01,Saldanha Bay,Visakhapatnam,R7,Iron Ore,Capesize,140000,11.95,freight_usd_per_t,synthetic_monthly,synthetic_route_freight_rates.csv,,R7|2018-07-01,,2026-09-05,2018-07-01,2018-07-01,synthetic_route_freight_rates.csv,synthetic,Synthetic MVP development data; not broker/public observed freight quotes.,low,1.0
synth-00884,2018-08-01,Saldanha Bay,Visakhapatnam,R7,Iron Ore,Capesize,140000,12.69,freight_usd_per_t,synthetic_monthly,synthetic_route_freight_rates.csv,,R7|2018-08-01,,2026-09-05,2018-08-01,2018-08-01,synthetic_route_freight_rates.csv,synthetic,Synthetic MVP development data; not broker/public observed freight quotes.,low,1.0
synth-00885,2018-09-01,Saldanha Bay,Visakhapatnam,R7,Iron Ore,Capesize,140000,11.44,freight_usd_per_t,synthetic_monthly,synthetic_route_freight_rates.csv,,R7|2018-09-01,,2026-09-05,2018-09-01,2018-09-01,synthetic_route_freight_rates.csv,synthetic,Synthetic MVP development data; not broker/public observed freight quotes.,low,1.0
synth-00886,2018-10-01,Saldanha Bay,Visakhapatnam,R7,Iron Ore,Capesize,140000,9.91,freight_usd_per_t,synthetic_monthly,synthetic_route_freight_rates.csv,,R7|2018-10-01,,2026-09-05,2018-10-01,2018-10-01,synthetic_route_freight_rates.csv,synthetic,Synthetic MVP development data; not broker/public observed freight quotes.,low,1.0
synth-00887,2018-11-01,Saldanha Bay,Visakhapatnam,R7,Iron Ore,Capesize,140000,10.09,freight_usd_per_t,synthetic_monthly,synthetic_route_freight_rates.csv,,R7|2018-11-01,,2026-09-05,2018-11-01,2018-11-01,synthetic_route_freight_rates.csv,synthetic,Synthetic MVP development data; not broker/public observed freight quotes.,low,1.0
synth-00888,2018-12-01,Saldanha Bay,Visakhapatnam,R7,Iron Ore,Capesize,140000,11.54,freight_usd_per_t,synthetic_monthly,synthetic_route_freight_rates.csv,,R7|2018-12-01,,2026-09-05,2018-12-01,2018-12-01,synthetic_route_freight_rates.csv,synthetic,Synthetic MVP development data; not broker/public observed freight quotes.,low,1.0
synth-00889,2019-01-01,Saldanha Bay,Visakhapatnam,R7,Iron Ore,Capesize,140000,11.59,freight_usd_per_t,synthetic_monthly,synthetic_route_freight_rates.csv,,R7|2019-01-01,,2026-09-05,2019-01-01,2019-01-01,synthetic_route_freight_rates.csv,synthetic,Synthetic MVP development data; not broker/public observed freight quotes.,low,1.0
synth-00890,2019-02-01,Saldanha Bay,Visakhapatnam,R7,Iron Ore,Capesize,140000,10.22,freight_usd_per_t,synthetic_monthly,synthetic_route_freight_rates.csv,,R7|2019-02-01,,2026-09-05,2019-02-01,2019-02-01,synthetic_route_freight_rates.csv,synthetic,Synthetic MVP development data; not broker/public observed freight quotes.,low,1.0
synth-00891,2019-03-01,Saldanha Bay,Visakhapatnam,R7,Iron Ore,Capesize,140000,11.16,freight_usd_per_t,synthetic_monthly,synthetic_route_freight_rates.csv,,R7|2019-03-01,,2026-09-05,2019-03-01,2019-03-01,synthetic_route_freight_rates.csv,synthetic,Synthetic MVP development data; not broker/public observed freight quotes.,low,1.0
synth-00892,2019-04-01,Saldanha Bay,Visakhapatnam,R7,Iron Ore,Capesize,140000,10.17,freight_usd_per_t,synthetic_monthly,synthetic_route_freight_rates.csv,,R7|2019-04-01,,2026-09-05,2019-04-01,2019-04-01,synthetic_route_freight_rates.csv,synthetic,Synthetic MVP development data; not broker/public observed freight quotes.,low,1.0
synth-00893,2019-05-01,Saldanha Bay,Visakhapatnam,R7,Iron Ore,Capesize,140000,10.67,freight_usd_per_t,synthetic_monthly,synthetic_route_freight_rates.csv,,R7|2019-05-01,,2026-09-05,2019-05-01,2019-05-01,synthetic_route_freight_rates.csv,synthetic,Synthetic MVP development data; not broker/public observed freight quotes.,low,1.0
synth-00894,2019-06-01,Saldanha Bay,Visakhapatnam,R7,Iron Ore,Capesize,140000,11.63,freight_usd_per_t,synthetic_monthly,synthetic_route_freight_rates.csv,,R7|2019-06-01,,2026-09-05,2019-06-01,2019-06-01,synthetic_route_freight_rates.csv,synthetic,Synthetic MVP development data; not broker/public observed freight quotes.,low,1.0
synth-00895,2019-07-01,Saldanha Bay,Visakhapatnam,R7,Iron Ore,Capesize,140000,11.15,freight_usd_per_t,synthetic_monthly,synthetic_route_freight_rates.csv,,R7|2019-07-01,,2026-09-05,2019-07-01,2019-07-01,synthetic_route_freight_rates.csv,synthetic,Synthetic MVP development data; not broker/public observed freight quotes.,low,1.0
synth-00896,2019-08-01,Saldanha Bay,Visakhapatnam,R7,Iron Ore,Capesize,140000,12.53,freight_usd_per_t,synthetic_monthly,synthetic_route_freight_rates.csv,,R7|2019-08-01,,2026-09-05,2019-08-01,2019-08-01,synthetic_route_freight_rates.csv,synthetic,Synthetic MVP development data; not broker/public observed freight quotes.,low,1.0
synth-00897,2019-09-01,Saldanha Bay,Visakhapatnam,R7,Iron Ore,Capesize,140000,10.27,freight_usd_per_t,synthetic_monthly,synthetic_route_freight_rates.csv,,R7|2019-09-01,,2026-09-05,2019-09-01,2019-09-01,synthetic_route_freight_rates.csv,synthetic,Synthetic MVP development data; not broker/public observed freight quotes.,low,1.0
synth-00898,2019-10-01,Saldanha Bay,Visakhapatnam,R7,Iron Ore,Capesize,140000,9.41,freight_usd_per_t,synthetic_monthly,synthetic_route_freight_rates.csv,,R7|2019-10-01,,2026-09-05,2019-10-01,2019-10-01,synthetic_route_freight_rates.csv,synthetic,Synthetic MVP development data; not broker/public observed freight quotes.,low,1.0
synth-00899,2019-11-01,Saldanha Bay,Visakhapatnam,R7,Iron Ore,Capesize,140000,10.95,freight_usd_per_t,synthetic_monthly,synthetic_route_freight_rates.csv,,R7|2019-11-01,,2026-09-05,2019-11-01,2019-11-01,synthetic_route_freight_rates.csv,synthetic,Synthetic MVP development data; not broker/public observed freight quotes.,low,1.0
synth-00900,2019-12-01,Saldanha Bay,Visakhapatnam,R7,Iron Ore,Capesize,140000,12.62,freight_usd_per_t,synthetic_monthly,synthetic_route_freight_rates.csv,,R7|2019-12-01,,2026-09-05,2019-12-01,2019-12-01,synthetic_route_freight_rates.csv,synthetic,Synthetic MVP development data; not broker/public observed freight quotes.,low,1.0
synth-00901,2020-01-01,Saldanha Bay,Visakhapatnam,R7,Iron Ore,Capesize,140000,8.36,freight_usd_per_t,synthetic_monthly,synthetic_route_freight_rates.csv,,R7|2020-01-01,,2026-09-05,2020-01-01,2020-01-01,synthetic_route_freight_rates.csv,synthetic,Synthetic MVP development data; not broker/public observed freight quotes.,low,1.0
synth-00902,2020-02-01,Saldanha Bay,Visakhapatnam,R7,Iron Ore,Capesize,140000,7.84,freight_usd_per_t,synthetic_monthly,synthetic_route_freight_rates.csv,,R7|2020-02-01,,2026-09-05,2020-02-01,2020-02-01,synthetic_route_freight_rates.csv,synthetic,Synthetic MVP development data; not broker/public observed freight quotes.,low,1.0
synth-00903,2020-03-01,Saldanha Bay,Visakhapatnam,R7,Iron Ore,Capesize,140000,7.97,freight_usd_per_t,synthetic_monthly,synthetic_route_freight_rates.csv,,R7|2020-03-01,,2026-09-05,2020-03-01,2020-03-01,synthetic_route_freight_rates.csv,synthetic,Synthetic MVP development data; not broker/public observed freight quotes.,low,1.0
synth-00904,2020-04-01,Saldanha Bay,Visakhapatnam,R7,Iron Ore,Capesize,140000,4.42,freight_usd_per_t,synthetic_monthly,synthetic_route_freight_rates.csv,,R7|2020-04-01,,2026-09-05,2020-04-01,2020-04-01,synthetic_route_freight_rates.csv,synthetic,Synthetic MVP development data; not broker/public observed freight quotes.,low,1.0
synth-00905,2020-05-01,Saldanha Bay,Visakhapatnam,R7,Iron Ore,Capesize,140000,4.51,freight_usd_per_t,synthetic_monthly,synthetic_route_freight_rates.csv,,R7|2020-05-01,,2026-09-05,2020-05-01,2020-05-01,synthetic_route_freight_rates.csv,synthetic,Synthetic MVP development data; not broker/public observed freight quotes.,low,1.0
synth-00906,2020-06-01,Saldanha Bay,Visakhapatnam,R7,Iron Ore,Capesize,140000,5.34,freight_usd_per_t,synthetic_monthly,synthetic_route_freight_rates.csv,,R7|2020-06-01,,2026-09-05,2020-06-01,2020-06-01,synthetic_route_freight_rates.csv,synthetic,Synthetic MVP development data; not broker/public observed freight quotes.,low,1.0
synth-00907,2020-07-01,Saldanha Bay,Visakhapatnam,R7,Iron Ore,Capesize,140000,7.43,freight_usd_per_t,synthetic_monthly,synthetic_route_freight_rates.csv,,R7|2020-07-01,,2026-09-05,2020-07-01,2020-07-01,synthetic_route_freight_rates.csv,synthetic,Synthetic MVP development data; not broker/public observed freight quotes.,low,1.0
synth-00908,2020-08-01,Saldanha Bay,Visakhapatnam,R7,Iron Ore,Capesize,140000,6.78,freight_usd_per_t,synthetic_monthly,synthetic_route_freight_rates.csv,,R7|2020-08-01,,2026-09-05,2020-08-01,2020-08-01,synthetic_route_freight_rates.csv,synthetic,Synthetic MVP development data; not broker/public observed freight quotes.,low,1.0
synth-00909,2020-09-01,Saldanha Bay,Visakhapatnam,R7,Iron Ore,Capesize,140000,7.9,freight_usd_per_t,synthetic_monthly,synthetic_route_freight_rates.csv,,R7|2020-09-01,,2026-09-05,2020-09-01,2020-09-01,synthetic_route_freight_rates.csv,synthetic,Synthetic MVP development data; not broker/public observed freight quotes.,low,1.0
synth-00910,2020-10-01,Saldanha Bay,Visakhapatnam,R7,Iron Ore,Capesize,140000,6.97,freight_usd_per_t,synthetic_monthly,synthetic_route_freight_rates.csv,,R7|2020-10-01,,2026-09-05,2020-10-01,2020-10-01,synthetic_route_freight_rates.csv,synthetic,Synthetic MVP development data; not broker/public observed freight quotes.,low,1.0
synth-00911,2020-11-01,Saldanha Bay,Visakhapatnam,R7,Iron Ore,Capesize,140000,6.89,freight_usd_per_t,synthetic_monthly,synthetic_route_freight_rates.csv,,R7|2020-11-01,,2026-09-05,2020-11-01,2020-11-01,synthetic_route_freight_rates.csv,synthetic,Synthetic MVP development data; not broker/public observed freight quotes.,low,1.0
synth-00912,2020-12-01,Saldanha Bay,Visakhapatnam,R7,Iron Ore,Capesize,140000,8.69,freight_usd_per_t,synthetic_monthly,synthetic_route_freight_rates.csv,,R7|2020-12-01,,2026-09-05,2020-12-01,2020-12-01,synthetic_route_freight_rates.csv,synthetic,Synthetic MVP development data; not broker/public observed freight quotes.,low,1.0
synth-00913,2021-01-01,Saldanha Bay,Visakhapatnam,R7,Iron Ore,Capesize,140000,28.04,freight_usd_per_t,synthetic_monthly,synthetic_route_freight_rates.csv,,R7|2021-01-01,,2026-09-05,2021-01-01,2021-01-01,synthetic_route_freight_rates.csv,synthetic,Synthetic MVP development data; not broker/public observed freight quotes.,low,1.0
synth-00914,2021-02-01,Saldanha Bay,Visakhapatnam,R7,Iron Ore,Capesize,140000,28.93,freight_usd_per_t,synthetic_monthly,synthetic_route_freight_rates.csv,,R7|2021-02-01,,2026-09-05,2021-02-01,2021-02-01,synthetic_route_freight_rates.csv,synthetic,Synthetic MVP development data; not broker/public observed freight quotes.,low,1.0
synth-00915,2021-03-01,Saldanha Bay,Visakhapatnam,R7,Iron Ore,Capesize,140000,26.28,freight_usd_per_t,synthetic_monthly,synthetic_route_freight_rates.csv,,R7|2021-03-01,,2026-09-05,2021-03-01,2021-03-01,synthetic_route_freight_rates.csv,synthetic,Synthetic MVP development data; not broker/public observed freight quotes.,low,1.0
synth-00916,2021-04-01,Saldanha Bay,Visakhapatnam,R7,Iron Ore,Capesize,140000,26.4,freight_usd_per_t,synthetic_monthly,synthetic_route_freight_rates.csv,,R7|2021-04-01,,2026-09-05,2021-04-01,2021-04-01,synthetic_route_freight_rates.csv,synthetic,Synthetic MVP development data; not broker/public observed freight quotes.,low,1.0
synth-00917,2021-05-01,Saldanha Bay,Visakhapatnam,R7,Iron Ore,Capesize,140000,26.85,freight_usd_per_t,synthetic_monthly,synthetic_route_freight_rates.csv,,R7|2021-05-01,,2026-09-05,2021-05-01,2021-05-01,synthetic_route_freight_rates.csv,synthetic,Synthetic MVP development data; not broker/public observed freight quotes.,low,1.0
synth-00918,2021-06-01,Saldanha Bay,Visakhapatnam,R7,Iron Ore,Capesize,140000,29.82,freight_usd_per_t,synthetic_monthly,synthetic_route_freight_rates.csv,,R7|2021-06-01,,2026-09-05,2021-06-01,2021-06-01,synthetic_route_freight_rates.csv,synthetic,Synthetic MVP development data; not broker/public observed freight quotes.,low,1.0
synth-00919,2021-07-01,Saldanha Bay,Visakhapatnam,R7,Iron Ore,Capesize,140000,28.31,freight_usd_per_t,synthetic_monthly,synthetic_route_freight_rates.csv,,R7|2021-07-01,,2026-09-05,2021-07-01,2021-07-01,synthetic_route_freight_rates.csv,synthetic,Synthetic MVP development data; not broker/public observed freight quotes.,low,1.0
synth-00920,2021-08-01,Saldanha Bay,Visakhapatnam,R7,Iron Ore,Capesize,140000,25.36,freight_usd_per_t,synthetic_monthly,synthetic_route_freight_rates.csv,,R7|2021-08-01,,2026-09-05,2021-08-01,2021-08-01,synthetic_route_freight_rates.csv,synthetic,Synthetic MVP development data; not broker/public observed freight quotes.,low,1.0
synth-00921,2021-09-01,Saldanha Bay,Visakhapatnam,R7,Iron Ore,Capesize,140000,33.26,freight_usd_per_t,synthetic_monthly,synthetic_route_freight_rates.csv,,R7|2021-09-01,,2026-09-05,2021-09-01,2021-09-01,synthetic_route_freight_rates.csv,synthetic,Synthetic MVP development data; not broker/public observed freight quotes.,low,1.0
synth-00922,2021-10-01,Saldanha Bay,Visakhapatnam,R7,Iron Ore,Capesize,140000,25.89,freight_usd_per_t,synthetic_monthly,synthetic_route_freight_rates.csv,,R7|2021-10-01,,2026-09-05,2021-10-01,2021-10-01,synthetic_route_freight_rates.csv,synthetic,Synthetic MVP development data; not broker/public observed freight quotes.,low,1.0
synth-00923,2021-11-01,Saldanha Bay,Visakhapatnam,R7,Iron Ore,Capesize,140000,33.66,freight_usd_per_t,synthetic_monthly,synthetic_route_freight_rates.csv,,R7|2021-11-01,,2026-09-05,2021-11-01,2021-11-01,synthetic_route_freight_rates.csv,synthetic,Synthetic MVP development data; not broker/public observed freight quotes.,low,1.0
synth-00924,2021-12-01,Saldanha Bay,Visakhapatnam,R7,Iron Ore,Capesize,140000,23.47,freight_usd_per_t,synthetic_monthly,synthetic_route_freight_rates.csv,,R7|2021-12-01,,2026-09-05,2021-12-01,2021-12-01,synthetic_route_freight_rates.csv,synthetic,Synthetic MVP development data; not broker/public observed freight quotes.,low,1.0
synth-00925,2022-01-01,Saldanha Bay,Visakhapatnam,R7,Iron Ore,Capesize,140000,20.67,freight_usd_per_t,synthetic_monthly,synthetic_route_freight_rates.csv,,R7|2022-01-01,,2026-09-05,2022-01-01,2022-01-01,synthetic_route_freight_rates.csv,synthetic,Synthetic MVP development data; not broker/public observed freight quotes.,low,1.0
synth-00926,2022-02-01,Saldanha Bay,Visakhapatnam,R7,Iron Ore,Capesize,140000,20.04,freight_usd_per_t,synthetic_monthly,synthetic_route_freight_rates.csv,,R7|2022-02-01,,2026-09-05,2022-02-01,2022-02-01,synthetic_route_freight_rates.csv,synthetic,Synthetic MVP development data; not broker/public observed freight quotes.,low,1.0
synth-00927,2022-03-01,Saldanha Bay,Visakhapatnam,R7,Iron Ore,Capesize,140000,20.55,freight_usd_per_t,synthetic_monthly,synthetic_route_freight_rates.csv,,R7|2022-03-01,,2026-09-05,2022-03-01,2022-03-01,synthetic_route_freight_rates.csv,synthetic,Synthetic MVP development data; not broker/public observed freight quotes.,low,1.0
synth-00928,2022-04-01,Saldanha Bay,Visakhapatnam,R7,Iron Ore,Capesize,140000,23.29,freight_usd_per_t,synthetic_monthly,synthetic_route_freight_rates.csv,,R7|2022-04-01,,2026-09-05,2022-04-01,2022-04-01,synthetic_route_freight_rates.csv,synthetic,Synthetic MVP development data; not broker/public observed freight quotes.,low,1.0
synth-00929,2022-05-01,Saldanha Bay,Visakhapatnam,R7,Iron Ore,Capesize,140000,20.78,freight_usd_per_t,synthetic_monthly,synthetic_route_freight_rates.csv,,R7|2022-05-01,,2026-09-05,2022-05-01,2022-05-01,synthetic_route_freight_rates.csv,synthetic,Synthetic MVP development data; not broker/public observed freight quotes.,low,1.0
synth-00930,2022-06-01,Saldanha Bay,Visakhapatnam,R7,Iron Ore,Capesize,140000,23.1,freight_usd_per_t,synthetic_monthly,synthetic_route_freight_rates.csv,,R7|2022-06-01,,2026-09-05,2022-06-01,2022-06-01,synthetic_route_freight_rates.csv,synthetic,Synthetic MVP development data; not broker/public observed freight quotes.,low,1.0
synth-00931,2022-07-01,Saldanha Bay,Visakhapatnam,R7,Iron Ore,Capesize,140000,22.08,freight_usd_per_t,synthetic_monthly,synthetic_route_freight_rates.csv,,R7|2022-07-01,,2026-09-05,2022-07-01,2022-07-01,synthetic_route_freight_rates.csv,synthetic,Synthetic MVP development data; not broker/public observed freight quotes.,low,1.0
synth-00932,2022-08-01,Saldanha Bay,Visakhapatnam,R7,Iron Ore,Capesize,140000,22.79,freight_usd_per_t,synthetic_monthly,synthetic_route_freight_rates.csv,,R7|2022-08-01,,2026-09-05,2022-08-01,2022-08-01,synthetic_route_freight_rates.csv,synthetic,Synthetic MVP development data; not broker/public observed freight quotes.,low,1.0
synth-00933,2022-09-01,Saldanha Bay,Visakhapatnam,R7,Iron Ore,Capesize,140000,21.67,freight_usd_per_t,synthetic_monthly,synthetic_route_freight_rates.csv,,R7|2022-09-01,,2026-09-05,2022-09-01,2022-09-01,synthetic_route_freight_rates.csv,synthetic,Synthetic MVP development data; not broker/public observed freight quotes.,low,1.0
synth-00934,2022-10-01,Saldanha Bay,Visakhapatnam,R7,Iron Ore,Capesize,140000,18.65,freight_usd_per_t,synthetic_monthly,synthetic_route_freight_rates.csv,,R7|2022-10-01,,2026-09-05,2022-10-01,2022-10-01,synthetic_route_freight_rates.csv,synthetic,Synthetic MVP development data; not broker/public observed freight quotes.,low,1.0
synth-00935,2022-11-01,Saldanha Bay,Visakhapatnam,R7,Iron Ore,Capesize,140000,21.13,freight_usd_per_t,synthetic_monthly,synthetic_route_freight_rates.csv,,R7|2022-11-01,,2026-09-05,2022-11-01,2022-11-01,synthetic_route_freight_rates.csv,synthetic,Synthetic MVP development data; not broker/public observed freight quotes.,low,1.0
synth-00936,2022-12-01,Saldanha Bay,Visakhapatnam,R7,Iron Ore,Capesize,140000,19.39,freight_usd_per_t,synthetic_monthly,synthetic_route_freight_rates.csv,,R7|2022-12-01,,2026-09-05,2022-12-01,2022-12-01,synthetic_route_freight_rates.csv,synthetic,Synthetic MVP development data; not broker/public observed freight quotes.,low,1.0
synth-00937,2023-01-01,Saldanha Bay,Visakhapatnam,R7,Iron Ore,Capesize,140000,13.5,freight_usd_per_t,synthetic_monthly,synthetic_route_freight_rates.csv,,R7|2023-01-01,,2026-09-05,2023-01-01,2023-01-01,synthetic_route_freight_rates.csv,synthetic,Synthetic MVP development data; not broker/public observed freight quotes.,low,1.0
synth-00938,2023-02-01,Saldanha Bay,Visakhapatnam,R7,Iron Ore,Capesize,140000,14.96,freight_usd_per_t,synthetic_monthly,synthetic_route_freight_rates.csv,,R7|2023-02-01,,2026-09-05,2023-02-01,2023-02-01,synthetic_route_freight_rates.csv,synthetic,Synthetic MVP development data; not broker/public observed freight quotes.,low,1.0
synth-00939,2023-03-01,Saldanha Bay,Visakhapatnam,R7,Iron Ore,Capesize,140000,16.65,freight_usd_per_t,synthetic_monthly,synthetic_route_freight_rates.csv,,R7|2023-03-01,,2026-09-05,2023-03-01,2023-03-01,synthetic_route_freight_rates.csv,synthetic,Synthetic MVP development data; not broker/public observed freight quotes.,low,1.0
synth-00940,2023-04-01,Saldanha Bay,Visakhapatnam,R7,Iron Ore,Capesize,140000,15.9,freight_usd_per_t,synthetic_monthly,synthetic_route_freight_rates.csv,,R7|2023-04-01,,2026-09-05,2023-04-01,2023-04-01,synthetic_route_freight_rates.csv,synthetic,Synthetic MVP development data; not broker/public observed freight quotes.,low,1.0
synth-00941,2023-05-01,Saldanha Bay,Visakhapatnam,R7,Iron Ore,Capesize,140000,13.84,freight_usd_per_t,synthetic_monthly,synthetic_route_freight_rates.csv,,R7|2023-05-01,,2026-09-05,2023-05-01,2023-05-01,synthetic_route_freight_rates.csv,synthetic,Synthetic MVP development data; not broker/public observed freight quotes.,low,1.0
synth-00942,2023-06-01,Saldanha Bay,Visakhapatnam,R7,Iron Ore,Capesize,140000,14.22,freight_usd_per_t,synthetic_monthly,synthetic_route_freight_rates.csv,,R7|2023-06-01,,2026-09-05,2023-06-01,2023-06-01,synthetic_route_freight_rates.csv,synthetic,Synthetic MVP development data; not broker/public observed freight quotes.,low,1.0
synth-00943,2023-07-01,Saldanha Bay,Visakhapatnam,R7,Iron Ore,Capesize,140000,13.58,freight_usd_per_t,synthetic_monthly,synthetic_route_freight_rates.csv,,R7|2023-07-01,,2026-09-05,2023-07-01,2023-07-01,synthetic_route_freight_rates.csv,synthetic,Synthetic MVP development data; not broker/public observed freight quotes.,low,1.0
synth-00944,2023-08-01,Saldanha Bay,Visakhapatnam,R7,Iron Ore,Capesize,140000,14.37,freight_usd_per_t,synthetic_monthly,synthetic_route_freight_rates.csv,,R7|2023-08-01,,2026-09-05,2023-08-01,2023-08-01,synthetic_route_freight_rates.csv,synthetic,Synthetic MVP development data; not broker/public observed freight quotes.,low,1.0
synth-00945,2023-09-01,Saldanha Bay,Visakhapatnam,R7,Iron Ore,Capesize,140000,13.19,freight_usd_per_t,synthetic_monthly,synthetic_route_freight_rates.csv,,R7|2023-09-01,,2026-09-05,2023-09-01,2023-09-01,synthetic_route_freight_rates.csv,synthetic,Synthetic MVP development data; not broker/public observed freight quotes.,low,1.0
synth-00946,2023-10-01,Saldanha Bay,Visakhapatnam,R7,Iron Ore,Capesize,140000,12.81,freight_usd_per_t,synthetic_monthly,synthetic_route_freight_rates.csv,,R7|2023-10-01,,2026-09-05,2023-10-01,2023-10-01,synthetic_route_freight_rates.csv,synthetic,Synthetic MVP development data; not broker/public observed freight quotes.,low,1.0
synth-00947,2023-11-01,Saldanha Bay,Visakhapatnam,R7,Iron Ore,Capesize,140000,14.89,freight_usd_per_t,synthetic_monthly,synthetic_route_freight_rates.csv,,R7|2023-11-01,,2026-09-05,2023-11-01,2023-11-01,synthetic_route_freight_rates.csv,synthetic,Synthetic MVP development data; not broker/public observed freight quotes.,low,1.0
synth-00948,2023-12-01,Saldanha Bay,Visakhapatnam,R7,Iron Ore,Capesize,140000,15.02,freight_usd_per_t,synthetic_monthly,synthetic_route_freight_rates.csv,,R7|2023-12-01,,2026-09-05,2023-12-01,2023-12-01,synthetic_route_freight_rates.csv,synthetic,Synthetic MVP development data; not broker/public observed freight quotes.,low,1.0
synth-00949,2024-01-01,Saldanha Bay,Visakhapatnam,R7,Iron Ore,Capesize,140000,14.23,freight_usd_per_t,synthetic_monthly,synthetic_route_freight_rates.csv,,R7|2024-01-01,,2026-09-05,2024-01-01,2024-01-01,synthetic_route_freight_rates.csv,synthetic,Synthetic MVP development data; not broker/public observed freight quotes.,low,1.0
synth-00950,2024-02-01,Saldanha Bay,Visakhapatnam,R7,Iron Ore,Capesize,140000,14.63,freight_usd_per_t,synthetic_monthly,synthetic_route_freight_rates.csv,,R7|2024-02-01,,2026-09-05,2024-02-01,2024-02-01,synthetic_route_freight_rates.csv,synthetic,Synthetic MVP development data; not broker/public observed freight quotes.,low,1.0
synth-00951,2024-03-01,Saldanha Bay,Visakhapatnam,R7,Iron Ore,Capesize,140000,13.77,freight_usd_per_t,synthetic_monthly,synthetic_route_freight_rates.csv,,R7|2024-03-01,,2026-09-05,2024-03-01,2024-03-01,synthetic_route_freight_rates.csv,synthetic,Synthetic MVP development data; not broker/public observed freight quotes.,low,1.0
synth-00952,2024-04-01,Saldanha Bay,Visakhapatnam,R7,Iron Ore,Capesize,140000,13.73,freight_usd_per_t,synthetic_monthly,synthetic_route_freight_rates.csv,,R7|2024-04-01,,2026-09-05,2024-04-01,2024-04-01,synthetic_route_freight_rates.csv,synthetic,Synthetic MVP development data; not broker/public observed freight quotes.,low,1.0
synth-00953,2024-05-01,Saldanha Bay,Visakhapatnam,R7,Iron Ore,Capesize,140000,13.95,freight_usd_per_t,synthetic_monthly,synthetic_route_freight_rates.csv,,R7|2024-05-01,,2026-09-05,2024-05-01,2024-05-01,synthetic_route_freight_rates.csv,synthetic,Synthetic MVP development data; not broker/public observed freight quotes.,low,1.0
synth-00954,2024-06-01,Saldanha Bay,Visakhapatnam,R7,Iron Ore,Capesize,140000,15.56,freight_usd_per_t,synthetic_monthly,synthetic_route_freight_rates.csv,,R7|2024-06-01,,2026-09-05,2024-06-01,2024-06-01,synthetic_route_freight_rates.csv,synthetic,Synthetic MVP development data; not broker/public observed freight quotes.,low,1.0
synth-00955,2024-07-01,Saldanha Bay,Visakhapatnam,R7,Iron Ore,Capesize,140000,15.25,freight_usd_per_t,synthetic_monthly,synthetic_route_freight_rates.csv,,R7|2024-07-01,,2026-09-05,2024-07-01,2024-07-01,synthetic_route_freight_rates.csv,synthetic,Synthetic MVP development data; not broker/public observed freight quotes.,low,1.0
synth-00956,2024-08-01,Saldanha Bay,Visakhapatnam,R7,Iron Ore,Capesize,140000,14.34,freight_usd_per_t,synthetic_monthly,synthetic_route_freight_rates.csv,,R7|2024-08-01,,2026-09-05,2024-08-01,2024-08-01,synthetic_route_freight_rates.csv,synthetic,Synthetic MVP development data; not broker/public observed freight quotes.,low,1.0
synth-00957,2024-09-01,Saldanha Bay,Visakhapatnam,R7,Iron Ore,Capesize,140000,14.2,freight_usd_per_t,synthetic_monthly,synthetic_route_freight_rates.csv,,R7|2024-09-01,,2026-09-05,2024-09-01,2024-09-01,synthetic_route_freight_rates.csv,synthetic,Synthetic MVP development data; not broker/public observed freight quotes.,low,1.0
synth-00958,2024-10-01,Saldanha Bay,Visakhapatnam,R7,Iron Ore,Capesize,140000,11.27,freight_usd_per_t,synthetic_monthly,synthetic_route_freight_rates.csv,,R7|2024-10-01,,2026-09-05,2024-10-01,2024-10-01,synthetic_route_freight_rates.csv,synthetic,Synthetic MVP development data; not broker/public observed freight quotes.,low,1.0
synth-00959,2024-11-01,Saldanha Bay,Visakhapatnam,R7,Iron Ore,Capesize,140000,14.23,freight_usd_per_t,synthetic_monthly,synthetic_route_freight_rates.csv,,R7|2024-11-01,,2026-09-05,2024-11-01,2024-11-01,synthetic_route_freight_rates.csv,synthetic,Synthetic MVP development data; not broker/public observed freight quotes.,low,1.0
synth-00960,2024-12-01,Saldanha Bay,Visakhapatnam,R7,Iron Ore,Capesize,140000,14.81,freight_usd_per_t,synthetic_monthly,synthetic_route_freight_rates.csv,,R7|2024-12-01,,2026-09-05,2024-12-01,2024-12-01,synthetic_route_freight_rates.csv,synthetic,Synthetic MVP development data; not broker/public observed freight quotes.,low,1.0
synth-00961,2025-01-01,Saldanha Bay,Visakhapatnam,R7,Iron Ore,Capesize,140000,15.07,freight_usd_per_t,synthetic_monthly,synthetic_route_freight_rates.csv,,R7|2025-01-01,,2026-09-05,2025-01-01,2025-01-01,synthetic_route_freight_rates.csv,synthetic,Synthetic MVP development data; not broker/public observed freight quotes.,low,1.0
synth-00962,2025-02-01,Saldanha Bay,Visakhapatnam,R7,Iron Ore,Capesize,140000,12.08,freight_usd_per_t,synthetic_monthly,synthetic_route_freight_rates.csv,,R7|2025-02-01,,2026-09-05,2025-02-01,2025-02-01,synthetic_route_freight_rates.csv,synthetic,Synthetic MVP development data; not broker/public observed freight quotes.,low,1.0
synth-00963,2025-03-01,Saldanha Bay,Visakhapatnam,R7,Iron Ore,Capesize,140000,16.59,freight_usd_per_t,synthetic_monthly,synthetic_route_freight_rates.csv,,R7|2025-03-01,,2026-09-05,2025-03-01,2025-03-01,synthetic_route_freight_rates.csv,synthetic,Synthetic MVP development data; not broker/public observed freight quotes.,low,1.0
synth-00964,2025-04-01,Saldanha Bay,Visakhapatnam,R7,Iron Ore,Capesize,140000,13.84,freight_usd_per_t,synthetic_monthly,synthetic_route_freight_rates.csv,,R7|2025-04-01,,2026-09-05,2025-04-01,2025-04-01,synthetic_route_freight_rates.csv,synthetic,Synthetic MVP development data; not broker/public observed freight quotes.,low,1.0
synth-00965,2025-05-01,Saldanha Bay,Visakhapatnam,R7,Iron Ore,Capesize,140000,14.57,freight_usd_per_t,synthetic_monthly,synthetic_route_freight_rates.csv,,R7|2025-05-01,,2026-09-05,2025-05-01,2025-05-01,synthetic_route_freight_rates.csv,synthetic,Synthetic MVP development data; not broker/public observed freight quotes.,low,1.0
synth-00966,2025-06-01,Saldanha Bay,Visakhapatnam,R7,Iron Ore,Capesize,140000,14.76,freight_usd_per_t,synthetic_monthly,synthetic_route_freight_rates.csv,,R7|2025-06-01,,2026-09-05,2025-06-01,2025-06-01,synthetic_route_freight_rates.csv,synthetic,Synthetic MVP development data; not broker/public observed freight quotes.,low,1.0
synth-00967,2025-07-01,Saldanha Bay,Visakhapatnam,R7,Iron Ore,Capesize,140000,14.58,freight_usd_per_t,synthetic_monthly,synthetic_route_freight_rates.csv,,R7|2025-07-01,,2026-09-05,2025-07-01,2025-07-01,synthetic_route_freight_rates.csv,synthetic,Synthetic MVP development data; not broker/public observed freight quotes.,low,1.0
synth-00968,2025-08-01,Saldanha Bay,Visakhapatnam,R7,Iron Ore,Capesize,140000,12.53,freight_usd_per_t,synthetic_monthly,synthetic_route_freight_rates.csv,,R7|2025-08-01,,2026-09-05,2025-08-01,2025-08-01,synthetic_route_freight_rates.csv,synthetic,Synthetic MVP development data; not broker/public observed freight quotes.,low,1.0
synth-00969,2025-09-01,Saldanha Bay,Visakhapatnam,R7,Iron Ore,Capesize,140000,12.64,freight_usd_per_t,synthetic_monthly,synthetic_route_freight_rates.csv,,R7|2025-09-01,,2026-09-05,2025-09-01,2025-09-01,synthetic_route_freight_rates.csv,synthetic,Synthetic MVP development data; not broker/public observed freight quotes.,low,1.0
synth-00970,2025-10-01,Saldanha Bay,Visakhapatnam,R7,Iron Ore,Capesize,140000,13.01,freight_usd_per_t,synthetic_monthly,synthetic_route_freight_rates.csv,,R7|2025-10-01,,2026-09-05,2025-10-01,2025-10-01,synthetic_route_freight_rates.csv,synthetic,Synthetic MVP development data; not broker/public observed freight quotes.,low,1.0
synth-00971,2025-11-01,Saldanha Bay,Visakhapatnam,R7,Iron Ore,Capesize,140000,11.27,freight_usd_per_t,synthetic_monthly,synthetic_route_freight_rates.csv,,R7|2025-11-01,,2026-09-05,2025-11-01,2025-11-01,synthetic_route_freight_rates.csv,synthetic,Synthetic MVP development data; not broker/public observed freight quotes.,low,1.0
synth-00972,2025-12-01,Saldanha Bay,Visakhapatnam,R7,Iron Ore,Capesize,140000,12.18,freight_usd_per_t,synthetic_monthly,synthetic_route_freight_rates.csv,,R7|2025-12-01,,2026-09-05,2025-12-01,2025-12-01,synthetic_route_freight_rates.csv,synthetic,Synthetic MVP development data; not broker/public observed freight quotes.,low,1.0
synth-00973,2026-01-01,Saldanha Bay,Visakhapatnam,R7,Iron Ore,Capesize,140000,11.79,freight_usd_per_t,synthetic_monthly,synthetic_route_freight_rates.csv,,R7|2026-01-01,,2026-09-05,2026-01-01,2026-01-01,synthetic_route_freight_rates.csv,synthetic,Synthetic MVP development data; not broker/public observed freight quotes.,low,1.0
synth-00974,2026-02-01,Saldanha Bay,Visakhapatnam,R7,Iron Ore,Capesize,140000,12.39,freight_usd_per_t,synthetic_monthly,synthetic_route_freight_rates.csv,,R7|2026-02-01,,2026-09-05,2026-02-01,2026-02-01,synthetic_route_freight_rates.csv,synthetic,Synthetic MVP development data; not broker/public observed freight quotes.,low,1.0
synth-00975,2026-03-01,Saldanha Bay,Visakhapatnam,R7,Iron Ore,Capesize,140000,11.88,freight_usd_per_t,synthetic_monthly,synthetic_route_freight_rates.csv,,R7|2026-03-01,,2026-09-05,2026-03-01,2026-03-01,synthetic_route_freight_rates.csv,synthetic,Synthetic MVP development data; not broker/public observed freight quotes.,low,1.0
synth-00976,2026-04-01,Saldanha Bay,Visakhapatnam,R7,Iron Ore,Capesize,140000,12.86,freight_usd_per_t,synthetic_monthly,synthetic_route_freight_rates.csv,,R7|2026-04-01,,2026-09-05,2026-04-01,2026-04-01,synthetic_route_freight_rates.csv,synthetic,Synthetic MVP development data; not broker/public observed freight quotes.,low,1.0
synth-00977,2026-05-01,Saldanha Bay,Visakhapatnam,R7,Iron Ore,Capesize,140000,13.2,freight_usd_per_t,synthetic_monthly,synthetic_route_freight_rates.csv,,R7|2026-05-01,,2026-09-05,2026-05-01,2026-05-01,synthetic_route_freight_rates.csv,synthetic,Synthetic MVP development data; not broker/public observed freight quotes.,low,1.0
synth-00978,2026-06-01,Saldanha Bay,Visakhapatnam,R7,Iron Ore,Capesize,140000,11.94,freight_usd_per_t,synthetic_monthly,synthetic_route_freight_rates.csv,,R7|2026-06-01,,2026-09-05,2026-06-01,2026-06-01,synthetic_route_freight_rates.csv,synthetic,Synthetic MVP development data; not broker/public observed freight quotes.,low,1.0
synth-00979,2026-07-01,Saldanha Bay,Visakhapatnam,R7,Iron Ore,Capesize,140000,12.05,freight_usd_per_t,synthetic_monthly,synthetic_route_freight_rates.csv,,R7|2026-07-01,,2026-09-05,2026-07-01,2026-07-01,synthetic_route_freight_rates.csv,synthetic,Synthetic MVP development data; not broker/public observed freight quotes.,low,1.0
synth-00980,2026-08-01,Saldanha Bay,Visakhapatnam,R7,Iron Ore,Capesize,140000,11.31,freight_usd_per_t,synthetic_monthly,synthetic_route_freight_rates.csv,,R7|2026-08-01,,2026-09-05,2026-08-01,2026-08-01,synthetic_route_freight_rates.csv,synthetic,Synthetic MVP development data; not broker/public observed freight quotes.,low,1.0
synth-00981,2015-01-01,Newcastle,Chennai,R8,Iron Ore,Capesize,170000,10.62,freight_usd_per_t,synthetic_monthly,synthetic_route_freight_rates.csv,,R8|2015-01-01,,2026-09-05,2015-01-01,2015-01-01,synthetic_route_freight_rates.csv,synthetic,Synthetic MVP development data for Newcastle-Chennai Iron Ore; not broker/public observed freight quotes.,low,1.0
synth-00982,2015-02-01,Newcastle,Chennai,R8,Iron Ore,Capesize,170000,10.98,freight_usd_per_t,synthetic_monthly,synthetic_route_freight_rates.csv,,R8|2015-02-01,,2026-09-05,2015-02-01,2015-02-01,synthetic_route_freight_rates.csv,synthetic,Synthetic MVP development data for Newcastle-Chennai Iron Ore; not broker/public observed freight quotes.,low,1.0
synth-00983,2015-03-01,Newcastle,Chennai,R8,Iron Ore,Capesize,170000,11.01,freight_usd_per_t,synthetic_monthly,synthetic_route_freight_rates.csv,,R8|2015-03-01,,2026-09-05,2015-03-01,2015-03-01,synthetic_route_freight_rates.csv,synthetic,Synthetic MVP development data for Newcastle-Chennai Iron Ore; not broker/public observed freight quotes.,low,1.0
synth-00984,2015-04-01,Newcastle,Chennai,R8,Iron Ore,Capesize,170000,11.43,freight_usd_per_t,synthetic_monthly,synthetic_route_freight_rates.csv,,R8|2015-04-01,,2026-09-05,2015-04-01,2015-04-01,synthetic_route_freight_rates.csv,synthetic,Synthetic MVP development data for Newcastle-Chennai Iron Ore; not broker/public observed freight quotes.,low,1.0
synth-00985,2015-05-01,Newcastle,Chennai,R8,Iron Ore,Capesize,170000,10.99,freight_usd_per_t,synthetic_monthly,synthetic_route_freight_rates.csv,,R8|2015-05-01,,2026-09-05,2015-05-01,2015-05-01,synthetic_route_freight_rates.csv,synthetic,Synthetic MVP development data for Newcastle-Chennai Iron Ore; not broker/public observed freight quotes.,low,1.0
synth-00986,2015-06-01,Newcastle,Chennai,R8,Iron Ore,Capesize,170000,11.27,freight_usd_per_t,synthetic_monthly,synthetic_route_freight_rates.csv,,R8|2015-06-01,,2026-09-05,2015-06-01,2015-06-01,synthetic_route_freight_rates.csv,synthetic,Synthetic MVP development data for Newcastle-Chennai Iron Ore; not broker/public observed freight quotes.,low,1.0
synth-00987,2015-07-01,Newcastle,Chennai,R8,Iron Ore,Capesize,170000,10.77,freight_usd_per_t,synthetic_monthly,synthetic_route_freight_rates.csv,,R8|2015-07-01,,2026-09-05,2015-07-01,2015-07-01,synthetic_route_freight_rates.csv,synthetic,Synthetic MVP development data for Newcastle-Chennai Iron Ore; not broker/public observed freight quotes.,low,1.0
synth-00988,2015-08-01,Newcastle,Chennai,R8,Iron Ore,Capesize,170000,10.59,freight_usd_per_t,synthetic_monthly,synthetic_route_freight_rates.csv,,R8|2015-08-01,,2026-09-05,2015-08-01,2015-08-01,synthetic_route_freight_rates.csv,synthetic,Synthetic MVP development data for Newcastle-Chennai Iron Ore; not broker/public observed freight quotes.,low,1.0
synth-00989,2015-09-01,Newcastle,Chennai,R8,Iron Ore,Capesize,170000,11.23,freight_usd_per_t,synthetic_monthly,synthetic_route_freight_rates.csv,,R8|2015-09-01,,2026-09-05,2015-09-01,2015-09-01,synthetic_route_freight_rates.csv,synthetic,Synthetic MVP development data for Newcastle-Chennai Iron Ore; not broker/public observed freight quotes.,low,1.0
synth-00990,2015-10-01,Newcastle,Chennai,R8,Iron Ore,Capesize,170000,11.05,freight_usd_per_t,synthetic_monthly,synthetic_route_freight_rates.csv,,R8|2015-10-01,,2026-09-05,2015-10-01,2015-10-01,synthetic_route_freight_rates.csv,synthetic,Synthetic MVP development data for Newcastle-Chennai Iron Ore; not broker/public observed freight quotes.,low,1.0
synth-00991,2015-11-01,Newcastle,Chennai,R8,Iron Ore,Capesize,170000,12.03,freight_usd_per_t,synthetic_monthly,synthetic_route_freight_rates.csv,,R8|2015-11-01,,2026-09-05,2015-11-01,2015-11-01,synthetic_route_freight_rates.csv,synthetic,Synthetic MVP development data for Newcastle-Chennai Iron Ore; not broker/public observed freight quotes.,low,1.0
synth-00992,2015-12-01,Newcastle,Chennai,R8,Iron Ore,Capesize,170000,11.83,freight_usd_per_t,synthetic_monthly,synthetic_route_freight_rates.csv,,R8|2015-12-01,,2026-09-05,2015-12-01,2015-12-01,synthetic_route_freight_rates.csv,synthetic,Synthetic MVP development data for Newcastle-Chennai Iron Ore; not broker/public observed freight quotes.,low,1.0
synth-00993,2016-01-01,Newcastle,Chennai,R8,Iron Ore,Capesize,170000,12.63,freight_usd_per_t,synthetic_monthly,synthetic_route_freight_rates.csv,,R8|2016-01-01,,2026-09-05,2016-01-01,2016-01-01,synthetic_route_freight_rates.csv,synthetic,Synthetic MVP development data for Newcastle-Chennai Iron Ore; not broker/public observed freight quotes.,low,1.0
synth-00994,2016-02-01,Newcastle,Chennai,R8,Iron Ore,Capesize,170000,12.85,freight_usd_per_t,synthetic_monthly,synthetic_route_freight_rates.csv,,R8|2016-02-01,,2026-09-05,2016-02-01,2016-02-01,synthetic_route_freight_rates.csv,synthetic,Synthetic MVP development data for Newcastle-Chennai Iron Ore; not broker/public observed freight quotes.,low,1.0
synth-00995,2016-03-01,Newcastle,Chennai,R8,Iron Ore,Capesize,170000,13.24,freight_usd_per_t,synthetic_monthly,synthetic_route_freight_rates.csv,,R8|2016-03-01,,2026-09-05,2016-03-01,2016-03-01,synthetic_route_freight_rates.csv,synthetic,Synthetic MVP development data for Newcastle-Chennai Iron Ore; not broker/public observed freight quotes.,low,1.0
synth-00996,2016-04-01,Newcastle,Chennai,R8,Iron Ore,Capesize,170000,13.82,freight_usd_per_t,synthetic_monthly,synthetic_route_freight_rates.csv,,R8|2016-04-01,,2026-09-05,2016-04-01,2016-04-01,synthetic_route_freight_rates.csv,synthetic,Synthetic MVP development data for Newcastle-Chennai Iron Ore; not broker/public observed freight quotes.,low,1.0
synth-00997,2016-05-01,Newcastle,Chennai,R8,Iron Ore,Capesize,170000,13.5,freight_usd_per_t,synthetic_monthly,synthetic_route_freight_rates.csv,,R8|2016-05-01,,2026-09-05,2016-05-01,2016-05-01,synthetic_route_freight_rates.csv,synthetic,Synthetic MVP development data for Newcastle-Chennai Iron Ore; not broker/public observed freight quotes.,low,1.0
synth-00998,2016-06-01,Newcastle,Chennai,R8,Iron Ore,Capesize,170000,13.63,freight_usd_per_t,synthetic_monthly,synthetic_route_freight_rates.csv,,R8|2016-06-01,,2026-09-05,2016-06-01,2016-06-01,synthetic_route_freight_rates.csv,synthetic,Synthetic MVP development data for Newcastle-Chennai Iron Ore; not broker/public observed freight quotes.,low,1.0
synth-00999,2016-07-01,Newcastle,Chennai,R8,Iron Ore,Capesize,170000,13.12,freight_usd_per_t,synthetic_monthly,synthetic_route_freight_rates.csv,,R8|2016-07-01,,2026-09-05,2016-07-01,2016-07-01,synthetic_route_freight_rates.csv,synthetic,Synthetic MVP development data for Newcastle-Chennai Iron Ore; not broker/public observed freight quotes.,low,1.0
synth-01000,2016-08-01,Newcastle,Chennai,R8,Iron Ore,Capesize,170000,12.86,freight_usd_per_t,synthetic_monthly,synthetic_route_freight_rates.csv,,R8|2016-08-01,,2026-09-05,2016-08-01,2016-08-01,synthetic_route_freight_rates.csv,synthetic,Synthetic MVP development data for Newcastle-Chennai Iron Ore; not broker/public observed freight quotes.,low,1.0
synth-01001,2016-09-01,Newcastle,Chennai,R8,Iron Ore,Capesize,170000,12.55,freight_usd_per_t,synthetic_monthly,synthetic_route_freight_rates.csv,,R8|2016-09-01,,2026-09-05,2016-09-01,2016-09-01,synthetic_route_freight_rates.csv,synthetic,Synthetic MVP development data for Newcastle-Chennai Iron Ore; not broker/public observed freight quotes.,low,1.0
synth-01002,2016-10-01,Newcastle,Chennai,R8,Iron Ore,Capesize,170000,11.68,freight_usd_per_t,synthetic_monthly,synthetic_route_freight_rates.csv,,R8|2016-10-01,,2026-09-05,2016-10-01,2016-10-01,synthetic_route_freight_rates.csv,synthetic,Synthetic MVP development data for Newcastle-Chennai Iron Ore; not broker/public observed freight quotes.,low,1.0
synth-01003,2016-11-01,Newcastle,Chennai,R8,Iron Ore,Capesize,170000,12.11,freight_usd_per_t,synthetic_monthly,synthetic_route_freight_rates.csv,,R8|2016-11-01,,2026-09-05,2016-11-01,2016-11-01,synthetic_route_freight_rates.csv,synthetic,Synthetic MVP development data for Newcastle-Chennai Iron Ore; not broker/public observed freight quotes.,low,1.0
synth-01004,2016-12-01,Newcastle,Chennai,R8,Iron Ore,Capesize,170000,11.85,freight_usd_per_t,synthetic_monthly,synthetic_route_freight_rates.csv,,R8|2016-12-01,,2026-09-05,2016-12-01,2016-12-01,synthetic_route_freight_rates.csv,synthetic,Synthetic MVP development data for Newcastle-Chennai Iron Ore; not broker/public observed freight quotes.,low,1.0
synth-01005,2017-01-01,Newcastle,Chennai,R8,Iron Ore,Capesize,170000,11.52,freight_usd_per_t,synthetic_monthly,synthetic_route_freight_rates.csv,,R8|2017-01-01,,2026-09-05,2017-01-01,2017-01-01,synthetic_route_freight_rates.csv,synthetic,Synthetic MVP development data for Newcastle-Chennai Iron Ore; not broker/public observed freight quotes.,low,1.0
synth-01006,2017-02-01,Newcastle,Chennai,R8,Iron Ore,Capesize,170000,11.52,freight_usd_per_t,synthetic_monthly,synthetic_route_freight_rates.csv,,R8|2017-02-01,,2026-09-05,2017-02-01,2017-02-01,synthetic_route_freight_rates.csv,synthetic,Synthetic MVP development data for Newcastle-Chennai Iron Ore; not broker/public observed freight quotes.,low,1.0
synth-01007,2017-03-01,Newcastle,Chennai,R8,Iron Ore,Capesize,170000,11.22,freight_usd_per_t,synthetic_monthly,synthetic_route_freight_rates.csv,,R8|2017-03-01,,2026-09-05,2017-03-01,2017-03-01,synthetic_route_freight_rates.csv,synthetic,Synthetic MVP development data for Newcastle-Chennai Iron Ore; not broker/public observed freight quotes.,low,1.0
synth-01008,2017-04-01,Newcastle,Chennai,R8,Iron Ore,Capesize,170000,10.91,freight_usd_per_t,synthetic_monthly,synthetic_route_freight_rates.csv,,R8|2017-04-01,,2026-09-05,2017-04-01,2017-04-01,synthetic_route_freight_rates.csv,synthetic,Synthetic MVP development data for Newcastle-Chennai Iron Ore; not broker/public observed freight quotes.,low,1.0
synth-01009,2017-05-01,Newcastle,Chennai,R8,Iron Ore,Capesize,170000,10.45,freight_usd_per_t,synthetic_monthly,synthetic_route_freight_rates.csv,,R8|2017-05-01,,2026-09-05,2017-05-01,2017-05-01,synthetic_route_freight_rates.csv,synthetic,Synthetic MVP development data for Newcastle-Chennai Iron Ore; not broker/public observed freight quotes.,low,1.0
synth-01010,2017-06-01,Newcastle,Chennai,R8,Iron Ore,Capesize,170000,10.33,freight_usd_per_t,synthetic_monthly,synthetic_route_freight_rates.csv,,R8|2017-06-01,,2026-09-05,2017-06-01,2017-06-01,synthetic_route_freight_rates.csv,synthetic,Synthetic MVP development data for Newcastle-Chennai Iron Ore; not broker/public observed freight quotes.,low,1.0
synth-01011,2017-07-01,Newcastle,Chennai,R8,Iron Ore,Capesize,170000,9.87,freight_usd_per_t,synthetic_monthly,synthetic_route_freight_rates.csv,,R8|2017-07-01,,2026-09-05,2017-07-01,2017-07-01,synthetic_route_freight_rates.csv,synthetic,Synthetic MVP development data for Newcastle-Chennai Iron Ore; not broker/public observed freight quotes.,low,1.0
synth-01012,2017-08-01,Newcastle,Chennai,R8,Iron Ore,Capesize,170000,9.5,freight_usd_per_t,synthetic_monthly,synthetic_route_freight_rates.csv,,R8|2017-08-01,,2026-09-05,2017-08-01,2017-08-01,synthetic_route_freight_rates.csv,synthetic,Synthetic MVP development data for Newcastle-Chennai Iron Ore; not broker/public observed freight quotes.,low,1.0
synth-01013,2017-09-01,Newcastle,Chennai,R8,Iron Ore,Capesize,170000,9.23,freight_usd_per_t,synthetic_monthly,synthetic_route_freight_rates.csv,,R8|2017-09-01,,2026-09-05,2017-09-01,2017-09-01,synthetic_route_freight_rates.csv,synthetic,Synthetic MVP development data for Newcastle-Chennai Iron Ore; not broker/public observed freight quotes.,low,1.0
synth-01014,2017-10-01,Newcastle,Chennai,R8,Iron Ore,Capesize,170000,9.24,freight_usd_per_t,synthetic_monthly,synthetic_route_freight_rates.csv,,R8|2017-10-01,,2026-09-05,2017-10-01,2017-10-01,synthetic_route_freight_rates.csv,synthetic,Synthetic MVP development data for Newcastle-Chennai Iron Ore; not broker/public observed freight quotes.,low,1.0
synth-01015,2017-11-01,Newcastle,Chennai,R8,Iron Ore,Capesize,170000,9.71,freight_usd_per_t,synthetic_monthly,synthetic_route_freight_rates.csv,,R8|2017-11-01,,2026-09-05,2017-11-01,2017-11-01,synthetic_route_freight_rates.csv,synthetic,Synthetic MVP development data for Newcastle-Chennai Iron Ore; not broker/public observed freight quotes.,low,1.0
synth-01016,2017-12-01,Newcastle,Chennai,R8,Iron Ore,Capesize,170000,10.16,freight_usd_per_t,synthetic_monthly,synthetic_route_freight_rates.csv,,R8|2017-12-01,,2026-09-05,2017-12-01,2017-12-01,synthetic_route_freight_rates.csv,synthetic,Synthetic MVP development data for Newcastle-Chennai Iron Ore; not broker/public observed freight quotes.,low,1.0
synth-01017,2018-01-01,Newcastle,Chennai,R8,Iron Ore,Capesize,170000,10.4,freight_usd_per_t,synthetic_monthly,synthetic_route_freight_rates.csv,,R8|2018-01-01,,2026-09-05,2018-01-01,2018-01-01,synthetic_route_freight_rates.csv,synthetic,Synthetic MVP development data for Newcastle-Chennai Iron Ore; not broker/public observed freight quotes.,low,1.0
synth-01018,2018-02-01,Newcastle,Chennai,R8,Iron Ore,Capesize,170000,10.26,freight_usd_per_t,synthetic_monthly,synthetic_route_freight_rates.csv,,R8|2018-02-01,,2026-09-05,2018-02-01,2018-02-01,synthetic_route_freight_rates.csv,synthetic,Synthetic MVP development data for Newcastle-Chennai Iron Ore; not broker/public observed freight quotes.,low,1.0
synth-01019,2018-03-01,Newcastle,Chennai,R8,Iron Ore,Capesize,170000,9.72,freight_usd_per_t,synthetic_monthly,synthetic_route_freight_rates.csv,,R8|2018-03-01,,2026-09-05,2018-03-01,2018-03-01,synthetic_route_freight_rates.csv,synthetic,Synthetic MVP development data for Newcastle-Chennai Iron Ore; not broker/public observed freight quotes.,low,1.0
synth-01020,2018-04-01,Newcastle,Chennai,R8,Iron Ore,Capesize,170000,10.23,freight_usd_per_t,synthetic_monthly,synthetic_route_freight_rates.csv,,R8|2018-04-01,,2026-09-05,2018-04-01,2018-04-01,synthetic_route_freight_rates.csv,synthetic,Synthetic MVP development data for Newcastle-Chennai Iron Ore; not broker/public observed freight quotes.,low,1.0
synth-01021,2018-05-01,Newcastle,Chennai,R8,Iron Ore,Capesize,170000,9.5,freight_usd_per_t,synthetic_monthly,synthetic_route_freight_rates.csv,,R8|2018-05-01,,2026-09-05,2018-05-01,2018-05-01,synthetic_route_freight_rates.csv,synthetic,Synthetic MVP development data for Newcastle-Chennai Iron Ore; not broker/public observed freight quotes.,low,1.0
synth-01022,2018-06-01,Newcastle,Chennai,R8,Iron Ore,Capesize,170000,9.3,freight_usd_per_t,synthetic_monthly,synthetic_route_freight_rates.csv,,R8|2018-06-01,,2026-09-05,2018-06-01,2018-06-01,synthetic_route_freight_rates.csv,synthetic,Synthetic MVP development data for Newcastle-Chennai Iron Ore; not broker/public observed freight quotes.,low,1.0
synth-01023,2018-07-01,Newcastle,Chennai,R8,Iron Ore,Capesize,170000,9.07,freight_usd_per_t,synthetic_monthly,synthetic_route_freight_rates.csv,,R8|2018-07-01,,2026-09-05,2018-07-01,2018-07-01,synthetic_route_freight_rates.csv,synthetic,Synthetic MVP development data for Newcastle-Chennai Iron Ore; not broker/public observed freight quotes.,low,1.0
synth-01024,2018-08-01,Newcastle,Chennai,R8,Iron Ore,Capesize,170000,8.68,freight_usd_per_t,synthetic_monthly,synthetic_route_freight_rates.csv,,R8|2018-08-01,,2026-09-05,2018-08-01,2018-08-01,synthetic_route_freight_rates.csv,synthetic,Synthetic MVP development data for Newcastle-Chennai Iron Ore; not broker/public observed freight quotes.,low,1.0
synth-01025,2018-09-01,Newcastle,Chennai,R8,Iron Ore,Capesize,170000,8.44,freight_usd_per_t,synthetic_monthly,synthetic_route_freight_rates.csv,,R8|2018-09-01,,2026-09-05,2018-09-01,2018-09-01,synthetic_route_freight_rates.csv,synthetic,Synthetic MVP development data for Newcastle-Chennai Iron Ore; not broker/public observed freight quotes.,low,1.0
synth-01026,2018-10-01,Newcastle,Chennai,R8,Iron Ore,Capesize,170000,9.2,freight_usd_per_t,synthetic_monthly,synthetic_route_freight_rates.csv,,R8|2018-10-01,,2026-09-05,2018-10-01,2018-10-01,synthetic_route_freight_rates.csv,synthetic,Synthetic MVP development data for Newcastle-Chennai Iron Ore; not broker/public observed freight quotes.,low,1.0
synth-01027,2018-11-01,Newcastle,Chennai,R8,Iron Ore,Capesize,170000,8.84,freight_usd_per_t,synthetic_monthly,synthetic_route_freight_rates.csv,,R8|2018-11-01,,2026-09-05,2018-11-01,2018-11-01,synthetic_route_freight_rates.csv,synthetic,Synthetic MVP development data for Newcastle-Chennai Iron Ore; not broker/public observed freight quotes.,low,1.0
synth-01028,2018-12-01,Newcastle,Chennai,R8,Iron Ore,Capesize,170000,9.57,freight_usd_per_t,synthetic_monthly,synthetic_route_freight_rates.csv,,R8|2018-12-01,,2026-09-05,2018-12-01,2018-12-01,synthetic_route_freight_rates.csv,synthetic,Synthetic MVP development data for Newcastle-Chennai Iron Ore; not broker/public observed freight quotes.,low,1.0
synth-01029,2019-01-01,Newcastle,Chennai,R8,Iron Ore,Capesize,170000,10.15,freight_usd_per_t,synthetic_monthly,synthetic_route_freight_rates.csv,,R8|2019-01-01,,2026-09-05,2019-01-01,2019-01-01,synthetic_route_freight_rates.csv,synthetic,Synthetic MVP development data for Newcastle-Chennai Iron Ore; not broker/public observed freight quotes.,low,1.0
synth-01030,2019-02-01,Newcastle,Chennai,R8,Iron Ore,Capesize,170000,10.22,freight_usd_per_t,synthetic_monthly,synthetic_route_freight_rates.csv,,R8|2019-02-01,,2026-09-05,2019-02-01,2019-02-01,synthetic_route_freight_rates.csv,synthetic,Synthetic MVP development data for Newcastle-Chennai Iron Ore; not broker/public observed freight quotes.,low,1.0
synth-01031,2019-03-01,Newcastle,Chennai,R8,Iron Ore,Capesize,170000,11.43,freight_usd_per_t,synthetic_monthly,synthetic_route_freight_rates.csv,,R8|2019-03-01,,2026-09-05,2019-03-01,2019-03-01,synthetic_route_freight_rates.csv,synthetic,Synthetic MVP development data for Newcastle-Chennai Iron Ore; not broker/public observed freight quotes.,low,1.0
synth-01032,2019-04-01,Newcastle,Chennai,R8,Iron Ore,Capesize,170000,11.06,freight_usd_per_t,synthetic_monthly,synthetic_route_freight_rates.csv,,R8|2019-04-01,,2026-09-05,2019-04-01,2019-04-01,synthetic_route_freight_rates.csv,synthetic,Synthetic MVP development data for Newcastle-Chennai Iron Ore; not broker/public observed freight quotes.,low,1.0
synth-01033,2019-05-01,Newcastle,Chennai,R8,Iron Ore,Capesize,170000,11.24,freight_usd_per_t,synthetic_monthly,synthetic_route_freight_rates.csv,,R8|2019-05-01,,2026-09-05,2019-05-01,2019-05-01,synthetic_route_freight_rates.csv,synthetic,Synthetic MVP development data for Newcastle-Chennai Iron Ore; not broker/public observed freight quotes.,low,1.0
synth-01034,2019-06-01,Newcastle,Chennai,R8,Iron Ore,Capesize,170000,11.18,freight_usd_per_t,synthetic_monthly,synthetic_route_freight_rates.csv,,R8|2019-06-01,,2026-09-05,2019-06-01,2019-06-01,synthetic_route_freight_rates.csv,synthetic,Synthetic MVP development data for Newcastle-Chennai Iron Ore; not broker/public observed freight quotes.,low,1.0
synth-01035,2019-07-01,Newcastle,Chennai,R8,Iron Ore,Capesize,170000,10.6,freight_usd_per_t,synthetic_monthly,synthetic_route_freight_rates.csv,,R8|2019-07-01,,2026-09-05,2019-07-01,2019-07-01,synthetic_route_freight_rates.csv,synthetic,Synthetic MVP development data for Newcastle-Chennai Iron Ore; not broker/public observed freight quotes.,low,1.0
synth-01036,2019-08-01,Newcastle,Chennai,R8,Iron Ore,Capesize,170000,11.14,freight_usd_per_t,synthetic_monthly,synthetic_route_freight_rates.csv,,R8|2019-08-01,,2026-09-05,2019-08-01,2019-08-01,synthetic_route_freight_rates.csv,synthetic,Synthetic MVP development data for Newcastle-Chennai Iron Ore; not broker/public observed freight quotes.,low,1.0
synth-01037,2019-09-01,Newcastle,Chennai,R8,Iron Ore,Capesize,170000,10.82,freight_usd_per_t,synthetic_monthly,synthetic_route_freight_rates.csv,,R8|2019-09-01,,2026-09-05,2019-09-01,2019-09-01,synthetic_route_freight_rates.csv,synthetic,Synthetic MVP development data for Newcastle-Chennai Iron Ore; not broker/public observed freight quotes.,low,1.0
synth-01038,2019-10-01,Newcastle,Chennai,R8,Iron Ore,Capesize,170000,11.51,freight_usd_per_t,synthetic_monthly,synthetic_route_freight_rates.csv,,R8|2019-10-01,,2026-09-05,2019-10-01,2019-10-01,synthetic_route_freight_rates.csv,synthetic,Synthetic MVP development data for Newcastle-Chennai Iron Ore; not broker/public observed freight quotes.,low,1.0
synth-01039,2019-11-01,Newcastle,Chennai,R8,Iron Ore,Capesize,170000,11.84,freight_usd_per_t,synthetic_monthly,synthetic_route_freight_rates.csv,,R8|2019-11-01,,2026-09-05,2019-11-01,2019-11-01,synthetic_route_freight_rates.csv,synthetic,Synthetic MVP development data for Newcastle-Chennai Iron Ore; not broker/public observed freight quotes.,low,1.0
synth-01040,2019-12-01,Newcastle,Chennai,R8,Iron Ore,Capesize,170000,12.17,freight_usd_per_t,synthetic_monthly,synthetic_route_freight_rates.csv,,R8|2019-12-01,,2026-09-05,2019-12-01,2019-12-01,synthetic_route_freight_rates.csv,synthetic,Synthetic MVP development data for Newcastle-Chennai Iron Ore; not broker/public observed freight quotes.,low,1.0
synth-01041,2020-01-01,Newcastle,Chennai,R8,Iron Ore,Capesize,170000,12.32,freight_usd_per_t,synthetic_monthly,synthetic_route_freight_rates.csv,,R8|2020-01-01,,2026-09-05,2020-01-01,2020-01-01,synthetic_route_freight_rates.csv,synthetic,Synthetic MVP development data for Newcastle-Chennai Iron Ore; not broker/public observed freight quotes.,low,1.0
synth-01042,2020-02-01,Newcastle,Chennai,R8,Iron Ore,Capesize,170000,12.69,freight_usd_per_t,synthetic_monthly,synthetic_route_freight_rates.csv,,R8|2020-02-01,,2026-09-05,2020-02-01,2020-02-01,synthetic_route_freight_rates.csv,synthetic,Synthetic MVP development data for Newcastle-Chennai Iron Ore; not broker/public observed freight quotes.,low,1.0
synth-01043,2020-03-01,Newcastle,Chennai,R8,Iron Ore,Capesize,170000,12.55,freight_usd_per_t,synthetic_monthly,synthetic_route_freight_rates.csv,,R8|2020-03-01,,2026-09-05,2020-03-01,2020-03-01,synthetic_route_freight_rates.csv,synthetic,Synthetic MVP development data for Newcastle-Chennai Iron Ore; not broker/public observed freight quotes.,low,1.0
synth-01044,2020-04-01,Newcastle,Chennai,R8,Iron Ore,Capesize,170000,12.32,freight_usd_per_t,synthetic_monthly,synthetic_route_freight_rates.csv,,R8|2020-04-01,,2026-09-05,2020-04-01,2020-04-01,synthetic_route_freight_rates.csv,synthetic,Synthetic MVP development data for Newcastle-Chennai Iron Ore; not broker/public observed freight quotes.,low,1.0
synth-01045,2020-05-01,Newcastle,Chennai,R8,Iron Ore,Capesize,170000,12.03,freight_usd_per_t,synthetic_monthly,synthetic_route_freight_rates.csv,,R8|2020-05-01,,2026-09-05,2020-05-01,2020-05-01,synthetic_route_freight_rates.csv,synthetic,Synthetic MVP development data for Newcastle-Chennai Iron Ore; not broker/public observed freight quotes.,low,1.0
synth-01046,2020-06-01,Newcastle,Chennai,R8,Iron Ore,Capesize,170000,11.54,freight_usd_per_t,synthetic_monthly,synthetic_route_freight_rates.csv,,R8|2020-06-01,,2026-09-05,2020-06-01,2020-06-01,synthetic_route_freight_rates.csv,synthetic,Synthetic MVP development data for Newcastle-Chennai Iron Ore; not broker/public observed freight quotes.,low,1.0
synth-01047,2020-07-01,Newcastle,Chennai,R8,Iron Ore,Capesize,170000,11.73,freight_usd_per_t,synthetic_monthly,synthetic_route_freight_rates.csv,,R8|2020-07-01,,2026-09-05,2020-07-01,2020-07-01,synthetic_route_freight_rates.csv,synthetic,Synthetic MVP development data for Newcastle-Chennai Iron Ore; not broker/public observed freight quotes.,low,1.0
synth-01048,2020-08-01,Newcastle,Chennai,R8,Iron Ore,Capesize,170000,11.58,freight_usd_per_t,synthetic_monthly,synthetic_route_freight_rates.csv,,R8|2020-08-01,,2026-09-05,2020-08-01,2020-08-01,synthetic_route_freight_rates.csv,synthetic,Synthetic MVP development data for Newcastle-Chennai Iron Ore; not broker/public observed freight quotes.,low,1.0
synth-01049,2020-09-01,Newcastle,Chennai,R8,Iron Ore,Capesize,170000,12.63,freight_usd_per_t,synthetic_monthly,synthetic_route_freight_rates.csv,,R8|2020-09-01,,2026-09-05,2020-09-01,2020-09-01,synthetic_route_freight_rates.csv,synthetic,Synthetic MVP development data for Newcastle-Chennai Iron Ore; not broker/public observed freight quotes.,low,1.0
synth-01050,2020-10-01,Newcastle,Chennai,R8,Iron Ore,Capesize,170000,13.36,freight_usd_per_t,synthetic_monthly,synthetic_route_freight_rates.csv,,R8|2020-10-01,,2026-09-05,2020-10-01,2020-10-01,synthetic_route_freight_rates.csv,synthetic,Synthetic MVP development data for Newcastle-Chennai Iron Ore; not broker/public observed freight quotes.,low,1.0
synth-01051,2020-11-01,Newcastle,Chennai,R8,Iron Ore,Capesize,170000,13.75,freight_usd_per_t,synthetic_monthly,synthetic_route_freight_rates.csv,,R8|2020-11-01,,2026-09-05,2020-11-01,2020-11-01,synthetic_route_freight_rates.csv,synthetic,Synthetic MVP development data for Newcastle-Chennai Iron Ore; not broker/public observed freight quotes.,low,1.0
synth-01052,2020-12-01,Newcastle,Chennai,R8,Iron Ore,Capesize,170000,13.41,freight_usd_per_t,synthetic_monthly,synthetic_route_freight_rates.csv,,R8|2020-12-01,,2026-09-05,2020-12-01,2020-12-01,synthetic_route_freight_rates.csv,synthetic,Synthetic MVP development data for Newcastle-Chennai Iron Ore; not broker/public observed freight quotes.,low,1.0
synth-01053,2021-01-01,Newcastle,Chennai,R8,Iron Ore,Capesize,170000,13.09,freight_usd_per_t,synthetic_monthly,synthetic_route_freight_rates.csv,,R8|2021-01-01,,2026-09-05,2021-01-01,2021-01-01,synthetic_route_freight_rates.csv,synthetic,Synthetic MVP development data for Newcastle-Chennai Iron Ore; not broker/public observed freight quotes.,low,1.0
synth-01054,2021-02-01,Newcastle,Chennai,R8,Iron Ore,Capesize,170000,12.21,freight_usd_per_t,synthetic_monthly,synthetic_route_freight_rates.csv,,R8|2021-02-01,,2026-09-05,2021-02-01,2021-02-01,synthetic_route_freight_rates.csv,synthetic,Synthetic MVP development data for Newcastle-Chennai Iron Ore; not broker/public observed freight quotes.,low,1.0
synth-01055,2021-03-01,Newcastle,Chennai,R8,Iron Ore,Capesize,170000,11.93,freight_usd_per_t,synthetic_monthly,synthetic_route_freight_rates.csv,,R8|2021-03-01,,2026-09-05,2021-03-01,2021-03-01,synthetic_route_freight_rates.csv,synthetic,Synthetic MVP development data for Newcastle-Chennai Iron Ore; not broker/public observed freight quotes.,low,1.0
synth-01056,2021-04-01,Newcastle,Chennai,R8,Iron Ore,Capesize,170000,11.27,freight_usd_per_t,synthetic_monthly,synthetic_route_freight_rates.csv,,R8|2021-04-01,,2026-09-05,2021-04-01,2021-04-01,synthetic_route_freight_rates.csv,synthetic,Synthetic MVP development data for Newcastle-Chennai Iron Ore; not broker/public observed freight quotes.,low,1.0
synth-01057,2021-05-01,Newcastle,Chennai,R8,Iron Ore,Capesize,170000,10.62,freight_usd_per_t,synthetic_monthly,synthetic_route_freight_rates.csv,,R8|2021-05-01,,2026-09-05,2021-05-01,2021-05-01,synthetic_route_freight_rates.csv,synthetic,Synthetic MVP development data for Newcastle-Chennai Iron Ore; not broker/public observed freight quotes.,low,1.0
synth-01058,2021-06-01,Newcastle,Chennai,R8,Iron Ore,Capesize,170000,10.57,freight_usd_per_t,synthetic_monthly,synthetic_route_freight_rates.csv,,R8|2021-06-01,,2026-09-05,2021-06-01,2021-06-01,synthetic_route_freight_rates.csv,synthetic,Synthetic MVP development data for Newcastle-Chennai Iron Ore; not broker/public observed freight quotes.,low,1.0
synth-01059,2021-07-01,Newcastle,Chennai,R8,Iron Ore,Capesize,170000,9.79,freight_usd_per_t,synthetic_monthly,synthetic_route_freight_rates.csv,,R8|2021-07-01,,2026-09-05,2021-07-01,2021-07-01,synthetic_route_freight_rates.csv,synthetic,Synthetic MVP development data for Newcastle-Chennai Iron Ore; not broker/public observed freight quotes.,low,1.0
synth-01060,2021-08-01,Newcastle,Chennai,R8,Iron Ore,Capesize,170000,9.76,freight_usd_per_t,synthetic_monthly,synthetic_route_freight_rates.csv,,R8|2021-08-01,,2026-09-05,2021-08-01,2021-08-01,synthetic_route_freight_rates.csv,synthetic,Synthetic MVP development data for Newcastle-Chennai Iron Ore; not broker/public observed freight quotes.,low,1.0
synth-01061,2021-09-01,Newcastle,Chennai,R8,Iron Ore,Capesize,170000,9.74,freight_usd_per_t,synthetic_monthly,synthetic_route_freight_rates.csv,,R8|2021-09-01,,2026-09-05,2021-09-01,2021-09-01,synthetic_route_freight_rates.csv,synthetic,Synthetic MVP development data for Newcastle-Chennai Iron Ore; not broker/public observed freight quotes.,low,1.0
synth-01062,2021-10-01,Newcastle,Chennai,R8,Iron Ore,Capesize,170000,9.73,freight_usd_per_t,synthetic_monthly,synthetic_route_freight_rates.csv,,R8|2021-10-01,,2026-09-05,2021-10-01,2021-10-01,synthetic_route_freight_rates.csv,synthetic,Synthetic MVP development data for Newcastle-Chennai Iron Ore; not broker/public observed freight quotes.,low,1.0
synth-01063,2021-11-01,Newcastle,Chennai,R8,Iron Ore,Capesize,170000,10.08,freight_usd_per_t,synthetic_monthly,synthetic_route_freight_rates.csv,,R8|2021-11-01,,2026-09-05,2021-11-01,2021-11-01,synthetic_route_freight_rates.csv,synthetic,Synthetic MVP development data for Newcastle-Chennai Iron Ore; not broker/public observed freight quotes.,low,1.0
synth-01064,2021-12-01,Newcastle,Chennai,R8,Iron Ore,Capesize,170000,10.62,freight_usd_per_t,synthetic_monthly,synthetic_route_freight_rates.csv,,R8|2021-12-01,,2026-09-05,2021-12-01,2021-12-01,synthetic_route_freight_rates.csv,synthetic,Synthetic MVP development data for Newcastle-Chennai Iron Ore; not broker/public observed freight quotes.,low,1.0
synth-01065,2022-01-01,Newcastle,Chennai,R8,Iron Ore,Capesize,170000,10.98,freight_usd_per_t,synthetic_monthly,synthetic_route_freight_rates.csv,,R8|2022-01-01,,2026-09-05,2022-01-01,2022-01-01,synthetic_route_freight_rates.csv,synthetic,Synthetic MVP development data for Newcastle-Chennai Iron Ore; not broker/public observed freight quotes.,low,1.0
synth-01066,2022-02-01,Newcastle,Chennai,R8,Iron Ore,Capesize,170000,10.67,freight_usd_per_t,synthetic_monthly,synthetic_route_freight_rates.csv,,R8|2022-02-01,,2026-09-05,2022-02-01,2022-02-01,synthetic_route_freight_rates.csv,synthetic,Synthetic MVP development data for Newcastle-Chennai Iron Ore; not broker/public observed freight quotes.,low,1.0
synth-01067,2022-03-01,Newcastle,Chennai,R8,Iron Ore,Capesize,170000,10.34,freight_usd_per_t,synthetic_monthly,synthetic_route_freight_rates.csv,,R8|2022-03-01,,2026-09-05,2022-03-01,2022-03-01,synthetic_route_freight_rates.csv,synthetic,Synthetic MVP development data for Newcastle-Chennai Iron Ore; not broker/public observed freight quotes.,low,1.0
synth-01068,2022-04-01,Newcastle,Chennai,R8,Iron Ore,Capesize,170000,10.5,freight_usd_per_t,synthetic_monthly,synthetic_route_freight_rates.csv,,R8|2022-04-01,,2026-09-05,2022-04-01,2022-04-01,synthetic_route_freight_rates.csv,synthetic,Synthetic MVP development data for Newcastle-Chennai Iron Ore; not broker/public observed freight quotes.,low,1.0
synth-01069,2022-05-01,Newcastle,Chennai,R8,Iron Ore,Capesize,170000,9.48,freight_usd_per_t,synthetic_monthly,synthetic_route_freight_rates.csv,,R8|2022-05-01,,2026-09-05,2022-05-01,2022-05-01,synthetic_route_freight_rates.csv,synthetic,Synthetic MVP development data for Newcastle-Chennai Iron Ore; not broker/public observed freight quotes.,low,1.0
synth-01070,2022-06-01,Newcastle,Chennai,R8,Iron Ore,Capesize,170000,9.06,freight_usd_per_t,synthetic_monthly,synthetic_route_freight_rates.csv,,R8|2022-06-01,,2026-09-05,2022-06-01,2022-06-01,synthetic_route_freight_rates.csv,synthetic,Synthetic MVP development data for Newcastle-Chennai Iron Ore; not broker/public observed freight quotes.,low,1.0
synth-01071,2022-07-01,Newcastle,Chennai,R8,Iron Ore,Capesize,170000,8.89,freight_usd_per_t,synthetic_monthly,synthetic_route_freight_rates.csv,,R8|2022-07-01,,2026-09-05,2022-07-01,2022-07-01,synthetic_route_freight_rates.csv,synthetic,Synthetic MVP development data for Newcastle-Chennai Iron Ore; not broker/public observed freight quotes.,low,1.0
synth-01072,2022-08-01,Newcastle,Chennai,R8,Iron Ore,Capesize,170000,8.65,freight_usd_per_t,synthetic_monthly,synthetic_route_freight_rates.csv,,R8|2022-08-01,,2026-09-05,2022-08-01,2022-08-01,synthetic_route_freight_rates.csv,synthetic,Synthetic MVP development data for Newcastle-Chennai Iron Ore; not broker/public observed freight quotes.,low,1.0
synth-01073,2022-09-01,Newcastle,Chennai,R8,Iron Ore,Capesize,170000,9.26,freight_usd_per_t,synthetic_monthly,synthetic_route_freight_rates.csv,,R8|2022-09-01,,2026-09-05,2022-09-01,2022-09-01,synthetic_route_freight_rates.csv,synthetic,Synthetic MVP development data for Newcastle-Chennai Iron Ore; not broker/public observed freight quotes.,low,1.0
synth-01074,2022-10-01,Newcastle,Chennai,R8,Iron Ore,Capesize,170000,10.07,freight_usd_per_t,synthetic_monthly,synthetic_route_freight_rates.csv,,R8|2022-10-01,,2026-09-05,2022-10-01,2022-10-01,synthetic_route_freight_rates.csv,synthetic,Synthetic MVP development data for Newcastle-Chennai Iron Ore; not broker/public observed freight quotes.,low,1.0
synth-01075,2022-11-01,Newcastle,Chennai,R8,Iron Ore,Capesize,170000,10.51,freight_usd_per_t,synthetic_monthly,synthetic_route_freight_rates.csv,,R8|2022-11-01,,2026-09-05,2022-11-01,2022-11-01,synthetic_route_freight_rates.csv,synthetic,Synthetic MVP development data for Newcastle-Chennai Iron Ore; not broker/public observed freight quotes.,low,1.0
synth-01076,2022-12-01,Newcastle,Chennai,R8,Iron Ore,Capesize,170000,11.47,freight_usd_per_t,synthetic_monthly,synthetic_route_freight_rates.csv,,R8|2022-12-01,,2026-09-05,2022-12-01,2022-12-01,synthetic_route_freight_rates.csv,synthetic,Synthetic MVP development data for Newcastle-Chennai Iron Ore; not broker/public observed freight quotes.,low,1.0
synth-01077,2023-01-01,Newcastle,Chennai,R8,Iron Ore,Capesize,170000,12.0,freight_usd_per_t,synthetic_monthly,synthetic_route_freight_rates.csv,,R8|2023-01-01,,2026-09-05,2023-01-01,2023-01-01,synthetic_route_freight_rates.csv,synthetic,Synthetic MVP development data for Newcastle-Chennai Iron Ore; not broker/public observed freight quotes.,low,1.0
synth-01078,2023-02-01,Newcastle,Chennai,R8,Iron Ore,Capesize,170000,12.83,freight_usd_per_t,synthetic_monthly,synthetic_route_freight_rates.csv,,R8|2023-02-01,,2026-09-05,2023-02-01,2023-02-01,synthetic_route_freight_rates.csv,synthetic,Synthetic MVP development data for Newcastle-Chennai Iron Ore; not broker/public observed freight quotes.,low,1.0
synth-01079,2023-03-01,Newcastle,Chennai,R8,Iron Ore,Capesize,170000,13.07,freight_usd_per_t,synthetic_monthly,synthetic_route_freight_rates.csv,,R8|2023-03-01,,2026-09-05,2023-03-01,2023-03-01,synthetic_route_freight_rates.csv,synthetic,Synthetic MVP development data for Newcastle-Chennai Iron Ore; not broker/public observed freight quotes.,low,1.0
synth-01080,2023-04-01,Newcastle,Chennai,R8,Iron Ore,Capesize,170000,12.94,freight_usd_per_t,synthetic_monthly,synthetic_route_freight_rates.csv,,R8|2023-04-01,,2026-09-05,2023-04-01,2023-04-01,synthetic_route_freight_rates.csv,synthetic,Synthetic MVP development data for Newcastle-Chennai Iron Ore; not broker/public observed freight quotes.,low,1.0
synth-01081,2023-05-01,Newcastle,Chennai,R8,Iron Ore,Capesize,170000,12.93,freight_usd_per_t,synthetic_monthly,synthetic_route_freight_rates.csv,,R8|2023-05-01,,2026-09-05,2023-05-01,2023-05-01,synthetic_route_freight_rates.csv,synthetic,Synthetic MVP development data for Newcastle-Chennai Iron Ore; not broker/public observed freight quotes.,low,1.0
synth-01082,2023-06-01,Newcastle,Chennai,R8,Iron Ore,Capesize,170000,12.19,freight_usd_per_t,synthetic_monthly,synthetic_route_freight_rates.csv,,R8|2023-06-01,,2026-09-05,2023-06-01,2023-06-01,synthetic_route_freight_rates.csv,synthetic,Synthetic MVP development data for Newcastle-Chennai Iron Ore; not broker/public observed freight quotes.,low,1.0
synth-01083,2023-07-01,Newcastle,Chennai,R8,Iron Ore,Capesize,170000,12.53,freight_usd_per_t,synthetic_monthly,synthetic_route_freight_rates.csv,,R8|2023-07-01,,2026-09-05,2023-07-01,2023-07-01,synthetic_route_freight_rates.csv,synthetic,Synthetic MVP development data for Newcastle-Chennai Iron Ore; not broker/public observed freight quotes.,low,1.0
synth-01084,2023-08-01,Newcastle,Chennai,R8,Iron Ore,Capesize,170000,12.43,freight_usd_per_t,synthetic_monthly,synthetic_route_freight_rates.csv,,R8|2023-08-01,,2026-09-05,2023-08-01,2023-08-01,synthetic_route_freight_rates.csv,synthetic,Synthetic MVP development data for Newcastle-Chennai Iron Ore; not broker/public observed freight quotes.,low,1.0
synth-01085,2023-09-01,Newcastle,Chennai,R8,Iron Ore,Capesize,170000,12.77,freight_usd_per_t,synthetic_monthly,synthetic_route_freight_rates.csv,,R8|2023-09-01,,2026-09-05,2023-09-01,2023-09-01,synthetic_route_freight_rates.csv,synthetic,Synthetic MVP development data for Newcastle-Chennai Iron Ore; not broker/public observed freight quotes.,low,1.0
synth-01086,2023-10-01,Newcastle,Chennai,R8,Iron Ore,Capesize,170000,13.46,freight_usd_per_t,synthetic_monthly,synthetic_route_freight_rates.csv,,R8|2023-10-01,,2026-09-05,2023-10-01,2023-10-01,synthetic_route_freight_rates.csv,synthetic,Synthetic MVP development data for Newcastle-Chennai Iron Ore; not broker/public observed freight quotes.,low,1.0
synth-01087,2023-11-01,Newcastle,Chennai,R8,Iron Ore,Capesize,170000,13.48,freight_usd_per_t,synthetic_monthly,synthetic_route_freight_rates.csv,,R8|2023-11-01,,2026-09-05,2023-11-01,2023-11-01,synthetic_route_freight_rates.csv,synthetic,Synthetic MVP development data for Newcastle-Chennai Iron Ore; not broker/public observed freight quotes.,low,1.0
synth-01088,2023-12-01,Newcastle,Chennai,R8,Iron Ore,Capesize,170000,13.66,freight_usd_per_t,synthetic_monthly,synthetic_route_freight_rates.csv,,R8|2023-12-01,,2026-09-05,2023-12-01,2023-12-01,synthetic_route_freight_rates.csv,synthetic,Synthetic MVP development data for Newcastle-Chennai Iron Ore; not broker/public observed freight quotes.,low,1.0
synth-01089,2024-01-01,Newcastle,Chennai,R8,Iron Ore,Capesize,170000,14.46,freight_usd_per_t,synthetic_monthly,synthetic_route_freight_rates.csv,,R8|2024-01-01,,2026-09-05,2024-01-01,2024-01-01,synthetic_route_freight_rates.csv,synthetic,Synthetic MVP development data for Newcastle-Chennai Iron Ore; not broker/public observed freight quotes.,low,1.0
synth-01090,2024-02-01,Newcastle,Chennai,R8,Iron Ore,Capesize,170000,15.14,freight_usd_per_t,synthetic_monthly,synthetic_route_freight_rates.csv,,R8|2024-02-01,,2026-09-05,2024-02-01,2024-02-01,synthetic_route_freight_rates.csv,synthetic,Synthetic MVP development data for Newcastle-Chennai Iron Ore; not broker/public observed freight quotes.,low,1.0
synth-01091,2024-03-01,Newcastle,Chennai,R8,Iron Ore,Capesize,170000,15.49,freight_usd_per_t,synthetic_monthly,synthetic_route_freight_rates.csv,,R8|2024-03-01,,2026-09-05,2024-03-01,2024-03-01,synthetic_route_freight_rates.csv,synthetic,Synthetic MVP development data for Newcastle-Chennai Iron Ore; not broker/public observed freight quotes.,low,1.0
synth-01092,2024-04-01,Newcastle,Chennai,R8,Iron Ore,Capesize,170000,15.92,freight_usd_per_t,synthetic_monthly,synthetic_route_freight_rates.csv,,R8|2024-04-01,,2026-09-05,2024-04-01,2024-04-01,synthetic_route_freight_rates.csv,synthetic,Synthetic MVP development data for Newcastle-Chennai Iron Ore; not broker/public observed freight quotes.,low,1.0
synth-01093,2024-05-01,Newcastle,Chennai,R8,Iron Ore,Capesize,170000,15.67,freight_usd_per_t,synthetic_monthly,synthetic_route_freight_rates.csv,,R8|2024-05-01,,2026-09-05,2024-05-01,2024-05-01,synthetic_route_freight_rates.csv,synthetic,Synthetic MVP development data for Newcastle-Chennai Iron Ore; not broker/public observed freight quotes.,low,1.0
synth-01094,2024-06-01,Newcastle,Chennai,R8,Iron Ore,Capesize,170000,14.96,freight_usd_per_t,synthetic_monthly,synthetic_route_freight_rates.csv,,R8|2024-06-01,,2026-09-05,2024-06-01,2024-06-01,synthetic_route_freight_rates.csv,synthetic,Synthetic MVP development data for Newcastle-Chennai Iron Ore; not broker/public observed freight quotes.,low,1.0
synth-01095,2024-07-01,Newcastle,Chennai,R8,Iron Ore,Capesize,170000,13.88,freight_usd_per_t,synthetic_monthly,synthetic_route_freight_rates.csv,,R8|2024-07-01,,2026-09-05,2024-07-01,2024-07-01,synthetic_route_freight_rates.csv,synthetic,Synthetic MVP development data for Newcastle-Chennai Iron Ore; not broker/public observed freight quotes.,low,1.0
synth-01096,2024-08-01,Newcastle,Chennai,R8,Iron Ore,Capesize,170000,12.97,freight_usd_per_t,synthetic_monthly,synthetic_route_freight_rates.csv,,R8|2024-08-01,,2026-09-05,2024-08-01,2024-08-01,synthetic_route_freight_rates.csv,synthetic,Synthetic MVP development data for Newcastle-Chennai Iron Ore; not broker/public observed freight quotes.,low,1.0
synth-01097,2024-09-01,Newcastle,Chennai,R8,Iron Ore,Capesize,170000,12.51,freight_usd_per_t,synthetic_monthly,synthetic_route_freight_rates.csv,,R8|2024-09-01,,2026-09-05,2024-09-01,2024-09-01,synthetic_route_freight_rates.csv,synthetic,Synthetic MVP development data for Newcastle-Chennai Iron Ore; not broker/public observed freight quotes.,low,1.0
synth-01098,2024-10-01,Newcastle,Chennai,R8,Iron Ore,Capesize,170000,12.33,freight_usd_per_t,synthetic_monthly,synthetic_route_freight_rates.csv,,R8|2024-10-01,,2026-09-05,2024-10-01,2024-10-01,synthetic_route_freight_rates.csv,synthetic,Synthetic MVP development data for Newcastle-Chennai Iron Ore; not broker/public observed freight quotes.,low,1.0
synth-01099,2024-11-01,Newcastle,Chennai,R8,Iron Ore,Capesize,170000,12.31,freight_usd_per_t,synthetic_monthly,synthetic_route_freight_rates.csv,,R8|2024-11-01,,2026-09-05,2024-11-01,2024-11-01,synthetic_route_freight_rates.csv,synthetic,Synthetic MVP development data for Newcastle-Chennai Iron Ore; not broker/public observed freight quotes.,low,1.0
synth-01100,2024-12-01,Newcastle,Chennai,R8,Iron Ore,Capesize,170000,12.73,freight_usd_per_t,synthetic_monthly,synthetic_route_freight_rates.csv,,R8|2024-12-01,,2026-09-05,2024-12-01,2024-12-01,synthetic_route_freight_rates.csv,synthetic,Synthetic MVP development data for Newcastle-Chennai Iron Ore; not broker/public observed freight quotes.,low,1.0
synth-01101,2025-01-01,Newcastle,Chennai,R8,Iron Ore,Capesize,170000,12.61,freight_usd_per_t,synthetic_monthly,synthetic_route_freight_rates.csv,,R8|2025-01-01,,2026-09-05,2025-01-01,2025-01-01,synthetic_route_freight_rates.csv,synthetic,Synthetic MVP development data for Newcastle-Chennai Iron Ore; not broker/public observed freight quotes.,low,1.0
synth-01102,2025-02-01,Newcastle,Chennai,R8,Iron Ore,Capesize,170000,12.52,freight_usd_per_t,synthetic_monthly,synthetic_route_freight_rates.csv,,R8|2025-02-01,,2026-09-05,2025-02-01,2025-02-01,synthetic_route_freight_rates.csv,synthetic,Synthetic MVP development data for Newcastle-Chennai Iron Ore; not broker/public observed freight quotes.,low,1.0
synth-01103,2025-03-01,Newcastle,Chennai,R8,Iron Ore,Capesize,170000,12.51,freight_usd_per_t,synthetic_monthly,synthetic_route_freight_rates.csv,,R8|2025-03-01,,2026-09-05,2025-03-01,2025-03-01,synthetic_route_freight_rates.csv,synthetic,Synthetic MVP development data for Newcastle-Chennai Iron Ore; not broker/public observed freight quotes.,low,1.0
synth-01104,2025-04-01,Newcastle,Chennai,R8,Iron Ore,Capesize,170000,11.46,freight_usd_per_t,synthetic_monthly,synthetic_route_freight_rates.csv,,R8|2025-04-01,,2026-09-05,2025-04-01,2025-04-01,synthetic_route_freight_rates.csv,synthetic,Synthetic MVP development data for Newcastle-Chennai Iron Ore; not broker/public observed freight quotes.,low,1.0
synth-01105,2025-05-01,Newcastle,Chennai,R8,Iron Ore,Capesize,170000,11.23,freight_usd_per_t,synthetic_monthly,synthetic_route_freight_rates.csv,,R8|2025-05-01,,2026-09-05,2025-05-01,2025-05-01,synthetic_route_freight_rates.csv,synthetic,Synthetic MVP development data for Newcastle-Chennai Iron Ore; not broker/public observed freight quotes.,low,1.0
synth-01106,2025-06-01,Newcastle,Chennai,R8,Iron Ore,Capesize,170000,10.16,freight_usd_per_t,synthetic_monthly,synthetic_route_freight_rates.csv,,R8|2025-06-01,,2026-09-05,2025-06-01,2025-06-01,synthetic_route_freight_rates.csv,synthetic,Synthetic MVP development data for Newcastle-Chennai Iron Ore; not broker/public observed freight quotes.,low,1.0
synth-01107,2025-07-01,Newcastle,Chennai,R8,Iron Ore,Capesize,170000,9.75,freight_usd_per_t,synthetic_monthly,synthetic_route_freight_rates.csv,,R8|2025-07-01,,2026-09-05,2025-07-01,2025-07-01,synthetic_route_freight_rates.csv,synthetic,Synthetic MVP development data for Newcastle-Chennai Iron Ore; not broker/public observed freight quotes.,low,1.0
synth-01108,2025-08-01,Newcastle,Chennai,R8,Iron Ore,Capesize,170000,9.14,freight_usd_per_t,synthetic_monthly,synthetic_route_freight_rates.csv,,R8|2025-08-01,,2026-09-05,2025-08-01,2025-08-01,synthetic_route_freight_rates.csv,synthetic,Synthetic MVP development data for Newcastle-Chennai Iron Ore; not broker/public observed freight quotes.,low,1.0
synth-01109,2025-09-01,Newcastle,Chennai,R8,Iron Ore,Capesize,170000,9.43,freight_usd_per_t,synthetic_monthly,synthetic_route_freight_rates.csv,,R8|2025-09-01,,2026-09-05,2025-09-01,2025-09-01,synthetic_route_freight_rates.csv,synthetic,Synthetic MVP development data for Newcastle-Chennai Iron Ore; not broker/public observed freight quotes.,low,1.0
synth-01110,2025-10-01,Newcastle,Chennai,R8,Iron Ore,Capesize,170000,9.63,freight_usd_per_t,synthetic_monthly,synthetic_route_freight_rates.csv,,R8|2025-10-01,,2026-09-05,2025-10-01,2025-10-01,synthetic_route_freight_rates.csv,synthetic,Synthetic MVP development data for Newcastle-Chennai Iron Ore; not broker/public observed freight quotes.,low,1.0
synth-01111,2025-11-01,Newcastle,Chennai,R8,Iron Ore,Capesize,170000,9.74,freight_usd_per_t,synthetic_monthly,synthetic_route_freight_rates.csv,,R8|2025-11-01,,2026-09-05,2025-11-01,2025-11-01,synthetic_route_freight_rates.csv,synthetic,Synthetic MVP development data for Newcastle-Chennai Iron Ore; not broker/public observed freight quotes.,low,1.0
synth-01112,2025-12-01,Newcastle,Chennai,R8,Iron Ore,Capesize,170000,10.26,freight_usd_per_t,synthetic_monthly,synthetic_route_freight_rates.csv,,R8|2025-12-01,,2026-09-05,2025-12-01,2025-12-01,synthetic_route_freight_rates.csv,synthetic,Synthetic MVP development data for Newcastle-Chennai Iron Ore; not broker/public observed freight quotes.,low,1.0
synth-01113,2026-01-01,Newcastle,Chennai,R8,Iron Ore,Capesize,170000,10.84,freight_usd_per_t,synthetic_monthly,synthetic_route_freight_rates.csv,,R8|2026-01-01,,2026-09-05,2026-01-01,2026-01-01,synthetic_route_freight_rates.csv,synthetic,Synthetic MVP development data for Newcastle-Chennai Iron Ore; not broker/public observed freight quotes.,low,1.0
synth-01114,2026-02-01,Newcastle,Chennai,R8,Iron Ore,Capesize,170000,11.34,freight_usd_per_t,synthetic_monthly,synthetic_route_freight_rates.csv,,R8|2026-02-01,,2026-09-05,2026-02-01,2026-02-01,synthetic_route_freight_rates.csv,synthetic,Synthetic MVP development data for Newcastle-Chennai Iron Ore; not broker/public observed freight quotes.,low,1.0
synth-01115,2026-03-01,Newcastle,Chennai,R8,Iron Ore,Capesize,170000,11.42,freight_usd_per_t,synthetic_monthly,synthetic_route_freight_rates.csv,,R8|2026-03-01,,2026-09-05,2026-03-01,2026-03-01,synthetic_route_freight_rates.csv,synthetic,Synthetic MVP development data for Newcastle-Chennai Iron Ore; not broker/public observed freight quotes.,low,1.0
synth-01116,2026-04-01,Newcastle,Chennai,R8,Iron Ore,Capesize,170000,11.19,freight_usd_per_t,synthetic_monthly,synthetic_route_freight_rates.csv,,R8|2026-04-01,,2026-09-05,2026-04-01,2026-04-01,synthetic_route_freight_rates.csv,synthetic,Synthetic MVP development data for Newcastle-Chennai Iron Ore; not broker/public observed freight quotes.,low,1.0
synth-01117,2026-05-01,Newcastle,Chennai,R8,Iron Ore,Capesize,170000,11.08,freight_usd_per_t,synthetic_monthly,synthetic_route_freight_rates.csv,,R8|2026-05-01,,2026-09-05,2026-05-01,2026-05-01,synthetic_route_freight_rates.csv,synthetic,Synthetic MVP development data for Newcastle-Chennai Iron Ore; not broker/public observed freight quotes.,low,1.0
synth-01118,2026-06-01,Newcastle,Chennai,R8,Iron Ore,Capesize,170000,10.79,freight_usd_per_t,synthetic_monthly,synthetic_route_freight_rates.csv,,R8|2026-06-01,,2026-09-05,2026-06-01,2026-06-01,synthetic_route_freight_rates.csv,synthetic,Synthetic MVP development data for Newcastle-Chennai Iron Ore; not broker/public observed freight quotes.,low,1.0
synth-01119,2026-07-01,Newcastle,Chennai,R8,Iron Ore,Capesize,170000,10.79,freight_usd_per_t,synthetic_monthly,synthetic_route_freight_rates.csv,,R8|2026-07-01,,2026-09-05,2026-07-01,2026-07-01,synthetic_route_freight_rates.csv,synthetic,Synthetic MVP development data for Newcastle-Chennai Iron Ore; not broker/public observed freight quotes.,low,1.0
synth-01120,2026-08-01,Newcastle,Chennai,R8,Iron Ore,Capesize,170000,10.64,freight_usd_per_t,synthetic_monthly,synthetic_route_freight_rates.csv,,R8|2026-08-01,,2026-09-05,2026-08-01,2026-08-01,synthetic_route_freight_rates.csv,synthetic,Synthetic MVP development data for Newcastle-Chennai Iron Ore; not broker/public observed freight quotes.,low,1.0
