date,brent_price_daily,brent_price_monthly_avg,month,year,day_of_week
1987-05-20,18.63,18.575,5,1987,2
1987-05-21,18.45,18.575,5,1987,3
1987-05-22,18.55,18.575,5,1987,4
1987-05-23,18.55,18.575,5,1987,5
1987-05-24,18.55,18.575,5,1987,6
1987-05-25,18.6,18.575,5,1987,0
1987-05-26,18.63,18.575,5,1987,1
1987-05-27,18.6,18.575,5,1987,2
1987-05-28,18.6,18.575,5,1987,3
1987-05-29,18.58,18.575,5,1987,4
1987-05-30,18.58,18.575,5,1987,5
1987-05-31,18.58,18.575,5,1987,6
1987-06-01,18.65,18.865666666666666,6,1987,0
1987-06-02,18.68,18.865666666666666,6,1987,1
1987-06-03,18.75,18.865666666666666,6,1987,2
1987-06-04,18.78,18.865666666666666,6,1987,3
1987-06-05,18.65,18.865666666666666,6,1987,4
1987-06-06,18.65,18.865666666666666,6,1987,5
1987-06-07,18.65,18.865666666666666,6,1987,6
1987-06-08,18.75,18.865666666666666,6,1987,0
1987-06-09,18.78,18.865666666666666,6,1987,1
1987-06-10,18.78,18.865666666666666,6,1987,2
1987-06-11,18.68,18.865666666666666,6,1987,3
1987-06-12,18.78,18.865666666666666,6,1987,4
1987-06-13,18.78,18.865666666666666,6,1987,5
1987-06-14,18.78,18.865666666666666,6,1987,6
1987-06-15,18.78,18.865666666666666,6,1987,0
1987-06-16,18.9,18.865666666666666,6,1987,1
1987-06-17,19.03,18.865666666666666,6,1987,2
1987-06-18,19.05,18.865666666666666,6,1987,3
1987-06-19,19.05,18.865666666666666,6,1987,4
1987-06-20,19.05,18.865666666666666,6,1987,5
1987-06-21,19.05,18.865666666666666,6,1987,6
1987-06-22,19.1,18.865666666666666,6,1987,0
1987-06-23,18.9,18.865666666666666,6,1987,1
1987-06-24,18.75,18.865666666666666,6,1987,2
1987-06-25,18.7,18.865666666666666,6,1987,3
1987-06-26,19.08,18.865666666666666,6,1987,4
1987-06-27,19.08,18.865666666666666,6,1987,5
1987-06-28,19.08,18.865666666666666,6,1987,6
1987-06-29,19.15,18.865666666666666,6,1987,0
1987-06-30,19.08,18.865666666666666,6,1987,1
1987-07-01,18.98,19.846451612903227,7,1987,2
1987-07-02,19.25,19.846451612903227,7,1987,3
1987-07-03,19.33,19.846451612903227,7,1987,4
1987-07-04,19.33,19.846451612903227,7,1987,5
1987-07-05,19.33,19.846451612903227,7,1987,6
1987-07-06,19.48,19.846451612903227,7,1987,0
1987-07-07,19.5,19.846451612903227,7,1987,1
1987-07-08,19.48,19.846451612903227,7,1987,2
1987-07-09,19.68,19.846451612903227,7,1987,3
1987-07-10,19.73,19.846451612903227,7,1987,4
1987-07-11,19.73,19.846451612903227,7,1987,5
1987-07-12,19.73,19.846451612903227,7,1987,6
1987-07-13,19.83,19.846451612903227,7,1987,0
1987-07-14,19.88,19.846451612903227,7,1987,1
1987-07-15,20.28,19.846451612903227,7,1987,2
1987-07-16,20.4,19.846451612903227,7,1987,3
1987-07-17,20.63,19.846451612903227,7,1987,4
1987-07-18,20.63,19.846451612903227,7,1987,5
1987-07-19,20.63,19.846451612903227,7,1987,6
1987-07-20,20.55,19.846451612903227,7,1987,0
1987-07-21,20.35,19.846451612903227,7,1987,1
1987-07-22,20.33,19.846451612903227,7,1987,2
1987-07-23,20.15,19.846451612903227,7,1987,3
1987-07-24,19.58,19.846451612903227,7,1987,4
1987-07-25,19.58,19.846451612903227,7,1987,5
1987-07-26,19.58,19.846451612903227,7,1987,6
1987-07-27,19.3,19.846451612903227,7,1987,0
1987-07-28,19.78,19.846451612903227,7,1987,1
1987-07-29,19.98,19.846451612903227,7,1987,2
1987-07-30,20.2,19.846451612903227,7,1987,3
1987-07-31,20.03,19.846451612903227,7,1987,4
1987-08-01,20.03,19.000967741935483,8,1987,5
1987-08-02,20.03,19.000967741935483,8,1987,6
1987-08-03,20.95,19.000967741935483,8,1987,0
1987-08-04,20.65,19.000967741935483,8,1987,1
1987-08-05,19.8,19.000967741935483,8,1987,2
1987-08-06,19.75,19.000967741935483,8,1987,3
1987-08-07,19.65,19.000967741935483,8,1987,4
1987-08-08,19.65,19.000967741935483,8,1987,5
1987-08-09,19.65,19.000967741935483,8,1987,6
1987-08-10,19.43,19.000967741935483,8,1987,0
1987-08-11,19.45,19.000967741935483,8,1987,1
1987-08-12,19.5,19.000967741935483,8,1987,2
1987-08-13,19.4,19.000967741935483,8,1987,3
1987-08-14,19.25,19.000967741935483,8,1987,4
1987-08-15,19.25,19.000967741935483,8,1987,5
1987-08-16,19.25,19.000967741935483,8,1987,6
1987-08-17,18.85,19.000967741935483,8,1987,0
1987-08-18,18.75,19.000967741935483,8,1987,1
1987-08-19,18.5,19.000967741935483,8,1987,2
1987-08-20,18.3,19.000967741935483,8,1987,3
1987-08-21,18.1,19.000967741935483,8,1987,4
1987-08-22,18.1,19.000967741935483,8,1987,5
1987-08-23,18.1,19.000967741935483,8,1987,6
1987-08-24,17.48,19.000967741935483,8,1987,0
1987-08-25,17.55,19.000967741935483,8,1987,1
1987-08-26,18.1,19.000967741935483,8,1987,2
1987-08-27,18.28,19.000967741935483,8,1987,3
1987-08-28,18.2,19.000967741935483,8,1987,4
1987-08-29,18.2,19.000967741935483,8,1987,5
1987-08-30,18.2,19.000967741935483,8,1987,6
1987-08-31,18.63,19.000967741935483,8,1987,0
1987-09-01,18.43,18.310333333333332,9,1987,1
1987-09-02,18.4,18.310333333333332,9,1987,2
1987-09-03,18.18,18.310333333333332,9,1987,3
1987-09-04,18.13,18.310333333333332,9,1987,4
1987-09-05,18.13,18.310333333333332,9,1987,5
1987-09-06,18.13,18.310333333333332,9,1987,6
1987-09-07,17.6,18.310333333333332,9,1987,0
1987-09-08,17.68,18.310333333333332,9,1987,1
1987-09-09,17.9,18.310333333333332,9,1987,2
1987-09-10,18.3,18.310333333333332,9,1987,3
1987-09-11,18.18,18.310333333333332,9,1987,4
1987-09-12,18.18,18.310333333333332,9,1987,5
1987-09-13,18.18,18.310333333333332,9,1987,6
1987-09-14,18.15,18.310333333333332,9,1987,0
1987-09-15,18.53,18.310333333333332,9,1987,1
1987-09-16,18.53,18.310333333333332,9,1987,2
1987-09-17,18.43,18.310333333333332,9,1987,3
1987-09-18,18.3,18.310333333333332,9,1987,4
1987-09-19,18.3,18.310333333333332,9,1987,5
1987-09-20,18.3,18.310333333333332,9,1987,6
1987-09-21,18.28,18.310333333333332,9,1987,0
1987-09-22,18.48,18.310333333333332,9,1987,1
1987-09-23,18.48,18.310333333333332,9,1987,2
1987-09-24,18.68,18.310333333333332,9,1987,3
1987-09-25,18.6,18.310333333333332,9,1987,4
1987-09-26,18.6,18.310333333333332,9,1987,5
1987-09-27,18.6,18.310333333333332,9,1987,6
1987-09-28,18.65,18.310333333333332,9,1987,0
1987-09-29,18.5,18.310333333333332,9,1987,1
1987-09-30,18.48,18.310333333333332,9,1987,2
1987-10-01,18.5,18.77193548387097,10,1987,3
1987-10-02,18.65,18.77193548387097,10,1987,4
1987-10-03,18.65,18.77193548387097,10,1987,5
1987-10-04,18.65,18.77193548387097,10,1987,6
1987-10-05,18.78,18.77193548387097,10,1987,0
1987-10-06,18.6,18.77193548387097,10,1987,1
1987-10-07,18.58,18.77193548387097,10,1987,2
1987-10-08,18.63,18.77193548387097,10,1987,3
1987-10-09,18.6,18.77193548387097,10,1987,4
1987-10-10,18.6,18.77193548387097,10,1987,5
1987-10-11,18.6,18.77193548387097,10,1987,6
1987-10-12,18.55,18.77193548387097,10,1987,0
1987-10-13,18.55,18.77193548387097,10,1987,1
1987-10-14,18.68,18.77193548387097,10,1987,2
1987-10-15,18.68,18.77193548387097,10,1987,3
1987-10-16,19.0,18.77193548387097,10,1987,4
1987-10-17,19.0,18.77193548387097,10,1987,5
1987-10-18,19.0,18.77193548387097,10,1987,6
1987-10-19,19.1,18.77193548387097,10,1987,0
1987-10-20,18.78,18.77193548387097,10,1987,1
1987-10-21,18.93,18.77193548387097,10,1987,2
1987-10-22,19.13,18.77193548387097,10,1987,3
1987-10-23,18.98,18.77193548387097,10,1987,4
1987-10-24,18.98,18.77193548387097,10,1987,5
1987-10-25,18.98,18.77193548387097,10,1987,6
1987-10-26,18.75,18.77193548387097,10,1987,0
1987-10-27,18.8,18.77193548387097,10,1987,1
1987-10-28,18.85,18.77193548387097,10,1987,2
1987-10-29,18.75,18.77193548387097,10,1987,3
1987-10-30,18.8,18.77193548387097,10,1987,4
1987-10-31,18.8,18.77193548387097,10,1987,5
1987-11-01,18.8,17.815333333333335,11,1987,6
1987-11-02,18.63,17.815333333333335,11,1987,0
1987-11-03,18.38,17.815333333333335,11,1987,1
1987-11-04,17.93,17.815333333333335,11,1987,2
1987-11-05,17.85,17.815333333333335,11,1987,3
1987-11-06,17.95,17.815333333333335,11,1987,4
1987-11-07,17.95,17.815333333333335,11,1987,5
1987-11-08,17.95,17.815333333333335,11,1987,6
1987-11-09,17.5,17.815333333333335,11,1987,0
1987-11-10,17.75,17.815333333333335,11,1987,1
1987-11-11,17.8,17.815333333333335,11,1987,2
1987-11-12,17.85,17.815333333333335,11,1987,3
1987-11-13,17.8,17.815333333333335,11,1987,4
1987-11-14,17.8,17.815333333333335,11,1987,5
1987-11-15,17.8,17.815333333333335,11,1987,6
1987-11-16,17.68,17.815333333333335,11,1987,0
1987-11-17,17.4,17.815333333333335,11,1987,1
1987-11-18,17.18,17.815333333333335,11,1987,2
1987-11-19,17.48,17.815333333333335,11,1987,3
1987-11-20,17.6,17.815333333333335,11,1987,4
1987-11-21,17.6,17.815333333333335,11,1987,5
1987-11-22,17.6,17.815333333333335,11,1987,6
1987-11-23,17.9,17.815333333333335,11,1987,0
1987-11-24,17.83,17.815333333333335,11,1987,1
1987-11-25,17.68,17.815333333333335,11,1987,2
1987-11-26,17.73,17.815333333333335,11,1987,3
1987-11-27,17.78,17.815333333333335,11,1987,4
1987-11-28,17.78,17.815333333333335,11,1987,5
1987-11-29,17.78,17.815333333333335,11,1987,6
1987-11-30,17.7,17.815333333333335,11,1987,0
1987-12-01,17.65,17.06935483870968,12,1987,1
1987-12-02,17.7,17.06935483870968,12,1987,2
1987-12-03,17.93,17.06935483870968,12,1987,3
1987-12-04,18.0,17.06935483870968,12,1987,4
1987-12-05,18.0,17.06935483870968,12,1987,5
1987-12-06,18.0,17.06935483870968,12,1987,6
1987-12-07,17.78,17.06935483870968,12,1987,0
1987-12-08,17.58,17.06935483870968,12,1987,1
1987-12-09,17.43,17.06935483870968,12,1987,2
1987-12-10,17.55,17.06935483870968,12,1987,3
1987-12-11,17.73,17.06935483870968,12,1987,4
1987-12-12,17.73,17.06935483870968,12,1987,5
1987-12-13,17.73,17.06935483870968,12,1987,6
1987-12-14,16.8,17.06935483870968,12,1987,0
1987-12-15,16.2,17.06935483870968,12,1987,1
1987-12-16,15.93,17.06935483870968,12,1987,2
1987-12-17,15.03,17.06935483870968,12,1987,3
1987-12-18,15.6,17.06935483870968,12,1987,4
1987-12-19,15.6,17.06935483870968,12,1987,5
1987-12-20,15.6,17.06935483870968,12,1987,6
1987-12-21,15.4,17.06935483870968,12,1987,0
1987-12-22,16.7,17.06935483870968,12,1987,1
1987-12-23,17.25,17.06935483870968,12,1987,2
1987-12-24,17.1,17.06935483870968,12,1987,3
1987-12-25,17.1,17.06935483870968,12,1987,4
1987-12-26,17.1,17.06935483870968,12,1987,5
1987-12-27,17.1,17.06935483870968,12,1987,6
1987-12-28,17.0,17.06935483870968,12,1987,0
1987-12-29,17.38,17.06935483870968,12,1987,1
1987-12-30,17.85,17.06935483870968,12,1987,2
1987-12-31,17.6,17.06935483870968,12,1987,3
1988-01-01,17.6,16.82774193548387,1,1988,4
1988-01-02,17.6,16.82774193548387,1,1988,5
1988-01-03,17.6,16.82774193548387,1,1988,6
1988-01-04,17.95,16.82774193548387,1,1988,0
1988-01-05,17.08,16.82774193548387,1,1988,1
1988-01-06,17.9,16.82774193548387,1,1988,2
1988-01-07,17.9,16.82774193548387,1,1988,3
1988-01-08,16.88,16.82774193548387,1,1988,4
1988-01-09,16.88,16.82774193548387,1,1988,5
1988-01-10,16.88,16.82774193548387,1,1988,6
1988-01-11,16.65,16.82774193548387,1,1988,0
1988-01-12,15.95,16.82774193548387,1,1988,1
1988-01-13,16.38,16.82774193548387,1,1988,2
1988-01-14,16.55,16.82774193548387,1,1988,3
1988-01-15,16.65,16.82774193548387,1,1988,4
1988-01-16,16.65,16.82774193548387,1,1988,5
1988-01-17,16.65,16.82774193548387,1,1988,6
1988-01-18,16.83,16.82774193548387,1,1988,0
1988-01-19,17.1,16.82774193548387,1,1988,1
1988-01-20,16.83,16.82774193548387,1,1988,2
1988-01-21,17.08,16.82774193548387,1,1988,3
1988-01-22,16.7,16.82774193548387,1,1988,4
1988-01-23,16.7,16.82774193548387,1,1988,5
1988-01-24,16.7,16.82774193548387,1,1988,6
1988-01-25,16.45,16.82774193548387,1,1988,0
1988-01-26,16.45,16.82774193548387,1,1988,1
1988-01-27,16.13,16.82774193548387,1,1988,2
1988-01-28,16.1,16.82774193548387,1,1988,3
1988-01-29,16.28,16.82774193548387,1,1988,4
1988-01-30,16.28,16.82774193548387,1,1988,5
1988-01-31,16.28,16.82774193548387,1,1988,6
1988-02-01,16.1,15.669655172413794,2,1988,0
1988-02-02,16.18,15.669655172413794,2,1988,1
1988-02-03,16.15,15.669655172413794,2,1988,2
1988-02-04,16.18,15.669655172413794,2,1988,3
1988-02-05,16.1,15.669655172413794,2,1988,4
1988-02-06,16.1,15.669655172413794,2,1988,5
1988-02-07,16.1,15.669655172413794,2,1988,6
1988-02-08,16.5,15.669655172413794,2,1988,0
1988-02-09,16.4,15.669655172413794,2,1988,1
1988-02-10,16.13,15.669655172413794,2,1988,2
1988-02-11,16.1,15.669655172413794,2,1988,3
1988-02-12,15.75,15.669655172413794,2,1988,4
1988-02-13,15.75,15.669655172413794,2,1988,5
1988-02-14,15.75,15.669655172413794,2,1988,6
1988-02-15,15.68,15.669655172413794,2,1988,0
1988-02-16,15.63,15.669655172413794,2,1988,1
1988-02-17,15.85,15.669655172413794,2,1988,2
1988-02-18,15.48,15.669655172413794,2,1988,3
1988-02-19,15.55,15.669655172413794,2,1988,4
1988-02-20,15.55,15.669655172413794,2,1988,5
1988-02-21,15.55,15.669655172413794,2,1988,6
1988-02-22,15.38,15.669655172413794,2,1988,0
1988-02-23,15.58,15.669655172413794,2,1988,1
1988-02-24,15.35,15.669655172413794,2,1988,2
1988-02-25,14.85,15.669655172413794,2,1988,3
1988-02-26,14.65,15.669655172413794,2,1988,4
1988-02-27,14.65,15.669655172413794,2,1988,5
1988-02-28,14.65,15.669655172413794,2,1988,6
1988-02-29,14.73,15.669655172413794,2,1988,0
1988-03-01,14.18,14.75290322580645,3,1988,1
1988-03-02,13.8,14.75290322580645,3,1988,2
1988-03-03,14.0,14.75290322580645,3,1988,3
1988-03-04,14.0,14.75290322580645,3,1988,4
1988-03-05,14.0,14.75290322580645,3,1988,5
1988-03-06,14.0,14.75290322580645,3,1988,6
1988-03-07,13.9,14.75290322580645,3,1988,0
1988-03-08,13.8,14.75290322580645,3,1988,1
1988-03-09,13.98,14.75290322580645,3,1988,2
1988-03-10,14.48,14.75290322580645,3,1988,3
1988-03-11,14.88,14.75290322580645,3,1988,4
1988-03-12,14.88,14.75290322580645,3,1988,5
1988-03-13,14.88,14.75290322580645,3,1988,6
1988-03-14,14.28,14.75290322580645,3,1988,0
1988-03-15,14.3,14.75290322580645,3,1988,1
1988-03-16,14.45,14.75290322580645,3,1988,2
1988-03-17,14.43,14.75290322580645,3,1988,3
1988-03-18,14.93,14.75290322580645,3,1988,4
1988-03-19,14.93,14.75290322580645,3,1988,5
1988-03-20,14.93,14.75290322580645,3,1988,6
1988-03-21,15.38,14.75290322580645,3,1988,0
1988-03-22,15.03,14.75290322580645,3,1988,1
1988-03-23,15.4,14.75290322580645,3,1988,2
1988-03-24,15.65,14.75290322580645,3,1988,3
1988-03-25,15.45,14.75290322580645,3,1988,4
1988-03-26,15.45,14.75290322580645,3,1988,5
1988-03-27,15.45,14.75290322580645,3,1988,6
1988-03-28,15.55,14.75290322580645,3,1988,0
1988-03-29,15.6,14.75290322580645,3,1988,1
1988-03-30,15.7,14.75290322580645,3,1988,2
1988-03-31,15.65,14.75290322580645,3,1988,3
1988-04-01,15.65,16.453666666666667,4,1988,4
1988-04-02,15.65,16.453666666666667,4,1988,5
1988-04-03,15.65,16.453666666666667,4,1988,6
1988-04-04,15.65,16.453666666666667,4,1988,0
1988-04-05,15.5,16.453666666666667,4,1988,1
1988-04-06,15.38,16.453666666666667,4,1988,2
1988-04-07,15.53,16.453666666666667,4,1988,3
1988-04-08,15.55,16.453666666666667,4,1988,4
1988-04-09,15.55,16.453666666666667,4,1988,5
1988-04-10,15.55,16.453666666666667,4,1988,6
1988-04-11,16.2,16.453666666666667,4,1988,0
1988-04-12,16.48,16.453666666666667,4,1988,1
1988-04-13,16.55,16.453666666666667,4,1988,2
1988-04-14,16.65,16.453666666666667,4,1988,3
1988-04-15,16.85,16.453666666666667,4,1988,4
1988-04-16,16.85,16.453666666666667,4,1988,5
1988-04-17,16.85,16.453666666666667,4,1988,6
1988-04-18,17.45,16.453666666666667,4,1988,0
1988-04-19,17.05,16.453666666666667,4,1988,1
1988-04-20,16.78,16.453666666666667,4,1988,2
1988-04-21,17.0,16.453666666666667,4,1988,3
1988-04-22,17.15,16.453666666666667,4,1988,4
1988-04-23,17.15,16.453666666666667,4,1988,5
1988-04-24,17.15,16.453666666666667,4,1988,6
1988-04-25,17.13,16.453666666666667,4,1988,0
1988-04-26,17.18,16.453666666666667,4,1988,1
1988-04-27,17.4,16.453666666666667,4,1988,2
1988-04-28,16.88,16.453666666666667,4,1988,3
1988-04-29,16.6,16.453666666666667,4,1988,4
1988-04-30,16.6,16.453666666666667,4,1988,5
1988-05-01,16.6,16.348709677419354,5,1988,6
1988-05-02,15.95,16.348709677419354,5,1988,0
1988-05-03,16.08,16.348709677419354,5,1988,1
1988-05-04,16.15,16.348709677419354,5,1988,2
1988-05-05,16.15,16.348709677419354,5,1988,3
1988-05-06,16.45,16.348709677419354,5,1988,4
1988-05-07,16.45,16.348709677419354,5,1988,5
1988-05-08,16.45,16.348709677419354,5,1988,6
1988-05-09,16.5,16.348709677419354,5,1988,0
1988-05-10,16.38,16.348709677419354,5,1988,1
1988-05-11,16.48,16.348709677419354,5,1988,2
1988-05-12,16.4,16.348709677419354,5,1988,3
1988-05-13,16.5,16.348709677419354,5,1988,4
1988-05-14,16.5,16.348709677419354,5,1988,5
1988-05-15,16.5,16.348709677419354,5,1988,6
1988-05-16,16.6,16.348709677419354,5,1988,0
1988-05-17,16.6,16.348709677419354,5,1988,1
1988-05-18,16.4,16.348709677419354,5,1988,2
1988-05-19,16.25,16.348709677419354,5,1988,3
1988-05-20,16.45,16.348709677419354,5,1988,4
1988-05-21,16.45,16.348709677419354,5,1988,5
1988-05-22,16.45,16.348709677419354,5,1988,6
1988-05-23,16.23,16.348709677419354,5,1988,0
1988-05-24,16.3,16.348709677419354,5,1988,1
1988-05-25,16.18,16.348709677419354,5,1988,2
1988-05-26,16.18,16.348709677419354,5,1988,3
1988-05-27,16.25,16.348709677419354,5,1988,4
1988-05-28,16.25,16.348709677419354,5,1988,5
1988-05-29,16.25,16.348709677419354,5,1988,6
1988-05-30,16.23,16.348709677419354,5,1988,0
1988-05-31,16.2,16.348709677419354,5,1988,1
1988-06-01,16.33,15.594,6,1988,2
1988-06-02,16.33,15.594,6,1988,3
1988-06-03,16.45,15.594,6,1988,4
1988-06-04,16.45,15.594,6,1988,5
1988-06-05,16.45,15.594,6,1988,6
1988-06-06,16.25,15.594,6,1988,0
1988-06-07,16.23,15.594,6,1988,1
1988-06-08,16.28,15.594,6,1988,2
1988-06-09,16.3,15.594,6,1988,3
1988-06-10,15.85,15.594,6,1988,4
1988-06-11,15.85,15.594,6,1988,5
1988-06-12,15.85,15.594,6,1988,6
1988-06-13,15.53,15.594,6,1988,0
1988-06-14,15.85,15.594,6,1988,1
1988-06-15,15.7,15.594,6,1988,2
1988-06-16,15.43,15.594,6,1988,3
1988-06-17,15.48,15.594,6,1988,4
1988-06-18,15.48,15.594,6,1988,5
1988-06-19,15.48,15.594,6,1988,6
1988-06-20,15.0,15.594,6,1988,0
1988-06-21,15.0,15.594,6,1988,1
1988-06-22,15.13,15.594,6,1988,2
1988-06-23,15.18,15.594,6,1988,3
1988-06-24,15.15,15.594,6,1988,4
1988-06-25,15.15,15.594,6,1988,5
1988-06-26,15.15,15.594,6,1988,6
1988-06-27,14.93,15.594,6,1988,0
1988-06-28,14.83,15.594,6,1988,1
1988-06-29,14.55,15.594,6,1988,2
1988-06-30,14.18,15.594,6,1988,3
1988-07-01,13.95,14.926451612903227,7,1988,4
1988-07-02,13.95,14.926451612903227,7,1988,5
1988-07-03,13.95,14.926451612903227,7,1988,6
1988-07-04,14.05,14.926451612903227,7,1988,0
1988-07-05,13.98,14.926451612903227,7,1988,1
1988-07-06,14.5,14.926451612903227,7,1988,2
1988-07-07,15.5,14.926451612903227,7,1988,3
1988-07-08,15.05,14.926451612903227,7,1988,4
1988-07-09,15.05,14.926451612903227,7,1988,5
1988-07-10,15.05,14.926451612903227,7,1988,6
1988-07-11,14.63,14.926451612903227,7,1988,0
1988-07-12,14.0,14.926451612903227,7,1988,1
1988-07-13,14.1,14.926451612903227,7,1988,2
1988-07-14,14.1,14.926451612903227,7,1988,3
1988-07-15,14.25,14.926451612903227,7,1988,4
1988-07-16,14.25,14.926451612903227,7,1988,5
1988-07-17,14.25,14.926451612903227,7,1988,6
1988-07-18,15.0,14.926451612903227,7,1988,0
1988-07-19,14.93,14.926451612903227,7,1988,1
1988-07-20,15.48,14.926451612903227,7,1988,2
1988-07-21,15.63,14.926451612903227,7,1988,3
1988-07-22,15.83,14.926451612903227,7,1988,4
1988-07-23,15.83,14.926451612903227,7,1988,5
1988-07-24,15.83,14.926451612903227,7,1988,6
1988-07-25,15.8,14.926451612903227,7,1988,0
1988-07-26,15.38,14.926451612903227,7,1988,1
1988-07-27,15.45,14.926451612903227,7,1988,2
1988-07-28,15.7,14.926451612903227,7,1988,3
1988-07-29,15.75,14.926451612903227,7,1988,4
1988-07-30,15.75,14.926451612903227,7,1988,5
1988-07-31,15.75,14.926451612903227,7,1988,6
1988-08-01,15.6,14.868387096774194,8,1988,0
1988-08-02,15.35,14.868387096774194,8,1988,1
1988-08-03,15.0,14.868387096774194,8,1988,2
1988-08-04,14.5,14.868387096774194,8,1988,3
1988-08-05,14.85,14.868387096774194,8,1988,4
1988-08-06,14.85,14.868387096774194,8,1988,5
1988-08-07,14.85,14.868387096774194,8,1988,6
1988-08-08,15.48,14.868387096774194,8,1988,0
1988-08-09,15.4,14.868387096774194,8,1988,1
1988-08-10,15.1,14.868387096774194,8,1988,2
1988-08-11,15.13,14.868387096774194,8,1988,3
1988-08-12,14.98,14.868387096774194,8,1988,4
1988-08-13,14.98,14.868387096774194,8,1988,5
1988-08-14,14.98,14.868387096774194,8,1988,6
1988-08-15,14.8,14.868387096774194,8,1988,0
1988-08-16,14.85,14.868387096774194,8,1988,1
1988-08-17,14.75,14.868387096774194,8,1988,2
1988-08-18,14.78,14.868387096774194,8,1988,3
1988-08-19,14.85,14.868387096774194,8,1988,4
1988-08-20,14.85,14.868387096774194,8,1988,5
1988-08-21,14.85,14.868387096774194,8,1988,6
1988-08-22,15.03,14.868387096774194,8,1988,0
1988-08-23,14.8,14.868387096774194,8,1988,1
1988-08-24,14.85,14.868387096774194,8,1988,2
1988-08-25,14.63,14.868387096774194,8,1988,3
1988-08-26,14.5,14.868387096774194,8,1988,4
1988-08-27,14.5,14.868387096774194,8,1988,5
1988-08-28,14.5,14.868387096774194,8,1988,6
1988-08-29,14.48,14.868387096774194,8,1988,0
1988-08-30,14.45,14.868387096774194,8,1988,1
1988-08-31,14.4,14.868387096774194,8,1988,2
1988-09-01,14.15,13.243666666666666,9,1988,3
1988-09-02,14.0,13.243666666666666,9,1988,4
1988-09-03,14.0,13.243666666666666,9,1988,5
1988-09-04,14.0,13.243666666666666,9,1988,6
1988-09-05,13.68,13.243666666666666,9,1988,0
1988-09-06,13.35,13.243666666666666,9,1988,1
1988-09-07,13.18,13.243666666666666,9,1988,2
1988-09-08,13.3,13.243666666666666,9,1988,3
1988-09-09,13.25,13.243666666666666,9,1988,4
1988-09-10,13.25,13.243666666666666,9,1988,5
1988-09-11,13.25,13.243666666666666,9,1988,6
1988-09-12,12.7,13.243666666666666,9,1988,0
1988-09-13,13.4,13.243666666666666,9,1988,1
1988-09-14,13.9,13.243666666666666,9,1988,2
1988-09-15,13.5,13.243666666666666,9,1988,3
1988-09-16,13.23,13.243666666666666,9,1988,4
1988-09-17,13.23,13.243666666666666,9,1988,5
1988-09-18,13.23,13.243666666666666,9,1988,6
1988-09-19,12.85,13.243666666666666,9,1988,0
1988-09-20,13.15,13.243666666666666,9,1988,1
1988-09-21,13.05,13.243666666666666,9,1988,2
1988-09-22,13.2,13.243666666666666,9,1988,3
1988-09-23,13.2,13.243666666666666,9,1988,4
1988-09-24,13.2,13.243666666666666,9,1988,5
1988-09-25,13.2,13.243666666666666,9,1988,6
1988-09-26,13.1,13.243666666666666,9,1988,0
1988-09-27,12.58,13.243666666666666,9,1988,1
1988-09-28,12.75,13.243666666666666,9,1988,2
1988-09-29,12.5,13.243666666666666,9,1988,3
1988-09-30,11.93,13.243666666666666,9,1988,4
1988-10-01,11.93,12.44,10,1988,5
1988-10-02,11.93,12.44,10,1988,6
1988-10-03,11.6,12.44,10,1988,0
1988-10-04,11.65,12.44,10,1988,1
1988-10-05,11.2,12.44,10,1988,2
1988-10-06,11.3,12.44,10,1988,3
1988-10-07,11.35,12.44,10,1988,4
1988-10-08,11.35,12.44,10,1988,5
1988-10-09,11.35,12.44,10,1988,6
1988-10-10,12.2,12.44,10,1988,0
1988-10-11,12.35,12.44,10,1988,1
1988-10-12,12.45,12.44,10,1988,2
1988-10-13,12.55,12.44,10,1988,3
1988-10-14,13.2,12.44,10,1988,4
1988-10-15,13.2,12.44,10,1988,5
1988-10-16,13.2,12.44,10,1988,6
1988-10-17,13.55,12.44,10,1988,0
1988-10-18,12.9,12.44,10,1988,1
1988-10-19,13.35,12.44,10,1988,2
1988-10-20,13.5,12.44,10,1988,3
1988-10-21,13.48,12.44,10,1988,4
1988-10-22,13.48,12.44,10,1988,5
1988-10-23,13.48,12.44,10,1988,6
1988-10-24,12.2,12.44,10,1988,0
1988-10-25,12.08,12.44,10,1988,1
1988-10-26,12.08,12.44,10,1988,2
1988-10-27,12.33,12.44,10,1988,3
1988-10-28,12.6,12.44,10,1988,4
1988-10-29,12.6,12.44,10,1988,5
1988-10-30,12.6,12.44,10,1988,6
1988-10-31,12.6,12.44,10,1988,0
1988-11-01,12.18,13.055333333333332,11,1988,1
1988-11-02,12.35,13.055333333333332,11,1988,2
1988-11-03,12.5,13.055333333333332,11,1988,3
1988-11-04,12.75,13.055333333333332,11,1988,4
1988-11-05,12.75,13.055333333333332,11,1988,5
1988-11-06,12.75,13.055333333333332,11,1988,6
1988-11-07,12.75,13.055333333333332,11,1988,0
1988-11-08,12.6,13.055333333333332,11,1988,1
1988-11-09,12.7,13.055333333333332,11,1988,2
1988-11-10,13.03,13.055333333333332,11,1988,3
1988-11-11,13.03,13.055333333333332,11,1988,4
1988-11-12,13.03,13.055333333333332,11,1988,5
1988-11-13,13.03,13.055333333333332,11,1988,6
1988-11-14,13.0,13.055333333333332,11,1988,0
1988-11-15,13.0,13.055333333333332,11,1988,1
1988-11-16,12.7,13.055333333333332,11,1988,2
1988-11-17,12.05,13.055333333333332,11,1988,3
1988-11-18,12.08,13.055333333333332,11,1988,4
1988-11-19,12.08,13.055333333333332,11,1988,5
1988-11-20,12.08,13.055333333333332,11,1988,6
1988-11-21,12.13,13.055333333333332,11,1988,0
1988-11-22,13.35,13.055333333333332,11,1988,1
1988-11-23,13.33,13.055333333333332,11,1988,2
1988-11-24,12.98,13.055333333333332,11,1988,3
1988-11-25,14.7,13.055333333333332,11,1988,4
1988-11-26,14.7,13.055333333333332,11,1988,5
1988-11-27,14.7,13.055333333333332,11,1988,6
1988-11-28,14.73,13.055333333333332,11,1988,0
1988-11-29,14.25,13.055333333333332,11,1988,1
1988-11-30,14.35,13.055333333333332,11,1988,2
1988-12-01,14.93,15.303548387096775,12,1988,3
1988-12-02,14.8,15.303548387096775,12,1988,4
1988-12-03,14.8,15.303548387096775,12,1988,5
1988-12-04,14.8,15.303548387096775,12,1988,6
1988-12-05,14.73,15.303548387096775,12,1988,0
1988-12-06,14.4,15.303548387096775,12,1988,1
1988-12-07,14.7,15.303548387096775,12,1988,2
1988-12-08,15.05,15.303548387096775,12,1988,3
1988-12-09,14.9,15.303548387096775,12,1988,4
1988-12-10,14.9,15.303548387096775,12,1988,5
1988-12-11,14.9,15.303548387096775,12,1988,6
1988-12-12,15.2,15.303548387096775,12,1988,0
1988-12-13,15.18,15.303548387096775,12,1988,1
1988-12-14,15.35,15.303548387096775,12,1988,2
1988-12-15,15.58,15.303548387096775,12,1988,3
1988-12-16,15.6,15.303548387096775,12,1988,4
1988-12-17,15.6,15.303548387096775,12,1988,5
1988-12-18,15.6,15.303548387096775,12,1988,6
1988-12-19,15.3,15.303548387096775,12,1988,0
1988-12-20,15.28,15.303548387096775,12,1988,1
1988-12-21,15.33,15.303548387096775,12,1988,2
1988-12-22,15.25,15.303548387096775,12,1988,3
1988-12-23,15.38,15.303548387096775,12,1988,4
1988-12-24,15.38,15.303548387096775,12,1988,5
1988-12-25,15.38,15.303548387096775,12,1988,6
1988-12-26,15.38,15.303548387096775,12,1988,0
1988-12-27,16.25,15.303548387096775,12,1988,1
1988-12-28,16.1,15.303548387096775,12,1988,2
1988-12-29,15.9,15.303548387096775,12,1988,3
1988-12-30,16.23,15.303548387096775,12,1988,4
1988-12-31,16.23,15.303548387096775,12,1988,5
1989-01-01,16.23,17.168709677419354,1,1989,6
1989-01-02,16.23,17.168709677419354,1,1989,0
1989-01-03,16.4,17.168709677419354,1,1989,1
1989-01-04,16.53,17.168709677419354,1,1989,2
1989-01-05,16.58,17.168709677419354,1,1989,3
1989-01-06,16.85,17.168709677419354,1,1989,4
1989-01-07,16.85,17.168709677419354,1,1989,5
1989-01-08,16.85,17.168709677419354,1,1989,6
1989-01-09,17.0,17.168709677419354,1,1989,0
1989-01-10,16.75,17.168709677419354,1,1989,1
1989-01-11,16.9,17.168709677419354,1,1989,2
1989-01-12,16.85,17.168709677419354,1,1989,3
1989-01-13,17.4,17.168709677419354,1,1989,4
1989-01-14,17.4,17.168709677419354,1,1989,5
1989-01-15,17.4,17.168709677419354,1,1989,6
1989-01-16,17.5,17.168709677419354,1,1989,0
1989-01-17,17.78,17.168709677419354,1,1989,1
1989-01-18,17.95,17.168709677419354,1,1989,2
1989-01-19,18.1,17.168709677419354,1,1989,3
1989-01-20,18.15,17.168709677419354,1,1989,4
1989-01-21,18.15,17.168709677419354,1,1989,5
1989-01-22,18.15,17.168709677419354,1,1989,6
1989-01-23,16.98,17.168709677419354,1,1989,0
1989-01-24,17.05,17.168709677419354,1,1989,1
1989-01-25,17.7,17.168709677419354,1,1989,2
1989-01-26,17.73,17.168709677419354,1,1989,3
1989-01-27,17.18,17.168709677419354,1,1989,4
1989-01-28,17.18,17.168709677419354,1,1989,5
1989-01-29,17.18,17.168709677419354,1,1989,6
1989-01-30,16.85,17.168709677419354,1,1989,0
1989-01-31,16.38,17.168709677419354,1,1989,1
1989-02-01,16.4,16.87392857142857,2,1989,2
1989-02-02,16.95,16.87392857142857,2,1989,3
1989-02-03,16.75,16.87392857142857,2,1989,4
1989-02-04,16.75,16.87392857142857,2,1989,5
1989-02-05,16.75,16.87392857142857,2,1989,6
1989-02-06,16.5,16.87392857142857,2,1989,0
1989-02-07,16.6,16.87392857142857,2,1989,1
1989-02-08,16.75,16.87392857142857,2,1989,2
1989-02-09,16.58,16.87392857142857,2,1989,3
1989-02-10,16.4,16.87392857142857,2,1989,4
1989-02-11,16.4,16.87392857142857,2,1989,5
1989-02-12,16.4,16.87392857142857,2,1989,6
1989-02-13,16.5,16.87392857142857,2,1989,0
1989-02-14,16.83,16.87392857142857,2,1989,1
1989-02-15,16.75,16.87392857142857,2,1989,2
1989-02-16,17.15,16.87392857142857,2,1989,3
1989-02-17,17.15,16.87392857142857,2,1989,4
1989-02-18,17.15,16.87392857142857,2,1989,5
1989-02-19,17.15,16.87392857142857,2,1989,6
1989-02-20,17.38,16.87392857142857,2,1989,0
1989-02-21,17.2,16.87392857142857,2,1989,1
1989-02-22,16.95,16.87392857142857,2,1989,2
1989-02-23,17.1,16.87392857142857,2,1989,3
1989-02-24,17.05,16.87392857142857,2,1989,4
1989-02-25,17.05,16.87392857142857,2,1989,5
1989-02-26,17.05,16.87392857142857,2,1989,6
1989-02-27,17.55,16.87392857142857,2,1989,0
1989-02-28,17.23,16.87392857142857,2,1989,1
1989-03-01,17.25,18.766451612903225,3,1989,2
1989-03-02,17.45,18.766451612903225,3,1989,3
1989-03-03,17.73,18.766451612903225,3,1989,4
1989-03-04,17.73,18.766451612903225,3,1989,5
1989-03-05,17.73,18.766451612903225,3,1989,6
1989-03-06,17.73,18.766451612903225,3,1989,0
1989-03-07,17.55,18.766451612903225,3,1989,1
1989-03-08,17.55,18.766451612903225,3,1989,2
1989-03-09,17.8,18.766451612903225,3,1989,3
1989-03-10,17.63,18.766451612903225,3,1989,4
1989-03-11,17.63,18.766451612903225,3,1989,5
1989-03-12,17.63,18.766451612903225,3,1989,6
1989-03-13,18.1,18.766451612903225,3,1989,0
1989-03-14,18.63,18.766451612903225,3,1989,1
1989-03-15,19.08,18.766451612903225,3,1989,2
1989-03-16,18.95,18.766451612903225,3,1989,3
1989-03-17,19.3,18.766451612903225,3,1989,4
1989-03-18,19.3,18.766451612903225,3,1989,5
1989-03-19,19.3,18.766451612903225,3,1989,6
1989-03-20,19.18,18.766451612903225,3,1989,0
1989-03-21,19.63,18.766451612903225,3,1989,1
1989-03-22,19.6,18.766451612903225,3,1989,2
1989-03-23,19.93,18.766451612903225,3,1989,3
1989-03-24,19.93,18.766451612903225,3,1989,4
1989-03-25,19.93,18.766451612903225,3,1989,5
1989-03-26,19.93,18.766451612903225,3,1989,6
1989-03-27,19.93,18.766451612903225,3,1989,0
1989-03-28,19.73,18.766451612903225,3,1989,1
1989-03-29,19.45,18.766451612903225,3,1989,2
1989-03-30,20.0,18.766451612903225,3,1989,3
1989-03-31,20.45,18.766451612903225,3,1989,4
1989-04-01,20.45,20.295,4,1989,5
1989-04-02,20.45,20.295,4,1989,6
1989-04-03,19.65,20.295,4,1989,0
1989-04-04,19.9,20.295,4,1989,1
1989-04-05,19.75,20.295,4,1989,2
1989-04-06,19.08,20.295,4,1989,3
1989-04-07,19.4,20.295,4,1989,4
1989-04-08,19.4,20.295,4,1989,5
1989-04-09,19.4,20.295,4,1989,6
1989-04-10,19.6,20.295,4,1989,0
1989-04-11,19.95,20.295,4,1989,1
1989-04-12,19.85,20.295,4,1989,2
1989-04-13,19.95,20.295,4,1989,3
1989-04-14,19.63,20.295,4,1989,4
1989-04-15,19.63,20.295,4,1989,5
1989-04-16,19.63,20.295,4,1989,6
1989-04-17,19.88,20.295,4,1989,0
1989-04-18,20.2,20.295,4,1989,1
1989-04-19,21.5,20.295,4,1989,2
1989-04-20,22.25,20.295,4,1989,3
1989-04-21,21.6,20.295,4,1989,4
1989-04-22,21.6,20.295,4,1989,5
1989-04-23,21.6,20.295,4,1989,6
1989-04-24,21.2,20.295,4,1989,0
1989-04-25,21.15,20.295,4,1989,1
1989-04-26,21.05,20.295,4,1989,2
1989-04-27,20.65,20.295,4,1989,3
1989-04-28,20.15,20.295,4,1989,4
1989-04-29,20.15,20.295,4,1989,5
1989-04-30,20.15,20.295,4,1989,6
1989-05-01,20.15,18.68322580645161,5,1989,0
1989-05-02,19.15,18.68322580645161,5,1989,1
1989-05-03,18.88,18.68322580645161,5,1989,2
1989-05-04,19.7,18.68322580645161,5,1989,3
1989-05-05,19.4,18.68322580645161,5,1989,4
1989-05-06,19.4,18.68322580645161,5,1989,5
1989-05-07,19.4,18.68322580645161,5,1989,6
1989-05-08,18.8,18.68322580645161,5,1989,0
1989-05-09,19.03,18.68322580645161,5,1989,1
1989-05-10,18.88,18.68322580645161,5,1989,2
1989-05-11,19.3,18.68322580645161,5,1989,3
1989-05-12,19.2,18.68322580645161,5,1989,4
1989-05-13,19.2,18.68322580645161,5,1989,5
1989-05-14,19.2,18.68322580645161,5,1989,6
1989-05-15,19.2,18.68322580645161,5,1989,0
1989-05-16,19.8,18.68322580645161,5,1989,1
1989-05-17,18.58,18.68322580645161,5,1989,2
1989-05-18,18.6,18.68322580645161,5,1989,3
1989-05-19,18.3,18.68322580645161,5,1989,4
1989-05-20,18.3,18.68322580645161,5,1989,5
1989-05-21,18.3,18.68322580645161,5,1989,6
1989-05-22,17.4,18.68322580645161,5,1989,0
1989-05-23,17.7,18.68322580645161,5,1989,1
1989-05-24,18.15,18.68322580645161,5,1989,2
1989-05-25,18.2,18.68322580645161,5,1989,3
1989-05-26,17.65,18.68322580645161,5,1989,4
1989-05-27,17.65,18.68322580645161,5,1989,5
1989-05-28,17.65,18.68322580645161,5,1989,6
1989-05-29,17.73,18.68322580645161,5,1989,0
1989-05-30,18.03,18.68322580645161,5,1989,1
1989-05-31,18.25,18.68322580645161,5,1989,2
1989-06-01,18.08,17.67733333333333,6,1989,3
1989-06-02,18.15,17.67733333333333,6,1989,4
1989-06-03,18.15,17.67733333333333,6,1989,5
1989-06-04,18.15,17.67733333333333,6,1989,6
1989-06-05,18.55,17.67733333333333,6,1989,0
1989-06-06,18.5,17.67733333333333,6,1989,1
1989-06-07,18.15,17.67733333333333,6,1989,2
1989-06-08,17.8,17.67733333333333,6,1989,3
1989-06-09,17.95,17.67733333333333,6,1989,4
1989-06-10,17.95,17.67733333333333,6,1989,5
1989-06-11,17.95,17.67733333333333,6,1989,6
1989-06-12,17.18,17.67733333333333,6,1989,0
1989-06-13,16.8,17.67733333333333,6,1989,1
1989-06-14,16.9,17.67733333333333,6,1989,2
1989-06-15,16.95,17.67733333333333,6,1989,3
1989-06-16,16.65,17.67733333333333,6,1989,4
1989-06-17,16.65,17.67733333333333,6,1989,5
1989-06-18,16.65,17.67733333333333,6,1989,6
1989-06-19,16.85,17.67733333333333,6,1989,0
1989-06-20,16.88,17.67733333333333,6,1989,1
1989-06-21,17.13,17.67733333333333,6,1989,2
1989-06-22,17.3,17.67733333333333,6,1989,3
1989-06-23,18.03,17.67733333333333,6,1989,4
1989-06-24,18.03,17.67733333333333,6,1989,5
1989-06-25,18.03,17.67733333333333,6,1989,6
1989-06-26,18.23,17.67733333333333,6,1989,0
1989-06-27,18.2,17.67733333333333,6,1989,1
1989-06-28,18.0,17.67733333333333,6,1989,2
1989-06-29,18.2,17.67733333333333,6,1989,3
1989-06-30,18.28,17.67733333333333,6,1989,4
1989-07-01,18.28,17.630967741935482,7,1989,5
1989-07-02,18.28,17.630967741935482,7,1989,6
1989-07-03,18.4,17.630967741935482,7,1989,0
1989-07-04,18.6,17.630967741935482,7,1989,1
1989-07-05,18.75,17.630967741935482,7,1989,2
1989-07-06,18.3,17.630967741935482,7,1989,3
1989-07-07,17.85,17.630967741935482,7,1989,4
1989-07-08,17.85,17.630967741935482,7,1989,5
1989-07-09,17.85,17.630967741935482,7,1989,6
1989-07-10,17.83,17.630967741935482,7,1989,0
1989-07-11,17.63,17.630967741935482,7,1989,1
1989-07-12,17.65,17.630967741935482,7,1989,2
1989-07-13,17.6,17.630967741935482,7,1989,3
1989-07-14,17.9,17.630967741935482,7,1989,4
1989-07-15,17.9,17.630967741935482,7,1989,5
1989-07-16,17.9,17.630967741935482,7,1989,6
1989-07-17,18.05,17.630967741935482,7,1989,0
1989-07-18,18.05,17.630967741935482,7,1989,1
1989-07-19,17.85,17.630967741935482,7,1989,2
1989-07-20,17.98,17.630967741935482,7,1989,3
1989-07-21,17.83,17.630967741935482,7,1989,4
1989-07-22,17.83,17.630967741935482,7,1989,5
1989-07-23,17.83,17.630967741935482,7,1989,6
1989-07-24,17.3,17.630967741935482,7,1989,0
1989-07-25,17.05,17.630967741935482,7,1989,1
1989-07-26,16.5,17.630967741935482,7,1989,2
1989-07-27,16.28,17.630967741935482,7,1989,3
1989-07-28,16.38,17.630967741935482,7,1989,4
1989-07-29,16.38,17.630967741935482,7,1989,5
1989-07-30,16.38,17.630967741935482,7,1989,6
1989-07-31,16.3,17.630967741935482,7,1989,0
1989-08-01,16.23,16.76032258064516,8,1989,1
1989-08-02,16.1,16.76032258064516,8,1989,2
1989-08-03,16.4,16.76032258064516,8,1989,3
1989-08-04,16.15,16.76032258064516,8,1989,4
1989-08-05,16.15,16.76032258064516,8,1989,5
1989-08-06,16.15,16.76032258064516,8,1989,6
1989-08-07,16.05,16.76032258064516,8,1989,0
1989-08-08,16.28,16.76032258064516,8,1989,1
1989-08-09,16.45,16.76032258064516,8,1989,2
1989-08-10,16.93,16.76032258064516,8,1989,3
1989-08-11,17.0,16.76032258064516,8,1989,4
1989-08-12,17.0,16.76032258064516,8,1989,5
1989-08-13,17.0,16.76032258064516,8,1989,6
1989-08-14,16.85,16.76032258064516,8,1989,0
1989-08-15,17.0,16.76032258064516,8,1989,1
1989-08-16,17.0,16.76032258064516,8,1989,2
1989-08-17,16.95,16.76032258064516,8,1989,3
1989-08-18,16.83,16.76032258064516,8,1989,4
1989-08-19,16.83,16.76032258064516,8,1989,5
1989-08-20,16.83,16.76032258064516,8,1989,6
1989-08-21,16.9,16.76032258064516,8,1989,0
1989-08-22,17.1,16.76032258064516,8,1989,1
1989-08-23,17.08,16.76032258064516,8,1989,2
1989-08-24,17.05,16.76032258064516,8,1989,3
1989-08-25,16.95,16.76032258064516,8,1989,4
1989-08-26,16.95,16.76032258064516,8,1989,5
1989-08-27,16.95,16.76032258064516,8,1989,6
1989-08-28,16.98,16.76032258064516,8,1989,0
1989-08-29,17.1,16.76032258064516,8,1989,1
1989-08-30,17.13,16.76032258064516,8,1989,2
1989-08-31,17.2,16.76032258064516,8,1989,3
1989-09-01,17.33,17.74866666666667,9,1989,4
1989-09-02,17.33,17.74866666666667,9,1989,5
1989-09-03,17.33,17.74866666666667,9,1989,6
1989-09-04,17.43,17.74866666666667,9,1989,0
1989-09-05,17.45,17.74866666666667,9,1989,1
1989-09-06,17.8,17.74866666666667,9,1989,2
1989-09-07,17.8,17.74866666666667,9,1989,3
1989-09-08,17.83,17.74866666666667,9,1989,4
1989-09-09,17.83,17.74866666666667,9,1989,5
1989-09-10,17.83,17.74866666666667,9,1989,6
1989-09-11,17.98,17.74866666666667,9,1989,0
1989-09-12,17.9,17.74866666666667,9,1989,1
1989-09-13,18.05,17.74866666666667,9,1989,2
1989-09-14,17.9,17.74866666666667,9,1989,3
1989-09-15,17.88,17.74866666666667,9,1989,4
1989-09-16,17.88,17.74866666666667,9,1989,5
1989-09-17,17.88,17.74866666666667,9,1989,6
1989-09-18,18.05,17.74866666666667,9,1989,0
1989-09-19,17.9,17.74866666666667,9,1989,1
1989-09-20,17.8,17.74866666666667,9,1989,2
1989-09-21,17.85,17.74866666666667,9,1989,3
1989-09-22,17.53,17.74866666666667,9,1989,4
1989-09-23,17.53,17.74866666666667,9,1989,5
1989-09-24,17.53,17.74866666666667,9,1989,6
1989-09-25,17.45,17.74866666666667,9,1989,0
1989-09-26,17.45,17.74866666666667,9,1989,1
1989-09-27,17.55,17.74866666666667,9,1989,2
1989-09-28,17.93,17.74866666666667,9,1989,3
1989-09-29,18.23,17.74866666666667,9,1989,4
1989-09-30,18.23,17.74866666666667,9,1989,5
1989-10-01,18.23,18.906451612903226,10,1989,6
1989-10-02,18.58,18.906451612903226,10,1989,0
1989-10-03,18.73,18.906451612903226,10,1989,1
1989-10-04,18.78,18.906451612903226,10,1989,2
1989-10-05,18.43,18.906451612903226,10,1989,3
1989-10-06,18.45,18.906451612903226,10,1989,4
1989-10-07,18.45,18.906451612903226,10,1989,5
1989-10-08,18.45,18.906451612903226,10,1989,6
1989-10-09,18.25,18.906451612903226,10,1989,0
1989-10-10,18.55,18.906451612903226,10,1989,1
1989-10-11,18.85,18.906451612903226,10,1989,2
1989-10-12,19.23,18.906451612903226,10,1989,3
1989-10-13,19.6,18.906451612903226,10,1989,4
1989-10-14,19.6,18.906451612903226,10,1989,5
1989-10-15,19.6,18.906451612903226,10,1989,6
1989-10-16,19.38,18.906451612903226,10,1989,0
1989-10-17,19.53,18.906451612903226,10,1989,1
1989-10-18,19.43,18.906451612903226,10,1989,2
1989-10-19,19.33,18.906451612903226,10,1989,3
1989-10-20,19.2,18.906451612903226,10,1989,4
1989-10-21,19.2,18.906451612903226,10,1989,5
1989-10-22,19.2,18.906451612903226,10,1989,6
1989-10-23,18.88,18.906451612903226,10,1989,0
1989-10-24,18.8,18.906451612903226,10,1989,1
1989-10-25,18.88,18.906451612903226,10,1989,2
1989-10-26,18.48,18.906451612903226,10,1989,3
1989-10-27,18.7,18.906451612903226,10,1989,4
1989-10-28,18.7,18.906451612903226,10,1989,5
1989-10-29,18.7,18.906451612903226,10,1989,6
1989-10-30,18.98,18.906451612903226,10,1989,0
1989-10-31,18.93,18.906451612903226,10,1989,1
1989-11-01,19.23,18.752,11,1989,2
1989-11-02,19.2,18.752,11,1989,3
1989-11-03,19.0,18.752,11,1989,4
1989-11-04,19.0,18.752,11,1989,5
1989-11-05,19.0,18.752,11,1989,6
1989-11-06,18.95,18.752,11,1989,0
1989-11-07,18.9,18.752,11,1989,1
1989-11-08,18.9,18.752,11,1989,2
1989-11-09,18.85,18.752,11,1989,3
1989-11-10,19.05,18.752,11,1989,4
1989-11-11,19.05,18.752,11,1989,5
1989-11-12,19.05,18.752,11,1989,6
1989-11-13,18.85,18.752,11,1989,0
1989-11-14,18.7,18.752,11,1989,1
1989-11-15,18.65,18.752,11,1989,2
1989-11-16,18.65,18.752,11,1989,3
1989-11-17,18.75,18.752,11,1989,4
1989-11-18,18.75,18.752,11,1989,5
1989-11-19,18.75,18.752,11,1989,6
1989-11-20,18.8,18.752,11,1989,0
1989-11-21,18.68,18.752,11,1989,1
1989-11-22,18.6,18.752,11,1989,2
1989-11-23,18.4,18.752,11,1989,3
1989-11-24,18.48,18.752,11,1989,4
1989-11-25,18.48,18.752,11,1989,5
1989-11-26,18.48,18.752,11,1989,6
1989-11-27,18.5,18.752,11,1989,0
1989-11-28,18.23,18.752,11,1989,1
1989-11-29,18.15,18.752,11,1989,2
1989-11-30,18.48,18.752,11,1989,3
1989-12-01,18.68,19.87290322580645,12,1989,4
1989-12-02,18.68,19.87290322580645,12,1989,5
1989-12-03,18.68,19.87290322580645,12,1989,6
1989-12-04,19.28,19.87290322580645,12,1989,0
1989-12-05,19.18,19.87290322580645,12,1989,1
1989-12-06,19.28,19.87290322580645,12,1989,2
1989-12-07,19.33,19.87290322580645,12,1989,3
1989-12-08,19.15,19.87290322580645,12,1989,4
1989-12-09,19.15,19.87290322580645,12,1989,5
1989-12-10,19.15,19.87290322580645,12,1989,6
1989-12-11,19.45,19.87290322580645,12,1989,0
1989-12-12,19.53,19.87290322580645,12,1989,1
1989-12-13,19.78,19.87290322580645,12,1989,2
1989-12-14,19.68,19.87290322580645,12,1989,3
1989-12-15,19.68,19.87290322580645,12,1989,4
1989-12-16,19.68,19.87290322580645,12,1989,5
1989-12-17,19.68,19.87290322580645,12,1989,6
1989-12-18,19.98,19.87290322580645,12,1989,0
1989-12-19,20.28,19.87290322580645,12,1989,1
1989-12-20,20.23,19.87290322580645,12,1989,2
1989-12-21,20.13,19.87290322580645,12,1989,3
1989-12-22,20.5,19.87290322580645,12,1989,4
1989-12-23,20.5,19.87290322580645,12,1989,5
1989-12-24,20.5,19.87290322580645,12,1989,6
1989-12-25,20.5,19.87290322580645,12,1989,0
1989-12-26,20.5,19.87290322580645,12,1989,1
1989-12-27,20.9,19.87290322580645,12,1989,2
1989-12-28,20.85,19.87290322580645,12,1989,3
1989-12-29,21.05,19.87290322580645,12,1989,4
1989-12-30,21.05,19.87290322580645,12,1989,5
1989-12-31,21.05,19.87290322580645,12,1989,6
1990-01-01,21.05,21.384838709677418,1,1990,0
1990-01-02,21.2,21.384838709677418,1,1990,1
1990-01-03,22.65,21.384838709677418,1,1990,2
1990-01-04,22.5,21.384838709677418,1,1990,3
1990-01-05,23.13,21.384838709677418,1,1990,4
1990-01-06,23.13,21.384838709677418,1,1990,5
1990-01-07,23.13,21.384838709677418,1,1990,6
1990-01-08,21.38,21.384838709677418,1,1990,0
1990-01-09,21.03,21.384838709677418,1,1990,1
1990-01-10,21.95,21.384838709677418,1,1990,2
1990-01-11,21.88,21.384838709677418,1,1990,3
1990-01-12,22.13,21.384838709677418,1,1990,4
1990-01-13,22.13,21.384838709677418,1,1990,5
1990-01-14,22.13,21.384838709677418,1,1990,6
1990-01-15,21.6,21.384838709677418,1,1990,0
1990-01-16,21.15,21.384838709677418,1,1990,1
1990-01-17,20.45,21.384838709677418,1,1990,2
1990-01-18,20.78,21.384838709677418,1,1990,3
1990-01-19,21.28,21.384838709677418,1,1990,4
1990-01-20,21.28,21.384838709677418,1,1990,5
1990-01-21,21.28,21.384838709677418,1,1990,6
1990-01-22,20.88,21.384838709677418,1,1990,0
1990-01-23,20.23,21.384838709677418,1,1990,1
1990-01-24,20.18,21.384838709677418,1,1990,2
1990-01-25,20.55,21.384838709677418,1,1990,3
1990-01-26,20.63,21.384838709677418,1,1990,4
1990-01-27,20.63,21.384838709677418,1,1990,5
1990-01-28,20.63,21.384838709677418,1,1990,6
1990-01-29,20.73,21.384838709677418,1,1990,0
1990-01-30,20.73,21.384838709677418,1,1990,1
1990-01-31,20.5,21.384838709677418,1,1990,2
1990-02-01,20.58,19.80535714285714,2,1990,3
1990-02-02,20.73,19.80535714285714,2,1990,4
1990-02-03,20.73,19.80535714285714,2,1990,5
1990-02-04,20.73,19.80535714285714,2,1990,6
1990-02-05,20.73,19.80535714285714,2,1990,0
1990-02-06,20.6,19.80535714285714,2,1990,1
1990-02-07,20.15,19.80535714285714,2,1990,2
1990-02-08,20.05,19.80535714285714,2,1990,3
1990-02-09,19.75,19.80535714285714,2,1990,4
1990-02-10,19.75,19.80535714285714,2,1990,5
1990-02-11,19.75,19.80535714285714,2,1990,6
1990-02-12,19.68,19.80535714285714,2,1990,0
1990-02-13,20.03,19.80535714285714,2,1990,1
1990-02-14,19.6,19.80535714285714,2,1990,2
1990-02-15,19.9,19.80535714285714,2,1990,3
1990-02-16,19.88,19.80535714285714,2,1990,4
1990-02-17,19.88,19.80535714285714,2,1990,5
1990-02-18,19.88,19.80535714285714,2,1990,6
1990-02-19,19.95,19.80535714285714,2,1990,0
1990-02-20,19.68,19.80535714285714,2,1990,1
1990-02-21,19.5,19.80535714285714,2,1990,2
1990-02-22,19.35,19.80535714285714,2,1990,3
1990-02-23,18.78,19.80535714285714,2,1990,4
1990-02-24,18.78,19.80535714285714,2,1990,5
1990-02-25,18.78,19.80535714285714,2,1990,6
1990-02-26,18.9,19.80535714285714,2,1990,0
1990-02-27,19.23,19.80535714285714,2,1990,1
1990-02-28,19.2,19.80535714285714,2,1990,2
1990-03-01,19.33,18.411290322580644,3,1990,3
1990-03-02,19.18,18.411290322580644,3,1990,4
1990-03-03,19.18,18.411290322580644,3,1990,5
1990-03-04,19.18,18.411290322580644,3,1990,6
1990-03-05,19.15,18.411290322580644,3,1990,0
1990-03-06,19.18,18.411290322580644,3,1990,1
1990-03-07,18.95,18.411290322580644,3,1990,2
1990-03-08,18.73,18.411290322580644,3,1990,3
1990-03-09,18.68,18.411290322580644,3,1990,4
1990-03-10,18.68,18.411290322580644,3,1990,5
1990-03-11,18.68,18.411290322580644,3,1990,6
1990-03-12,18.3,18.411290322580644,3,1990,0
1990-03-13,18.53,18.411290322580644,3,1990,1
1990-03-14,18.33,18.411290322580644,3,1990,2
1990-03-15,18.48,18.411290322580644,3,1990,3
1990-03-16,18.4,18.411290322580644,3,1990,4
1990-03-17,18.4,18.411290322580644,3,1990,5
1990-03-18,18.4,18.411290322580644,3,1990,6
1990-03-19,17.83,18.411290322580644,3,1990,0
1990-03-20,17.75,18.411290322580644,3,1990,1
1990-03-21,17.78,18.411290322580644,3,1990,2
1990-03-22,17.83,18.411290322580644,3,1990,3
1990-03-23,17.88,18.411290322580644,3,1990,4
1990-03-24,17.88,18.411290322580644,3,1990,5
1990-03-25,17.88,18.411290322580644,3,1990,6
1990-03-26,18.23,18.411290322580644,3,1990,0
1990-03-27,18.1,18.411290322580644,3,1990,1
1990-03-28,18.03,18.411290322580644,3,1990,2
1990-03-29,17.9,18.411290322580644,3,1990,3
1990-03-30,17.95,18.411290322580644,3,1990,4
1990-03-31,17.95,18.411290322580644,3,1990,5
1990-04-01,17.95,16.551333333333336,4,1990,6
1990-04-02,18.18,16.551333333333336,4,1990,0
1990-04-03,18.2,16.551333333333336,4,1990,1
1990-04-04,17.95,16.551333333333336,4,1990,2
1990-04-05,17.55,16.551333333333336,4,1990,3
1990-04-06,17.1,16.551333333333336,4,1990,4
1990-04-07,17.1,16.551333333333336,4,1990,5
1990-04-08,17.1,16.551333333333336,4,1990,6
1990-04-09,16.53,16.551333333333336,4,1990,0
1990-04-10,15.93,16.551333333333336,4,1990,1
1990-04-11,15.3,16.551333333333336,4,1990,2
1990-04-12,15.8,16.551333333333336,4,1990,3
1990-04-13,15.8,16.551333333333336,4,1990,4
1990-04-14,15.8,16.551333333333336,4,1990,5
1990-04-15,15.8,16.551333333333336,4,1990,6
1990-04-16,15.8,16.551333333333336,4,1990,0
1990-04-17,15.7,16.551333333333336,4,1990,1
1990-04-18,15.33,16.551333333333336,4,1990,2
1990-04-19,16.13,16.551333333333336,4,1990,3
1990-04-20,16.35,16.551333333333336,4,1990,4
1990-04-21,16.35,16.551333333333336,4,1990,5
1990-04-22,16.35,16.551333333333336,4,1990,6
1990-04-23,16.95,16.551333333333336,4,1990,0
1990-04-24,16.75,16.551333333333336,4,1990,1
1990-04-25,16.5,16.551333333333336,4,1990,2
1990-04-26,16.6,16.551333333333336,4,1990,3
1990-04-27,16.43,16.551333333333336,4,1990,4
1990-04-28,16.43,16.551333333333336,4,1990,5
1990-04-29,16.43,16.551333333333336,4,1990,6
1990-04-30,16.35,16.551333333333336,4,1990,0
1990-05-01,16.43,16.33483870967742,5,1990,1
1990-05-02,16.58,16.33483870967742,5,1990,2
1990-05-03,15.93,16.33483870967742,5,1990,3
1990-05-04,15.58,16.33483870967742,5,1990,4
1990-05-05,15.58,16.33483870967742,5,1990,5
1990-05-06,15.58,16.33483870967742,5,1990,6
1990-05-07,15.65,16.33483870967742,5,1990,0
1990-05-08,16.18,16.33483870967742,5,1990,1
1990-05-09,16.45,16.33483870967742,5,1990,2
1990-05-10,16.7,16.33483870967742,5,1990,3
1990-05-11,16.73,16.33483870967742,5,1990,4
1990-05-12,16.73,16.33483870967742,5,1990,5
1990-05-13,16.73,16.33483870967742,5,1990,6
1990-05-14,17.4,16.33483870967742,5,1990,0
1990-05-15,17.4,16.33483870967742,5,1990,1
1990-05-16,17.25,16.33483870967742,5,1990,2
1990-05-17,17.05,16.33483870967742,5,1990,3
1990-05-18,17.08,16.33483870967742,5,1990,4
1990-05-19,17.08,16.33483870967742,5,1990,5
1990-05-20,17.08,16.33483870967742,5,1990,6
1990-05-21,16.65,16.33483870967742,5,1990,0
1990-05-22,16.48,16.33483870967742,5,1990,1
1990-05-23,15.7,16.33483870967742,5,1990,2
1990-05-24,15.8,16.33483870967742,5,1990,3
1990-05-25,15.95,16.33483870967742,5,1990,4
1990-05-26,15.95,16.33483870967742,5,1990,5
1990-05-27,15.95,16.33483870967742,5,1990,6
1990-05-28,15.95,16.33483870967742,5,1990,0
1990-05-29,15.48,16.33483870967742,5,1990,1
1990-05-30,15.98,16.33483870967742,5,1990,2
1990-05-31,15.3,16.33483870967742,5,1990,3
1990-06-01,15.43,15.141666666666667,6,1990,4
1990-06-02,15.43,15.141666666666667,6,1990,5
1990-06-03,15.43,15.141666666666667,6,1990,6
1990-06-04,15.35,15.141666666666667,6,1990,0
1990-06-05,14.78,15.141666666666667,6,1990,1
1990-06-06,14.8,15.141666666666667,6,1990,2
1990-06-07,15.03,15.141666666666667,6,1990,3
1990-06-08,14.68,15.141666666666667,6,1990,4
1990-06-09,14.68,15.141666666666667,6,1990,5
1990-06-10,14.68,15.141666666666667,6,1990,6
1990-06-11,14.73,15.141666666666667,6,1990,0
1990-06-12,14.95,15.141666666666667,6,1990,1
1990-06-13,14.9,15.141666666666667,6,1990,2
1990-06-14,15.3,15.141666666666667,6,1990,3
1990-06-15,15.15,15.141666666666667,6,1990,4
1990-06-16,15.15,15.141666666666667,6,1990,5
1990-06-17,15.15,15.141666666666667,6,1990,6
1990-06-18,14.83,15.141666666666667,6,1990,0
1990-06-19,14.75,15.141666666666667,6,1990,1
1990-06-20,14.75,15.141666666666667,6,1990,2
1990-06-21,14.75,15.141666666666667,6,1990,3
1990-06-22,15.4,15.141666666666667,6,1990,4
1990-06-23,15.4,15.141666666666667,6,1990,5
1990-06-24,15.4,15.141666666666667,6,1990,6
1990-06-25,15.58,15.141666666666667,6,1990,0
1990-06-26,15.58,15.141666666666667,6,1990,1
1990-06-27,15.33,15.141666666666667,6,1990,2
1990-06-28,15.4,15.141666666666667,6,1990,3
1990-06-29,15.73,15.141666666666667,6,1990,4
1990-06-30,15.73,15.141666666666667,6,1990,5
1990-07-01,15.73,17.169999999999998,7,1990,6
1990-07-02,15.4,17.169999999999998,7,1990,0
1990-07-03,15.48,17.169999999999998,7,1990,1
1990-07-04,15.48,17.169999999999998,7,1990,2
1990-07-05,15.23,17.169999999999998,7,1990,3
1990-07-06,15.35,17.169999999999998,7,1990,4
1990-07-07,15.35,17.169999999999998,7,1990,5
1990-07-08,15.35,17.169999999999998,7,1990,6
1990-07-09,14.98,17.169999999999998,7,1990,0
1990-07-10,15.58,17.169999999999998,7,1990,1
1990-07-11,15.7,17.169999999999998,7,1990,2
1990-07-12,15.88,17.169999999999998,7,1990,3
1990-07-13,17.03,17.169999999999998,7,1990,4
1990-07-14,17.03,17.169999999999998,7,1990,5
1990-07-15,17.03,17.169999999999998,7,1990,6
1990-07-16,17.7,17.169999999999998,7,1990,0
1990-07-17,17.58,17.169999999999998,7,1990,1
1990-07-18,17.7,17.169999999999998,7,1990,2
1990-07-19,17.85,17.169999999999998,7,1990,3
1990-07-20,18.0,17.169999999999998,7,1990,4
1990-07-21,18.0,17.169999999999998,7,1990,5
1990-07-22,18.0,17.169999999999998,7,1990,6
1990-07-23,18.73,17.169999999999998,7,1990,0
1990-07-24,19.08,17.169999999999998,7,1990,1
1990-07-25,19.0,17.169999999999998,7,1990,2
1990-07-26,18.73,17.169999999999998,7,1990,3
1990-07-27,19.03,17.169999999999998,7,1990,4
1990-07-28,19.03,17.169999999999998,7,1990,5
1990-07-29,19.03,17.169999999999998,7,1990,6
1990-07-30,18.98,17.169999999999998,7,1990,0
1990-07-31,19.23,17.169999999999998,7,1990,1
1990-08-01,19.93,27.287419354838708,8,1990,2
1990-08-02,22.25,27.287419354838708,8,1990,3
1990-08-03,24.13,27.287419354838708,8,1990,4
1990-08-04,24.13,27.287419354838708,8,1990,5
1990-08-05,24.13,27.287419354838708,8,1990,6
1990-08-06,27.28,27.287419354838708,8,1990,0
1990-08-07,27.35,27.287419354838708,8,1990,1
1990-08-08,25.15,27.287419354838708,8,1990,2
1990-08-09,25.9,27.287419354838708,8,1990,3
1990-08-10,26.3,27.287419354838708,8,1990,4
1990-08-11,26.3,27.287419354838708,8,1990,5
1990-08-12,26.3,27.287419354838708,8,1990,6
1990-08-13,26.63,27.287419354838708,8,1990,0
1990-08-14,27.1,27.287419354838708,8,1990,1
1990-08-15,26.53,27.287419354838708,8,1990,2
1990-08-16,27.2,27.287419354838708,8,1990,3
1990-08-17,28.45,27.287419354838708,8,1990,4
1990-08-18,28.45,27.287419354838708,8,1990,5
1990-08-19,28.45,27.287419354838708,8,1990,6
1990-08-20,28.9,27.287419354838708,8,1990,0
1990-08-21,29.05,27.287419354838708,8,1990,1
1990-08-22,30.45,27.287419354838708,8,1990,2
1990-08-23,32.35,27.287419354838708,8,1990,3
1990-08-24,31.65,27.287419354838708,8,1990,4
1990-08-25,31.65,27.287419354838708,8,1990,5
1990-08-26,31.65,27.287419354838708,8,1990,6
1990-08-27,27.65,27.287419354838708,8,1990,0
1990-08-28,27.65,27.287419354838708,8,1990,1
1990-08-29,27.65,27.287419354838708,8,1990,2
1990-08-30,27.5,27.287419354838708,8,1990,3
1990-08-31,27.8,27.287419354838708,8,1990,4
1990-09-01,27.8,34.635999999999996,9,1990,5
1990-09-02,27.8,34.635999999999996,9,1990,6
1990-09-03,30.53,34.635999999999996,9,1990,0
1990-09-04,30.08,34.635999999999996,9,1990,1
1990-09-05,31.23,34.635999999999996,9,1990,2
1990-09-06,32.15,34.635999999999996,9,1990,3
1990-09-07,31.45,34.635999999999996,9,1990,4
1990-09-08,31.45,34.635999999999996,9,1990,5
1990-09-09,31.45,34.635999999999996,9,1990,6
1990-09-10,31.45,34.635999999999996,9,1990,0
1990-09-11,32.1,34.635999999999996,9,1990,1
1990-09-12,31.28,34.635999999999996,9,1990,2
1990-09-13,31.88,34.635999999999996,9,1990,3
1990-09-14,33.35,34.635999999999996,9,1990,4
1990-09-15,33.35,34.635999999999996,9,1990,5
1990-09-16,33.35,34.635999999999996,9,1990,6
1990-09-17,34.9,34.635999999999996,9,1990,0
1990-09-18,35.95,34.635999999999996,9,1990,1
1990-09-19,35.08,34.635999999999996,9,1990,2
1990-09-20,35.65,34.635999999999996,9,1990,3
1990-09-21,36.95,34.635999999999996,9,1990,4
1990-09-22,36.95,34.635999999999996,9,1990,5
1990-09-23,36.95,34.635999999999996,9,1990,6
1990-09-24,40.75,34.635999999999996,9,1990,0
1990-09-25,39.9,34.635999999999996,9,1990,1
1990-09-26,40.85,34.635999999999996,9,1990,2
1990-09-27,41.45,34.635999999999996,9,1990,3
1990-09-28,41.0,34.635999999999996,9,1990,4
1990-09-29,41.0,34.635999999999996,9,1990,5
1990-09-30,41.0,34.635999999999996,9,1990,6
1990-10-01,38.95,36.138064516129035,10,1990,0
1990-10-02,35.45,36.138064516129035,10,1990,1
1990-10-03,37.55,36.138064516129035,10,1990,2
1990-10-04,37.2,36.138064516129035,10,1990,3
1990-10-05,39.05,36.138064516129035,10,1990,4
1990-10-06,39.05,36.138064516129035,10,1990,5
1990-10-07,39.05,36.138064516129035,10,1990,6
1990-10-08,39.2,36.138064516129035,10,1990,0
1990-10-09,40.9,36.138064516129035,10,1990,1
1990-10-10,40.2,36.138064516129035,10,1990,2
1990-10-11,41.15,36.138064516129035,10,1990,3
1990-10-12,39.9,36.138064516129035,10,1990,4
1990-10-13,39.9,36.138064516129035,10,1990,5
1990-10-14,39.9,36.138064516129035,10,1990,6
1990-10-15,38.28,36.138064516129035,10,1990,0
1990-10-16,38.93,36.138064516129035,10,1990,1
1990-10-17,35.33,36.138064516129035,10,1990,2
1990-10-18,35.65,36.138064516129035,10,1990,3
1990-10-19,33.2,36.138064516129035,10,1990,4
1990-10-20,33.2,36.138064516129035,10,1990,5
1990-10-21,33.2,36.138064516129035,10,1990,6
1990-10-22,27.45,36.138064516129035,10,1990,0
1990-10-23,28.95,36.138064516129035,10,1990,1
1990-10-24,30.1,36.138064516129035,10,1990,2
1990-10-25,32.9,36.138064516129035,10,1990,3
1990-10-26,33.73,36.138064516129035,10,1990,4
1990-10-27,33.73,36.138064516129035,10,1990,5
1990-10-28,33.73,36.138064516129035,10,1990,6
1990-10-29,34.65,36.138064516129035,10,1990,0
1990-10-30,35.5,36.138064516129035,10,1990,1
1990-10-31,34.3,36.138064516129035,10,1990,2
1990-11-01,35.65,33.04266666666667,11,1990,3
1990-11-02,35.05,33.04266666666667,11,1990,4
1990-11-03,35.05,33.04266666666667,11,1990,5
1990-11-04,35.05,33.04266666666667,11,1990,6
1990-11-05,33.8,33.04266666666667,11,1990,0
1990-11-06,33.2,33.04266666666667,11,1990,1
1990-11-07,34.55,33.04266666666667,11,1990,2
1990-11-08,34.85,33.04266666666667,11,1990,3
1990-11-09,34.25,33.04266666666667,11,1990,4
1990-11-10,34.25,33.04266666666667,11,1990,5
1990-11-11,34.25,33.04266666666667,11,1990,6
1990-11-12,32.85,33.04266666666667,11,1990,0
1990-11-13,33.65,33.04266666666667,11,1990,1
1990-11-14,31.95,33.04266666666667,11,1990,2
1990-11-15,32.2,33.04266666666667,11,1990,3
1990-11-16,30.55,33.04266666666667,11,1990,4
1990-11-17,30.55,33.04266666666667,11,1990,5
1990-11-18,30.55,33.04266666666667,11,1990,6
1990-11-19,30.85,33.04266666666667,11,1990,0
1990-11-20,30.1,33.04266666666667,11,1990,1
1990-11-21,30.65,33.04266666666667,11,1990,2
1990-11-22,31.4,33.04266666666667,11,1990,3
1990-11-23,32.05,33.04266666666667,11,1990,4
1990-11-24,32.05,33.04266666666667,11,1990,5
1990-11-25,32.05,33.04266666666667,11,1990,6
1990-11-26,35.1,33.04266666666667,11,1990,0
1990-11-27,34.83,33.04266666666667,11,1990,1
1990-11-28,34.1,33.04266666666667,11,1990,2
1990-11-29,34.65,33.04266666666667,11,1990,3
1990-11-30,31.2,33.04266666666667,11,1990,4
1990-12-01,31.2,28.313870967741938,12,1990,5
1990-12-02,31.2,28.313870967741938,12,1990,6
1990-12-03,31.25,28.313870967741938,12,1990,0
1990-12-04,31.5,28.313870967741938,12,1990,1
1990-12-05,30.2,28.313870967741938,12,1990,2
1990-12-06,27.35,28.313870967741938,12,1990,3
1990-12-07,28.3,28.313870967741938,12,1990,4
1990-12-08,28.3,28.313870967741938,12,1990,5
1990-12-09,28.3,28.313870967741938,12,1990,6
1990-12-10,28.75,28.313870967741938,12,1990,0
1990-12-11,28.03,28.313870967741938,12,1990,1
1990-12-12,27.28,28.313870967741938,12,1990,2
1990-12-13,27.8,28.313870967741938,12,1990,3
1990-12-14,28.45,28.313870967741938,12,1990,4
1990-12-15,28.45,28.313870967741938,12,1990,5
1990-12-16,28.45,28.313870967741938,12,1990,6
1990-12-17,28.2,28.313870967741938,12,1990,0
1990-12-18,27.55,28.313870967741938,12,1990,1
1990-12-19,28.13,28.313870967741938,12,1990,2
1990-12-20,27.55,28.313870967741938,12,1990,3
1990-12-21,26.9,28.313870967741938,12,1990,4
1990-12-22,26.9,28.313870967741938,12,1990,5
1990-12-23,26.9,28.313870967741938,12,1990,6
1990-12-24,27.7,28.313870967741938,12,1990,0
1990-12-25,27.7,28.313870967741938,12,1990,1
1990-12-26,27.7,28.313870967741938,12,1990,2
1990-12-27,27.05,28.313870967741938,12,1990,3
1990-12-28,27.43,28.313870967741938,12,1990,4
1990-12-29,27.43,28.313870967741938,12,1990,5
1990-12-30,27.43,28.313870967741938,12,1990,6
1990-12-31,28.35,28.313870967741938,12,1990,0
1991-01-01,28.35,23.44741935483871,1,1991,1
1991-01-02,26.78,23.44741935483871,1,1991,2
1991-01-03,25.05,23.44741935483871,1,1991,3
1991-01-04,24.08,23.44741935483871,1,1991,4
1991-01-05,24.08,23.44741935483871,1,1991,5
1991-01-06,24.08,23.44741935483871,1,1991,6
1991-01-07,25.93,23.44741935483871,1,1991,0
1991-01-08,25.73,23.44741935483871,1,1991,1
1991-01-09,22.35,23.44741935483871,1,1991,2
1991-01-10,26.58,23.44741935483871,1,1991,3
1991-01-11,26.05,23.44741935483871,1,1991,4
1991-01-12,26.05,23.44741935483871,1,1991,5
1991-01-13,26.05,23.44741935483871,1,1991,6
1991-01-14,29.55,23.44741935483871,1,1991,0
1991-01-15,29.25,23.44741935483871,1,1991,1
1991-01-16,30.28,23.44741935483871,1,1991,2
1991-01-17,21.1,23.44741935483871,1,1991,3
1991-01-18,19.1,23.44741935483871,1,1991,4
1991-01-19,19.1,23.44741935483871,1,1991,5
1991-01-20,19.1,23.44741935483871,1,1991,6
1991-01-21,19.25,23.44741935483871,1,1991,0
1991-01-22,20.73,23.44741935483871,1,1991,1
1991-01-23,22.15,23.44741935483871,1,1991,2
1991-01-24,20.9,23.44741935483871,1,1991,3
1991-01-25,20.8,23.44741935483871,1,1991,4
1991-01-26,20.8,23.44741935483871,1,1991,5
1991-01-27,20.8,23.44741935483871,1,1991,6
1991-01-28,20.4,23.44741935483871,1,1991,0
1991-01-29,20.75,23.44741935483871,1,1991,1
1991-01-30,20.95,23.44741935483871,1,1991,2
1991-01-31,20.7,23.44741935483871,1,1991,3
1991-02-01,20.8,19.497142857142855,2,1991,4
1991-02-02,20.8,19.497142857142855,2,1991,5
1991-02-03,20.8,19.497142857142855,2,1991,6
1991-02-04,20.45,19.497142857142855,2,1991,0
1991-02-05,20.2,19.497142857142855,2,1991,1
1991-02-06,20.93,19.497142857142855,2,1991,2
1991-02-07,20.9,19.497142857142855,2,1991,3
1991-02-08,20.65,19.497142857142855,2,1991,4
1991-02-09,20.65,19.497142857142855,2,1991,5
1991-02-10,20.65,19.497142857142855,2,1991,6
1991-02-11,21.23,19.497142857142855,2,1991,0
1991-02-12,21.1,19.497142857142855,2,1991,1
1991-02-13,21.0,19.497142857142855,2,1991,2
1991-02-14,20.5,19.497142857142855,2,1991,3
1991-02-15,18.35,19.497142857142855,2,1991,4
1991-02-16,18.35,19.497142857142855,2,1991,5
1991-02-17,18.35,19.497142857142855,2,1991,6
1991-02-18,17.68,19.497142857142855,2,1991,0
1991-02-19,17.85,19.497142857142855,2,1991,1
1991-02-20,18.75,19.497142857142855,2,1991,2
1991-02-21,18.55,19.497142857142855,2,1991,3
1991-02-22,17.8,19.497142857142855,2,1991,4
1991-02-23,17.8,19.497142857142855,2,1991,5
1991-02-24,17.8,19.497142857142855,2,1991,6
1991-02-25,17.83,19.497142857142855,2,1991,0
1991-02-26,18.0,19.497142857142855,2,1991,1
1991-02-27,18.65,19.497142857142855,2,1991,2
1991-02-28,19.5,19.497142857142855,2,1991,3
1991-03-01,19.33,18.984193548387097,3,1991,4
1991-03-02,19.33,18.984193548387097,3,1991,5
1991-03-03,19.33,18.984193548387097,3,1991,6
1991-03-04,20.2,18.984193548387097,3,1991,0
1991-03-05,20.05,18.984193548387097,3,1991,1
1991-03-06,19.85,18.984193548387097,3,1991,2
1991-03-07,19.65,18.984193548387097,3,1991,3
1991-03-08,19.1,18.984193548387097,3,1991,4
1991-03-09,19.1,18.984193548387097,3,1991,5
1991-03-10,19.1,18.984193548387097,3,1991,6
1991-03-11,18.6,18.984193548387097,3,1991,0
1991-03-12,18.43,18.984193548387097,3,1991,1
1991-03-13,20.33,18.984193548387097,3,1991,2
1991-03-14,19.98,18.984193548387097,3,1991,3
1991-03-15,19.05,18.984193548387097,3,1991,4
1991-03-16,19.05,18.984193548387097,3,1991,5
1991-03-17,19.05,18.984193548387097,3,1991,6
1991-03-18,18.3,18.984193548387097,3,1991,0
1991-03-19,18.95,18.984193548387097,3,1991,1
1991-03-20,18.98,18.984193548387097,3,1991,2
1991-03-21,18.8,18.984193548387097,3,1991,3
1991-03-22,18.95,18.984193548387097,3,1991,4
1991-03-23,18.95,18.984193548387097,3,1991,5
1991-03-24,18.95,18.984193548387097,3,1991,6
1991-03-25,18.6,18.984193548387097,3,1991,0
1991-03-26,18.35,18.984193548387097,3,1991,1
1991-03-27,18.15,18.984193548387097,3,1991,2
1991-03-28,18.0,18.984193548387097,3,1991,3
1991-03-29,18.0,18.984193548387097,3,1991,4
1991-03-30,18.0,18.984193548387097,3,1991,5
1991-03-31,18.0,18.984193548387097,3,1991,6
1991-04-01,18.0,19.204666666666665,4,1991,0
1991-04-02,17.63,19.204666666666665,4,1991,1
1991-04-03,17.75,19.204666666666665,4,1991,2
1991-04-04,18.0,19.204666666666665,4,1991,3
1991-04-05,18.35,19.204666666666665,4,1991,4
1991-04-06,18.35,19.204666666666665,4,1991,5
1991-04-07,18.35,19.204666666666665,4,1991,6
1991-04-08,18.58,19.204666666666665,4,1991,0
1991-04-09,18.6,19.204666666666665,4,1991,1
1991-04-10,19.25,19.204666666666665,4,1991,2
1991-04-11,19.5,19.204666666666665,4,1991,3
1991-04-12,19.93,19.204666666666665,4,1991,4
1991-04-13,19.93,19.204666666666665,4,1991,5
1991-04-14,19.93,19.204666666666665,4,1991,6
1991-04-15,20.23,19.204666666666665,4,1991,0
1991-04-16,19.9,19.204666666666665,4,1991,1
1991-04-17,19.85,19.204666666666665,4,1991,2
1991-04-18,19.4,19.204666666666665,4,1991,3
1991-04-19,19.18,19.204666666666665,4,1991,4
1991-04-20,19.18,19.204666666666665,4,1991,5
1991-04-21,19.18,19.204666666666665,4,1991,6
1991-04-22,19.78,19.204666666666665,4,1991,0
1991-04-23,19.6,19.204666666666665,4,1991,1
1991-04-24,19.55,19.204666666666665,4,1991,2
1991-04-25,19.6,19.204666666666665,4,1991,3
1991-04-26,19.63,19.204666666666665,4,1991,4
1991-04-27,19.63,19.204666666666665,4,1991,5
1991-04-28,19.63,19.204666666666665,4,1991,6
1991-04-29,19.95,19.204666666666665,4,1991,0
1991-04-30,19.7,19.204666666666665,4,1991,1
1991-05-01,19.7,19.169677419354837,5,1991,2
1991-05-02,19.7,19.169677419354837,5,1991,3
1991-05-03,19.55,19.169677419354837,5,1991,4
1991-05-04,19.55,19.169677419354837,5,1991,5
1991-05-05,19.55,19.169677419354837,5,1991,6
1991-05-06,19.8,19.169677419354837,5,1991,0
1991-05-07,19.85,19.169677419354837,5,1991,1
1991-05-08,19.8,19.169677419354837,5,1991,2
1991-05-09,20.08,19.169677419354837,5,1991,3
1991-05-10,19.53,19.169677419354837,5,1991,4
1991-05-11,19.53,19.169677419354837,5,1991,5
1991-05-12,19.53,19.169677419354837,5,1991,6
1991-05-13,19.25,19.169677419354837,5,1991,0
1991-05-14,18.95,19.169677419354837,5,1991,1
1991-05-15,18.8,19.169677419354837,5,1991,2
1991-05-16,18.75,19.169677419354837,5,1991,3
1991-05-17,18.75,19.169677419354837,5,1991,4
1991-05-18,18.75,19.169677419354837,5,1991,5
1991-05-19,18.75,19.169677419354837,5,1991,6
1991-05-20,18.9,19.169677419354837,5,1991,0
1991-05-21,19.03,19.169677419354837,5,1991,1
1991-05-22,18.58,19.169677419354837,5,1991,2
1991-05-23,18.78,19.169677419354837,5,1991,3
1991-05-24,18.83,19.169677419354837,5,1991,4
1991-05-25,18.83,19.169677419354837,5,1991,5
1991-05-26,18.83,19.169677419354837,5,1991,6
1991-05-27,18.83,19.169677419354837,5,1991,0
1991-05-28,19.0,19.169677419354837,5,1991,1
1991-05-29,18.75,19.169677419354837,5,1991,2
1991-05-30,18.73,19.169677419354837,5,1991,3
1991-05-31,19.0,19.169677419354837,5,1991,4
1991-06-01,19.0,18.237666666666666,6,1991,5
1991-06-02,19.0,18.237666666666666,6,1991,6
1991-06-03,19.0,18.237666666666666,6,1991,0
1991-06-04,18.83,18.237666666666666,6,1991,1
1991-06-05,18.63,18.237666666666666,6,1991,2
1991-06-06,18.03,18.237666666666666,6,1991,3
1991-06-07,18.28,18.237666666666666,6,1991,4
1991-06-08,18.28,18.237666666666666,6,1991,5
1991-06-09,18.28,18.237666666666666,6,1991,6
1991-06-10,18.0,18.237666666666666,6,1991,0
1991-06-11,17.85,18.237666666666666,6,1991,1
1991-06-12,17.73,18.237666666666666,6,1991,2
1991-06-13,18.0,18.237666666666666,6,1991,3
1991-06-14,17.7,18.237666666666666,6,1991,4
1991-06-15,17.7,18.237666666666666,6,1991,5
1991-06-16,17.7,18.237666666666666,6,1991,6
1991-06-17,17.85,18.237666666666666,6,1991,0
1991-06-18,18.0,18.237666666666666,6,1991,1
1991-06-19,17.88,18.237666666666666,6,1991,2
1991-06-20,18.15,18.237666666666666,6,1991,3
1991-06-21,18.43,18.237666666666666,6,1991,4
1991-06-22,18.43,18.237666666666666,6,1991,5
1991-06-23,18.43,18.237666666666666,6,1991,6
1991-06-24,18.18,18.237666666666666,6,1991,0
1991-06-25,18.15,18.237666666666666,6,1991,1
1991-06-26,18.1,18.237666666666666,6,1991,2
1991-06-27,18.08,18.237666666666666,6,1991,3
1991-06-28,18.48,18.237666666666666,6,1991,4
1991-06-29,18.48,18.237666666666666,6,1991,5
1991-06-30,18.48,18.237666666666666,6,1991,6
1991-07-01,18.53,19.455161290322582,7,1991,0
1991-07-02,18.55,19.455161290322582,7,1991,1
1991-07-03,18.5,19.455161290322582,7,1991,2
1991-07-04,18.48,19.455161290322582,7,1991,3
1991-07-05,18.7,19.455161290322582,7,1991,4
1991-07-06,18.7,19.455161290322582,7,1991,5
1991-07-07,18.7,19.455161290322582,7,1991,6
1991-07-08,18.98,19.455161290322582,7,1991,0
1991-07-09,19.03,19.455161290322582,7,1991,1
1991-07-10,19.23,19.455161290322582,7,1991,2
1991-07-11,19.2,19.455161290322582,7,1991,3
1991-07-12,19.78,19.455161290322582,7,1991,4
1991-07-13,19.78,19.455161290322582,7,1991,5
1991-07-14,19.78,19.455161290322582,7,1991,6
1991-07-15,19.6,19.455161290322582,7,1991,0
1991-07-16,19.83,19.455161290322582,7,1991,1
1991-07-17,20.13,19.455161290322582,7,1991,2
1991-07-18,20.28,19.455161290322582,7,1991,3
1991-07-19,20.28,19.455161290322582,7,1991,4
1991-07-20,20.28,19.455161290322582,7,1991,5
1991-07-21,20.28,19.455161290322582,7,1991,6
1991-07-22,20.08,19.455161290322582,7,1991,0
1991-07-23,19.58,19.455161290322582,7,1991,1
1991-07-24,19.33,19.455161290322582,7,1991,2
1991-07-25,19.6,19.455161290322582,7,1991,3
1991-07-26,19.73,19.455161290322582,7,1991,4
1991-07-27,19.73,19.455161290322582,7,1991,5
1991-07-28,19.73,19.455161290322582,7,1991,6
1991-07-29,19.58,19.455161290322582,7,1991,0
1991-07-30,19.48,19.455161290322582,7,1991,1
1991-07-31,19.65,19.455161290322582,7,1991,2
1991-08-01,19.73,19.738387096774193,8,1991,3
1991-08-02,19.4,19.738387096774193,8,1991,4
1991-08-03,19.4,19.738387096774193,8,1991,5
1991-08-04,19.4,19.738387096774193,8,1991,6
1991-08-05,19.5,19.738387096774193,8,1991,0
1991-08-06,19.45,19.738387096774193,8,1991,1
1991-08-07,19.35,19.738387096774193,8,1991,2
1991-08-08,19.7,19.738387096774193,8,1991,3
1991-08-09,19.58,19.738387096774193,8,1991,4
1991-08-10,19.58,19.738387096774193,8,1991,5
1991-08-11,19.58,19.738387096774193,8,1991,6
1991-08-12,19.63,19.738387096774193,8,1991,0
1991-08-13,19.5,19.738387096774193,8,1991,1
1991-08-14,19.23,19.738387096774193,8,1991,2
1991-08-15,19.25,19.738387096774193,8,1991,3
1991-08-16,19.35,19.738387096774193,8,1991,4
1991-08-17,19.35,19.738387096774193,8,1991,5
1991-08-18,19.35,19.738387096774193,8,1991,6
1991-08-19,20.55,19.738387096774193,8,1991,0
1991-08-20,20.98,19.738387096774193,8,1991,1
1991-08-21,19.55,19.738387096774193,8,1991,2
1991-08-22,19.53,19.738387096774193,8,1991,3
1991-08-23,19.85,19.738387096774193,8,1991,4
1991-08-24,19.85,19.738387096774193,8,1991,5
1991-08-25,19.85,19.738387096774193,8,1991,6
1991-08-26,20.03,19.738387096774193,8,1991,0
1991-08-27,20.03,19.738387096774193,8,1991,1
1991-08-28,19.98,19.738387096774193,8,1991,2
1991-08-29,20.3,19.738387096774193,8,1991,3
1991-08-30,20.53,19.738387096774193,8,1991,4
1991-08-31,20.53,19.738387096774193,8,1991,5
1991-09-01,20.53,20.536333333333335,9,1991,6
1991-09-02,20.65,20.536333333333335,9,1991,0
1991-09-03,20.55,20.536333333333335,9,1991,1
1991-09-04,20.25,20.536333333333335,9,1991,2
1991-09-05,20.1,20.536333333333335,9,1991,3
1991-09-06,20.13,20.536333333333335,9,1991,4
1991-09-07,20.13,20.536333333333335,9,1991,5
1991-09-08,20.13,20.536333333333335,9,1991,6
1991-09-09,19.85,20.536333333333335,9,1991,0
1991-09-10,19.93,20.536333333333335,9,1991,1
1991-09-11,20.0,20.536333333333335,9,1991,2
1991-09-12,20.25,20.536333333333335,9,1991,3
1991-09-13,20.35,20.536333333333335,9,1991,4
1991-09-14,20.35,20.536333333333335,9,1991,5
1991-09-15,20.35,20.536333333333335,9,1991,6
1991-09-16,20.53,20.536333333333335,9,1991,0
1991-09-17,20.3,20.536333333333335,9,1991,1
1991-09-18,20.53,20.536333333333335,9,1991,2
1991-09-19,20.43,20.536333333333335,9,1991,3
1991-09-20,20.55,20.536333333333335,9,1991,4
1991-09-21,20.55,20.536333333333335,9,1991,5
1991-09-22,20.55,20.536333333333335,9,1991,6
1991-09-23,20.83,20.536333333333335,9,1991,0
1991-09-24,20.75,20.536333333333335,9,1991,1
1991-09-25,20.65,20.536333333333335,9,1991,2
1991-09-26,21.0,20.536333333333335,9,1991,3
1991-09-27,21.48,20.536333333333335,9,1991,4
1991-09-28,21.48,20.536333333333335,9,1991,5
1991-09-29,21.48,20.536333333333335,9,1991,6
1991-09-30,21.43,20.536333333333335,9,1991,0
1991-10-01,21.15,22.234193548387097,10,1991,1
1991-10-02,21.3,22.234193548387097,10,1991,2
1991-10-03,21.75,22.234193548387097,10,1991,3
1991-10-04,21.83,22.234193548387097,10,1991,4
1991-10-05,21.83,22.234193548387097,10,1991,5
1991-10-06,21.83,22.234193548387097,10,1991,6
1991-10-07,21.98,22.234193548387097,10,1991,0
1991-10-08,21.95,22.234193548387097,10,1991,1
1991-10-09,22.43,22.234193548387097,10,1991,2
1991-10-10,22.13,22.234193548387097,10,1991,3
1991-10-11,22.08,22.234193548387097,10,1991,4
1991-10-12,22.08,22.234193548387097,10,1991,5
1991-10-13,22.08,22.234193548387097,10,1991,6
1991-10-14,22.6,22.234193548387097,10,1991,0
1991-10-15,22.83,22.234193548387097,10,1991,1
1991-10-16,22.6,22.234193548387097,10,1991,2
1991-10-17,22.73,22.234193548387097,10,1991,3
1991-10-18,23.0,22.234193548387097,10,1991,4
1991-10-19,23.0,22.234193548387097,10,1991,5
1991-10-20,23.0,22.234193548387097,10,1991,6
1991-10-21,22.95,22.234193548387097,10,1991,0
1991-10-22,22.65,22.234193548387097,10,1991,1
1991-10-23,22.48,22.234193548387097,10,1991,2
1991-10-24,22.25,22.234193548387097,10,1991,3
1991-10-25,22.35,22.234193548387097,10,1991,4
1991-10-26,22.35,22.234193548387097,10,1991,5
1991-10-27,22.35,22.234193548387097,10,1991,6
1991-10-28,21.9,22.234193548387097,10,1991,0
1991-10-29,21.85,22.234193548387097,10,1991,1
1991-10-30,21.95,22.234193548387097,10,1991,2
1991-10-31,22.0,22.234193548387097,10,1991,3
1991-11-01,22.53,21.186,11,1991,4
1991-11-02,22.53,21.186,11,1991,5
1991-11-03,22.53,21.186,11,1991,6
1991-11-04,22.73,21.186,11,1991,0
1991-11-05,22.53,21.186,11,1991,1
1991-11-06,22.0,21.186,11,1991,2
1991-11-07,21.85,21.186,11,1991,3
1991-11-08,21.8,21.186,11,1991,4
1991-11-09,21.8,21.186,11,1991,5
1991-11-10,21.8,21.186,11,1991,6
1991-11-11,21.45,21.186,11,1991,0
1991-11-12,21.2,21.186,11,1991,1
1991-11-13,21.5,21.186,11,1991,2
1991-11-14,21.0,21.186,11,1991,3
1991-11-15,21.63,21.186,11,1991,4
1991-11-16,21.63,21.186,11,1991,5
1991-11-17,21.63,21.186,11,1991,6
1991-11-18,21.35,21.186,11,1991,0
1991-11-19,21.08,21.186,11,1991,1
1991-11-20,20.48,21.186,11,1991,2
1991-11-21,20.73,21.186,11,1991,3
1991-11-22,20.15,21.186,11,1991,4
1991-11-23,20.15,21.186,11,1991,5
1991-11-24,20.15,21.186,11,1991,6
1991-11-25,19.78,21.186,11,1991,0
1991-11-26,19.78,21.186,11,1991,1
1991-11-27,19.65,21.186,11,1991,2
1991-11-28,19.98,21.186,11,1991,3
1991-11-29,20.08,21.186,11,1991,4
1991-11-30,20.08,21.186,11,1991,5
1991-12-01,20.08,18.493225806451612,12,1991,6
1991-12-02,19.6,18.493225806451612,12,1991,0
1991-12-03,19.2,18.493225806451612,12,1991,1
1991-12-04,19.18,18.493225806451612,12,1991,2
1991-12-05,19.15,18.493225806451612,12,1991,3
1991-12-06,19.05,18.493225806451612,12,1991,4
1991-12-07,19.05,18.493225806451612,12,1991,5
1991-12-08,19.05,18.493225806451612,12,1991,6
1991-12-09,18.25,18.493225806451612,12,1991,0
1991-12-10,18.1,18.493225806451612,12,1991,1
1991-12-11,18.28,18.493225806451612,12,1991,2
1991-12-12,18.58,18.493225806451612,12,1991,3
1991-12-13,19.05,18.493225806451612,12,1991,4
1991-12-14,19.05,18.493225806451612,12,1991,5
1991-12-15,19.05,18.493225806451612,12,1991,6
1991-12-16,18.55,18.493225806451612,12,1991,0
1991-12-17,18.13,18.493225806451612,12,1991,1
1991-12-18,18.15,18.493225806451612,12,1991,2
1991-12-19,18.15,18.493225806451612,12,1991,3
1991-12-20,18.55,18.493225806451612,12,1991,4
1991-12-21,18.55,18.493225806451612,12,1991,5
1991-12-22,18.55,18.493225806451612,12,1991,6
1991-12-23,17.6,18.493225806451612,12,1991,0
1991-12-24,17.78,18.493225806451612,12,1991,1
1991-12-25,17.78,18.493225806451612,12,1991,2
1991-12-26,17.78,18.493225806451612,12,1991,3
1991-12-27,17.75,18.493225806451612,12,1991,4
1991-12-28,17.75,18.493225806451612,12,1991,5
1991-12-29,17.75,18.493225806451612,12,1991,6
1991-12-30,18.0,18.493225806451612,12,1991,0
1991-12-31,17.75,18.493225806451612,12,1991,1
1992-01-01,17.75,18.14290322580645,1,1992,2
1992-01-02,18.45,18.14290322580645,1,1992,3
1992-01-03,18.5,18.14290322580645,1,1992,4
1992-01-04,18.5,18.14290322580645,1,1992,5
1992-01-05,18.5,18.14290322580645,1,1992,6
1992-01-06,18.75,18.14290322580645,1,1992,0
1992-01-07,18.4,18.14290322580645,1,1992,1
1992-01-08,17.3,18.14290322580645,1,1992,2
1992-01-09,17.18,18.14290322580645,1,1992,3
1992-01-10,17.23,18.14290322580645,1,1992,4
1992-01-11,17.23,18.14290322580645,1,1992,5
1992-01-12,17.23,18.14290322580645,1,1992,6
1992-01-13,18.08,18.14290322580645,1,1992,0
1992-01-14,18.23,18.14290322580645,1,1992,1
1992-01-15,18.38,18.14290322580645,1,1992,2
1992-01-16,18.68,18.14290322580645,1,1992,3
1992-01-17,18.48,18.14290322580645,1,1992,4
1992-01-18,18.48,18.14290322580645,1,1992,5
1992-01-19,18.48,18.14290322580645,1,1992,6
1992-01-20,18.45,18.14290322580645,1,1992,0
1992-01-21,17.85,18.14290322580645,1,1992,1
1992-01-22,17.83,18.14290322580645,1,1992,2
1992-01-23,18.1,18.14290322580645,1,1992,3
1992-01-24,18.33,18.14290322580645,1,1992,4
1992-01-25,18.33,18.14290322580645,1,1992,5
1992-01-26,18.33,18.14290322580645,1,1992,6
1992-01-27,18.55,18.14290322580645,1,1992,0
1992-01-28,18.43,18.14290322580645,1,1992,1
1992-01-29,18.15,18.14290322580645,1,1992,2
1992-01-30,18.1,18.14290322580645,1,1992,3
1992-01-31,18.15,18.14290322580645,1,1992,4
1992-02-01,18.15,18.111724137931034,2,1992,5
1992-02-02,18.15,18.111724137931034,2,1992,6
1992-02-03,18.35,18.111724137931034,2,1992,0
1992-02-04,18.4,18.111724137931034,2,1992,1
1992-02-05,18.48,18.111724137931034,2,1992,2
1992-02-06,18.53,18.111724137931034,2,1992,3
1992-02-07,18.58,18.111724137931034,2,1992,4
1992-02-08,18.58,18.111724137931034,2,1992,5
1992-02-09,18.58,18.111724137931034,2,1992,6
1992-02-10,18.95,18.111724137931034,2,1992,0
1992-02-11,18.48,18.111724137931034,2,1992,1
1992-02-12,18.33,18.111724137931034,2,1992,2
1992-02-13,18.53,18.111724137931034,2,1992,3
1992-02-14,18.63,18.111724137931034,2,1992,4
1992-02-15,18.63,18.111724137931034,2,1992,5
1992-02-16,18.63,18.111724137931034,2,1992,6
1992-02-17,17.65,18.111724137931034,2,1992,0
1992-02-18,17.7,18.111724137931034,2,1992,1
1992-02-19,17.5,18.111724137931034,2,1992,2
1992-02-20,17.85,18.111724137931034,2,1992,3
1992-02-21,18.0,18.111724137931034,2,1992,4
1992-02-22,18.0,18.111724137931034,2,1992,5
1992-02-23,18.0,18.111724137931034,2,1992,6
1992-02-24,17.4,18.111724137931034,2,1992,0
1992-02-25,17.43,18.111724137931034,2,1992,1
1992-02-26,17.28,18.111724137931034,2,1992,2
1992-02-27,17.55,18.111724137931034,2,1992,3
1992-02-28,17.45,18.111724137931034,2,1992,4
1992-02-29,17.45,18.111724137931034,2,1992,5
1992-03-01,17.45,17.63193548387097,3,1992,6
1992-03-02,17.35,17.63193548387097,3,1992,0
1992-03-03,17.05,17.63193548387097,3,1992,1
1992-03-04,17.28,17.63193548387097,3,1992,2
1992-03-05,17.43,17.63193548387097,3,1992,3
1992-03-06,17.3,17.63193548387097,3,1992,4
1992-03-07,17.3,17.63193548387097,3,1992,5
1992-03-08,17.3,17.63193548387097,3,1992,6
1992-03-09,17.35,17.63193548387097,3,1992,0
1992-03-10,17.35,17.63193548387097,3,1992,1
1992-03-11,17.2,17.63193548387097,3,1992,2
1992-03-12,17.35,17.63193548387097,3,1992,3
1992-03-13,17.73,17.63193548387097,3,1992,4
1992-03-14,17.73,17.63193548387097,3,1992,5
1992-03-15,17.73,17.63193548387097,3,1992,6
1992-03-16,17.73,17.63193548387097,3,1992,0
1992-03-17,17.88,17.63193548387097,3,1992,1
1992-03-18,17.65,17.63193548387097,3,1992,2
1992-03-19,17.65,17.63193548387097,3,1992,3
1992-03-20,17.75,17.63193548387097,3,1992,4
1992-03-21,17.75,17.63193548387097,3,1992,5
1992-03-22,17.75,17.63193548387097,3,1992,6
1992-03-23,17.58,17.63193548387097,3,1992,0
1992-03-24,17.65,17.63193548387097,3,1992,1
1992-03-25,17.7,17.63193548387097,3,1992,2
1992-03-26,17.98,17.63193548387097,3,1992,3
1992-03-27,17.85,17.63193548387097,3,1992,4
1992-03-28,17.85,17.63193548387097,3,1992,5
1992-03-29,17.85,17.63193548387097,3,1992,6
1992-03-30,17.98,17.63193548387097,3,1992,0
1992-03-31,19.09,17.63193548387097,3,1992,1
1992-04-01,18.38,18.91033333333333,4,1992,2
1992-04-02,18.53,18.91033333333333,4,1992,3
1992-04-03,18.63,18.91033333333333,4,1992,4
1992-04-04,18.63,18.91033333333333,4,1992,5
1992-04-05,18.63,18.91033333333333,4,1992,6
1992-04-06,18.93,18.91033333333333,4,1992,0
1992-04-07,18.93,18.91033333333333,4,1992,1
1992-04-08,19.18,18.91033333333333,4,1992,2
1992-04-09,18.95,18.91033333333333,4,1992,3
1992-04-10,19.05,18.91033333333333,4,1992,4
1992-04-11,19.05,18.91033333333333,4,1992,5
1992-04-12,19.05,18.91033333333333,4,1992,6
1992-04-13,19.03,18.91033333333333,4,1992,0
1992-04-14,18.85,18.91033333333333,4,1992,1
1992-04-15,18.6,18.91033333333333,4,1992,2
1992-04-16,18.95,18.91033333333333,4,1992,3
1992-04-17,18.95,18.91033333333333,4,1992,4
1992-04-18,18.95,18.91033333333333,4,1992,5
1992-04-19,18.95,18.91033333333333,4,1992,6
1992-04-20,18.95,18.91033333333333,4,1992,0
1992-04-21,19.0,18.91033333333333,4,1992,1
1992-04-22,18.73,18.91033333333333,4,1992,2
1992-04-23,18.7,18.91033333333333,4,1992,3
1992-04-24,18.9,18.91033333333333,4,1992,4
1992-04-25,18.9,18.91033333333333,4,1992,5
1992-04-26,18.9,18.91033333333333,4,1992,6
1992-04-27,18.9,18.91033333333333,4,1992,0
1992-04-28,19.18,18.91033333333333,4,1992,1
1992-04-29,19.28,18.91033333333333,4,1992,2
1992-04-30,19.65,18.91033333333333,4,1992,3
1992-05-01,19.83,19.878387096774194,5,1992,4
1992-05-02,19.83,19.878387096774194,5,1992,5
1992-05-03,19.83,19.878387096774194,5,1992,6
1992-05-04,19.88,19.878387096774194,5,1992,0
1992-05-05,19.98,19.878387096774194,5,1992,1
1992-05-06,19.68,19.878387096774194,5,1992,2
1992-05-07,19.65,19.878387096774194,5,1992,3
1992-05-08,19.63,19.878387096774194,5,1992,4
1992-05-09,19.63,19.878387096774194,5,1992,5
1992-05-10,19.63,19.878387096774194,5,1992,6
1992-05-11,19.73,19.878387096774194,5,1992,0
1992-05-12,19.8,19.878387096774194,5,1992,1
1992-05-13,19.95,19.878387096774194,5,1992,2
1992-05-14,19.75,19.878387096774194,5,1992,3
1992-05-15,19.7,19.878387096774194,5,1992,4
1992-05-16,19.7,19.878387096774194,5,1992,5
1992-05-17,19.7,19.878387096774194,5,1992,6
1992-05-18,19.7,19.878387096774194,5,1992,0
1992-05-19,19.3,19.878387096774194,5,1992,1
1992-05-20,19.28,19.878387096774194,5,1992,2
1992-05-21,19.6,19.878387096774194,5,1992,3
1992-05-22,19.58,19.878387096774194,5,1992,4
1992-05-23,19.58,19.878387096774194,5,1992,5
1992-05-24,19.58,19.878387096774194,5,1992,6
1992-05-25,19.58,19.878387096774194,5,1992,0
1992-05-26,20.5,19.878387096774194,5,1992,1
1992-05-27,20.8,19.878387096774194,5,1992,2
1992-05-28,20.73,19.878387096774194,5,1992,3
1992-05-29,20.7,19.878387096774194,5,1992,4
1992-05-30,20.7,19.878387096774194,5,1992,5
1992-05-31,20.7,19.878387096774194,5,1992,6
1992-06-01,20.9,21.186666666666667,6,1992,0
1992-06-02,20.85,21.186666666666667,6,1992,1
1992-06-03,21.23,21.186666666666667,6,1992,2
1992-06-04,21.08,21.186666666666667,6,1992,3
1992-06-05,21.35,21.186666666666667,6,1992,4
1992-06-06,21.35,21.186666666666667,6,1992,5
1992-06-07,21.35,21.186666666666667,6,1992,6
1992-06-08,21.25,21.186666666666667,6,1992,0
1992-06-09,21.13,21.186666666666667,6,1992,1
1992-06-10,21.05,21.186666666666667,6,1992,2
1992-06-11,21.33,21.186666666666667,6,1992,3
1992-06-12,21.28,21.186666666666667,6,1992,4
1992-06-13,21.28,21.186666666666667,6,1992,5
1992-06-14,21.28,21.186666666666667,6,1992,6
1992-06-15,21.3,21.186666666666667,6,1992,0
1992-06-16,21.13,21.186666666666667,6,1992,1
1992-06-17,21.03,21.186666666666667,6,1992,2
1992-06-18,21.23,21.186666666666667,6,1992,3
1992-06-19,21.13,21.186666666666667,6,1992,4
1992-06-20,21.13,21.186666666666667,6,1992,5
1992-06-21,21.13,21.186666666666667,6,1992,6
1992-06-22,20.83,21.186666666666667,6,1992,0
1992-06-23,21.35,21.186666666666667,6,1992,1
1992-06-24,21.55,21.186666666666667,6,1992,2
1992-06-25,21.5,21.186666666666667,6,1992,3
1992-06-26,21.3,21.186666666666667,6,1992,4
1992-06-27,21.3,21.186666666666667,6,1992,5
1992-06-28,21.3,21.186666666666667,6,1992,6
1992-06-29,21.08,21.186666666666667,6,1992,0
1992-06-30,20.6,21.186666666666667,6,1992,1
1992-07-01,20.25,20.269032258064517,7,1992,2
1992-07-02,20.53,20.269032258064517,7,1992,3
1992-07-03,20.65,20.269032258064517,7,1992,4
1992-07-04,20.65,20.269032258064517,7,1992,5
1992-07-05,20.65,20.269032258064517,7,1992,6
1992-07-06,20.45,20.269032258064517,7,1992,0
1992-07-07,19.8,20.269032258064517,7,1992,1
1992-07-08,19.7,20.269032258064517,7,1992,2
1992-07-09,19.78,20.269032258064517,7,1992,3
1992-07-10,20.0,20.269032258064517,7,1992,4
1992-07-11,20.0,20.269032258064517,7,1992,5
1992-07-12,20.0,20.269032258064517,7,1992,6
1992-07-13,19.83,20.269032258064517,7,1992,0
1992-07-14,19.98,20.269032258064517,7,1992,1
1992-07-15,19.85,20.269032258064517,7,1992,2
1992-07-16,20.23,20.269032258064517,7,1992,3
1992-07-17,20.2,20.269032258064517,7,1992,4
1992-07-18,20.2,20.269032258064517,7,1992,5
1992-07-19,20.2,20.269032258064517,7,1992,6
1992-07-20,19.95,20.269032258064517,7,1992,0
1992-07-21,20.03,20.269032258064517,7,1992,1
1992-07-22,20.23,20.269032258064517,7,1992,2
1992-07-23,20.48,20.269032258064517,7,1992,3
1992-07-24,20.6,20.269032258064517,7,1992,4
1992-07-25,20.6,20.269032258064517,7,1992,5
1992-07-26,20.6,20.269032258064517,7,1992,6
1992-07-27,20.58,20.269032258064517,7,1992,0
1992-07-28,20.78,20.269032258064517,7,1992,1
1992-07-29,20.68,20.269032258064517,7,1992,2
1992-07-30,20.48,20.269032258064517,7,1992,3
1992-07-31,20.38,20.269032258064517,7,1992,4
1992-08-01,20.38,19.779999999999998,8,1992,5
1992-08-02,20.38,19.779999999999998,8,1992,6
1992-08-03,20.33,19.779999999999998,8,1992,0
1992-08-04,19.85,19.779999999999998,8,1992,1
1992-08-05,19.68,19.779999999999998,8,1992,2
1992-08-06,19.78,19.779999999999998,8,1992,3
1992-08-07,19.75,19.779999999999998,8,1992,4
1992-08-08,19.75,19.779999999999998,8,1992,5
1992-08-09,19.75,19.779999999999998,8,1992,6
1992-08-10,19.55,19.779999999999998,8,1992,0
1992-08-11,19.48,19.779999999999998,8,1992,1
1992-08-12,19.65,19.779999999999998,8,1992,2
1992-08-13,19.83,19.779999999999998,8,1992,3
1992-08-14,19.88,19.779999999999998,8,1992,4
1992-08-15,19.88,19.779999999999998,8,1992,5
1992-08-16,19.88,19.779999999999998,8,1992,6
1992-08-17,19.95,19.779999999999998,8,1992,0
1992-08-18,19.9,19.779999999999998,8,1992,1
1992-08-19,19.8,19.779999999999998,8,1992,2
1992-08-20,19.63,19.779999999999998,8,1992,3
1992-08-21,19.68,19.779999999999998,8,1992,4
1992-08-22,19.68,19.779999999999998,8,1992,5
1992-08-23,19.68,19.779999999999998,8,1992,6
1992-08-24,19.65,19.779999999999998,8,1992,0
1992-08-25,19.68,19.779999999999998,8,1992,1
1992-08-26,19.63,19.779999999999998,8,1992,2
1992-08-27,19.5,19.779999999999998,8,1992,3
1992-08-28,19.65,19.779999999999998,8,1992,4
1992-08-29,19.65,19.779999999999998,8,1992,5
1992-08-30,19.65,19.779999999999998,8,1992,6
1992-08-31,19.65,19.779999999999998,8,1992,0
1992-09-01,19.88,20.265333333333334,9,1992,1
1992-09-02,20.0,20.265333333333334,9,1992,2
1992-09-03,19.95,20.265333333333334,9,1992,3
1992-09-04,20.03,20.265333333333334,9,1992,4
1992-09-05,20.03,20.265333333333334,9,1992,5
1992-09-06,20.03,20.265333333333334,9,1992,6
1992-09-07,20.13,20.265333333333334,9,1992,0
1992-09-08,20.3,20.265333333333334,9,1992,1
1992-09-09,20.33,20.265333333333334,9,1992,2
1992-09-10,20.3,20.265333333333334,9,1992,3
1992-09-11,20.35,20.265333333333334,9,1992,4
1992-09-12,20.35,20.265333333333334,9,1992,5
1992-09-13,20.35,20.265333333333334,9,1992,6
1992-09-14,20.68,20.265333333333334,9,1992,0
1992-09-15,20.5,20.265333333333334,9,1992,1
1992-09-16,20.43,20.265333333333334,9,1992,2
1992-09-17,20.35,20.265333333333334,9,1992,3
1992-09-18,20.3,20.265333333333334,9,1992,4
1992-09-19,20.3,20.265333333333334,9,1992,5
1992-09-20,20.3,20.265333333333334,9,1992,6
1992-09-21,20.15,20.265333333333334,9,1992,0
1992-09-22,20.33,20.265333333333334,9,1992,1
1992-09-23,20.53,20.265333333333334,9,1992,2
1992-09-24,20.43,20.265333333333334,9,1992,3
1992-09-25,20.33,20.265333333333334,9,1992,4
1992-09-26,20.33,20.265333333333334,9,1992,5
1992-09-27,20.33,20.265333333333334,9,1992,6
1992-09-28,20.28,20.265333333333334,9,1992,0
1992-09-29,20.18,20.265333333333334,9,1992,1
1992-09-30,20.18,20.265333333333334,9,1992,2
1992-10-01,20.28,20.266774193548386,10,1992,3
1992-10-02,20.4,20.266774193548386,10,1992,4
1992-10-03,20.4,20.266774193548386,10,1992,5
1992-10-04,20.4,20.266774193548386,10,1992,6
1992-10-05,20.2,20.266774193548386,10,1992,0
1992-10-06,20.23,20.266774193548386,10,1992,1
1992-10-07,20.28,20.266774193548386,10,1992,2
1992-10-08,20.48,20.266774193548386,10,1992,3
1992-10-09,20.48,20.266774193548386,10,1992,4
1992-10-10,20.48,20.266774193548386,10,1992,5
1992-10-11,20.48,20.266774193548386,10,1992,6
1992-10-12,20.8,20.266774193548386,10,1992,0
1992-10-13,20.83,20.266774193548386,10,1992,1
1992-10-14,20.68,20.266774193548386,10,1992,2
1992-10-15,20.73,20.266774193548386,10,1992,3
1992-10-16,20.78,20.266774193548386,10,1992,4
1992-10-17,20.78,20.266774193548386,10,1992,5
1992-10-18,20.78,20.266774193548386,10,1992,6
1992-10-19,20.73,20.266774193548386,10,1992,0
1992-10-20,20.68,20.266774193548386,10,1992,1
1992-10-21,20.28,20.266774193548386,10,1992,2
1992-10-22,20.13,20.266774193548386,10,1992,3
1992-10-23,20.03,20.266774193548386,10,1992,4
1992-10-24,20.03,20.266774193548386,10,1992,5
1992-10-25,20.03,20.266774193548386,10,1992,6
1992-10-26,19.78,20.266774193548386,10,1992,0
1992-10-27,19.78,20.266774193548386,10,1992,1
1992-10-28,19.65,20.266774193548386,10,1992,2
1992-10-29,19.4,20.266774193548386,10,1992,3
1992-10-30,19.13,20.266774193548386,10,1992,4
1992-10-31,19.13,20.266774193548386,10,1992,5
1992-11-01,19.13,19.203666666666667,11,1992,6
1992-11-02,19.25,19.203666666666667,11,1992,0
1992-11-03,19.35,19.203666666666667,11,1992,1
1992-11-04,19.03,19.203666666666667,11,1992,2
1992-11-05,19.2,19.203666666666667,11,1992,3
1992-11-06,19.13,19.203666666666667,11,1992,4
1992-11-07,19.13,19.203666666666667,11,1992,5
1992-11-08,19.13,19.203666666666667,11,1992,6
1992-11-09,19.1,19.203666666666667,11,1992,0
1992-11-10,19.53,19.203666666666667,11,1992,1
1992-11-11,19.4,19.203666666666667,11,1992,2
1992-11-12,19.18,19.203666666666667,11,1992,3
1992-11-13,19.05,19.203666666666667,11,1992,4
1992-11-14,19.05,19.203666666666667,11,1992,5
1992-11-15,19.05,19.203666666666667,11,1992,6
1992-11-16,19.2,19.203666666666667,11,1992,0
1992-11-17,19.15,19.203666666666667,11,1992,1
1992-11-18,19.1,19.203666666666667,11,1992,2
1992-11-19,19.48,19.203666666666667,11,1992,3
1992-11-20,19.48,19.203666666666667,11,1992,4
1992-11-21,19.48,19.203666666666667,11,1992,5
1992-11-22,19.48,19.203666666666667,11,1992,6
1992-11-23,19.15,19.203666666666667,11,1992,0
1992-11-24,19.18,19.203666666666667,11,1992,1
1992-11-25,19.28,19.203666666666667,11,1992,2
1992-11-26,18.93,19.203666666666667,11,1992,3
1992-11-27,19.08,19.203666666666667,11,1992,4
1992-11-28,19.08,19.203666666666667,11,1992,5
1992-11-29,19.08,19.203666666666667,11,1992,6
1992-11-30,19.25,19.203666666666667,11,1992,0
1992-12-01,18.65,18.18548387096774,12,1992,1
1992-12-02,18.38,18.18548387096774,12,1992,2
1992-12-03,18.2,18.18548387096774,12,1992,3
1992-12-04,18.35,18.18548387096774,12,1992,4
1992-12-05,18.35,18.18548387096774,12,1992,5
1992-12-06,18.35,18.18548387096774,12,1992,6
1992-12-07,18.25,18.18548387096774,12,1992,0
1992-12-08,18.08,18.18548387096774,12,1992,1
1992-12-09,17.8,18.18548387096774,12,1992,2
1992-12-10,18.28,18.18548387096774,12,1992,3
1992-12-11,18.2,18.18548387096774,12,1992,4
1992-12-12,18.2,18.18548387096774,12,1992,5
1992-12-13,18.2,18.18548387096774,12,1992,6
1992-12-14,18.03,18.18548387096774,12,1992,0
1992-12-15,17.8,18.18548387096774,12,1992,1
1992-12-16,17.9,18.18548387096774,12,1992,2
1992-12-17,18.18,18.18548387096774,12,1992,3
1992-12-18,18.3,18.18548387096774,12,1992,4
1992-12-19,18.3,18.18548387096774,12,1992,5
1992-12-20,18.3,18.18548387096774,12,1992,6
1992-12-21,18.33,18.18548387096774,12,1992,0
1992-12-22,18.08,18.18548387096774,12,1992,1
1992-12-23,18.23,18.18548387096774,12,1992,2
1992-12-24,18.28,18.18548387096774,12,1992,3
1992-12-25,18.28,18.18548387096774,12,1992,4
1992-12-26,18.28,18.18548387096774,12,1992,5
1992-12-27,18.28,18.18548387096774,12,1992,6
1992-12-28,18.28,18.18548387096774,12,1992,0
1992-12-29,17.93,18.18548387096774,12,1992,1
1992-12-30,17.83,18.18548387096774,12,1992,2
1992-12-31,17.85,18.18548387096774,12,1992,3
1993-01-01,17.85,17.46483870967742,1,1993,4
1993-01-02,17.85,17.46483870967742,1,1993,5
1993-01-03,17.85,17.46483870967742,1,1993,6
1993-01-04,17.73,17.46483870967742,1,1993,0
1993-01-05,17.48,17.46483870967742,1,1993,1
1993-01-06,17.53,17.46483870967742,1,1993,2
1993-01-07,17.58,17.46483870967742,1,1993,3
1993-01-08,17.23,17.46483870967742,1,1993,4
1993-01-09,17.23,17.46483870967742,1,1993,5
1993-01-10,17.23,17.46483870967742,1,1993,6
1993-01-11,17.28,17.46483870967742,1,1993,0
1993-01-12,16.85,17.46483870967742,1,1993,1
1993-01-13,16.85,17.46483870967742,1,1993,2
1993-01-14,17.0,17.46483870967742,1,1993,3
1993-01-15,17.28,17.46483870967742,1,1993,4
1993-01-16,17.28,17.46483870967742,1,1993,5
1993-01-17,17.28,17.46483870967742,1,1993,6
1993-01-18,17.25,17.46483870967742,1,1993,0
1993-01-19,16.98,17.46483870967742,1,1993,1
1993-01-20,16.7,17.46483870967742,1,1993,2
1993-01-21,16.88,17.46483870967742,1,1993,3
1993-01-22,17.08,17.46483870967742,1,1993,4
1993-01-23,17.08,17.46483870967742,1,1993,5
1993-01-24,17.08,17.46483870967742,1,1993,6
1993-01-25,17.58,17.46483870967742,1,1993,0
1993-01-26,17.93,17.46483870967742,1,1993,1
1993-01-27,17.88,17.46483870967742,1,1993,2
1993-01-28,18.15,17.46483870967742,1,1993,3
1993-01-29,18.48,17.46483870967742,1,1993,4
1993-01-30,18.48,17.46483870967742,1,1993,5
1993-01-31,18.48,17.46483870967742,1,1993,6
1993-02-01,18.55,18.495714285714286,2,1993,0
1993-02-02,18.4,18.495714285714286,2,1993,1
1993-02-03,18.4,18.495714285714286,2,1993,2
1993-02-04,18.65,18.495714285714286,2,1993,3
1993-02-05,18.7,18.495714285714286,2,1993,4
1993-02-06,18.7,18.495714285714286,2,1993,5
1993-02-07,18.7,18.495714285714286,2,1993,6
1993-02-08,18.55,18.495714285714286,2,1993,0
1993-02-09,18.33,18.495714285714286,2,1993,1
1993-02-10,18.48,18.495714285714286,2,1993,2
1993-02-11,18.43,18.495714285714286,2,1993,3
1993-02-12,18.48,18.495714285714286,2,1993,4
1993-02-13,18.48,18.495714285714286,2,1993,5
1993-02-14,18.48,18.495714285714286,2,1993,6
1993-02-15,17.98,18.495714285714286,2,1993,0
1993-02-16,18.2,18.495714285714286,2,1993,1
1993-02-17,17.93,18.495714285714286,2,1993,2
1993-02-18,17.83,18.495714285714286,2,1993,3
1993-02-19,18.3,18.495714285714286,2,1993,4
1993-02-20,18.3,18.495714285714286,2,1993,5
1993-02-21,18.3,18.495714285714286,2,1993,6
1993-02-22,18.63,18.495714285714286,2,1993,0
1993-02-23,18.88,18.495714285714286,2,1993,1
1993-02-24,18.88,18.495714285714286,2,1993,2
1993-02-25,18.83,18.495714285714286,2,1993,3
1993-02-26,18.83,18.495714285714286,2,1993,4
1993-02-27,18.83,18.495714285714286,2,1993,5
1993-02-28,18.83,18.495714285714286,2,1993,6
1993-03-01,19.03,18.812258064516126,3,1993,0
1993-03-02,18.83,18.812258064516126,3,1993,1
1993-03-03,18.93,18.812258064516126,3,1993,2
1993-03-04,19.35,18.812258064516126,3,1993,3
1993-03-05,19.6,18.812258064516126,3,1993,4
1993-03-06,19.6,18.812258064516126,3,1993,5
1993-03-07,19.6,18.812258064516126,3,1993,6
1993-03-08,19.28,18.812258064516126,3,1993,0
1993-03-09,19.23,18.812258064516126,3,1993,1
1993-03-10,19.08,18.812258064516126,3,1993,2
1993-03-11,18.7,18.812258064516126,3,1993,3
1993-03-12,18.83,18.812258064516126,3,1993,4
1993-03-13,18.83,18.812258064516126,3,1993,5
1993-03-14,18.83,18.812258064516126,3,1993,6
1993-03-15,18.88,18.812258064516126,3,1993,0
1993-03-16,18.55,18.812258064516126,3,1993,1
1993-03-17,18.6,18.812258064516126,3,1993,2
1993-03-18,18.7,18.812258064516126,3,1993,3
1993-03-19,18.58,18.812258064516126,3,1993,4
1993-03-20,18.58,18.812258064516126,3,1993,5
1993-03-21,18.58,18.812258064516126,3,1993,6
1993-03-22,18.18,18.812258064516126,3,1993,0
1993-03-23,18.23,18.812258064516126,3,1993,1
1993-03-24,18.53,18.812258064516126,3,1993,2
1993-03-25,18.6,18.812258064516126,3,1993,3
1993-03-26,18.55,18.812258064516126,3,1993,4
1993-03-27,18.55,18.812258064516126,3,1993,5
1993-03-28,18.55,18.812258064516126,3,1993,6
1993-03-29,18.65,18.812258064516126,3,1993,0
1993-03-30,18.45,18.812258064516126,3,1993,1
1993-03-31,18.7,18.812258064516126,3,1993,2
1993-04-01,18.98,18.654333333333334,4,1993,3
1993-04-02,18.88,18.654333333333334,4,1993,4
1993-04-03,18.88,18.654333333333334,4,1993,5
1993-04-04,18.88,18.654333333333334,4,1993,6
1993-04-05,18.95,18.654333333333334,4,1993,0
1993-04-06,18.65,18.654333333333334,4,1993,1
1993-04-07,18.7,18.654333333333334,4,1993,2
1993-04-08,18.53,18.654333333333334,4,1993,3
1993-04-09,18.53,18.654333333333334,4,1993,4
1993-04-10,18.53,18.654333333333334,4,1993,5
1993-04-11,18.53,18.654333333333334,4,1993,6
1993-04-12,18.53,18.654333333333334,4,1993,0
1993-04-13,18.8,18.654333333333334,4,1993,1
1993-04-14,18.73,18.654333333333334,4,1993,2
1993-04-15,18.63,18.654333333333334,4,1993,3
1993-04-16,18.5,18.654333333333334,4,1993,4
1993-04-17,18.5,18.654333333333334,4,1993,5
1993-04-18,18.5,18.654333333333334,4,1993,6
1993-04-19,18.48,18.654333333333334,4,1993,0
1993-04-20,18.53,18.654333333333334,4,1993,1
1993-04-21,18.68,18.654333333333334,4,1993,2
1993-04-22,18.48,18.654333333333334,4,1993,3
1993-04-23,18.63,18.654333333333334,4,1993,4
1993-04-24,18.63,18.654333333333334,4,1993,5
1993-04-25,18.63,18.654333333333334,4,1993,6
1993-04-26,18.63,18.654333333333334,4,1993,0
1993-04-27,18.58,18.654333333333334,4,1993,1
1993-04-28,18.48,18.654333333333334,4,1993,2
1993-04-29,18.8,18.654333333333334,4,1993,3
1993-04-30,18.85,18.654333333333334,4,1993,4
1993-05-01,18.85,18.52741935483871,5,1993,5
1993-05-02,18.85,18.52741935483871,5,1993,6
1993-05-03,18.85,18.52741935483871,5,1993,0
1993-05-04,18.9,18.52741935483871,5,1993,1
1993-05-05,18.85,18.52741935483871,5,1993,2
1993-05-06,19.13,18.52741935483871,5,1993,3
1993-05-07,18.98,18.52741935483871,5,1993,4
1993-05-08,18.98,18.52741935483871,5,1993,5
1993-05-09,18.98,18.52741935483871,5,1993,6
1993-05-10,18.98,18.52741935483871,5,1993,0
1993-05-11,18.83,18.52741935483871,5,1993,1
1993-05-12,18.9,18.52741935483871,5,1993,2
1993-05-13,18.7,18.52741935483871,5,1993,3
1993-05-14,18.4,18.52741935483871,5,1993,4
1993-05-15,18.4,18.52741935483871,5,1993,5
1993-05-16,18.4,18.52741935483871,5,1993,6
1993-05-17,18.28,18.52741935483871,5,1993,0
1993-05-18,18.18,18.52741935483871,5,1993,1
1993-05-19,18.13,18.52741935483871,5,1993,2
1993-05-20,18.1,18.52741935483871,5,1993,3
1993-05-21,18.05,18.52741935483871,5,1993,4
1993-05-22,18.05,18.52741935483871,5,1993,5
1993-05-23,18.05,18.52741935483871,5,1993,6
1993-05-24,18.15,18.52741935483871,5,1993,0
1993-05-25,18.15,18.52741935483871,5,1993,1
1993-05-26,18.08,18.52741935483871,5,1993,2
1993-05-27,18.43,18.52741935483871,5,1993,3
1993-05-28,18.43,18.52741935483871,5,1993,4
1993-05-29,18.43,18.52741935483871,5,1993,5
1993-05-30,18.43,18.52741935483871,5,1993,6
1993-05-31,18.43,18.52741935483871,5,1993,0
1993-06-01,18.48,17.628,6,1993,1
1993-06-02,18.48,17.628,6,1993,2
1993-06-03,18.15,17.628,6,1993,3
1993-06-04,18.25,17.628,6,1993,4
1993-06-05,18.25,17.628,6,1993,5
1993-06-06,18.25,17.628,6,1993,6
1993-06-07,18.0,17.628,6,1993,0
1993-06-08,18.23,17.628,6,1993,1
1993-06-09,18.23,17.628,6,1993,2
1993-06-10,18.2,17.628,6,1993,3
1993-06-11,17.63,17.628,6,1993,4
1993-06-12,17.63,17.628,6,1993,5
1993-06-13,17.63,17.628,6,1993,6
1993-06-14,17.58,17.628,6,1993,0
1993-06-15,17.3,17.628,6,1993,1
1993-06-16,17.33,17.628,6,1993,2
1993-06-17,17.23,17.628,6,1993,3
1993-06-18,17.13,17.628,6,1993,4
1993-06-19,17.13,17.628,6,1993,5
1993-06-20,17.13,17.628,6,1993,6
1993-06-21,17.18,17.628,6,1993,0
1993-06-22,17.18,17.628,6,1993,1
1993-06-23,17.18,17.628,6,1993,2
1993-06-24,17.23,17.628,6,1993,3
1993-06-25,17.23,17.628,6,1993,4
1993-06-26,17.23,17.628,6,1993,5
1993-06-27,17.23,17.628,6,1993,6
1993-06-28,17.23,17.628,6,1993,0
1993-06-29,17.48,17.628,6,1993,1
1993-06-30,17.43,17.628,6,1993,2
1993-07-01,16.98,16.746129032258064,7,1993,3
1993-07-02,16.63,16.746129032258064,7,1993,4
1993-07-03,16.63,16.746129032258064,7,1993,5
1993-07-04,16.63,16.746129032258064,7,1993,6
1993-07-05,16.88,16.746129032258064,7,1993,0
1993-07-06,17.13,16.746129032258064,7,1993,1
1993-07-07,16.9,16.746129032258064,7,1993,2
1993-07-08,16.55,16.746129032258064,7,1993,3
1993-07-09,16.53,16.746129032258064,7,1993,4
1993-07-10,16.53,16.746129032258064,7,1993,5
1993-07-11,16.53,16.746129032258064,7,1993,6
1993-07-12,16.78,16.746129032258064,7,1993,0
1993-07-13,16.95,16.746129032258064,7,1993,1
1993-07-14,16.5,16.746129032258064,7,1993,2
1993-07-15,16.48,16.746129032258064,7,1993,3
1993-07-16,16.6,16.746129032258064,7,1993,4
1993-07-17,16.6,16.746129032258064,7,1993,5
1993-07-18,16.6,16.746129032258064,7,1993,6
1993-07-19,16.58,16.746129032258064,7,1993,0
1993-07-20,16.58,16.746129032258064,7,1993,1
1993-07-21,16.73,16.746129032258064,7,1993,2
1993-07-22,16.65,16.746129032258064,7,1993,3
1993-07-23,16.85,16.746129032258064,7,1993,4
1993-07-24,16.85,16.746129032258064,7,1993,5
1993-07-25,16.85,16.746129032258064,7,1993,6
1993-07-26,16.85,16.746129032258064,7,1993,0
1993-07-27,16.85,16.746129032258064,7,1993,1
1993-07-28,17.13,16.746129032258064,7,1993,2
1993-07-29,17.08,16.746129032258064,7,1993,3
1993-07-30,16.85,16.746129032258064,7,1993,4
1993-07-31,16.85,16.746129032258064,7,1993,5
1993-08-01,16.85,16.729032258064517,8,1993,6
1993-08-02,16.85,16.729032258064517,8,1993,0
1993-08-03,16.53,16.729032258064517,8,1993,1
1993-08-04,16.63,16.729032258064517,8,1993,2
1993-08-05,16.6,16.729032258064517,8,1993,3
1993-08-06,16.38,16.729032258064517,8,1993,4
1993-08-07,16.38,16.729032258064517,8,1993,5
1993-08-08,16.38,16.729032258064517,8,1993,6
1993-08-09,16.45,16.729032258064517,8,1993,0
1993-08-10,16.3,16.729032258064517,8,1993,1
1993-08-11,16.58,16.729032258064517,8,1993,2
1993-08-12,16.78,16.729032258064517,8,1993,3
1993-08-13,16.93,16.729032258064517,8,1993,4
1993-08-14,16.93,16.729032258064517,8,1993,5
1993-08-15,16.93,16.729032258064517,8,1993,6
1993-08-16,16.8,16.729032258064517,8,1993,0
1993-08-17,16.88,16.729032258064517,8,1993,1
1993-08-18,16.63,16.729032258064517,8,1993,2
1993-08-19,16.63,16.729032258064517,8,1993,3
1993-08-20,16.68,16.729032258064517,8,1993,4
1993-08-21,16.68,16.729032258064517,8,1993,5
1993-08-22,16.68,16.729032258064517,8,1993,6
1993-08-23,16.83,16.729032258064517,8,1993,0
1993-08-24,16.93,16.729032258064517,8,1993,1
1993-08-25,16.68,16.729032258064517,8,1993,2
1993-08-26,16.75,16.729032258064517,8,1993,3
1993-08-27,17.05,16.729032258064517,8,1993,4
1993-08-28,17.05,16.729032258064517,8,1993,5
1993-08-29,17.05,16.729032258064517,8,1993,6
1993-08-30,17.05,16.729032258064517,8,1993,0
1993-08-31,16.73,16.729032258064517,8,1993,1
1993-09-01,16.55,15.969333333333333,9,1993,2
1993-09-02,16.5,15.969333333333333,9,1993,3
1993-09-03,16.33,15.969333333333333,9,1993,4
1993-09-04,16.33,15.969333333333333,9,1993,5
1993-09-05,16.33,15.969333333333333,9,1993,6
1993-09-06,16.23,15.969333333333333,9,1993,0
1993-09-07,15.85,15.969333333333333,9,1993,1
1993-09-08,15.65,15.969333333333333,9,1993,2
1993-09-09,15.73,15.969333333333333,9,1993,3
1993-09-10,15.43,15.969333333333333,9,1993,4
1993-09-11,15.43,15.969333333333333,9,1993,5
1993-09-12,15.43,15.969333333333333,9,1993,6
1993-09-13,15.43,15.969333333333333,9,1993,0
1993-09-14,15.58,15.969333333333333,9,1993,1
1993-09-15,15.35,15.969333333333333,9,1993,2
1993-09-16,15.43,15.969333333333333,9,1993,3
1993-09-17,15.55,15.969333333333333,9,1993,4
1993-09-18,15.55,15.969333333333333,9,1993,5
1993-09-19,15.55,15.969333333333333,9,1993,6
1993-09-20,16.03,15.969333333333333,9,1993,0
1993-09-21,16.25,15.969333333333333,9,1993,1
1993-09-22,15.88,15.969333333333333,9,1993,2
1993-09-23,15.88,15.969333333333333,9,1993,3
1993-09-24,16.1,15.969333333333333,9,1993,4
1993-09-25,16.1,15.969333333333333,9,1993,5
1993-09-26,16.1,15.969333333333333,9,1993,6
1993-09-27,16.1,15.969333333333333,9,1993,0
1993-09-28,16.4,15.969333333333333,9,1993,1
1993-09-29,16.78,15.969333333333333,9,1993,2
1993-09-30,17.23,15.969333333333333,9,1993,3
1993-10-01,17.08,16.583225806451615,10,1993,4
1993-10-02,17.08,16.583225806451615,10,1993,5
1993-10-03,17.08,16.583225806451615,10,1993,6
1993-10-04,16.9,16.583225806451615,10,1993,0
1993-10-05,16.78,16.583225806451615,10,1993,1
1993-10-06,16.98,16.583225806451615,10,1993,2
1993-10-07,16.88,16.583225806451615,10,1993,3
1993-10-08,16.98,16.583225806451615,10,1993,4
1993-10-09,16.98,16.583225806451615,10,1993,5
1993-10-10,16.98,16.583225806451615,10,1993,6
1993-10-11,17.13,16.583225806451615,10,1993,0
1993-10-12,17.15,16.583225806451615,10,1993,1
1993-10-13,17.0,16.583225806451615,10,1993,2
1993-10-14,16.8,16.583225806451615,10,1993,3
1993-10-15,16.7,16.583225806451615,10,1993,4
1993-10-16,16.7,16.583225806451615,10,1993,5
1993-10-17,16.7,16.583225806451615,10,1993,6
1993-10-18,16.5,16.583225806451615,10,1993,0
1993-10-19,16.53,16.583225806451615,10,1993,1
1993-10-20,16.68,16.583225806451615,10,1993,2
1993-10-21,16.88,16.583225806451615,10,1993,3
1993-10-22,16.48,16.583225806451615,10,1993,4
1993-10-23,16.48,16.583225806451615,10,1993,5
1993-10-24,16.48,16.583225806451615,10,1993,6
1993-10-25,16.13,16.583225806451615,10,1993,0
1993-10-26,15.95,16.583225806451615,10,1993,1
1993-10-27,15.95,16.583225806451615,10,1993,2
1993-10-28,15.83,16.583225806451615,10,1993,3
1993-10-29,15.43,16.583225806451615,10,1993,4
1993-10-30,15.43,16.583225806451615,10,1993,5
1993-10-31,15.43,16.583225806451615,10,1993,6
1993-11-01,15.83,15.166666666666666,11,1993,0
1993-11-02,15.63,15.166666666666666,11,1993,1
1993-11-03,15.83,15.166666666666666,11,1993,2
1993-11-04,15.78,15.166666666666666,11,1993,3
1993-11-05,15.73,15.166666666666666,11,1993,4
1993-11-06,15.73,15.166666666666666,11,1993,5
1993-11-07,15.73,15.166666666666666,11,1993,6
1993-11-08,15.28,15.166666666666666,11,1993,0
1993-11-09,15.33,15.166666666666666,11,1993,1
1993-11-10,15.23,15.166666666666666,11,1993,2
1993-11-11,15.18,15.166666666666666,11,1993,3
1993-11-12,15.08,15.166666666666666,11,1993,4
1993-11-13,15.08,15.166666666666666,11,1993,5
1993-11-14,15.08,15.166666666666666,11,1993,6
1993-11-15,15.25,15.166666666666666,11,1993,0
1993-11-16,15.33,15.166666666666666,11,1993,1
1993-11-17,15.55,15.166666666666666,11,1993,2
1993-11-18,15.4,15.166666666666666,11,1993,3
1993-11-19,15.25,15.166666666666666,11,1993,4
1993-11-20,15.25,15.166666666666666,11,1993,5
1993-11-21,15.25,15.166666666666666,11,1993,6
1993-11-22,15.35,15.166666666666666,11,1993,0
1993-11-23,15.25,15.166666666666666,11,1993,1
1993-11-24,15.13,15.166666666666666,11,1993,2
1993-11-25,14.35,15.166666666666666,11,1993,3
1993-11-26,14.28,15.166666666666666,11,1993,4
1993-11-27,14.28,15.166666666666666,11,1993,5
1993-11-28,14.28,15.166666666666666,11,1993,6
1993-11-29,14.05,15.166666666666666,11,1993,0
1993-11-30,14.23,15.166666666666666,11,1993,1
1993-12-01,14.43,13.708387096774192,12,1993,2
1993-12-02,14.15,13.708387096774192,12,1993,3
1993-12-03,13.95,13.708387096774192,12,1993,4
1993-12-04,13.95,13.708387096774192,12,1993,5
1993-12-05,13.95,13.708387096774192,12,1993,6
1993-12-06,13.9,13.708387096774192,12,1993,0
1993-12-07,13.88,13.708387096774192,12,1993,1
1993-12-08,13.45,13.708387096774192,12,1993,2
1993-12-09,13.6,13.708387096774192,12,1993,3
1993-12-10,13.8,13.708387096774192,12,1993,4
1993-12-11,13.8,13.708387096774192,12,1993,5
1993-12-12,13.8,13.708387096774192,12,1993,6
1993-12-13,13.9,13.708387096774192,12,1993,0
1993-12-14,14.78,13.708387096774192,12,1993,1
1993-12-15,13.8,13.708387096774192,12,1993,2
1993-12-16,13.63,13.708387096774192,12,1993,3
1993-12-17,13.85,13.708387096774192,12,1993,4
1993-12-18,13.85,13.708387096774192,12,1993,5
1993-12-19,13.85,13.708387096774192,12,1993,6
1993-12-20,13.63,13.708387096774192,12,1993,0
1993-12-21,13.45,13.708387096774192,12,1993,1
1993-12-22,13.6,13.708387096774192,12,1993,2
1993-12-23,13.55,13.708387096774192,12,1993,3
1993-12-24,13.38,13.708387096774192,12,1993,4
1993-12-25,13.38,13.708387096774192,12,1993,5
1993-12-26,13.38,13.708387096774192,12,1993,6
1993-12-27,13.38,13.708387096774192,12,1993,0
1993-12-28,13.38,13.708387096774192,12,1993,1
1993-12-29,13.13,13.708387096774192,12,1993,2
1993-12-30,13.2,13.708387096774192,12,1993,3
1993-12-31,13.18,13.708387096774192,12,1993,4
1994-01-01,13.18,14.21258064516129,1,1994,5
1994-01-02,13.18,14.21258064516129,1,1994,6
1994-01-03,13.18,14.21258064516129,1,1994,0
1994-01-04,13.43,14.21258064516129,1,1994,1
1994-01-05,14.1,14.21258064516129,1,1994,2
1994-01-06,14.55,14.21258064516129,1,1994,3
1994-01-07,14.63,14.21258064516129,1,1994,4
1994-01-08,14.63,14.21258064516129,1,1994,5
1994-01-09,14.63,14.21258064516129,1,1994,6
1994-01-10,14.15,14.21258064516129,1,1994,0
1994-01-11,14.1,14.21258064516129,1,1994,1
1994-01-12,13.9,14.21258064516129,1,1994,2
1994-01-13,13.75,14.21258064516129,1,1994,3
1994-01-14,14.1,14.21258064516129,1,1994,4
1994-01-15,14.1,14.21258064516129,1,1994,5
1994-01-16,14.1,14.21258064516129,1,1994,6
1994-01-17,14.4,14.21258064516129,1,1994,0
1994-01-18,14.1,14.21258064516129,1,1994,1
1994-01-19,14.25,14.21258064516129,1,1994,2
1994-01-20,14.1,14.21258064516129,1,1994,3
1994-01-21,14.23,14.21258064516129,1,1994,4
1994-01-22,14.23,14.21258064516129,1,1994,5
1994-01-23,14.23,14.21258064516129,1,1994,6
1994-01-24,14.35,14.21258064516129,1,1994,0
1994-01-25,14.63,14.21258064516129,1,1994,1
1994-01-26,14.8,14.21258064516129,1,1994,2
1994-01-27,14.78,14.21258064516129,1,1994,3
1994-01-28,14.65,14.21258064516129,1,1994,4
1994-01-29,14.65,14.21258064516129,1,1994,5
1994-01-30,14.65,14.21258064516129,1,1994,6
1994-01-31,14.83,14.21258064516129,1,1994,0
1994-02-01,15.03,13.784285714285714,2,1994,1
1994-02-02,15.4,13.784285714285714,2,1994,2
1994-02-03,15.48,13.784285714285714,2,1994,3
1994-02-04,14.93,13.784285714285714,2,1994,4
1994-02-05,14.93,13.784285714285714,2,1994,5
1994-02-06,14.93,13.784285714285714,2,1994,6
1994-02-07,14.6,13.784285714285714,2,1994,0
1994-02-08,14.13,13.784285714285714,2,1994,1
1994-02-09,13.53,13.784285714285714,2,1994,2
1994-02-10,13.58,13.784285714285714,2,1994,3
1994-02-11,13.7,13.784285714285714,2,1994,4
1994-02-12,13.7,13.784285714285714,2,1994,5
1994-02-13,13.7,13.784285714285714,2,1994,6
1994-02-14,13.4,13.784285714285714,2,1994,0
1994-02-15,13.13,13.784285714285714,2,1994,1
1994-02-16,13.08,13.784285714285714,2,1994,2
1994-02-17,13.28,13.784285714285714,2,1994,3
1994-02-18,13.0,13.784285714285714,2,1994,4
1994-02-19,13.0,13.784285714285714,2,1994,5
1994-02-20,13.0,13.784285714285714,2,1994,6
1994-02-21,13.05,13.784285714285714,2,1994,0
1994-02-22,13.2,13.784285714285714,2,1994,1
1994-02-23,13.2,13.784285714285714,2,1994,2
1994-02-24,13.4,13.784285714285714,2,1994,3
1994-02-25,13.33,13.784285714285714,2,1994,4
1994-02-26,13.33,13.784285714285714,2,1994,5
1994-02-27,13.33,13.784285714285714,2,1994,6
1994-02-28,13.59,13.784285714285714,2,1994,0
1994-03-01,13.45,13.852903225806452,3,1994,1
1994-03-02,13.5,13.852903225806452,3,1994,2
1994-03-03,13.55,13.852903225806452,3,1994,3
1994-03-04,13.43,13.852903225806452,3,1994,4
1994-03-05,13.43,13.852903225806452,3,1994,5
1994-03-06,13.43,13.852903225806452,3,1994,6
1994-03-07,13.13,13.852903225806452,3,1994,0
1994-03-08,13.15,13.852903225806452,3,1994,1
1994-03-09,13.3,13.852903225806452,3,1994,2
1994-03-10,13.23,13.852903225806452,3,1994,3
1994-03-11,13.7,13.852903225806452,3,1994,4
1994-03-12,13.7,13.852903225806452,3,1994,5
1994-03-13,13.7,13.852903225806452,3,1994,6
1994-03-14,14.03,13.852903225806452,3,1994,0
1994-03-15,14.28,13.852903225806452,3,1994,1
1994-03-16,14.3,13.852903225806452,3,1994,2
1994-03-17,14.25,13.852903225806452,3,1994,3
1994-03-18,14.05,13.852903225806452,3,1994,4
1994-03-19,14.05,13.852903225806452,3,1994,5
1994-03-20,14.05,13.852903225806452,3,1994,6
1994-03-21,14.55,13.852903225806452,3,1994,0
1994-03-22,14.8,13.852903225806452,3,1994,1
1994-03-23,14.5,13.852903225806452,3,1994,2
1994-03-24,14.53,13.852903225806452,3,1994,3
1994-03-25,14.58,13.852903225806452,3,1994,4
1994-03-26,14.58,13.852903225806452,3,1994,5
1994-03-27,14.58,13.852903225806452,3,1994,6
1994-03-28,13.75,13.852903225806452,3,1994,0
1994-03-29,13.38,13.852903225806452,3,1994,1
1994-03-30,13.23,13.852903225806452,3,1994,2
1994-03-31,13.25,13.852903225806452,3,1994,3
1994-04-01,13.25,14.979000000000001,4,1994,4
1994-04-02,13.25,14.979000000000001,4,1994,5
1994-04-03,13.25,14.979000000000001,4,1994,6
1994-04-04,13.25,14.979000000000001,4,1994,0
1994-04-05,14.33,14.979000000000001,4,1994,1
1994-04-06,14.33,14.979000000000001,4,1994,2
1994-04-07,14.4,14.979000000000001,4,1994,3
1994-04-08,14.3,14.979000000000001,4,1994,4
1994-04-09,14.3,14.979000000000001,4,1994,5
1994-04-10,14.3,14.979000000000001,4,1994,6
1994-04-11,14.73,14.979000000000001,4,1994,0
1994-04-12,14.8,14.979000000000001,4,1994,1
1994-04-13,15.0,14.979000000000001,4,1994,2
1994-04-14,15.28,14.979000000000001,4,1994,3
1994-04-15,15.23,14.979000000000001,4,1994,4
1994-04-16,15.23,14.979000000000001,4,1994,5
1994-04-17,15.23,14.979000000000001,4,1994,6
1994-04-18,15.48,14.979000000000001,4,1994,0
1994-04-19,15.13,14.979000000000001,4,1994,1
1994-04-20,15.3,14.979000000000001,4,1994,2
1994-04-21,15.63,14.979000000000001,4,1994,3
1994-04-22,16.28,14.979000000000001,4,1994,4
1994-04-23,16.28,14.979000000000001,4,1994,5
1994-04-24,16.28,14.979000000000001,4,1994,6
1994-04-25,16.38,14.979000000000001,4,1994,0
1994-04-26,16.05,14.979000000000001,4,1994,1
1994-04-27,15.75,14.979000000000001,4,1994,2
1994-04-28,15.65,14.979000000000001,4,1994,3
1994-04-29,15.35,14.979000000000001,4,1994,4
1994-04-30,15.35,14.979000000000001,4,1994,5
1994-05-01,15.35,16.15032258064516,5,1994,6
1994-05-02,15.35,16.15032258064516,5,1994,0
1994-05-03,15.93,16.15032258064516,5,1994,1
1994-05-04,15.95,16.15032258064516,5,1994,2
1994-05-05,15.85,16.15032258064516,5,1994,3
1994-05-06,16.25,16.15032258064516,5,1994,4
1994-05-07,16.25,16.15032258064516,5,1994,5
1994-05-08,16.25,16.15032258064516,5,1994,6
1994-05-09,16.33,16.15032258064516,5,1994,0
1994-05-10,16.25,16.15032258064516,5,1994,1
1994-05-11,16.1,16.15032258064516,5,1994,2
1994-05-12,16.25,16.15032258064516,5,1994,3
1994-05-13,16.5,16.15032258064516,5,1994,4
1994-05-14,16.5,16.15032258064516,5,1994,5
1994-05-15,16.5,16.15032258064516,5,1994,6
1994-05-16,16.23,16.15032258064516,5,1994,0
1994-05-17,15.83,16.15032258064516,5,1994,1
1994-05-18,15.98,16.15032258064516,5,1994,2
1994-05-19,16.15,16.15032258064516,5,1994,3
1994-05-20,16.23,16.15032258064516,5,1994,4
1994-05-21,16.23,16.15032258064516,5,1994,5
1994-05-22,16.23,16.15032258064516,5,1994,6
1994-05-23,16.63,16.15032258064516,5,1994,0
1994-05-24,16.63,16.15032258064516,5,1994,1
1994-05-25,16.33,16.15032258064516,5,1994,2
1994-05-26,16.08,16.15032258064516,5,1994,3
1994-05-27,16.08,16.15032258064516,5,1994,4
1994-05-28,16.08,16.15032258064516,5,1994,5
1994-05-29,16.08,16.15032258064516,5,1994,6
1994-05-30,16.08,16.15032258064516,5,1994,0
1994-05-31,16.18,16.15032258064516,5,1994,1
1994-06-01,16.4,16.762333333333334,6,1994,2
1994-06-02,16.35,16.762333333333334,6,1994,3
1994-06-03,16.13,16.762333333333334,6,1994,4
1994-06-04,16.13,16.762333333333334,6,1994,5
1994-06-05,16.13,16.762333333333334,6,1994,6
1994-06-06,16.18,16.762333333333334,6,1994,0
1994-06-07,15.95,16.762333333333334,6,1994,1
1994-06-08,15.65,16.762333333333334,6,1994,2
1994-06-09,16.13,16.762333333333334,6,1994,3
1994-06-10,16.38,16.762333333333334,6,1994,4
1994-06-11,16.38,16.762333333333334,6,1994,5
1994-06-12,16.38,16.762333333333334,6,1994,6
1994-06-13,16.23,16.762333333333334,6,1994,0
1994-06-14,16.4,16.762333333333334,6,1994,1
1994-06-15,16.73,16.762333333333334,6,1994,2
1994-06-16,16.88,16.762333333333334,6,1994,3
1994-06-17,17.13,16.762333333333334,6,1994,4
1994-06-18,17.13,16.762333333333334,6,1994,5
1994-06-19,17.13,16.762333333333334,6,1994,6
1994-06-20,17.38,16.762333333333334,6,1994,0
1994-06-21,17.63,16.762333333333334,6,1994,1
1994-06-22,17.48,16.762333333333334,6,1994,2
1994-06-23,17.3,16.762333333333334,6,1994,3
1994-06-24,17.4,16.762333333333334,6,1994,4
1994-06-25,17.4,16.762333333333334,6,1994,5
1994-06-26,17.4,16.762333333333334,6,1994,6
1994-06-27,17.4,16.762333333333334,6,1994,0
1994-06-28,16.98,16.762333333333334,6,1994,1
1994-06-29,17.23,16.762333333333334,6,1994,2
1994-06-30,17.45,16.762333333333334,6,1994,3
1994-07-01,17.65,17.655161290322578,7,1994,4
1994-07-02,17.65,17.655161290322578,7,1994,5
1994-07-03,17.65,17.655161290322578,7,1994,6
1994-07-04,17.5,17.655161290322578,7,1994,0
1994-07-05,17.13,17.655161290322578,7,1994,1
1994-07-06,16.9,17.655161290322578,7,1994,2
1994-07-07,16.78,17.655161290322578,7,1994,3
1994-07-08,17.0,17.655161290322578,7,1994,4
1994-07-09,17.0,17.655161290322578,7,1994,5
1994-07-10,17.0,17.655161290322578,7,1994,6
1994-07-11,17.48,17.655161290322578,7,1994,0
1994-07-12,18.25,17.655161290322578,7,1994,1
1994-07-13,18.25,17.655161290322578,7,1994,2
1994-07-14,18.33,17.655161290322578,7,1994,3
1994-07-15,18.15,17.655161290322578,7,1994,4
1994-07-16,18.15,17.655161290322578,7,1994,5
1994-07-17,18.15,17.655161290322578,7,1994,6
1994-07-18,17.5,17.655161290322578,7,1994,0
1994-07-19,17.2,17.655161290322578,7,1994,1
1994-07-20,17.35,17.655161290322578,7,1994,2
1994-07-21,17.45,17.655161290322578,7,1994,3
1994-07-22,17.58,17.655161290322578,7,1994,4
1994-07-23,17.58,17.655161290322578,7,1994,5
1994-07-24,17.58,17.655161290322578,7,1994,6
1994-07-25,17.35,17.655161290322578,7,1994,0
1994-07-26,17.43,17.655161290322578,7,1994,1
1994-07-27,17.83,17.655161290322578,7,1994,2
1994-07-28,18.0,17.655161290322578,7,1994,3
1994-07-29,18.48,17.655161290322578,7,1994,4
1994-07-30,18.48,17.655161290322578,7,1994,5
1994-07-31,18.48,17.655161290322578,7,1994,6
1994-08-01,19.03,16.813225806451616,8,1994,0
1994-08-02,18.48,16.813225806451616,8,1994,1
1994-08-03,18.48,16.813225806451616,8,1994,2
1994-08-04,18.43,16.813225806451616,8,1994,3
1994-08-05,17.78,16.813225806451616,8,1994,4
1994-08-06,17.78,16.813225806451616,8,1994,5
1994-08-07,17.78,16.813225806451616,8,1994,6
1994-08-08,17.93,16.813225806451616,8,1994,0
1994-08-09,17.68,16.813225806451616,8,1994,1
1994-08-10,17.33,16.813225806451616,8,1994,2
1994-08-11,17.5,16.813225806451616,8,1994,3
1994-08-12,17.1,16.813225806451616,8,1994,4
1994-08-13,17.1,16.813225806451616,8,1994,5
1994-08-14,17.1,16.813225806451616,8,1994,6
1994-08-15,16.75,16.813225806451616,8,1994,0
1994-08-16,16.68,16.813225806451616,8,1994,1
1994-08-17,16.28,16.813225806451616,8,1994,2
1994-08-18,16.3,16.813225806451616,8,1994,3
1994-08-19,16.13,16.813225806451616,8,1994,4
1994-08-20,16.13,16.813225806451616,8,1994,5
1994-08-21,16.13,16.813225806451616,8,1994,6
1994-08-22,15.25,16.813225806451616,8,1994,0
1994-08-23,15.3,16.813225806451616,8,1994,1
1994-08-24,15.8,16.813225806451616,8,1994,2
1994-08-25,15.75,16.813225806451616,8,1994,3
1994-08-26,15.85,16.813225806451616,8,1994,4
1994-08-27,15.85,16.813225806451616,8,1994,5
1994-08-28,15.85,16.813225806451616,8,1994,6
1994-08-29,15.85,16.813225806451616,8,1994,0
1994-08-30,15.78,16.813225806451616,8,1994,1
1994-08-31,16.03,16.813225806451616,8,1994,2
1994-09-01,16.03,15.883666666666667,9,1994,3
1994-09-02,15.88,15.883666666666667,9,1994,4
1994-09-03,15.88,15.883666666666667,9,1994,5
1994-09-04,15.88,15.883666666666667,9,1994,6
1994-09-05,15.6,15.883666666666667,9,1994,0
1994-09-06,15.95,15.883666666666667,9,1994,1
1994-09-07,16.03,15.883666666666667,9,1994,2
1994-09-08,16.05,15.883666666666667,9,1994,3
1994-09-09,15.93,15.883666666666667,9,1994,4
1994-09-10,15.93,15.883666666666667,9,1994,5
1994-09-11,15.93,15.883666666666667,9,1994,6
1994-09-12,15.83,15.883666666666667,9,1994,0
1994-09-13,15.48,15.883666666666667,9,1994,1
1994-09-14,15.4,15.883666666666667,9,1994,2
1994-09-15,15.25,15.883666666666667,9,1994,3
1994-09-16,15.3,15.883666666666667,9,1994,4
1994-09-17,15.3,15.883666666666667,9,1994,5
1994-09-18,15.3,15.883666666666667,9,1994,6
1994-09-19,15.45,15.883666666666667,9,1994,0
1994-09-20,15.78,15.883666666666667,9,1994,1
1994-09-21,15.8,15.883666666666667,9,1994,2
1994-09-22,15.9,15.883666666666667,9,1994,3
1994-09-23,16.3,15.883666666666667,9,1994,4
1994-09-24,16.3,15.883666666666667,9,1994,5
1994-09-25,16.3,15.883666666666667,9,1994,6
1994-09-26,16.1,15.883666666666667,9,1994,0
1994-09-27,16.1,15.883666666666667,9,1994,1
1994-09-28,16.2,15.883666666666667,9,1994,2
1994-09-29,16.6,15.883666666666667,9,1994,3
1994-09-30,16.73,15.883666666666667,9,1994,4
1994-10-01,16.73,16.510967741935485,10,1994,5
1994-10-02,16.73,16.510967741935485,10,1994,6
1994-10-03,16.85,16.510967741935485,10,1994,0
1994-10-04,16.7,16.510967741935485,10,1994,1
1994-10-05,16.5,16.510967741935485,10,1994,2
1994-10-06,16.63,16.510967741935485,10,1994,3
1994-10-07,16.93,16.510967741935485,10,1994,4
1994-10-08,16.93,16.510967741935485,10,1994,5
1994-10-09,16.93,16.510967741935485,10,1994,6
1994-10-10,16.7,16.510967741935485,10,1994,0
1994-10-11,16.38,16.510967741935485,10,1994,1
1994-10-12,16.08,16.510967741935485,10,1994,2
1994-10-13,15.63,16.510967741935485,10,1994,3
1994-10-14,15.58,16.510967741935485,10,1994,4
1994-10-15,15.58,16.510967741935485,10,1994,5
1994-10-16,15.58,16.510967741935485,10,1994,6
1994-10-17,15.75,16.510967741935485,10,1994,0
1994-10-18,16.13,16.510967741935485,10,1994,1
1994-10-19,16.28,16.510967741935485,10,1994,2
1994-10-20,16.53,16.510967741935485,10,1994,3
1994-10-21,16.35,16.510967741935485,10,1994,4
1994-10-22,16.35,16.510967741935485,10,1994,5
1994-10-23,16.35,16.510967741935485,10,1994,6
1994-10-24,16.48,16.510967741935485,10,1994,0
1994-10-25,16.48,16.510967741935485,10,1994,1
1994-10-26,16.88,16.510967741935485,10,1994,2
1994-10-27,17.08,16.510967741935485,10,1994,3
1994-10-28,17.18,16.510967741935485,10,1994,4
1994-10-29,17.18,16.510967741935485,10,1994,5
1994-10-30,17.18,16.510967741935485,10,1994,6
1994-10-31,17.18,16.510967741935485,10,1994,0
1994-11-01,17.4,17.195666666666668,11,1994,1
1994-11-02,17.58,17.195666666666668,11,1994,2
1994-11-03,17.75,17.195666666666668,11,1994,3
1994-11-04,18.0,17.195666666666668,11,1994,4
1994-11-05,18.0,17.195666666666668,11,1994,5
1994-11-06,18.0,17.195666666666668,11,1994,6
1994-11-07,17.78,17.195666666666668,11,1994,0
1994-11-08,17.38,17.195666666666668,11,1994,1
1994-11-09,17.55,17.195666666666668,11,1994,2
1994-11-10,17.2,17.195666666666668,11,1994,3
1994-11-11,17.38,17.195666666666668,11,1994,4
1994-11-12,17.38,17.195666666666668,11,1994,5
1994-11-13,17.38,17.195666666666668,11,1994,6
1994-11-14,17.25,17.195666666666668,11,1994,0
1994-11-15,16.98,17.195666666666668,11,1994,1
1994-11-16,16.8,17.195666666666668,11,1994,2
1994-11-17,16.53,17.195666666666668,11,1994,3
1994-11-18,16.45,17.195666666666668,11,1994,4
1994-11-19,16.45,17.195666666666668,11,1994,5
1994-11-20,16.45,17.195666666666668,11,1994,6
1994-11-21,17.25,17.195666666666668,11,1994,0
1994-11-22,17.2,17.195666666666668,11,1994,1
1994-11-23,16.88,17.195666666666668,11,1994,2
1994-11-24,16.95,17.195666666666668,11,1994,3
1994-11-25,17.0,17.195666666666668,11,1994,4
1994-11-26,17.0,17.195666666666668,11,1994,5
1994-11-27,17.0,17.195666666666668,11,1994,6
1994-11-28,16.95,17.195666666666668,11,1994,0
1994-11-29,17.0,17.195666666666668,11,1994,1
1994-11-30,16.95,17.195666666666668,11,1994,2
1994-12-01,16.98,15.899677419354838,12,1994,3
1994-12-02,16.35,15.899677419354838,12,1994,4
1994-12-03,16.35,15.899677419354838,12,1994,5
1994-12-04,16.35,15.899677419354838,12,1994,6
1994-12-05,15.93,15.899677419354838,12,1994,0
1994-12-06,16.05,15.899677419354838,12,1994,1
1994-12-07,15.83,15.899677419354838,12,1994,2
1994-12-08,16.13,15.899677419354838,12,1994,3
1994-12-09,16.08,15.899677419354838,12,1994,4
1994-12-10,16.08,15.899677419354838,12,1994,5
1994-12-11,16.08,15.899677419354838,12,1994,6
1994-12-12,15.98,15.899677419354838,12,1994,0
1994-12-13,15.73,15.899677419354838,12,1994,1
1994-12-14,15.83,15.899677419354838,12,1994,2
1994-12-15,15.6,15.899677419354838,12,1994,3
1994-12-16,15.48,15.899677419354838,12,1994,4
1994-12-17,15.48,15.899677419354838,12,1994,5
1994-12-18,15.48,15.899677419354838,12,1994,6
1994-12-19,15.58,15.899677419354838,12,1994,0
1994-12-20,15.73,15.899677419354838,12,1994,1
1994-12-21,15.65,15.899677419354838,12,1994,2
1994-12-22,15.6,15.899677419354838,12,1994,3
1994-12-23,15.55,15.899677419354838,12,1994,4
1994-12-24,15.55,15.899677419354838,12,1994,5
1994-12-25,15.55,15.899677419354838,12,1994,6
1994-12-26,15.55,15.899677419354838,12,1994,0
1994-12-27,15.55,15.899677419354838,12,1994,1
1994-12-28,16.08,15.899677419354838,12,1994,2
1994-12-29,16.25,15.899677419354838,12,1994,3
1994-12-30,16.23,15.899677419354838,12,1994,4
1994-12-31,16.23,15.899677419354838,12,1994,5
1995-01-01,16.23,16.52806451612903,1,1995,6
1995-01-02,16.23,16.52806451612903,1,1995,0
1995-01-03,15.88,16.52806451612903,1,1995,1
1995-01-04,15.93,16.52806451612903,1,1995,2
1995-01-05,16.13,16.52806451612903,1,1995,3
1995-01-06,16.35,16.52806451612903,1,1995,4
1995-01-07,16.35,16.52806451612903,1,1995,5
1995-01-08,16.35,16.52806451612903,1,1995,6
1995-01-09,16.08,16.52806451612903,1,1995,0
1995-01-10,16.0,16.52806451612903,1,1995,1
1995-01-11,16.4,16.52806451612903,1,1995,2
1995-01-12,16.48,16.52806451612903,1,1995,3
1995-01-13,16.2,16.52806451612903,1,1995,4
1995-01-14,16.2,16.52806451612903,1,1995,5
1995-01-15,16.2,16.52806451612903,1,1995,6
1995-01-16,16.38,16.52806451612903,1,1995,0
1995-01-17,16.78,16.52806451612903,1,1995,1
1995-01-18,16.95,16.52806451612903,1,1995,2
1995-01-19,17.08,16.52806451612903,1,1995,3
1995-01-20,17.23,16.52806451612903,1,1995,4
1995-01-21,17.23,16.52806451612903,1,1995,5
1995-01-22,17.23,16.52806451612903,1,1995,6
1995-01-23,17.0,16.52806451612903,1,1995,0
1995-01-24,17.15,16.52806451612903,1,1995,1
1995-01-25,16.98,16.52806451612903,1,1995,2
1995-01-26,16.73,16.52806451612903,1,1995,3
1995-01-27,16.38,16.52806451612903,1,1995,4
1995-01-28,16.38,16.52806451612903,1,1995,5
1995-01-29,16.38,16.52806451612903,1,1995,6
1995-01-30,16.68,16.52806451612903,1,1995,0
1995-01-31,16.8,16.52806451612903,1,1995,1
1995-02-01,17.05,17.135357142857142,2,1995,2
1995-02-02,17.0,17.135357142857142,2,1995,3
1995-02-03,17.4,17.135357142857142,2,1995,4
1995-02-04,17.4,17.135357142857142,2,1995,5
1995-02-05,17.4,17.135357142857142,2,1995,6
1995-02-06,17.08,17.135357142857142,2,1995,0
1995-02-07,17.05,17.135357142857142,2,1995,1
1995-02-08,17.03,17.135357142857142,2,1995,2
1995-02-09,16.85,17.135357142857142,2,1995,3
1995-02-10,16.85,17.135357142857142,2,1995,4
1995-02-11,16.85,17.135357142857142,2,1995,5
1995-02-12,16.85,17.135357142857142,2,1995,6
1995-02-13,16.88,17.135357142857142,2,1995,0
1995-02-14,17.0,17.135357142857142,2,1995,1
1995-02-15,17.1,17.135357142857142,2,1995,2
1995-02-16,17.13,17.135357142857142,2,1995,3
1995-02-17,17.4,17.135357142857142,2,1995,4
1995-02-18,17.4,17.135357142857142,2,1995,5
1995-02-19,17.4,17.135357142857142,2,1995,6
1995-02-20,17.43,17.135357142857142,2,1995,0
1995-02-21,17.18,17.135357142857142,2,1995,1
1995-02-22,17.08,17.135357142857142,2,1995,2
1995-02-23,17.1,17.135357142857142,2,1995,3
1995-02-24,17.1,17.135357142857142,2,1995,4
1995-02-25,17.1,17.135357142857142,2,1995,5
1995-02-26,17.1,17.135357142857142,2,1995,6
1995-02-27,17.35,17.135357142857142,2,1995,0
1995-02-28,17.23,17.135357142857142,2,1995,1
1995-03-01,16.85,16.96483870967742,3,1995,2
1995-03-02,16.55,16.96483870967742,3,1995,3
1995-03-03,16.68,16.96483870967742,3,1995,4
1995-03-04,16.68,16.96483870967742,3,1995,5
1995-03-05,16.68,16.96483870967742,3,1995,6
1995-03-06,16.75,16.96483870967742,3,1995,0
1995-03-07,16.85,16.96483870967742,3,1995,1
1995-03-08,16.73,16.96483870967742,3,1995,2
1995-03-09,16.65,16.96483870967742,3,1995,3
1995-03-10,16.5,16.96483870967742,3,1995,4
1995-03-11,16.5,16.96483870967742,3,1995,5
1995-03-12,16.5,16.96483870967742,3,1995,6
1995-03-13,16.3,16.96483870967742,3,1995,0
1995-03-14,16.33,16.96483870967742,3,1995,1
1995-03-15,16.38,16.96483870967742,3,1995,2
1995-03-16,16.5,16.96483870967742,3,1995,3
1995-03-17,16.55,16.96483870967742,3,1995,4
1995-03-18,16.55,16.96483870967742,3,1995,5
1995-03-19,16.55,16.96483870967742,3,1995,6
1995-03-20,16.83,16.96483870967742,3,1995,0
1995-03-21,16.8,16.96483870967742,3,1995,1
1995-03-22,17.08,16.96483870967742,3,1995,2
1995-03-23,17.48,16.96483870967742,3,1995,3
1995-03-24,17.65,16.96483870967742,3,1995,4
1995-03-25,17.65,16.96483870967742,3,1995,5
1995-03-26,17.65,16.96483870967742,3,1995,6
1995-03-27,17.83,16.96483870967742,3,1995,0
1995-03-28,17.85,16.96483870967742,3,1995,1
1995-03-29,18.05,16.96483870967742,3,1995,2
1995-03-30,17.98,16.96483870967742,3,1995,3
1995-03-31,17.98,16.96483870967742,3,1995,4
1995-04-01,17.98,18.559,4,1995,5
1995-04-02,17.98,18.559,4,1995,6
1995-04-03,17.88,18.559,4,1995,0
1995-04-04,18.03,18.559,4,1995,1
1995-04-05,18.35,18.559,4,1995,2
1995-04-06,18.5,18.559,4,1995,3
1995-04-07,18.45,18.559,4,1995,4
1995-04-08,18.45,18.559,4,1995,5
1995-04-09,18.45,18.559,4,1995,6
1995-04-10,18.15,18.559,4,1995,0
1995-04-11,18.63,18.559,4,1995,1
1995-04-12,18.73,18.559,4,1995,2
1995-04-13,17.98,18.559,4,1995,3
1995-04-14,17.98,18.559,4,1995,4
1995-04-15,17.98,18.559,4,1995,5
1995-04-16,17.98,18.559,4,1995,6
1995-04-17,17.98,18.559,4,1995,0
1995-04-18,18.55,18.559,4,1995,1
1995-04-19,18.73,18.559,4,1995,2
1995-04-20,19.15,18.559,4,1995,3
1995-04-21,19.18,18.559,4,1995,4
1995-04-22,19.18,18.559,4,1995,5
1995-04-23,19.18,18.559,4,1995,6
1995-04-24,19.05,18.559,4,1995,0
1995-04-25,19.35,18.559,4,1995,1
1995-04-26,18.9,18.559,4,1995,2
1995-04-27,19.08,18.559,4,1995,3
1995-04-28,18.98,18.559,4,1995,4
1995-04-29,18.98,18.559,4,1995,5
1995-04-30,18.98,18.559,4,1995,6
1995-05-01,19.38,18.32709677419355,5,1995,0
1995-05-02,18.83,18.32709677419355,5,1995,1
1995-05-03,18.33,18.32709677419355,5,1995,2
1995-05-04,18.68,18.32709677419355,5,1995,3
1995-05-05,18.85,18.32709677419355,5,1995,4
1995-05-06,18.85,18.32709677419355,5,1995,5
1995-05-07,18.85,18.32709677419355,5,1995,6
1995-05-08,18.78,18.32709677419355,5,1995,0
1995-05-09,18.12,18.32709677419355,5,1995,1
1995-05-10,18.1,18.32709677419355,5,1995,2
1995-05-11,18.08,18.32709677419355,5,1995,3
1995-05-12,18.23,18.32709677419355,5,1995,4
1995-05-13,18.23,18.32709677419355,5,1995,5
1995-05-14,18.23,18.32709677419355,5,1995,6
1995-05-15,18.43,18.32709677419355,5,1995,0
1995-05-16,18.53,18.32709677419355,5,1995,1
1995-05-17,18.5,18.32709677419355,5,1995,2
1995-05-18,18.23,18.32709677419355,5,1995,3
1995-05-19,18.43,18.32709677419355,5,1995,4
1995-05-20,18.43,18.32709677419355,5,1995,5
1995-05-21,18.43,18.32709677419355,5,1995,6
1995-05-22,18.38,18.32709677419355,5,1995,0
1995-05-23,18.48,18.32709677419355,5,1995,1
1995-05-24,18.55,18.32709677419355,5,1995,2
1995-05-25,18.0,18.32709677419355,5,1995,3
1995-05-26,17.8,18.32709677419355,5,1995,4
1995-05-27,17.8,18.32709677419355,5,1995,5
1995-05-28,17.8,18.32709677419355,5,1995,6
1995-05-29,17.8,18.32709677419355,5,1995,0
1995-05-30,17.43,18.32709677419355,5,1995,1
1995-05-31,17.58,18.32709677419355,5,1995,2
1995-06-01,17.7,17.34466666666667,6,1995,3
1995-06-02,17.9,17.34466666666667,6,1995,4
1995-06-03,17.9,17.34466666666667,6,1995,5
1995-06-04,17.9,17.34466666666667,6,1995,6
1995-06-05,18.23,17.34466666666667,6,1995,0
1995-06-06,17.95,17.34466666666667,6,1995,1
1995-06-07,18.13,17.34466666666667,6,1995,2
1995-06-08,17.93,17.34466666666667,6,1995,3
1995-06-09,17.68,17.34466666666667,6,1995,4
1995-06-10,17.68,17.34466666666667,6,1995,5
1995-06-11,17.68,17.34466666666667,6,1995,6
1995-06-12,17.63,17.34466666666667,6,1995,0
1995-06-13,17.83,17.34466666666667,6,1995,1
1995-06-14,17.63,17.34466666666667,6,1995,2
1995-06-15,17.95,17.34466666666667,6,1995,3
1995-06-16,17.75,17.34466666666667,6,1995,4
1995-06-17,17.75,17.34466666666667,6,1995,5
1995-06-18,17.75,17.34466666666667,6,1995,6
1995-06-19,16.93,17.34466666666667,6,1995,0
1995-06-20,16.98,17.34466666666667,6,1995,1
1995-06-21,16.5,17.34466666666667,6,1995,2
1995-06-22,16.55,17.34466666666667,6,1995,3
1995-06-23,16.4,17.34466666666667,6,1995,4
1995-06-24,16.4,17.34466666666667,6,1995,5
1995-06-25,16.4,17.34466666666667,6,1995,6
1995-06-26,16.55,17.34466666666667,6,1995,0
1995-06-27,16.63,17.34466666666667,6,1995,1
1995-06-28,16.95,17.34466666666667,6,1995,2
1995-06-29,16.5,17.34466666666667,6,1995,3
1995-06-30,16.58,17.34466666666667,6,1995,4
1995-07-01,16.58,15.885806451612902,7,1995,5
1995-07-02,16.58,15.885806451612902,7,1995,6
1995-07-03,16.35,15.885806451612902,7,1995,0
1995-07-04,15.93,15.885806451612902,7,1995,1
1995-07-05,16.0,15.885806451612902,7,1995,2
1995-07-06,16.15,15.885806451612902,7,1995,3
1995-07-07,16.1,15.885806451612902,7,1995,4
1995-07-08,16.1,15.885806451612902,7,1995,5
1995-07-09,16.1,15.885806451612902,7,1995,6
1995-07-10,15.88,15.885806451612902,7,1995,0
1995-07-11,15.93,15.885806451612902,7,1995,1
1995-07-12,16.03,15.885806451612902,7,1995,2
1995-07-13,15.98,15.885806451612902,7,1995,3
1995-07-14,15.8,15.885806451612902,7,1995,4
1995-07-15,15.8,15.885806451612902,7,1995,5
1995-07-16,15.8,15.885806451612902,7,1995,6
1995-07-17,15.73,15.885806451612902,7,1995,0
1995-07-18,15.68,15.885806451612902,7,1995,1
1995-07-19,15.8,15.885806451612902,7,1995,2
1995-07-20,15.68,15.885806451612902,7,1995,3
1995-07-21,15.35,15.885806451612902,7,1995,4
1995-07-22,15.35,15.885806451612902,7,1995,5
1995-07-23,15.35,15.885806451612902,7,1995,6
1995-07-24,15.38,15.885806451612902,7,1995,0
1995-07-25,15.48,15.885806451612902,7,1995,1
1995-07-26,16.0,15.885806451612902,7,1995,2
1995-07-27,15.98,15.885806451612902,7,1995,3
1995-07-28,15.93,15.885806451612902,7,1995,4
1995-07-29,15.93,15.885806451612902,7,1995,5
1995-07-30,15.93,15.885806451612902,7,1995,6
1995-07-31,15.78,15.885806451612902,7,1995,0
1995-08-01,16.1,16.10483870967742,8,1995,1
1995-08-02,16.13,16.10483870967742,8,1995,2
1995-08-03,15.99,16.10483870967742,8,1995,3
1995-08-04,16.08,16.10483870967742,8,1995,4
1995-08-05,16.08,16.10483870967742,8,1995,5
1995-08-06,16.08,16.10483870967742,8,1995,6
1995-08-07,15.9,16.10483870967742,8,1995,0
1995-08-08,16.0,16.10483870967742,8,1995,1
1995-08-09,16.13,16.10483870967742,8,1995,2
1995-08-10,16.08,16.10483870967742,8,1995,3
1995-08-11,16.23,16.10483870967742,8,1995,4
1995-08-12,16.23,16.10483870967742,8,1995,5
1995-08-13,16.23,16.10483870967742,8,1995,6
1995-08-14,15.93,16.10483870967742,8,1995,0
1995-08-15,15.85,16.10483870967742,8,1995,1
1995-08-16,15.78,16.10483870967742,8,1995,2
1995-08-17,15.85,16.10483870967742,8,1995,3
1995-08-18,16.03,16.10483870967742,8,1995,4
1995-08-19,16.03,16.10483870967742,8,1995,5
1995-08-20,16.03,16.10483870967742,8,1995,6
1995-08-21,16.25,16.10483870967742,8,1995,0
1995-08-22,16.23,16.10483870967742,8,1995,1
1995-08-23,16.5,16.10483870967742,8,1995,2
1995-08-24,16.3,16.10483870967742,8,1995,3
1995-08-25,16.15,16.10483870967742,8,1995,4
1995-08-26,16.15,16.10483870967742,8,1995,5
1995-08-27,16.15,16.10483870967742,8,1995,6
1995-08-28,16.15,16.10483870967742,8,1995,0
1995-08-29,16.23,16.10483870967742,8,1995,1
1995-08-30,16.18,16.10483870967742,8,1995,2
1995-08-31,16.2,16.10483870967742,8,1995,3
1995-09-01,16.25,16.692999999999998,9,1995,4
1995-09-02,16.25,16.692999999999998,9,1995,5
1995-09-03,16.25,16.692999999999998,9,1995,6
1995-09-04,16.62,16.692999999999998,9,1995,0
1995-09-05,16.68,16.692999999999998,9,1995,1
1995-09-06,16.63,16.692999999999998,9,1995,2
1995-09-07,16.6,16.692999999999998,9,1995,3
1995-09-08,16.93,16.692999999999998,9,1995,4
1995-09-09,16.93,16.692999999999998,9,1995,5
1995-09-10,16.93,16.692999999999998,9,1995,6
1995-09-11,16.75,16.692999999999998,9,1995,0
1995-09-12,16.9,16.692999999999998,9,1995,1
1995-09-13,16.85,16.692999999999998,9,1995,2
1995-09-14,17.0,16.692999999999998,9,1995,3
1995-09-15,17.18,16.692999999999998,9,1995,4
1995-09-16,17.18,16.692999999999998,9,1995,5
1995-09-17,17.18,16.692999999999998,9,1995,6
1995-09-18,17.23,16.692999999999998,9,1995,0
1995-09-19,17.23,16.692999999999998,9,1995,1
1995-09-20,17.0,16.692999999999998,9,1995,2
1995-09-21,16.6,16.692999999999998,9,1995,3
1995-09-22,16.4,16.692999999999998,9,1995,4
1995-09-23,16.4,16.692999999999998,9,1995,5
1995-09-24,16.4,16.692999999999998,9,1995,6
1995-09-25,16.18,16.692999999999998,9,1995,0
1995-09-26,16.15,16.692999999999998,9,1995,1
1995-09-27,16.28,16.692999999999998,9,1995,2
1995-09-28,16.65,16.692999999999998,9,1995,3
1995-09-29,16.58,16.692999999999998,9,1995,4
1995-09-30,16.58,16.692999999999998,9,1995,5
1995-10-01,16.58,16.08967741935484,10,1995,6
1995-10-02,16.55,16.08967741935484,10,1995,0
1995-10-03,16.58,16.08967741935484,10,1995,1
1995-10-04,16.4,16.08967741935484,10,1995,2
1995-10-05,15.85,16.08967741935484,10,1995,3
1995-10-06,15.75,16.08967741935484,10,1995,4
1995-10-07,15.75,16.08967741935484,10,1995,5
1995-10-08,15.75,16.08967741935484,10,1995,6
1995-10-09,16.0,16.08967741935484,10,1995,0
1995-10-10,15.95,16.08967741935484,10,1995,1
1995-10-11,16.05,16.08967741935484,10,1995,2
1995-10-12,15.9,16.08967741935484,10,1995,3
1995-10-13,15.98,16.08967741935484,10,1995,4
1995-10-14,15.98,16.08967741935484,10,1995,5
1995-10-15,15.98,16.08967741935484,10,1995,6
1995-10-16,16.15,16.08967741935484,10,1995,0
1995-10-17,16.03,16.08967741935484,10,1995,1
1995-10-18,15.98,16.08967741935484,10,1995,2
1995-10-19,15.85,16.08967741935484,10,1995,3
1995-10-20,15.8,16.08967741935484,10,1995,4
1995-10-21,15.8,16.08967741935484,10,1995,5
1995-10-22,15.8,16.08967741935484,10,1995,6
1995-10-23,15.88,16.08967741935484,10,1995,0
1995-10-24,16.08,16.08967741935484,10,1995,1
1995-10-25,15.98,16.08967741935484,10,1995,2
1995-10-26,16.3,16.08967741935484,10,1995,3
1995-10-27,16.35,16.08967741935484,10,1995,4
1995-10-28,16.35,16.08967741935484,10,1995,5
1995-10-29,16.35,16.08967741935484,10,1995,6
1995-10-30,16.45,16.08967741935484,10,1995,0
1995-10-31,16.58,16.08967741935484,10,1995,1
1995-11-01,16.53,16.875999999999998,11,1995,2
1995-11-02,16.83,16.875999999999998,11,1995,3
1995-11-03,16.88,16.875999999999998,11,1995,4
1995-11-04,16.88,16.875999999999998,11,1995,5
1995-11-05,16.88,16.875999999999998,11,1995,6
1995-11-06,16.78,16.875999999999998,11,1995,0
1995-11-07,16.7,16.875999999999998,11,1995,1
1995-11-08,16.75,16.875999999999998,11,1995,2
1995-11-09,16.9,16.875999999999998,11,1995,3
1995-11-10,16.83,16.875999999999998,11,1995,4
1995-11-11,16.83,16.875999999999998,11,1995,5
1995-11-12,16.83,16.875999999999998,11,1995,6
1995-11-13,16.63,16.875999999999998,11,1995,0
1995-11-14,16.58,16.875999999999998,11,1995,1
1995-11-15,16.73,16.875999999999998,11,1995,2
1995-11-16,16.78,16.875999999999998,11,1995,3
1995-11-17,17.03,16.875999999999998,11,1995,4
1995-11-18,17.03,16.875999999999998,11,1995,5
1995-11-19,17.03,16.875999999999998,11,1995,6
1995-11-20,16.8,16.875999999999998,11,1995,0
1995-11-21,16.6,16.875999999999998,11,1995,1
1995-11-22,16.9,16.875999999999998,11,1995,2
1995-11-23,16.88,16.875999999999998,11,1995,3
1995-11-24,16.93,16.875999999999998,11,1995,4
1995-11-25,16.93,16.875999999999998,11,1995,5
1995-11-26,16.93,16.875999999999998,11,1995,6
1995-11-27,17.2,16.875999999999998,11,1995,0
1995-11-28,17.25,16.875999999999998,11,1995,1
1995-11-29,17.3,16.875999999999998,11,1995,2
1995-11-30,17.13,16.875999999999998,11,1995,3
1995-12-01,17.18,17.958709677419357,12,1995,4
1995-12-02,17.18,17.958709677419357,12,1995,5
1995-12-03,17.18,17.958709677419357,12,1995,6
1995-12-04,17.35,17.958709677419357,12,1995,0
1995-12-05,17.53,17.958709677419357,12,1995,1
1995-12-06,17.55,17.958709677419357,12,1995,2
1995-12-07,17.48,17.958709677419357,12,1995,3
1995-12-08,17.73,17.958709677419357,12,1995,4
1995-12-09,17.73,17.958709677419357,12,1995,5
1995-12-10,17.73,17.958709677419357,12,1995,6
1995-12-11,17.68,17.958709677419357,12,1995,0
1995-12-12,17.48,17.958709677419357,12,1995,1
1995-12-13,17.7,17.958709677419357,12,1995,2
1995-12-14,17.9,17.958709677419357,12,1995,3
1995-12-15,18.15,17.958709677419357,12,1995,4
1995-12-16,18.15,17.958709677419357,12,1995,5
1995-12-17,18.15,17.958709677419357,12,1995,6
1995-12-18,18.33,17.958709677419357,12,1995,0
1995-12-19,18.03,17.958709677419357,12,1995,1
1995-12-20,18.05,17.958709677419357,12,1995,2
1995-12-21,18.1,17.958709677419357,12,1995,3
1995-12-22,18.18,17.958709677419357,12,1995,4
1995-12-23,18.18,17.958709677419357,12,1995,5
1995-12-24,18.18,17.958709677419357,12,1995,6
1995-12-25,18.18,17.958709677419357,12,1995,0
1995-12-26,18.18,17.958709677419357,12,1995,1
1995-12-27,18.73,17.958709677419357,12,1995,2
1995-12-28,18.78,17.958709677419357,12,1995,3
1995-12-29,18.65,17.958709677419357,12,1995,4
1995-12-30,18.65,17.958709677419357,12,1995,5
1995-12-31,18.65,17.958709677419357,12,1995,6
1996-01-01,18.65,17.872258064516128,1,1996,0
1996-01-02,18.95,17.872258064516128,1,1996,1
1996-01-03,19.15,17.872258064516128,1,1996,2
1996-01-04,19.13,17.872258064516128,1,1996,3
1996-01-05,19.5,17.872258064516128,1,1996,4
1996-01-06,19.5,17.872258064516128,1,1996,5
1996-01-07,19.5,17.872258064516128,1,1996,6
1996-01-08,19.68,17.872258064516128,1,1996,0
1996-01-09,19.05,17.872258064516128,1,1996,1
1996-01-10,18.48,17.872258064516128,1,1996,2
1996-01-11,17.85,17.872258064516128,1,1996,3
1996-01-12,17.58,17.872258064516128,1,1996,4
1996-01-13,17.58,17.872258064516128,1,1996,5
1996-01-14,17.58,17.872258064516128,1,1996,6
1996-01-15,17.5,17.872258064516128,1,1996,0
1996-01-16,17.73,17.872258064516128,1,1996,1
1996-01-17,17.43,17.872258064516128,1,1996,2
1996-01-18,17.88,17.872258064516128,1,1996,3
1996-01-19,17.53,17.872258064516128,1,1996,4
1996-01-20,17.53,17.872258064516128,1,1996,5
1996-01-21,17.53,17.872258064516128,1,1996,6
1996-01-22,17.53,17.872258064516128,1,1996,0
1996-01-23,17.38,17.872258064516128,1,1996,1
1996-01-24,17.33,17.872258064516128,1,1996,2
1996-01-25,17.0,17.872258064516128,1,1996,3
1996-01-26,16.7,17.872258064516128,1,1996,4
1996-01-27,16.7,17.872258064516128,1,1996,5
1996-01-28,16.7,17.872258064516128,1,1996,6
1996-01-29,16.23,17.872258064516128,1,1996,0
1996-01-30,16.53,17.872258064516128,1,1996,1
1996-01-31,16.63,17.872258064516128,1,1996,2
1996-02-01,16.78,17.95310344827586,2,1996,3
1996-02-02,17.05,17.95310344827586,2,1996,4
1996-02-03,17.05,17.95310344827586,2,1996,5
1996-02-04,17.05,17.95310344827586,2,1996,6
1996-02-05,16.93,17.95310344827586,2,1996,0
1996-02-06,16.83,17.95310344827586,2,1996,1
1996-02-07,16.93,17.95310344827586,2,1996,2
1996-02-08,17.05,17.95310344827586,2,1996,3
1996-02-09,17.23,17.95310344827586,2,1996,4
1996-02-10,17.23,17.95310344827586,2,1996,5
1996-02-11,17.23,17.95310344827586,2,1996,6
1996-02-12,17.18,17.95310344827586,2,1996,0
1996-02-13,18.08,17.95310344827586,2,1996,1
1996-02-14,18.28,17.95310344827586,2,1996,2
1996-02-15,18.18,17.95310344827586,2,1996,3
1996-02-16,18.2,17.95310344827586,2,1996,4
1996-02-17,18.2,17.95310344827586,2,1996,5
1996-02-18,18.2,17.95310344827586,2,1996,6
1996-02-19,18.2,17.95310344827586,2,1996,0
1996-02-20,18.58,17.95310344827586,2,1996,1
1996-02-21,19.05,17.95310344827586,2,1996,2
1996-02-22,19.28,17.95310344827586,2,1996,3
1996-02-23,18.85,17.95310344827586,2,1996,4
1996-02-24,18.85,17.95310344827586,2,1996,5
1996-02-25,18.85,17.95310344827586,2,1996,6
1996-02-26,18.85,17.95310344827586,2,1996,0
1996-02-27,19.0,17.95310344827586,2,1996,1
1996-02-28,18.65,17.95310344827586,2,1996,2
1996-02-29,18.8,17.95310344827586,2,1996,3
1996-03-01,18.55,19.782258064516128,3,1996,4
1996-03-02,18.55,19.782258064516128,3,1996,5
1996-03-03,18.55,19.782258064516128,3,1996,6
1996-03-04,18.4,19.782258064516128,3,1996,0
1996-03-05,18.75,19.782258064516128,3,1996,1
1996-03-06,19.18,19.782258064516128,3,1996,2
1996-03-07,19.03,19.782258064516128,3,1996,3
1996-03-08,18.85,19.782258064516128,3,1996,4
1996-03-09,18.85,19.782258064516128,3,1996,5
1996-03-10,18.85,19.782258064516128,3,1996,6
1996-03-11,18.93,19.782258064516128,3,1996,0
1996-03-12,19.3,19.782258064516128,3,1996,1
1996-03-13,19.58,19.782258064516128,3,1996,2
1996-03-14,19.4,19.782258064516128,3,1996,3
1996-03-15,19.3,19.782258064516128,3,1996,4
1996-03-16,19.3,19.782258064516128,3,1996,5
1996-03-17,19.3,19.782258064516128,3,1996,6
1996-03-18,20.5,19.782258064516128,3,1996,0
1996-03-19,20.35,19.782258064516128,3,1996,1
1996-03-20,20.38,19.782258064516128,3,1996,2
1996-03-21,20.35,19.782258064516128,3,1996,3
1996-03-22,21.15,19.782258064516128,3,1996,4
1996-03-23,21.15,19.782258064516128,3,1996,5
1996-03-24,21.15,19.782258064516128,3,1996,6
1996-03-25,21.3,19.782258064516128,3,1996,0
1996-03-26,21.68,19.782258064516128,3,1996,1
1996-03-27,21.33,19.782258064516128,3,1996,2
1996-03-28,20.25,19.782258064516128,3,1996,3
1996-03-29,20.33,19.782258064516128,3,1996,4
1996-03-30,20.33,19.782258064516128,3,1996,5
1996-03-31,20.33,19.782258064516128,3,1996,6
1996-04-01,20.8,20.867666666666665,4,1996,0
1996-04-02,21.18,20.867666666666665,4,1996,1
1996-04-03,20.93,20.867666666666665,4,1996,2
1996-04-04,20.85,20.867666666666665,4,1996,3
1996-04-05,20.85,20.867666666666665,4,1996,4
1996-04-06,20.85,20.867666666666665,4,1996,5
1996-04-07,20.85,20.867666666666665,4,1996,6
1996-04-08,20.85,20.867666666666665,4,1996,0
1996-04-09,21.43,20.867666666666665,4,1996,1
1996-04-10,22.63,20.867666666666665,4,1996,2
1996-04-11,23.9,20.867666666666665,4,1996,3
1996-04-12,22.73,20.867666666666665,4,1996,4
1996-04-13,22.73,20.867666666666665,4,1996,5
1996-04-14,22.73,20.867666666666665,4,1996,6
1996-04-15,22.68,20.867666666666665,4,1996,0
1996-04-16,21.2,20.867666666666665,4,1996,1
1996-04-17,19.88,20.867666666666665,4,1996,2
1996-04-18,19.33,20.867666666666665,4,1996,3
1996-04-19,19.53,20.867666666666665,4,1996,4
1996-04-20,19.53,20.867666666666665,4,1996,5
1996-04-21,19.53,20.867666666666665,4,1996,6
1996-04-22,19.38,20.867666666666665,4,1996,0
1996-04-23,20.88,20.867666666666665,4,1996,1
1996-04-24,20.73,20.867666666666665,4,1996,2
1996-04-25,20.35,20.867666666666665,4,1996,3
1996-04-26,20.05,20.867666666666665,4,1996,4
1996-04-27,20.05,20.867666666666665,4,1996,5
1996-04-28,20.05,20.867666666666665,4,1996,6
1996-04-29,20.05,20.867666666666665,4,1996,0
1996-04-30,19.5,20.867666666666665,4,1996,1
1996-05-01,18.95,19.1658064516129,5,1996,2
1996-05-02,19.45,19.1658064516129,5,1996,3
1996-05-03,19.38,19.1658064516129,5,1996,4
1996-05-04,19.38,19.1658064516129,5,1996,5
1996-05-05,19.38,19.1658064516129,5,1996,6
1996-05-06,19.38,19.1658064516129,5,1996,0
1996-05-07,20.08,19.1658064516129,5,1996,1
1996-05-08,19.85,19.1658064516129,5,1996,2
1996-05-09,19.35,19.1658064516129,5,1996,3
1996-05-10,19.23,19.1658064516129,5,1996,4
1996-05-11,19.23,19.1658064516129,5,1996,5
1996-05-12,19.23,19.1658064516129,5,1996,6
1996-05-13,19.48,19.1658064516129,5,1996,0
1996-05-14,19.63,19.1658064516129,5,1996,1
1996-05-15,19.5,19.1658064516129,5,1996,2
1996-05-16,18.63,19.1658064516129,5,1996,3
1996-05-17,18.05,19.1658064516129,5,1996,4
1996-05-18,18.05,19.1658064516129,5,1996,5
1996-05-19,18.05,19.1658064516129,5,1996,6
1996-05-20,18.63,19.1658064516129,5,1996,0
1996-05-21,18.7,19.1658064516129,5,1996,1
1996-05-22,19.4,19.1658064516129,5,1996,2
1996-05-23,19.53,19.1658064516129,5,1996,3
1996-05-24,19.73,19.1658064516129,5,1996,4
1996-05-25,19.73,19.1658064516129,5,1996,5
1996-05-26,19.73,19.1658064516129,5,1996,6
1996-05-27,19.73,19.1658064516129,5,1996,0
1996-05-28,19.53,19.1658064516129,5,1996,1
1996-05-29,18.95,19.1658064516129,5,1996,2
1996-05-30,18.1,19.1658064516129,5,1996,3
1996-05-31,18.1,19.1658064516129,5,1996,4
1996-06-01,18.1,18.441666666666666,6,1996,5
1996-06-02,18.1,18.441666666666666,6,1996,6
1996-06-03,18.25,18.441666666666666,6,1996,0
1996-06-04,18.5,18.441666666666666,6,1996,1
1996-06-05,18.2,18.441666666666666,6,1996,2
1996-06-06,18.18,18.441666666666666,6,1996,3
1996-06-07,18.4,18.441666666666666,6,1996,4
1996-06-08,18.4,18.441666666666666,6,1996,5
1996-06-09,18.4,18.441666666666666,6,1996,6
1996-06-10,18.48,18.441666666666666,6,1996,0
1996-06-11,18.28,18.441666666666666,6,1996,1
1996-06-12,18.23,18.441666666666666,6,1996,2
1996-06-13,17.98,18.441666666666666,6,1996,3
1996-06-14,17.83,18.441666666666666,6,1996,4
1996-06-15,17.83,18.441666666666666,6,1996,5
1996-06-16,17.83,18.441666666666666,6,1996,6
1996-06-17,18.7,18.441666666666666,6,1996,0
1996-06-18,18.8,18.441666666666666,6,1996,1
1996-06-19,18.4,18.441666666666666,6,1996,2
1996-06-20,18.43,18.441666666666666,6,1996,3
1996-06-21,18.45,18.441666666666666,6,1996,4
1996-06-22,18.45,18.441666666666666,6,1996,5
1996-06-23,18.45,18.441666666666666,6,1996,6
1996-06-24,18.38,18.441666666666666,6,1996,0
1996-06-25,18.38,18.441666666666666,6,1996,1
1996-06-26,18.6,18.441666666666666,6,1996,2
1996-06-27,19.38,18.441666666666666,6,1996,3
1996-06-28,19.28,18.441666666666666,6,1996,4
1996-06-29,19.28,18.441666666666666,6,1996,5
1996-06-30,19.28,18.441666666666666,6,1996,6
1996-07-01,19.77,19.571290322580648,7,1996,0
1996-07-02,19.43,19.571290322580648,7,1996,1
1996-07-03,19.13,19.571290322580648,7,1996,2
1996-07-04,19.77,19.571290322580648,7,1996,3
1996-07-05,19.99,19.571290322580648,7,1996,4
1996-07-06,19.99,19.571290322580648,7,1996,5
1996-07-07,19.99,19.571290322580648,7,1996,6
1996-07-08,19.62,19.571290322580648,7,1996,0
1996-07-09,19.63,19.571290322580648,7,1996,1
1996-07-10,19.8,19.571290322580648,7,1996,2
1996-07-11,20.01,19.571290322580648,7,1996,3
1996-07-12,19.93,19.571290322580648,7,1996,4
1996-07-13,19.93,19.571290322580648,7,1996,5
1996-07-14,19.93,19.571290322580648,7,1996,6
1996-07-15,20.2,19.571290322580648,7,1996,0
1996-07-16,20.3,19.571290322580648,7,1996,1
1996-07-17,19.75,19.571290322580648,7,1996,2
1996-07-18,19.95,19.571290322580648,7,1996,3
1996-07-19,19.45,19.571290322580648,7,1996,4
1996-07-20,19.45,19.571290322580648,7,1996,5
1996-07-21,19.45,19.571290322580648,7,1996,6
1996-07-22,19.23,19.571290322580648,7,1996,0
1996-07-23,19.5,19.571290322580648,7,1996,1
1996-07-24,19.36,19.571290322580648,7,1996,2
1996-07-25,19.5,19.571290322580648,7,1996,3
1996-07-26,18.92,19.571290322580648,7,1996,4
1996-07-27,18.92,19.571290322580648,7,1996,5
1996-07-28,18.92,19.571290322580648,7,1996,6
1996-07-29,18.99,19.571290322580648,7,1996,0
1996-07-30,18.9,19.571290322580648,7,1996,1
1996-07-31,19.0,19.571290322580648,7,1996,2
1996-08-01,18.84,20.517419354838708,8,1996,3
1996-08-02,19.63,20.517419354838708,8,1996,4
1996-08-03,19.63,20.517419354838708,8,1996,5
1996-08-04,19.63,20.517419354838708,8,1996,6
1996-08-05,19.65,20.517419354838708,8,1996,0
1996-08-06,19.45,20.517419354838708,8,1996,1
1996-08-07,19.48,20.517419354838708,8,1996,2
1996-08-08,20.03,20.517419354838708,8,1996,3
1996-08-09,20.05,20.517419354838708,8,1996,4
1996-08-10,20.05,20.517419354838708,8,1996,5
1996-08-11,20.05,20.517419354838708,8,1996,6
1996-08-12,20.65,20.517419354838708,8,1996,0
1996-08-13,21.03,20.517419354838708,8,1996,1
1996-08-14,20.9,20.517419354838708,8,1996,2
1996-08-15,20.88,20.517419354838708,8,1996,3
1996-08-16,21.3,20.517419354838708,8,1996,4
1996-08-17,21.3,20.517419354838708,8,1996,5
1996-08-18,21.3,20.517419354838708,8,1996,6
1996-08-19,21.58,20.517419354838708,8,1996,0
1996-08-20,21.35,20.517419354838708,8,1996,1
1996-08-21,20.8,20.517419354838708,8,1996,2
1996-08-22,21.25,20.517419354838708,8,1996,3
1996-08-23,20.78,20.517419354838708,8,1996,4
1996-08-24,20.78,20.517419354838708,8,1996,5
1996-08-25,20.78,20.517419354838708,8,1996,6
1996-08-26,20.78,20.517419354838708,8,1996,0
1996-08-27,20.45,20.517419354838708,8,1996,1
1996-08-28,20.68,20.517419354838708,8,1996,2
1996-08-29,21.0,20.517419354838708,8,1996,3
1996-08-30,20.98,20.517419354838708,8,1996,4
1996-08-31,20.98,20.517419354838708,8,1996,5
1996-09-01,20.98,22.603333333333335,9,1996,6
1996-09-02,22.23,22.603333333333335,9,1996,0
1996-09-03,21.9,22.603333333333335,9,1996,1
1996-09-04,22.2,22.603333333333335,9,1996,2
1996-09-05,22.15,22.603333333333335,9,1996,3
1996-09-06,22.43,22.603333333333335,9,1996,4
1996-09-07,22.43,22.603333333333335,9,1996,5
1996-09-08,22.43,22.603333333333335,9,1996,6
1996-09-09,22.25,22.603333333333335,9,1996,0
1996-09-10,22.68,22.603333333333335,9,1996,1
1996-09-11,23.3,22.603333333333335,9,1996,2
1996-09-12,23.35,22.603333333333335,9,1996,3
1996-09-13,23.83,22.603333333333335,9,1996,4
1996-09-14,23.83,22.603333333333335,9,1996,5
1996-09-15,23.83,22.603333333333335,9,1996,6
1996-09-16,22.6,22.603333333333335,9,1996,0
1996-09-17,21.7,22.603333333333335,9,1996,1
1996-09-18,22.38,22.603333333333335,9,1996,2
1996-09-19,22.08,22.603333333333335,9,1996,3
1996-09-20,21.78,22.603333333333335,9,1996,4
1996-09-21,21.78,22.603333333333335,9,1996,5
1996-09-22,21.78,22.603333333333335,9,1996,6
1996-09-23,22.15,22.603333333333335,9,1996,0
1996-09-24,22.78,22.603333333333335,9,1996,1
1996-09-25,23.05,22.603333333333335,9,1996,2
1996-09-26,23.35,22.603333333333335,9,1996,3
1996-09-27,22.9,22.603333333333335,9,1996,4
1996-09-28,22.9,22.603333333333335,9,1996,5
1996-09-29,22.9,22.603333333333335,9,1996,6
1996-09-30,24.15,22.603333333333335,9,1996,0
1996-10-01,23.18,24.187741935483867,10,1996,1
1996-10-02,23.13,24.187741935483867,10,1996,2
1996-10-03,23.63,24.187741935483867,10,1996,3
1996-10-04,23.88,24.187741935483867,10,1996,4
1996-10-05,23.88,24.187741935483867,10,1996,5
1996-10-06,23.88,24.187741935483867,10,1996,6
1996-10-07,24.28,24.187741935483867,10,1996,0
1996-10-08,24.55,24.187741935483867,10,1996,1
1996-10-09,24.58,24.187741935483867,10,1996,2
1996-10-10,23.63,24.187741935483867,10,1996,3
1996-10-11,23.85,24.187741935483867,10,1996,4
1996-10-12,23.85,24.187741935483867,10,1996,5
1996-10-13,23.85,24.187741935483867,10,1996,6
1996-10-14,24.75,24.187741935483867,10,1996,0
1996-10-15,24.58,24.187741935483867,10,1996,1
1996-10-16,24.5,24.187741935483867,10,1996,2
1996-10-17,24.83,24.187741935483867,10,1996,3
1996-10-18,25.18,24.187741935483867,10,1996,4
1996-10-19,25.18,24.187741935483867,10,1996,5
1996-10-20,25.18,24.187741935483867,10,1996,6
1996-10-21,25.08,24.187741935483867,10,1996,0
1996-10-22,25.4,24.187741935483867,10,1996,1
1996-10-23,24.6,24.187741935483867,10,1996,2
1996-10-24,24.28,24.187741935483867,10,1996,3
1996-10-25,24.13,24.187741935483867,10,1996,4
1996-10-26,24.13,24.187741935483867,10,1996,5
1996-10-27,24.13,24.187741935483867,10,1996,6
1996-10-28,24.45,24.187741935483867,10,1996,0
1996-10-29,23.3,24.187741935483867,10,1996,1
1996-10-30,23.15,24.187741935483867,10,1996,2
1996-10-31,22.8,24.187741935483867,10,1996,3
1996-11-01,22.3,22.826666666666664,11,1996,4
1996-11-02,22.3,22.826666666666664,11,1996,5
1996-11-03,22.3,22.826666666666664,11,1996,6
1996-11-04,22.1,22.826666666666664,11,1996,0
1996-11-05,21.85,22.826666666666664,11,1996,1
1996-11-06,21.85,22.826666666666664,11,1996,2
1996-11-07,21.75,22.826666666666664,11,1996,3
1996-11-08,22.4,22.826666666666664,11,1996,4
1996-11-09,22.4,22.826666666666664,11,1996,5
1996-11-10,22.4,22.826666666666664,11,1996,6
1996-11-11,22.7,22.826666666666664,11,1996,0
1996-11-12,22.38,22.826666666666664,11,1996,1
1996-11-13,22.88,22.826666666666664,11,1996,2
1996-11-14,23.18,22.826666666666664,11,1996,3
1996-11-15,23.28,22.826666666666664,11,1996,4
1996-11-16,23.28,22.826666666666664,11,1996,5
1996-11-17,23.28,22.826666666666664,11,1996,6
1996-11-18,22.75,22.826666666666664,11,1996,0
1996-11-19,23.13,22.826666666666664,11,1996,1
1996-11-20,23.4,22.826666666666664,11,1996,2
1996-11-21,22.9,22.826666666666664,11,1996,3
1996-11-22,23.86,22.826666666666664,11,1996,4
1996-11-23,23.86,22.826666666666664,11,1996,5
1996-11-24,23.86,22.826666666666664,11,1996,6
1996-11-25,23.22,22.826666666666664,11,1996,0
1996-11-26,22.78,22.826666666666664,11,1996,1
1996-11-27,23.07,22.826666666666664,11,1996,2
1996-11-28,23.0,22.826666666666664,11,1996,3
1996-11-29,23.17,22.826666666666664,11,1996,4
1996-11-30,23.17,22.826666666666664,11,1996,5
1996-12-01,23.17,23.740322580645163,12,1996,6
1996-12-02,23.5,23.740322580645163,12,1996,0
1996-12-03,24.12,23.740322580645163,12,1996,1
1996-12-04,24.21,23.740322580645163,12,1996,2
1996-12-05,24.49,23.740322580645163,12,1996,3
1996-12-06,24.56,23.740322580645163,12,1996,4
1996-12-07,24.56,23.740322580645163,12,1996,5
1996-12-08,24.56,23.740322580645163,12,1996,6
1996-12-09,24.18,23.740322580645163,12,1996,0
1996-12-10,23.74,23.740322580645163,12,1996,1
1996-12-11,22.95,23.740322580645163,12,1996,2
1996-12-12,22.65,23.740322580645163,12,1996,3
1996-12-13,22.83,23.740322580645163,12,1996,4
1996-12-14,22.83,23.740322580645163,12,1996,5
1996-12-15,22.83,23.740322580645163,12,1996,6
1996-12-16,23.98,23.740322580645163,12,1996,0
1996-12-17,24.05,23.740322580645163,12,1996,1
1996-12-18,23.69,23.740322580645163,12,1996,2
1996-12-19,24.18,23.740322580645163,12,1996,3
1996-12-20,23.96,23.740322580645163,12,1996,4
1996-12-21,23.96,23.740322580645163,12,1996,5
1996-12-22,23.96,23.740322580645163,12,1996,6
1996-12-23,23.51,23.740322580645163,12,1996,0
1996-12-24,23.66,23.740322580645163,12,1996,1
1996-12-25,23.66,23.740322580645163,12,1996,2
1996-12-26,23.66,23.740322580645163,12,1996,3
1996-12-27,23.55,23.740322580645163,12,1996,4
1996-12-28,23.55,23.740322580645163,12,1996,5
1996-12-29,23.55,23.740322580645163,12,1996,6
1996-12-30,23.95,23.740322580645163,12,1996,0
1996-12-31,23.9,23.740322580645163,12,1996,1
1997-01-01,23.9,23.54064516129032,1,1997,2
1997-01-02,24.45,23.54064516129032,1,1997,3
1997-01-03,24.19,23.54064516129032,1,1997,4
1997-01-04,24.19,23.54064516129032,1,1997,5
1997-01-05,24.19,23.54064516129032,1,1997,6
1997-01-06,24.76,23.54064516129032,1,1997,0
1997-01-07,24.76,23.54064516129032,1,1997,1
1997-01-08,24.78,23.54064516129032,1,1997,2
1997-01-09,24.83,23.54064516129032,1,1997,3
1997-01-10,24.22,23.54064516129032,1,1997,4
1997-01-11,24.22,23.54064516129032,1,1997,5
1997-01-12,24.22,23.54064516129032,1,1997,6
1997-01-13,23.41,23.54064516129032,1,1997,0
1997-01-14,23.41,23.54064516129032,1,1997,1
1997-01-15,23.31,23.54064516129032,1,1997,2
1997-01-16,23.31,23.54064516129032,1,1997,3
1997-01-17,22.87,23.54064516129032,1,1997,4
1997-01-18,22.87,23.54064516129032,1,1997,5
1997-01-19,22.87,23.54064516129032,1,1997,6
1997-01-20,22.86,23.54064516129032,1,1997,0
1997-01-21,22.98,23.54064516129032,1,1997,1
1997-01-22,22.93,23.54064516129032,1,1997,2
1997-01-23,22.93,23.54064516129032,1,1997,3
1997-01-24,22.8,23.54064516129032,1,1997,4
1997-01-25,22.8,23.54064516129032,1,1997,5
1997-01-26,22.8,23.54064516129032,1,1997,6
1997-01-27,22.56,23.54064516129032,1,1997,0
1997-01-28,22.62,23.54064516129032,1,1997,1
1997-01-29,23.01,23.54064516129032,1,1997,2
1997-01-30,23.43,23.54064516129032,1,1997,3
1997-01-31,23.28,23.54064516129032,1,1997,4
1997-02-01,23.28,21.06,2,1997,5
1997-02-02,23.28,21.06,2,1997,6
1997-02-03,22.91,21.06,2,1997,0
1997-02-04,22.65,21.06,2,1997,1
1997-02-05,22.69,21.06,2,1997,2
1997-02-06,21.86,21.06,2,1997,3
1997-02-07,21.86,21.06,2,1997,4
1997-02-08,21.86,21.06,2,1997,5
1997-02-09,21.86,21.06,2,1997,6
1997-02-10,20.73,21.06,2,1997,0
1997-02-11,21.25,21.06,2,1997,1
1997-02-12,21.15,21.06,2,1997,2
1997-02-13,20.47,21.06,2,1997,3
1997-02-14,20.56,21.06,2,1997,4
1997-02-15,20.56,21.06,2,1997,5
1997-02-16,20.56,21.06,2,1997,6
1997-02-17,20.48,21.06,2,1997,0
1997-02-18,20.56,21.06,2,1997,1
1997-02-19,20.98,21.06,2,1997,2
1997-02-20,20.57,21.06,2,1997,3
1997-02-21,20.13,21.06,2,1997,4
1997-02-22,20.13,21.06,2,1997,5
1997-02-23,20.13,21.06,2,1997,6
1997-02-24,19.87,21.06,2,1997,0
1997-02-25,20.08,21.06,2,1997,1
1997-02-26,19.82,21.06,2,1997,2
1997-02-27,19.96,21.06,2,1997,3
1997-02-28,19.44,21.06,2,1997,4
1997-03-01,19.44,19.190645161290323,3,1997,5
1997-03-02,19.44,19.190645161290323,3,1997,6
1997-03-03,19.1,19.190645161290323,3,1997,0
1997-03-04,19.4,19.190645161290323,3,1997,1
1997-03-05,19.38,19.190645161290323,3,1997,2
1997-03-06,19.55,19.190645161290323,3,1997,3
1997-03-07,19.55,19.190645161290323,3,1997,4
1997-03-08,19.55,19.190645161290323,3,1997,5
1997-03-09,19.55,19.190645161290323,3,1997,6
1997-03-10,19.21,19.190645161290323,3,1997,0
1997-03-11,18.57,19.190645161290323,3,1997,1
1997-03-12,18.98,19.190645161290323,3,1997,2
1997-03-13,19.3,19.190645161290323,3,1997,3
1997-03-14,19.44,19.190645161290323,3,1997,4
1997-03-15,19.44,19.190645161290323,3,1997,5
1997-03-16,19.44,19.190645161290323,3,1997,6
1997-03-17,18.98,19.190645161290323,3,1997,0
1997-03-18,19.54,19.190645161290323,3,1997,1
1997-03-19,20.0,19.190645161290323,3,1997,2
1997-03-20,19.62,19.190645161290323,3,1997,3
1997-03-21,19.39,19.190645161290323,3,1997,4
1997-03-22,19.39,19.190645161290323,3,1997,5
1997-03-23,19.39,19.190645161290323,3,1997,6
1997-03-24,18.93,19.190645161290323,3,1997,0
1997-03-25,18.77,19.190645161290323,3,1997,1
1997-03-26,18.91,19.190645161290323,3,1997,2
1997-03-27,18.53,19.190645161290323,3,1997,3
1997-03-28,18.53,19.190645161290323,3,1997,4
1997-03-29,18.53,19.190645161290323,3,1997,5
1997-03-30,18.53,19.190645161290323,3,1997,6
1997-03-31,18.53,19.190645161290323,3,1997,0
1997-04-01,18.15,17.549,4,1997,1
1997-04-02,17.97,17.549,4,1997,2
1997-04-03,17.28,17.549,4,1997,3
1997-04-04,17.25,17.549,4,1997,4
1997-04-05,17.25,17.549,4,1997,5
1997-04-06,17.25,17.549,4,1997,6
1997-04-07,16.92,17.549,4,1997,0
1997-04-08,16.98,17.549,4,1997,1
1997-04-09,17.02,17.549,4,1997,2
1997-04-10,17.25,17.549,4,1997,3
1997-04-11,17.54,17.549,4,1997,4
1997-04-12,17.54,17.549,4,1997,5
1997-04-13,17.54,17.549,4,1997,6
1997-04-14,17.61,17.549,4,1997,0
1997-04-15,17.53,17.549,4,1997,1
1997-04-16,17.24,17.549,4,1997,2
1997-04-17,17.0,17.549,4,1997,3
1997-04-18,17.26,17.549,4,1997,4
1997-04-19,17.26,17.549,4,1997,5
1997-04-20,17.26,17.549,4,1997,6
1997-04-21,17.74,17.549,4,1997,0
1997-04-22,17.72,17.549,4,1997,1
1997-04-23,17.46,17.549,4,1997,2
1997-04-24,17.8,17.549,4,1997,3
1997-04-25,18.07,17.549,4,1997,4
1997-04-26,18.07,17.549,4,1997,5
1997-04-27,18.07,17.549,4,1997,6
1997-04-28,17.92,17.549,4,1997,0
1997-04-29,18.27,17.549,4,1997,1
1997-04-30,18.25,17.549,4,1997,2
1997-05-01,18.24,19.067741935483873,5,1997,3
1997-05-02,17.7,19.067741935483873,5,1997,4
1997-05-03,17.7,19.067741935483873,5,1997,5
1997-05-04,17.7,19.067741935483873,5,1997,6
1997-05-05,17.72,19.067741935483873,5,1997,0
1997-05-06,17.82,19.067741935483873,5,1997,1
1997-05-07,17.84,19.067741935483873,5,1997,2
1997-05-08,18.32,19.067741935483873,5,1997,3
1997-05-09,18.62,19.067741935483873,5,1997,4
1997-05-10,18.62,19.067741935483873,5,1997,5
1997-05-11,18.62,19.067741935483873,5,1997,6
1997-05-12,19.42,19.067741935483873,5,1997,0
1997-05-13,19.4,19.067741935483873,5,1997,1
1997-05-14,19.1,19.067741935483873,5,1997,2
1997-05-15,19.4,19.067741935483873,5,1997,3
1997-05-16,19.77,19.067741935483873,5,1997,4
1997-05-17,19.77,19.067741935483873,5,1997,5
1997-05-18,19.77,19.067741935483873,5,1997,6
1997-05-19,19.92,19.067741935483873,5,1997,0
1997-05-20,19.75,19.067741935483873,5,1997,1
1997-05-21,19.7,19.067741935483873,5,1997,2
1997-05-22,20.03,19.067741935483873,5,1997,3
1997-05-23,20.15,19.067741935483873,5,1997,4
1997-05-24,20.15,19.067741935483873,5,1997,5
1997-05-25,20.15,19.067741935483873,5,1997,6
1997-05-26,20.15,19.067741935483873,5,1997,0
1997-05-27,19.33,19.067741935483873,5,1997,1
1997-05-28,18.88,19.067741935483873,5,1997,2
1997-05-29,19.38,19.067741935483873,5,1997,3
1997-05-30,18.99,19.067741935483873,5,1997,4
1997-05-31,18.99,19.067741935483873,5,1997,5
1997-06-01,18.99,17.562333333333335,6,1997,6
1997-06-02,19.17,17.562333333333335,6,1997,0
1997-06-03,18.59,17.562333333333335,6,1997,1
1997-06-04,18.36,17.562333333333335,6,1997,2
1997-06-05,17.96,17.562333333333335,6,1997,3
1997-06-06,17.43,17.562333333333335,6,1997,4
1997-06-07,17.43,17.562333333333335,6,1997,5
1997-06-08,17.43,17.562333333333335,6,1997,6
1997-06-09,17.08,17.562333333333335,6,1997,0
1997-06-10,17.01,17.562333333333335,6,1997,1
1997-06-11,16.69,17.562333333333335,6,1997,2
1997-06-12,16.79,17.562333333333335,6,1997,3
1997-06-13,16.83,17.562333333333335,6,1997,4
1997-06-14,16.83,17.562333333333335,6,1997,5
1997-06-15,16.83,17.562333333333335,6,1997,6
1997-06-16,17.15,17.562333333333335,6,1997,0
1997-06-17,17.55,17.562333333333335,6,1997,1
1997-06-18,17.22,17.562333333333335,6,1997,2
1997-06-19,17.34,17.562333333333335,6,1997,3
1997-06-20,17.09,17.562333333333335,6,1997,4
1997-06-21,17.09,17.562333333333335,6,1997,5
1997-06-22,17.09,17.562333333333335,6,1997,6
1997-06-23,17.8,17.562333333333335,6,1997,0
1997-06-24,17.65,17.562333333333335,6,1997,1
1997-06-25,17.65,17.562333333333335,6,1997,2
1997-06-26,17.6,17.562333333333335,6,1997,3
1997-06-27,18.0,17.562333333333335,6,1997,4
1997-06-28,18.0,17.562333333333335,6,1997,5
1997-06-29,18.0,17.562333333333335,6,1997,6
1997-06-30,18.22,17.562333333333335,6,1997,0
1997-07-01,18.22,18.396451612903224,7,1997,1
1997-07-02,18.83,18.396451612903224,7,1997,2
1997-07-03,18.18,18.396451612903224,7,1997,3
1997-07-04,18.18,18.396451612903224,7,1997,4
1997-07-05,18.18,18.396451612903224,7,1997,5
1997-07-06,18.18,18.396451612903224,7,1997,6
1997-07-07,18.28,18.396451612903224,7,1997,0
1997-07-08,18.28,18.396451612903224,7,1997,1
1997-07-09,18.25,18.396451612903224,7,1997,2
1997-07-10,18.16,18.396451612903224,7,1997,3
1997-07-11,18.0,18.396451612903224,7,1997,4
1997-07-12,18.0,18.396451612903224,7,1997,5
1997-07-13,18.0,18.396451612903224,7,1997,6
1997-07-14,17.79,18.396451612903224,7,1997,0
1997-07-15,18.19,18.396451612903224,7,1997,1
1997-07-16,18.27,18.396451612903224,7,1997,2
1997-07-17,18.83,18.396451612903224,7,1997,3
1997-07-18,18.21,18.396451612903224,7,1997,4
1997-07-19,18.21,18.396451612903224,7,1997,5
1997-07-20,18.21,18.396451612903224,7,1997,6
1997-07-21,18.23,18.396451612903224,7,1997,0
1997-07-22,18.47,18.396451612903224,7,1997,1
1997-07-23,18.71,18.396451612903224,7,1997,2
1997-07-24,18.66,18.396451612903224,7,1997,3
1997-07-25,18.77,18.396451612903224,7,1997,4
1997-07-26,18.77,18.396451612903224,7,1997,5
1997-07-27,18.77,18.396451612903224,7,1997,6
1997-07-28,18.76,18.396451612903224,7,1997,0
1997-07-29,18.74,18.396451612903224,7,1997,1
1997-07-30,19.02,18.396451612903224,7,1997,2
1997-07-31,18.94,18.396451612903224,7,1997,3
1997-08-01,19.33,18.57967741935484,8,1997,4
1997-08-02,19.33,18.57967741935484,8,1997,5
1997-08-03,19.33,18.57967741935484,8,1997,6
1997-08-04,19.64,18.57967741935484,8,1997,0
1997-08-05,19.51,18.57967741935484,8,1997,1
1997-08-06,19.21,18.57967741935484,8,1997,2
1997-08-07,18.94,18.57967741935484,8,1997,3
1997-08-08,18.56,18.57967741935484,8,1997,4
1997-08-09,18.56,18.57967741935484,8,1997,5
1997-08-10,18.56,18.57967741935484,8,1997,6
1997-08-11,18.21,18.57967741935484,8,1997,0
1997-08-12,18.56,18.57967741935484,8,1997,1
1997-08-13,18.63,18.57967741935484,8,1997,2
1997-08-14,19.0,18.57967741935484,8,1997,3
1997-08-15,18.77,18.57967741935484,8,1997,4
1997-08-16,18.77,18.57967741935484,8,1997,5
1997-08-17,18.77,18.57967741935484,8,1997,6
1997-08-18,18.41,18.57967741935484,8,1997,0
1997-08-19,18.88,18.57967741935484,8,1997,1
1997-08-20,18.83,18.57967741935484,8,1997,2
1997-08-21,18.26,18.57967741935484,8,1997,3
1997-08-22,18.26,18.57967741935484,8,1997,4
1997-08-23,18.26,18.57967741935484,8,1997,5
1997-08-24,18.26,18.57967741935484,8,1997,6
1997-08-25,17.87,18.57967741935484,8,1997,0
1997-08-26,17.58,18.57967741935484,8,1997,1
1997-08-27,17.83,18.57967741935484,8,1997,2
1997-08-28,17.91,18.57967741935484,8,1997,3
1997-08-29,17.98,18.57967741935484,8,1997,4
1997-08-30,17.98,18.57967741935484,8,1997,5
1997-08-31,17.98,18.57967741935484,8,1997,6
1997-09-01,17.98,18.447999999999997,9,1997,0
1997-09-02,18.22,18.447999999999997,9,1997,1
1997-09-03,18.12,18.447999999999997,9,1997,2
1997-09-04,17.92,18.447999999999997,9,1997,3
1997-09-05,18.15,18.447999999999997,9,1997,4
1997-09-06,18.15,18.447999999999997,9,1997,5
1997-09-07,18.15,18.447999999999997,9,1997,6
1997-09-08,18.03,18.447999999999997,9,1997,0
1997-09-09,18.18,18.447999999999997,9,1997,1
1997-09-10,18.08,18.447999999999997,9,1997,2
1997-09-11,18.21,18.447999999999997,9,1997,3
1997-09-12,18.06,18.447999999999997,9,1997,4
1997-09-13,18.06,18.447999999999997,9,1997,5
1997-09-14,18.06,18.447999999999997,9,1997,6
1997-09-15,18.05,18.447999999999997,9,1997,0
1997-09-16,18.4,18.447999999999997,9,1997,1
1997-09-17,18.21,18.447999999999997,9,1997,2
1997-09-18,18.14,18.447999999999997,9,1997,3
1997-09-19,18.32,18.447999999999997,9,1997,4
1997-09-20,18.32,18.447999999999997,9,1997,5
1997-09-21,18.32,18.447999999999997,9,1997,6
1997-09-22,18.65,18.447999999999997,9,1997,0
1997-09-23,18.57,18.447999999999997,9,1997,1
1997-09-24,18.52,18.447999999999997,9,1997,2
1997-09-25,19.05,18.447999999999997,9,1997,3
1997-09-26,19.36,18.447999999999997,9,1997,4
1997-09-27,19.36,18.447999999999997,9,1997,5
1997-09-28,19.36,18.447999999999997,9,1997,6
1997-09-29,19.48,18.447999999999997,9,1997,0
1997-09-30,19.96,18.447999999999997,9,1997,1
1997-10-01,19.87,19.958064516129035,10,1997,2
1997-10-02,20.08,19.958064516129035,10,1997,3
1997-10-03,21.29,19.958064516129035,10,1997,4
1997-10-04,21.29,19.958064516129035,10,1997,5
1997-10-05,21.29,19.958064516129035,10,1997,6
1997-10-06,20.94,19.958064516129035,10,1997,0
1997-10-07,20.71,19.958064516129035,10,1997,1
1997-10-08,20.79,19.958064516129035,10,1997,2
1997-10-09,20.6,19.958064516129035,10,1997,3
1997-10-10,20.73,19.958064516129035,10,1997,4
1997-10-11,20.73,19.958064516129035,10,1997,5
1997-10-12,20.73,19.958064516129035,10,1997,6
1997-10-13,20.08,19.958064516129035,10,1997,0
1997-10-14,19.4,19.958064516129035,10,1997,1
1997-10-15,19.27,19.958064516129035,10,1997,2
1997-10-16,19.56,19.958064516129035,10,1997,3
1997-10-17,19.43,19.958064516129035,10,1997,4
1997-10-18,19.43,19.958064516129035,10,1997,5
1997-10-19,19.43,19.958064516129035,10,1997,6
1997-10-20,19.29,19.958064516129035,10,1997,0
1997-10-21,19.3,19.958064516129035,10,1997,1
1997-10-22,19.86,19.958064516129035,10,1997,2
1997-10-23,19.89,19.958064516129035,10,1997,3
1997-10-24,19.45,19.958064516129035,10,1997,4
1997-10-25,19.45,19.958064516129035,10,1997,5
1997-10-26,19.45,19.958064516129035,10,1997,6
1997-10-27,19.63,19.958064516129035,10,1997,0
1997-10-28,18.86,19.958064516129035,10,1997,1
1997-10-29,19.0,19.958064516129035,10,1997,2
1997-10-30,19.45,19.958064516129035,10,1997,3
1997-10-31,19.42,19.958064516129035,10,1997,4
1997-11-01,19.42,19.227666666666668,11,1997,5
1997-11-02,19.42,19.227666666666668,11,1997,6
1997-11-03,19.48,19.227666666666668,11,1997,0
1997-11-04,19.1,19.227666666666668,11,1997,1
1997-11-05,18.93,19.227666666666668,11,1997,2
1997-11-06,18.97,19.227666666666668,11,1997,3
1997-11-07,19.24,19.227666666666668,11,1997,4
1997-11-08,19.24,19.227666666666668,11,1997,5
1997-11-09,19.24,19.227666666666668,11,1997,6
1997-11-10,19.14,19.227666666666668,11,1997,0
1997-11-11,19.14,19.227666666666668,11,1997,1
1997-11-12,19.26,19.227666666666668,11,1997,2
1997-11-13,19.71,19.227666666666668,11,1997,3
1997-11-14,20.24,19.227666666666668,11,1997,4
1997-11-15,20.24,19.227666666666668,11,1997,5
1997-11-16,20.24,19.227666666666668,11,1997,6
1997-11-17,19.54,19.227666666666668,11,1997,0
1997-11-18,19.39,19.227666666666668,11,1997,1
1997-11-19,19.41,19.227666666666668,11,1997,2
1997-11-20,18.82,19.227666666666668,11,1997,3
1997-11-21,18.83,19.227666666666668,11,1997,4
1997-11-22,18.83,19.227666666666668,11,1997,5
1997-11-23,18.83,19.227666666666668,11,1997,6
1997-11-24,19.01,19.227666666666668,11,1997,0
1997-11-25,19.14,19.227666666666668,11,1997,1
1997-11-26,18.5,19.227666666666668,11,1997,2
1997-11-27,18.64,19.227666666666668,11,1997,3
1997-11-28,18.96,19.227666666666668,11,1997,4
1997-11-29,18.96,19.227666666666668,11,1997,5
1997-11-30,18.96,19.227666666666668,11,1997,6
1997-12-01,18.01,17.207741935483874,12,1997,0
1997-12-02,18.04,17.207741935483874,12,1997,1
1997-12-03,17.94,17.207741935483874,12,1997,2
1997-12-04,17.7,17.207741935483874,12,1997,3
1997-12-05,17.91,17.207741935483874,12,1997,4
1997-12-06,17.91,17.207741935483874,12,1997,5
1997-12-07,17.91,17.207741935483874,12,1997,6
1997-12-08,17.87,17.207741935483874,12,1997,0
1997-12-09,17.57,17.207741935483874,12,1997,1
1997-12-10,17.08,17.207741935483874,12,1997,2
1997-12-11,16.98,17.207741935483874,12,1997,3
1997-12-12,17.12,17.207741935483874,12,1997,4
1997-12-13,17.12,17.207741935483874,12,1997,5
1997-12-14,17.12,17.207741935483874,12,1997,6
1997-12-15,16.89,17.207741935483874,12,1997,0
1997-12-16,16.8,17.207741935483874,12,1997,1
1997-12-17,16.98,17.207741935483874,12,1997,2
1997-12-18,17.34,17.207741935483874,12,1997,3
1997-12-19,17.2,17.207741935483874,12,1997,4
1997-12-20,17.2,17.207741935483874,12,1997,5
1997-12-21,17.2,17.207741935483874,12,1997,6
1997-12-22,17.04,17.207741935483874,12,1997,0
1997-12-23,17.09,17.207741935483874,12,1997,1
1997-12-24,17.04,17.207741935483874,12,1997,2
1997-12-25,17.04,17.207741935483874,12,1997,3
1997-12-26,17.04,17.207741935483874,12,1997,4
1997-12-27,17.04,17.207741935483874,12,1997,5
1997-12-28,17.04,17.207741935483874,12,1997,6
1997-12-29,16.35,17.207741935483874,12,1997,0
1997-12-30,16.01,17.207741935483874,12,1997,1
1997-12-31,15.86,17.207741935483874,12,1997,2
1998-01-01,15.86,15.189354838709678,1,1998,3
1998-01-02,15.77,15.189354838709678,1,1998,4
1998-01-03,15.77,15.189354838709678,1,1998,5
1998-01-04,15.77,15.189354838709678,1,1998,6
1998-01-05,15.29,15.189354838709678,1,1998,0
1998-01-06,15.48,15.189354838709678,1,1998,1
1998-01-07,15.33,15.189354838709678,1,1998,2
1998-01-08,15.47,15.189354838709678,1,1998,3
1998-01-09,15.33,15.189354838709678,1,1998,4
1998-01-10,15.33,15.189354838709678,1,1998,5
1998-01-11,15.33,15.189354838709678,1,1998,6
1998-01-12,15.07,15.189354838709678,1,1998,0
1998-01-13,15.08,15.189354838709678,1,1998,1
1998-01-14,14.81,15.189354838709678,1,1998,2
1998-01-15,14.75,15.189354838709678,1,1998,3
1998-01-16,14.89,15.189354838709678,1,1998,4
1998-01-17,14.89,15.189354838709678,1,1998,5
1998-01-18,14.89,15.189354838709678,1,1998,6
1998-01-19,15.38,15.189354838709678,1,1998,0
1998-01-20,14.95,15.189354838709678,1,1998,1
1998-01-21,14.67,15.189354838709678,1,1998,2
1998-01-22,14.35,15.189354838709678,1,1998,3
1998-01-23,14.26,15.189354838709678,1,1998,4
1998-01-24,14.26,15.189354838709678,1,1998,5
1998-01-25,14.26,15.189354838709678,1,1998,6
1998-01-26,14.79,15.189354838709678,1,1998,0
1998-01-27,15.74,15.189354838709678,1,1998,1
1998-01-28,15.64,15.189354838709678,1,1998,2
1998-01-29,16.28,15.189354838709678,1,1998,3
1998-01-30,15.59,15.189354838709678,1,1998,4
1998-01-31,15.59,15.189354838709678,1,1998,5
1998-02-01,15.59,14.161785714285713,2,1998,6
1998-02-02,15.28,14.161785714285713,2,1998,0
1998-02-03,14.87,14.161785714285713,2,1998,1
1998-02-04,14.56,14.161785714285713,2,1998,2
1998-02-05,14.83,14.161785714285713,2,1998,3
1998-02-06,15.05,14.161785714285713,2,1998,4
1998-02-07,15.05,14.161785714285713,2,1998,5
1998-02-08,15.05,14.161785714285713,2,1998,6
1998-02-09,14.77,14.161785714285713,2,1998,0
1998-02-10,14.6,14.161785714285713,2,1998,1
1998-02-11,14.35,14.161785714285713,2,1998,2
1998-02-12,14.04,14.161785714285713,2,1998,3
1998-02-13,14.05,14.161785714285713,2,1998,4
1998-02-14,14.05,14.161785714285713,2,1998,5
1998-02-15,14.05,14.161785714285713,2,1998,6
1998-02-16,13.5,14.161785714285713,2,1998,0
1998-02-17,13.5,14.161785714285713,2,1998,1
1998-02-18,13.46,14.161785714285713,2,1998,2
1998-02-19,14.02,14.161785714285713,2,1998,3
1998-02-20,13.91,14.161785714285713,2,1998,4
1998-02-21,13.91,14.161785714285713,2,1998,5
1998-02-22,13.91,14.161785714285713,2,1998,6
1998-02-23,13.26,14.161785714285713,2,1998,0
1998-02-24,13.08,14.161785714285713,2,1998,1
1998-02-25,13.35,14.161785714285713,2,1998,2
1998-02-26,13.38,14.161785714285713,2,1998,3
1998-02-27,13.53,14.161785714285713,2,1998,4
1998-02-28,13.53,14.161785714285713,2,1998,5
1998-03-01,13.53,13.114193548387098,3,1998,6
1998-03-02,13.37,13.114193548387098,3,1998,0
1998-03-03,13.18,13.114193548387098,3,1998,1
1998-03-04,13.09,13.114193548387098,3,1998,2
1998-03-05,13.18,13.114193548387098,3,1998,3
1998-03-06,12.85,13.114193548387098,3,1998,4
1998-03-07,12.85,13.114193548387098,3,1998,5
1998-03-08,12.85,13.114193548387098,3,1998,6
1998-03-09,12.24,13.114193548387098,3,1998,0
1998-03-10,12.36,13.114193548387098,3,1998,1
1998-03-11,12.41,13.114193548387098,3,1998,2
1998-03-12,12.3,13.114193548387098,3,1998,3
1998-03-13,12.25,13.114193548387098,3,1998,4
1998-03-14,12.25,13.114193548387098,3,1998,5
1998-03-15,12.25,13.114193548387098,3,1998,6
1998-03-16,11.74,13.114193548387098,3,1998,0
1998-03-17,11.05,13.114193548387098,3,1998,1
1998-03-18,12.21,13.114193548387098,3,1998,2
1998-03-19,12.41,13.114193548387098,3,1998,3
1998-03-20,12.35,13.114193548387098,3,1998,4
1998-03-21,12.35,13.114193548387098,3,1998,5
1998-03-22,12.35,13.114193548387098,3,1998,6
1998-03-23,14.53,13.114193548387098,3,1998,0
1998-03-24,14.02,13.114193548387098,3,1998,1
1998-03-25,14.41,13.114193548387098,3,1998,2
1998-03-26,15.18,13.114193548387098,3,1998,3
1998-03-27,14.92,13.114193548387098,3,1998,4
1998-03-28,14.92,13.114193548387098,3,1998,5
1998-03-29,14.92,13.114193548387098,3,1998,6
1998-03-30,14.35,13.114193548387098,3,1998,0
1998-03-31,13.87,13.114193548387098,3,1998,1
1998-04-01,13.72,13.515666666666668,4,1998,2
1998-04-02,13.38,13.515666666666668,4,1998,3
1998-04-03,13.63,13.515666666666668,4,1998,4
1998-04-04,13.63,13.515666666666668,4,1998,5
1998-04-05,13.63,13.515666666666668,4,1998,6
1998-04-06,13.13,13.515666666666668,4,1998,0
1998-04-07,12.82,13.515666666666668,4,1998,1
1998-04-08,12.79,13.515666666666668,4,1998,2
1998-04-09,13.23,13.515666666666668,4,1998,3
1998-04-10,13.23,13.515666666666668,4,1998,4
1998-04-11,13.23,13.515666666666668,4,1998,5
1998-04-12,13.23,13.515666666666668,4,1998,6
1998-04-13,13.23,13.515666666666668,4,1998,0
1998-04-14,13.15,13.515666666666668,4,1998,1
1998-04-15,13.31,13.515666666666668,4,1998,2
1998-04-16,13.68,13.515666666666668,4,1998,3
1998-04-17,14.06,13.515666666666668,4,1998,4
1998-04-18,14.06,13.515666666666668,4,1998,5
1998-04-19,14.06,13.515666666666668,4,1998,6
1998-04-20,13.82,13.515666666666668,4,1998,0
1998-04-21,13.95,13.515666666666668,4,1998,1
1998-04-22,13.71,13.515666666666668,4,1998,2
1998-04-23,13.42,13.515666666666668,4,1998,3
1998-04-24,13.32,13.515666666666668,4,1998,4
1998-04-25,13.32,13.515666666666668,4,1998,5
1998-04-26,13.32,13.515666666666668,4,1998,6
1998-04-27,13.65,13.515666666666668,4,1998,0
1998-04-28,13.88,13.515666666666668,4,1998,1
1998-04-29,14.09,13.515666666666668,4,1998,2
1998-04-30,13.79,13.515666666666668,4,1998,3
1998-05-01,14.6,14.331935483870968,5,1998,4
1998-05-02,14.6,14.331935483870968,5,1998,5
1998-05-03,14.6,14.331935483870968,5,1998,6
1998-05-04,14.6,14.331935483870968,5,1998,0
1998-05-05,14.13,14.331935483870968,5,1998,1
1998-05-06,13.91,14.331935483870968,5,1998,2
1998-05-07,13.81,14.331935483870968,5,1998,3
1998-05-08,13.94,14.331935483870968,5,1998,4
1998-05-09,13.94,14.331935483870968,5,1998,5
1998-05-10,13.94,14.331935483870968,5,1998,6
1998-05-11,14.41,14.331935483870968,5,1998,0
1998-05-12,14.75,14.331935483870968,5,1998,1
1998-05-13,14.15,14.331935483870968,5,1998,2
1998-05-14,14.29,14.331935483870968,5,1998,3
1998-05-15,14.33,14.331935483870968,5,1998,4
1998-05-16,14.33,14.331935483870968,5,1998,5
1998-05-17,14.33,14.331935483870968,5,1998,6
1998-05-18,14.72,14.331935483870968,5,1998,0
1998-05-19,14.87,14.331935483870968,5,1998,1
1998-05-20,14.58,14.331935483870968,5,1998,2
1998-05-21,14.29,14.331935483870968,5,1998,3
1998-05-22,14.33,14.331935483870968,5,1998,4
1998-05-23,14.33,14.331935483870968,5,1998,5
1998-05-24,14.33,14.331935483870968,5,1998,6
1998-05-25,14.33,14.331935483870968,5,1998,0
1998-05-26,14.27,14.331935483870968,5,1998,1
1998-05-27,14.78,14.331935483870968,5,1998,2
1998-05-28,14.71,14.331935483870968,5,1998,3
1998-05-29,14.03,14.331935483870968,5,1998,4
1998-05-30,14.03,14.331935483870968,5,1998,5
1998-05-31,14.03,14.331935483870968,5,1998,6
1998-06-01,13.66,12.184666666666667,6,1998,0
1998-06-02,13.62,12.184666666666667,6,1998,1
1998-06-03,13.23,12.184666666666667,6,1998,2
1998-06-04,13.71,12.184666666666667,6,1998,3
1998-06-05,13.95,12.184666666666667,6,1998,4
1998-06-06,13.95,12.184666666666667,6,1998,5
1998-06-07,13.95,12.184666666666667,6,1998,6
1998-06-08,13.56,12.184666666666667,6,1998,0
1998-06-09,12.76,12.184666666666667,6,1998,1
1998-06-10,12.23,12.184666666666667,6,1998,2
1998-06-11,12.12,12.184666666666667,6,1998,3
1998-06-12,11.62,12.184666666666667,6,1998,4
1998-06-13,11.62,12.184666666666667,6,1998,5
1998-06-14,11.62,12.184666666666667,6,1998,6
1998-06-15,10.77,12.184666666666667,6,1998,0
1998-06-16,10.77,12.184666666666667,6,1998,1
1998-06-17,11.3,12.184666666666667,6,1998,2
1998-06-18,10.88,12.184666666666667,6,1998,3
1998-06-19,10.89,12.184666666666667,6,1998,4
1998-06-20,10.89,12.184666666666667,6,1998,5
1998-06-21,10.89,12.184666666666667,6,1998,6
1998-06-22,11.23,12.184666666666667,6,1998,0
1998-06-23,12.09,12.184666666666667,6,1998,1
1998-06-24,12.5,12.184666666666667,6,1998,2
1998-06-25,11.94,12.184666666666667,6,1998,3
1998-06-26,12.04,12.184666666666667,6,1998,4
1998-06-27,12.04,12.184666666666667,6,1998,5
1998-06-28,12.04,12.184666666666667,6,1998,6
1998-06-29,11.83,12.184666666666667,6,1998,0
1998-06-30,11.84,12.184666666666667,6,1998,1
1998-07-01,11.93,12.048064516129033,7,1998,2
1998-07-02,11.95,12.048064516129033,7,1998,3
1998-07-03,11.79,12.048064516129033,7,1998,4
1998-07-04,11.79,12.048064516129033,7,1998,5
1998-07-05,11.79,12.048064516129033,7,1998,6
1998-07-06,11.7,12.048064516129033,7,1998,0
1998-07-07,11.66,12.048064516129033,7,1998,1
1998-07-08,11.71,12.048064516129033,7,1998,2
1998-07-09,11.61,12.048064516129033,7,1998,3
1998-07-10,11.61,12.048064516129033,7,1998,4
1998-07-11,11.61,12.048064516129033,7,1998,5
1998-07-12,11.61,12.048064516129033,7,1998,6
1998-07-13,11.56,12.048064516129033,7,1998,0
1998-07-14,11.83,12.048064516129033,7,1998,1
1998-07-15,11.79,12.048064516129033,7,1998,2
1998-07-16,12.65,12.048064516129033,7,1998,3
1998-07-17,12.38,12.048064516129033,7,1998,4
1998-07-18,12.38,12.048064516129033,7,1998,5
1998-07-19,12.38,12.048064516129033,7,1998,6
1998-07-20,12.11,12.048064516129033,7,1998,0
1998-07-21,12.01,12.048064516129033,7,1998,1
1998-07-22,12.21,12.048064516129033,7,1998,2
1998-07-23,12.23,12.048064516129033,7,1998,3
1998-07-24,12.05,12.048064516129033,7,1998,4
1998-07-25,12.05,12.048064516129033,7,1998,5
1998-07-26,12.05,12.048064516129033,7,1998,6
1998-07-27,12.53,12.048064516129033,7,1998,0
1998-07-28,12.74,12.048064516129033,7,1998,1
1998-07-29,12.6,12.048064516129033,7,1998,2
1998-07-30,12.55,12.048064516129033,7,1998,3
1998-07-31,12.63,12.048064516129033,7,1998,4
1998-08-01,12.63,11.960645161290323,8,1998,5
1998-08-02,12.63,11.960645161290323,8,1998,6
1998-08-03,12.04,11.960645161290323,8,1998,0
1998-08-04,12.03,11.960645161290323,8,1998,1
1998-08-05,12.32,11.960645161290323,8,1998,2
1998-08-06,12.08,11.960645161290323,8,1998,3
1998-08-07,12.05,11.960645161290323,8,1998,4
1998-08-08,12.05,11.960645161290323,8,1998,5
1998-08-09,12.05,11.960645161290323,8,1998,6
1998-08-10,11.62,11.960645161290323,8,1998,0
1998-08-11,11.16,11.960645161290323,8,1998,1
1998-08-12,11.24,11.960645161290323,8,1998,2
1998-08-13,11.48,11.960645161290323,8,1998,3
1998-08-14,11.46,11.960645161290323,8,1998,4
1998-08-15,11.46,11.960645161290323,8,1998,5
1998-08-16,11.46,11.960645161290323,8,1998,6
1998-08-17,11.93,11.960645161290323,8,1998,0
1998-08-18,11.87,11.960645161290323,8,1998,1
1998-08-19,11.99,11.960645161290323,8,1998,2
1998-08-20,12.21,11.960645161290323,8,1998,3
1998-08-21,12.02,11.960645161290323,8,1998,4
1998-08-22,12.02,11.960645161290323,8,1998,5
1998-08-23,12.02,11.960645161290323,8,1998,6
1998-08-24,12.15,11.960645161290323,8,1998,0
1998-08-25,12.43,11.960645161290323,8,1998,1
1998-08-26,12.24,11.960645161290323,8,1998,2
1998-08-27,11.9,11.960645161290323,8,1998,3
1998-08-28,12.06,11.960645161290323,8,1998,4
1998-08-29,12.06,11.960645161290323,8,1998,5
1998-08-30,12.06,11.960645161290323,8,1998,6
1998-08-31,12.06,11.960645161290323,8,1998,0
1998-09-01,12.11,13.391333333333334,9,1998,1
1998-09-02,12.05,13.391333333333334,9,1998,2
1998-09-03,12.54,13.391333333333334,9,1998,3
1998-09-04,12.96,13.391333333333334,9,1998,4
1998-09-05,12.96,13.391333333333334,9,1998,5
1998-09-06,12.96,13.391333333333334,9,1998,6
1998-09-07,12.51,13.391333333333334,9,1998,0
1998-09-08,12.53,13.391333333333334,9,1998,1
1998-09-09,12.53,13.391333333333334,9,1998,2
1998-09-10,12.82,13.391333333333334,9,1998,3
1998-09-11,12.66,13.391333333333334,9,1998,4
1998-09-12,12.66,13.391333333333334,9,1998,5
1998-09-13,12.66,13.391333333333334,9,1998,6
1998-09-14,12.47,13.391333333333334,9,1998,0
1998-09-15,12.61,13.391333333333334,9,1998,1
1998-09-16,12.65,13.391333333333334,9,1998,2
1998-09-17,12.97,13.391333333333334,9,1998,3
1998-09-18,13.92,13.391333333333334,9,1998,4
1998-09-19,13.92,13.391333333333334,9,1998,5
1998-09-20,13.92,13.391333333333334,9,1998,6
1998-09-21,14.31,13.391333333333334,9,1998,0
1998-09-22,14.36,13.391333333333334,9,1998,1
1998-09-23,14.67,13.391333333333334,9,1998,2
1998-09-24,14.84,13.391333333333334,9,1998,3
1998-09-25,14.55,13.391333333333334,9,1998,4
1998-09-26,14.55,13.391333333333334,9,1998,5
1998-09-27,14.55,13.391333333333334,9,1998,6
1998-09-28,14.41,13.391333333333334,9,1998,0
1998-09-29,14.38,13.391333333333334,9,1998,1
1998-09-30,14.71,13.391333333333334,9,1998,2
1998-10-01,14.46,12.715806451612902,10,1998,3
1998-10-02,14.21,12.715806451612902,10,1998,4
1998-10-03,14.21,12.715806451612902,10,1998,5
1998-10-04,14.21,12.715806451612902,10,1998,6
1998-10-05,14.1,12.715806451612902,10,1998,0
1998-10-06,13.98,12.715806451612902,10,1998,1
1998-10-07,13.88,12.715806451612902,10,1998,2
1998-10-08,13.23,12.715806451612902,10,1998,3
1998-10-09,12.87,12.715806451612902,10,1998,4
1998-10-10,12.87,12.715806451612902,10,1998,5
1998-10-11,12.87,12.715806451612902,10,1998,6
1998-10-12,13.18,12.715806451612902,10,1998,0
1998-10-13,12.73,12.715806451612902,10,1998,1
1998-10-14,12.26,12.715806451612902,10,1998,2
1998-10-15,11.98,12.715806451612902,10,1998,3
1998-10-16,12.11,12.715806451612902,10,1998,4
1998-10-17,12.11,12.715806451612902,10,1998,5
1998-10-18,12.11,12.715806451612902,10,1998,6
1998-10-19,11.6,12.715806451612902,10,1998,0
1998-10-20,11.29,12.715806451612902,10,1998,1
1998-10-21,11.94,12.715806451612902,10,1998,2
1998-10-22,11.68,12.715806451612902,10,1998,3
1998-10-23,12.18,12.715806451612902,10,1998,4
1998-10-24,12.18,12.715806451612902,10,1998,5
1998-10-25,12.18,12.715806451612902,10,1998,6
1998-10-26,12.74,12.715806451612902,10,1998,0
1998-10-27,12.46,12.715806451612902,10,1998,1
1998-10-28,12.26,12.715806451612902,10,1998,2
1998-10-29,12.31,12.715806451612902,10,1998,3
1998-10-30,12.0,12.715806451612902,10,1998,4
1998-10-31,12.0,12.715806451612902,10,1998,5
1998-11-01,12.0,11.07,11,1998,6
1998-11-02,12.43,11.07,11,1998,0
1998-11-03,11.93,11.07,11,1998,1
1998-11-04,11.88,11.07,11,1998,2
1998-11-05,11.73,11.07,11,1998,3
1998-11-06,11.51,11.07,11,1998,4
1998-11-07,11.51,11.07,11,1998,5
1998-11-08,11.51,11.07,11,1998,6
1998-11-09,11.15,11.07,11,1998,0
1998-11-10,11.18,11.07,11,1998,1
1998-11-11,11.45,11.07,11,1998,2
1998-11-12,11.56,11.07,11,1998,3
1998-11-13,11.46,11.07,11,1998,4
1998-11-14,11.46,11.07,11,1998,5
1998-11-15,11.46,11.07,11,1998,6
1998-11-16,11.1,11.07,11,1998,0
1998-11-17,10.62,11.07,11,1998,1
1998-11-18,10.25,11.07,11,1998,2
1998-11-19,10.45,11.07,11,1998,3
1998-11-20,10.4,11.07,11,1998,4
1998-11-21,10.4,11.07,11,1998,5
1998-11-22,10.4,11.07,11,1998,6
1998-11-23,10.54,11.07,11,1998,0
1998-11-24,10.58,11.07,11,1998,1
1998-11-25,10.51,11.07,11,1998,2
1998-11-26,10.41,11.07,11,1998,3
1998-11-27,10.77,11.07,11,1998,4
1998-11-28,10.77,11.07,11,1998,5
1998-11-29,10.77,11.07,11,1998,6
1998-11-30,9.91,11.07,11,1998,0
1998-12-01,9.87,9.779677419354838,12,1998,1
1998-12-02,9.71,9.779677419354838,12,1998,2
1998-12-03,10.05,9.779677419354838,12,1998,3
1998-12-04,9.73,9.779677419354838,12,1998,4
1998-12-05,9.73,9.779677419354838,12,1998,5
1998-12-06,9.73,9.779677419354838,12,1998,6
1998-12-07,9.7,9.779677419354838,12,1998,0
1998-12-08,9.68,9.779677419354838,12,1998,1
1998-12-09,9.46,9.779677419354838,12,1998,2
1998-12-10,9.1,9.779677419354838,12,1998,3
1998-12-11,9.26,9.779677419354838,12,1998,4
1998-12-12,9.26,9.779677419354838,12,1998,5
1998-12-13,9.26,9.779677419354838,12,1998,6
1998-12-14,9.45,9.779677419354838,12,1998,0
1998-12-15,9.57,9.779677419354838,12,1998,1
1998-12-16,10.87,9.779677419354838,12,1998,2
1998-12-17,9.92,9.779677419354838,12,1998,3
1998-12-18,9.62,9.779677419354838,12,1998,4
1998-12-19,9.62,9.779677419354838,12,1998,5
1998-12-20,9.62,9.779677419354838,12,1998,6
1998-12-21,9.45,9.779677419354838,12,1998,0
1998-12-22,9.83,9.779677419354838,12,1998,1
1998-12-23,9.91,9.779677419354838,12,1998,2
1998-12-24,9.91,9.779677419354838,12,1998,3
1998-12-25,9.91,9.779677419354838,12,1998,4
1998-12-26,9.91,9.779677419354838,12,1998,5
1998-12-27,9.91,9.779677419354838,12,1998,6
1998-12-28,9.91,9.779677419354838,12,1998,0
1998-12-29,10.23,9.779677419354838,12,1998,1
1998-12-30,10.45,9.779677419354838,12,1998,2
1998-12-31,10.54,9.779677419354838,12,1998,3
1999-01-01,10.54,11.109354838709677,1,1999,4
1999-01-02,10.54,11.109354838709677,1,1999,5
1999-01-03,10.54,11.109354838709677,1,1999,6
1999-01-04,10.94,11.109354838709677,1,1999,0
1999-01-05,10.3,11.109354838709677,1,1999,1
1999-01-06,10.67,11.109354838709677,1,1999,2
1999-01-07,11.08,11.109354838709677,1,1999,3
1999-01-08,11.7,11.109354838709677,1,1999,4
1999-01-09,11.7,11.109354838709677,1,1999,5
1999-01-10,11.7,11.109354838709677,1,1999,6
1999-01-11,12.07,11.109354838709677,1,1999,0
1999-01-12,11.78,11.109354838709677,1,1999,1
1999-01-13,10.9,11.109354838709677,1,1999,2
1999-01-14,11.1,11.109354838709677,1,1999,3
1999-01-15,10.97,11.109354838709677,1,1999,4
1999-01-16,10.97,11.109354838709677,1,1999,5
1999-01-17,10.97,11.109354838709677,1,1999,6
1999-01-18,10.81,11.109354838709677,1,1999,0
1999-01-19,11.19,11.109354838709677,1,1999,1
1999-01-20,10.85,11.109354838709677,1,1999,2
1999-01-21,11.14,11.109354838709677,1,1999,3
1999-01-22,11.23,11.109354838709677,1,1999,4
1999-01-23,11.23,11.109354838709677,1,1999,5
1999-01-24,11.23,11.109354838709677,1,1999,6
1999-01-25,11.21,11.109354838709677,1,1999,0
1999-01-26,10.84,11.109354838709677,1,1999,1
1999-01-27,11.03,11.109354838709677,1,1999,2
1999-01-28,11.14,11.109354838709677,1,1999,3
1999-01-29,11.34,11.109354838709677,1,1999,4
1999-01-30,11.34,11.109354838709677,1,1999,5
1999-01-31,11.34,11.109354838709677,1,1999,6
1999-02-01,10.81,10.25607142857143,2,1999,0
1999-02-02,10.39,10.25607142857143,2,1999,1
1999-02-03,10.78,10.25607142857143,2,1999,2
1999-02-04,10.42,10.25607142857143,2,1999,3
1999-02-05,10.18,10.25607142857143,2,1999,4
1999-02-06,10.18,10.25607142857143,2,1999,5
1999-02-07,10.18,10.25607142857143,2,1999,6
1999-02-08,9.97,10.25607142857143,2,1999,0
1999-02-09,9.77,10.25607142857143,2,1999,1
1999-02-10,9.88,10.25607142857143,2,1999,2
1999-02-11,9.82,10.25607142857143,2,1999,3
1999-02-12,9.97,10.25607142857143,2,1999,4
1999-02-13,9.97,10.25607142857143,2,1999,5
1999-02-14,9.97,10.25607142857143,2,1999,6
1999-02-15,9.97,10.25607142857143,2,1999,0
1999-02-16,9.98,10.25607142857143,2,1999,1
1999-02-17,10.09,10.25607142857143,2,1999,2
1999-02-18,9.93,10.25607142857143,2,1999,3
1999-02-19,10.29,10.25607142857143,2,1999,4
1999-02-20,10.29,10.25607142857143,2,1999,5
1999-02-21,10.29,10.25607142857143,2,1999,6
1999-02-22,10.24,10.25607142857143,2,1999,0
1999-02-23,10.58,10.25607142857143,2,1999,1
1999-02-24,10.64,10.25607142857143,2,1999,2
1999-02-25,10.84,10.25607142857143,2,1999,3
1999-02-26,10.58,10.25607142857143,2,1999,4
1999-02-27,10.58,10.25607142857143,2,1999,5
1999-02-28,10.58,10.25607142857143,2,1999,6
1999-03-01,10.52,12.536774193548387,3,1999,0
1999-03-02,10.41,12.536774193548387,3,1999,1
1999-03-03,10.81,12.536774193548387,3,1999,2
1999-03-04,11.2,12.536774193548387,3,1999,3
1999-03-05,11.02,12.536774193548387,3,1999,4
1999-03-06,11.02,12.536774193548387,3,1999,5
1999-03-07,11.02,12.536774193548387,3,1999,6
1999-03-08,11.49,12.536774193548387,3,1999,0
1999-03-09,11.25,12.536774193548387,3,1999,1
1999-03-10,11.46,12.536774193548387,3,1999,2
1999-03-11,11.86,12.536774193548387,3,1999,3
1999-03-12,12.3,12.536774193548387,3,1999,4
1999-03-13,12.3,12.536774193548387,3,1999,5
1999-03-14,12.3,12.536774193548387,3,1999,6
1999-03-15,12.17,12.536774193548387,3,1999,0
1999-03-16,12.11,12.536774193548387,3,1999,1
1999-03-17,12.95,12.536774193548387,3,1999,2
1999-03-18,13.35,12.536774193548387,3,1999,3
1999-03-19,13.15,12.536774193548387,3,1999,4
1999-03-20,13.15,12.536774193548387,3,1999,5
1999-03-21,13.15,12.536774193548387,3,1999,6
1999-03-22,13.37,12.536774193548387,3,1999,0
1999-03-23,13.64,12.536774193548387,3,1999,1
1999-03-24,13.37,12.536774193548387,3,1999,2
1999-03-25,13.5,12.536774193548387,3,1999,3
1999-03-26,13.97,12.536774193548387,3,1999,4
1999-03-27,13.97,12.536774193548387,3,1999,5
1999-03-28,13.97,12.536774193548387,3,1999,6
1999-03-29,14.34,12.536774193548387,3,1999,0
1999-03-30,14.5,12.536774193548387,3,1999,1
1999-03-31,15.02,12.536774193548387,3,1999,2
1999-04-01,14.6,15.177666666666665,4,1999,3
1999-04-02,14.6,15.177666666666665,4,1999,4
1999-04-03,14.6,15.177666666666665,4,1999,5
1999-04-04,14.6,15.177666666666665,4,1999,6
1999-04-05,14.6,15.177666666666665,4,1999,0
1999-04-06,14.53,15.177666666666665,4,1999,1
1999-04-07,14.14,15.177666666666665,4,1999,2
1999-04-08,13.72,15.177666666666665,4,1999,3
1999-04-09,14.11,15.177666666666665,4,1999,4
1999-04-10,14.11,15.177666666666665,4,1999,5
1999-04-11,14.11,15.177666666666665,4,1999,6
1999-04-12,14.23,15.177666666666665,4,1999,0
1999-04-13,14.68,15.177666666666665,4,1999,1
1999-04-14,14.45,15.177666666666665,4,1999,2
1999-04-15,14.82,15.177666666666665,4,1999,3
1999-04-16,15.34,15.177666666666665,4,1999,4
1999-04-17,15.34,15.177666666666665,4,1999,5
1999-04-18,15.34,15.177666666666665,4,1999,6
1999-04-19,16.01,15.177666666666665,4,1999,0
1999-04-20,16.04,15.177666666666665,4,1999,1
1999-04-21,15.96,15.177666666666665,4,1999,2
1999-04-22,16.29,15.177666666666665,4,1999,3
1999-04-23,16.07,15.177666666666665,4,1999,4
1999-04-24,16.07,15.177666666666665,4,1999,5
1999-04-25,16.07,15.177666666666665,4,1999,6
1999-04-26,15.63,15.177666666666665,4,1999,0
1999-04-27,15.91,15.177666666666665,4,1999,1
1999-04-28,16.38,15.177666666666665,4,1999,2
1999-04-29,16.53,15.177666666666665,4,1999,3
1999-04-30,16.45,15.177666666666665,4,1999,4
1999-05-01,16.45,15.275483870967742,5,1999,5
1999-05-02,16.45,15.275483870967742,5,1999,6
1999-05-03,16.45,15.275483870967742,5,1999,0
1999-05-04,16.98,15.275483870967742,5,1999,1
1999-05-05,16.85,15.275483870967742,5,1999,2
1999-05-06,16.44,15.275483870967742,5,1999,3
1999-05-07,15.66,15.275483870967742,5,1999,4
1999-05-08,15.66,15.275483870967742,5,1999,5
1999-05-09,15.66,15.275483870967742,5,1999,6
1999-05-10,15.72,15.275483870967742,5,1999,0
1999-05-11,15.23,15.275483870967742,5,1999,1
1999-05-12,14.74,15.275483870967742,5,1999,2
1999-05-13,15.21,15.275483870967742,5,1999,3
1999-05-14,15.18,15.275483870967742,5,1999,4
1999-05-15,15.18,15.275483870967742,5,1999,5
1999-05-16,15.18,15.275483870967742,5,1999,6
1999-05-17,14.98,15.275483870967742,5,1999,0
1999-05-18,14.43,15.275483870967742,5,1999,1
1999-05-19,14.42,15.275483870967742,5,1999,2
1999-05-20,14.44,15.275483870967742,5,1999,3
1999-05-21,14.49,15.275483870967742,5,1999,4
1999-05-22,14.49,15.275483870967742,5,1999,5
1999-05-23,14.49,15.275483870967742,5,1999,6
1999-05-24,14.83,15.275483870967742,5,1999,0
1999-05-25,14.71,15.275483870967742,5,1999,1
1999-05-26,15.18,15.275483870967742,5,1999,2
1999-05-27,15.04,15.275483870967742,5,1999,3
1999-05-28,14.75,15.275483870967742,5,1999,4
1999-05-29,14.75,15.275483870967742,5,1999,5
1999-05-30,14.75,15.275483870967742,5,1999,6
1999-05-31,14.75,15.275483870967742,5,1999,0
1999-06-01,14.22,15.877,6,1999,1
1999-06-02,14.28,15.877,6,1999,2
1999-06-03,14.26,15.877,6,1999,3
1999-06-04,15.21,15.877,6,1999,4
1999-06-05,15.21,15.877,6,1999,5
1999-06-06,15.21,15.877,6,1999,6
1999-06-07,15.98,15.877,6,1999,0
1999-06-08,16.25,15.877,6,1999,1
1999-06-09,16.19,15.877,6,1999,2
1999-06-10,15.99,15.877,6,1999,3
1999-06-11,16.25,15.877,6,1999,4
1999-06-12,16.25,15.877,6,1999,5
1999-06-13,16.25,15.877,6,1999,6
1999-06-14,16.05,15.877,6,1999,0
1999-06-15,16.33,15.877,6,1999,1
1999-06-16,16.29,15.877,6,1999,2
1999-06-17,16.0,15.877,6,1999,3
1999-06-18,15.93,15.877,6,1999,4
1999-06-19,15.93,15.877,6,1999,5
1999-06-20,15.93,15.877,6,1999,6
1999-06-21,15.64,15.877,6,1999,0
1999-06-22,15.91,15.877,6,1999,1
1999-06-23,16.04,15.877,6,1999,2
1999-06-24,16.28,15.877,6,1999,3
1999-06-25,16.27,15.877,6,1999,4
1999-06-26,16.27,15.877,6,1999,5
1999-06-27,16.27,15.877,6,1999,6
1999-06-28,16.27,15.877,6,1999,0
1999-06-29,16.38,15.877,6,1999,1
1999-06-30,16.97,15.877,6,1999,2
1999-07-01,17.25,19.010322580645163,7,1999,3
1999-07-02,17.55,19.010322580645163,7,1999,4
1999-07-03,17.55,19.010322580645163,7,1999,5
1999-07-04,17.55,19.010322580645163,7,1999,6
1999-07-05,17.55,19.010322580645163,7,1999,0
1999-07-06,18.47,19.010322580645163,7,1999,1
1999-07-07,18.36,19.010322580645163,7,1999,2
1999-07-08,18.74,19.010322580645163,7,1999,3
1999-07-09,18.9,19.010322580645163,7,1999,4
1999-07-10,18.9,19.010322580645163,7,1999,5
1999-07-11,18.9,19.010322580645163,7,1999,6
1999-07-12,18.94,19.010322580645163,7,1999,0
1999-07-13,19.49,19.010322580645163,7,1999,1
1999-07-14,19.48,19.010322580645163,7,1999,2
1999-07-15,18.9,19.010322580645163,7,1999,3
1999-07-16,19.42,19.010322580645163,7,1999,4
1999-07-17,19.42,19.010322580645163,7,1999,5
1999-07-18,19.42,19.010322580645163,7,1999,6
1999-07-19,19.75,19.010322580645163,7,1999,0
1999-07-20,19.33,19.010322580645163,7,1999,1
1999-07-21,18.62,19.010322580645163,7,1999,2
1999-07-22,19.01,19.010322580645163,7,1999,3
1999-07-23,19.69,19.010322580645163,7,1999,4
1999-07-24,19.69,19.010322580645163,7,1999,5
1999-07-25,19.69,19.010322580645163,7,1999,6
1999-07-26,19.73,19.010322580645163,7,1999,0
1999-07-27,19.46,19.010322580645163,7,1999,1
1999-07-28,19.65,19.010322580645163,7,1999,2
1999-07-29,19.97,19.010322580645163,7,1999,3
1999-07-30,19.97,19.010322580645163,7,1999,4
1999-07-31,19.97,19.010322580645163,7,1999,5
1999-08-01,19.97,20.267419354838708,8,1999,6
1999-08-02,19.21,20.267419354838708,8,1999,0
1999-08-03,19.32,20.267419354838708,8,1999,1
1999-08-04,19.38,20.267419354838708,8,1999,2
1999-08-05,19.64,20.267419354838708,8,1999,3
1999-08-06,19.66,20.267419354838708,8,1999,4
1999-08-07,19.66,20.267419354838708,8,1999,5
1999-08-08,19.66,20.267419354838708,8,1999,6
1999-08-09,19.34,20.267419354838708,8,1999,0
1999-08-10,20.18,20.267419354838708,8,1999,1
1999-08-11,20.58,20.267419354838708,8,1999,2
1999-08-12,20.32,20.267419354838708,8,1999,3
1999-08-13,20.61,20.267419354838708,8,1999,4
1999-08-14,20.61,20.267419354838708,8,1999,5
1999-08-15,20.61,20.267419354838708,8,1999,6
1999-08-16,20.68,20.267419354838708,8,1999,0
1999-08-17,20.61,20.267419354838708,8,1999,1
1999-08-18,20.69,20.267419354838708,8,1999,2
1999-08-19,20.92,20.267419354838708,8,1999,3
1999-08-20,21.11,20.267419354838708,8,1999,4
1999-08-21,21.11,20.267419354838708,8,1999,5
1999-08-22,21.11,20.267419354838708,8,1999,6
1999-08-23,20.96,20.267419354838708,8,1999,0
1999-08-24,20.48,20.267419354838708,8,1999,1
1999-08-25,19.71,20.267419354838708,8,1999,2
1999-08-26,19.8,20.267419354838708,8,1999,3
1999-08-27,20.32,20.267419354838708,8,1999,4
1999-08-28,20.32,20.267419354838708,8,1999,5
1999-08-29,20.32,20.267419354838708,8,1999,6
1999-08-30,20.32,20.267419354838708,8,1999,0
1999-08-31,21.08,20.267419354838708,8,1999,1
1999-09-01,21.1,22.511000000000003,9,1999,2
1999-09-02,20.66,22.511000000000003,9,1999,3
1999-09-03,20.74,22.511000000000003,9,1999,4
1999-09-04,20.74,22.511000000000003,9,1999,5
1999-09-05,20.74,22.511000000000003,9,1999,6
1999-09-06,21.14,22.511000000000003,9,1999,0
1999-09-07,21.71,22.511000000000003,9,1999,1
1999-09-08,21.96,22.511000000000003,9,1999,2
1999-09-09,22.51,22.511000000000003,9,1999,3
1999-09-10,22.36,22.511000000000003,9,1999,4
1999-09-11,22.36,22.511000000000003,9,1999,5
1999-09-12,22.36,22.511000000000003,9,1999,6
1999-09-13,22.98,22.511000000000003,9,1999,0
1999-09-14,23.18,22.511000000000003,9,1999,1
1999-09-15,23.25,22.511000000000003,9,1999,2
1999-09-16,23.06,22.511000000000003,9,1999,3
1999-09-17,22.93,22.511000000000003,9,1999,4
1999-09-18,22.93,22.511000000000003,9,1999,5
1999-09-19,22.93,22.511000000000003,9,1999,6
1999-09-20,22.85,22.511000000000003,9,1999,0
1999-09-21,22.68,22.511000000000003,9,1999,1
1999-09-22,22.49,22.511000000000003,9,1999,2
1999-09-23,23.41,22.511000000000003,9,1999,3
1999-09-24,23.66,22.511000000000003,9,1999,4
1999-09-25,23.66,22.511000000000003,9,1999,5
1999-09-26,23.66,22.511000000000003,9,1999,6
1999-09-27,23.6,22.511000000000003,9,1999,0
1999-09-28,23.24,22.511000000000003,9,1999,1
1999-09-29,23.46,22.511000000000003,9,1999,2
1999-09-30,22.98,22.511000000000003,9,1999,3
1999-10-01,22.98,21.93064516129032,10,1999,4
1999-10-02,22.98,21.93064516129032,10,1999,5
1999-10-03,22.98,21.93064516129032,10,1999,6
1999-10-04,23.3,21.93064516129032,10,1999,0
1999-10-05,22.64,21.93064516129032,10,1999,1
1999-10-06,23.07,21.93064516129032,10,1999,2
1999-10-07,22.33,21.93064516129032,10,1999,3
1999-10-08,20.78,21.93064516129032,10,1999,4
1999-10-09,20.78,21.93064516129032,10,1999,5
1999-10-10,20.78,21.93064516129032,10,1999,6
1999-10-11,20.84,21.93064516129032,10,1999,0
1999-10-12,21.89,21.93064516129032,10,1999,1
1999-10-13,22.26,21.93064516129032,10,1999,2
1999-10-14,22.28,21.93064516129032,10,1999,3
1999-10-15,21.65,21.93064516129032,10,1999,4
1999-10-16,21.65,21.93064516129032,10,1999,5
1999-10-17,21.65,21.93064516129032,10,1999,6
1999-10-18,22.26,21.93064516129032,10,1999,0
1999-10-19,21.59,21.93064516129032,10,1999,1
1999-10-20,21.02,21.93064516129032,10,1999,2
1999-10-21,21.68,21.93064516129032,10,1999,3
1999-10-22,22.38,21.93064516129032,10,1999,4
1999-10-23,22.38,21.93064516129032,10,1999,5
1999-10-24,22.38,21.93064516129032,10,1999,6
1999-10-25,22.45,21.93064516129032,10,1999,0
1999-10-26,22.14,21.93064516129032,10,1999,1
1999-10-27,22.18,21.93064516129032,10,1999,2
1999-10-28,21.22,21.93064516129032,10,1999,3
1999-10-29,21.11,21.93064516129032,10,1999,4
1999-10-30,21.11,21.93064516129032,10,1999,5
1999-10-31,21.11,21.93064516129032,10,1999,6
1999-11-01,21.32,24.640333333333334,11,1999,0
1999-11-02,21.98,24.640333333333334,11,1999,1
1999-11-03,22.38,24.640333333333334,11,1999,2
1999-11-04,22.64,24.640333333333334,11,1999,3
1999-11-05,22.8,24.640333333333334,11,1999,4
1999-11-06,22.8,24.640333333333334,11,1999,5
1999-11-07,22.8,24.640333333333334,11,1999,6
1999-11-08,23.62,24.640333333333334,11,1999,0
1999-11-09,24.44,24.640333333333334,11,1999,1
1999-11-10,25.42,24.640333333333334,11,1999,2
1999-11-11,24.96,24.640333333333334,11,1999,3
1999-11-12,25.39,24.640333333333334,11,1999,4
1999-11-13,25.39,24.640333333333334,11,1999,5
1999-11-14,25.39,24.640333333333334,11,1999,6
1999-11-15,25.93,24.640333333333334,11,1999,0
1999-11-16,24.88,24.640333333333334,11,1999,1
1999-11-17,24.98,24.640333333333334,11,1999,2
1999-11-18,25.02,24.640333333333334,11,1999,3
1999-11-19,25.14,24.640333333333334,11,1999,4
1999-11-20,25.14,24.640333333333334,11,1999,5
1999-11-21,25.14,24.640333333333334,11,1999,6
1999-11-22,25.86,24.640333333333334,11,1999,0
1999-11-23,25.66,24.640333333333334,11,1999,1
1999-11-24,25.77,24.640333333333334,11,1999,2
1999-11-25,25.94,24.640333333333334,11,1999,3
1999-11-26,25.85,24.640333333333334,11,1999,4
1999-11-27,25.85,24.640333333333334,11,1999,5
1999-11-28,25.85,24.640333333333334,11,1999,6
1999-11-29,25.67,24.640333333333334,11,1999,0
1999-11-30,25.2,24.640333333333334,11,1999,1
1999-12-01,24.2,25.450645161290325,12,1999,2
1999-12-02,25.52,25.450645161290325,12,1999,3
1999-12-03,26.17,25.450645161290325,12,1999,4
1999-12-04,26.17,25.450645161290325,12,1999,5
1999-12-05,26.17,25.450645161290325,12,1999,6
1999-12-06,26.46,25.450645161290325,12,1999,0
1999-12-07,26.1,25.450645161290325,12,1999,1
1999-12-08,25.45,25.450645161290325,12,1999,2
1999-12-09,25.85,25.450645161290325,12,1999,3
1999-12-10,24.86,25.450645161290325,12,1999,4
1999-12-11,24.86,25.450645161290325,12,1999,5
1999-12-12,24.86,25.450645161290325,12,1999,6
1999-12-13,24.31,25.450645161290325,12,1999,0
1999-12-14,24.88,25.450645161290325,12,1999,1
1999-12-15,25.68,25.450645161290325,12,1999,2
1999-12-16,26.09,25.450645161290325,12,1999,3
1999-12-17,26.22,25.450645161290325,12,1999,4
1999-12-18,26.22,25.450645161290325,12,1999,5
1999-12-19,26.22,25.450645161290325,12,1999,6
1999-12-20,25.98,25.450645161290325,12,1999,0
1999-12-21,25.51,25.450645161290325,12,1999,1
1999-12-22,25.04,25.450645161290325,12,1999,2
1999-12-23,25.11,25.450645161290325,12,1999,3
1999-12-24,25.11,25.450645161290325,12,1999,4
1999-12-25,25.11,25.450645161290325,12,1999,5
1999-12-26,25.11,25.450645161290325,12,1999,6
1999-12-27,25.11,25.450645161290325,12,1999,0
1999-12-28,25.11,25.450645161290325,12,1999,1
1999-12-29,25.63,25.450645161290325,12,1999,2
1999-12-30,24.93,25.450645161290325,12,1999,3
1999-12-31,24.93,25.450645161290325,12,1999,4
2000-01-01,24.93,25.491935483870968,1,2000,5
2000-01-02,24.93,25.491935483870968,1,2000,6
2000-01-03,24.93,25.491935483870968,1,2000,0
2000-01-04,23.95,25.491935483870968,1,2000,1
2000-01-05,23.72,25.491935483870968,1,2000,2
2000-01-06,23.55,25.491935483870968,1,2000,3
2000-01-07,23.35,25.491935483870968,1,2000,4
2000-01-08,23.35,25.491935483870968,1,2000,5
2000-01-09,23.35,25.491935483870968,1,2000,6
2000-01-10,22.77,25.491935483870968,1,2000,0
2000-01-11,23.93,25.491935483870968,1,2000,1
2000-01-12,24.62,25.491935483870968,1,2000,2
2000-01-13,24.9,25.491935483870968,1,2000,3
2000-01-14,25.5,25.491935483870968,1,2000,4
2000-01-15,25.5,25.491935483870968,1,2000,5
2000-01-16,25.5,25.491935483870968,1,2000,6
2000-01-17,25.99,25.491935483870968,1,2000,0
2000-01-18,26.31,25.491935483870968,1,2000,1
2000-01-19,26.17,25.491935483870968,1,2000,2
2000-01-20,26.26,25.491935483870968,1,2000,3
2000-01-21,27.18,25.491935483870968,1,2000,4
2000-01-22,27.18,25.491935483870968,1,2000,5
2000-01-23,27.18,25.491935483870968,1,2000,6
2000-01-24,27.02,25.491935483870968,1,2000,0
2000-01-25,27.24,25.491935483870968,1,2000,1
2000-01-26,27.18,25.491935483870968,1,2000,2
2000-01-27,26.91,25.491935483870968,1,2000,3
2000-01-28,26.59,25.491935483870968,1,2000,4
2000-01-29,26.59,25.491935483870968,1,2000,5
2000-01-30,26.59,25.491935483870968,1,2000,6
2000-01-31,27.08,25.491935483870968,1,2000,0
2000-02-01,27.35,27.774827586206897,2,2000,1
2000-02-02,27.15,27.774827586206897,2,2000,2
2000-02-03,27.6,27.774827586206897,2,2000,3
2000-02-04,27.48,27.774827586206897,2,2000,4
2000-02-05,27.48,27.774827586206897,2,2000,5
2000-02-06,27.48,27.774827586206897,2,2000,6
2000-02-07,27.94,27.774827586206897,2,2000,0
2000-02-08,27.61,27.774827586206897,2,2000,1
2000-02-09,27.44,27.774827586206897,2,2000,2
2000-02-10,27.32,27.774827586206897,2,2000,3
2000-02-11,27.82,27.774827586206897,2,2000,4
2000-02-12,27.82,27.774827586206897,2,2000,5
2000-02-13,27.82,27.774827586206897,2,2000,6
2000-02-14,28.03,27.774827586206897,2,2000,0
2000-02-15,28.12,27.774827586206897,2,2000,1
2000-02-16,28.11,27.774827586206897,2,2000,2
2000-02-17,27.54,27.774827586206897,2,2000,3
2000-02-18,27.26,27.774827586206897,2,2000,4
2000-02-19,27.26,27.774827586206897,2,2000,5
2000-02-20,27.26,27.774827586206897,2,2000,6
2000-02-21,26.93,27.774827586206897,2,2000,0
2000-02-22,27.22,27.774827586206897,2,2000,1
2000-02-23,27.92,27.774827586206897,2,2000,2
2000-02-24,28.21,27.774827586206897,2,2000,3
2000-02-25,28.53,27.774827586206897,2,2000,4
2000-02-26,28.53,27.774827586206897,2,2000,5
2000-02-27,28.53,27.774827586206897,2,2000,6
2000-02-28,28.7,27.774827586206897,2,2000,0
2000-02-29,29.01,27.774827586206897,2,2000,1
2000-03-01,29.78,27.64516129032258,3,2000,2
2000-03-02,30.12,27.64516129032258,3,2000,3
2000-03-03,29.83,27.64516129032258,3,2000,4
2000-03-04,29.83,27.64516129032258,3,2000,5
2000-03-05,29.83,27.64516129032258,3,2000,6
2000-03-06,30.08,27.64516129032258,3,2000,0
2000-03-07,31.93,27.64516129032258,3,2000,1
2000-03-08,31.41,27.64516129032258,3,2000,2
2000-03-09,29.11,27.64516129032258,3,2000,3
2000-03-10,28.97,27.64516129032258,3,2000,4
2000-03-11,28.97,27.64516129032258,3,2000,5
2000-03-12,28.97,27.64516129032258,3,2000,6
2000-03-13,29.25,27.64516129032258,3,2000,0
2000-03-14,28.83,27.64516129032258,3,2000,1
2000-03-15,28.03,27.64516129032258,3,2000,2
2000-03-16,27.97,27.64516129032258,3,2000,3
2000-03-17,27.87,27.64516129032258,3,2000,4
2000-03-18,27.87,27.64516129032258,3,2000,5
2000-03-19,27.87,27.64516129032258,3,2000,6
2000-03-20,25.59,27.64516129032258,3,2000,0
2000-03-21,24.93,27.64516129032258,3,2000,1
2000-03-22,25.77,27.64516129032258,3,2000,2
2000-03-23,25.32,27.64516129032258,3,2000,3
2000-03-24,25.74,27.64516129032258,3,2000,4
2000-03-25,25.74,27.64516129032258,3,2000,5
2000-03-26,25.74,27.64516129032258,3,2000,6
2000-03-27,25.16,27.64516129032258,3,2000,0
2000-03-28,24.8,27.64516129032258,3,2000,1
2000-03-29,23.77,27.64516129032258,3,2000,2
2000-03-30,23.94,27.64516129032258,3,2000,3
2000-03-31,23.98,27.64516129032258,3,2000,4
2000-04-01,23.98,22.970000000000002,4,2000,5
2000-04-02,23.98,22.970000000000002,4,2000,6
2000-04-03,24.62,22.970000000000002,4,2000,0
2000-04-04,23.26,22.970000000000002,4,2000,1
2000-04-05,22.98,22.970000000000002,4,2000,2
2000-04-06,22.9,22.970000000000002,4,2000,3
2000-04-07,22.63,22.970000000000002,4,2000,4
2000-04-08,22.63,22.970000000000002,4,2000,5
2000-04-09,22.63,22.970000000000002,4,2000,6
2000-04-10,21.08,22.970000000000002,4,2000,0
2000-04-11,21.05,22.970000000000002,4,2000,1
2000-04-12,21.4,22.970000000000002,4,2000,2
2000-04-13,22.65,22.970000000000002,4,2000,3
2000-04-14,22.13,22.970000000000002,4,2000,4
2000-04-15,22.13,22.970000000000002,4,2000,5
2000-04-16,22.13,22.970000000000002,4,2000,6
2000-04-17,22.2,22.970000000000002,4,2000,0
2000-04-18,22.67,22.970000000000002,4,2000,1
2000-04-19,23.5,22.970000000000002,4,2000,2
2000-04-20,23.57,22.970000000000002,4,2000,3
2000-04-21,23.57,22.970000000000002,4,2000,4
2000-04-22,23.57,22.970000000000002,4,2000,5
2000-04-23,23.57,22.970000000000002,4,2000,6
2000-04-24,23.57,22.970000000000002,4,2000,0
2000-04-25,23.36,22.970000000000002,4,2000,1
2000-04-26,22.9,22.970000000000002,4,2000,2
2000-04-27,23.07,22.970000000000002,4,2000,3
2000-04-28,23.79,22.970000000000002,4,2000,4
2000-04-29,23.79,22.970000000000002,4,2000,5
2000-04-30,23.79,22.970000000000002,4,2000,6
2000-05-01,23.79,27.754516129032258,5,2000,0
2000-05-02,24.73,27.754516129032258,5,2000,1
2000-05-03,25.13,27.754516129032258,5,2000,2
2000-05-04,25.06,27.754516129032258,5,2000,3
2000-05-05,24.93,27.754516129032258,5,2000,4
2000-05-06,24.93,27.754516129032258,5,2000,5
2000-05-07,24.93,27.754516129032258,5,2000,6
2000-05-08,26.03,27.754516129032258,5,2000,0
2000-05-09,26.69,27.754516129032258,5,2000,1
2000-05-10,26.59,27.754516129032258,5,2000,2
2000-05-11,27.22,27.754516129032258,5,2000,3
2000-05-12,27.98,27.754516129032258,5,2000,4
2000-05-13,27.98,27.754516129032258,5,2000,5
2000-05-14,27.98,27.754516129032258,5,2000,6
2000-05-15,28.26,27.754516129032258,5,2000,0
2000-05-16,28.78,27.754516129032258,5,2000,1
2000-05-17,28.4,27.754516129032258,5,2000,2
2000-05-18,28.9,27.754516129032258,5,2000,3
2000-05-19,29.01,27.754516129032258,5,2000,4
2000-05-20,29.01,27.754516129032258,5,2000,5
2000-05-21,29.01,27.754516129032258,5,2000,6
2000-05-22,28.45,27.754516129032258,5,2000,0
2000-05-23,28.12,27.754516129032258,5,2000,1
2000-05-24,28.97,27.754516129032258,5,2000,2
2000-05-25,29.62,27.754516129032258,5,2000,3
2000-05-26,30.09,27.754516129032258,5,2000,4
2000-05-27,30.09,27.754516129032258,5,2000,5
2000-05-28,30.09,27.754516129032258,5,2000,6
2000-05-29,30.09,27.754516129032258,5,2000,0
2000-05-30,29.89,27.754516129032258,5,2000,1
2000-05-31,29.64,27.754516129032258,5,2000,2
2000-06-01,29.69,29.720000000000002,6,2000,3
2000-06-02,29.35,29.720000000000002,6,2000,4
2000-06-03,29.35,29.720000000000002,6,2000,5
2000-06-04,29.35,29.720000000000002,6,2000,6
2000-06-05,28.27,29.720000000000002,6,2000,0
2000-06-06,28.42,29.720000000000002,6,2000,1
2000-06-07,28.32,29.720000000000002,6,2000,2
2000-06-08,29.34,29.720000000000002,6,2000,3
2000-06-09,29.0,29.720000000000002,6,2000,4
2000-06-10,29.0,29.720000000000002,6,2000,5
2000-06-11,29.0,29.720000000000002,6,2000,6
2000-06-12,30.1,29.720000000000002,6,2000,0
2000-06-13,30.4,29.720000000000002,6,2000,1
2000-06-14,30.12,29.720000000000002,6,2000,2
2000-06-15,29.77,29.720000000000002,6,2000,3
2000-06-16,28.68,29.720000000000002,6,2000,4
2000-06-17,28.68,29.720000000000002,6,2000,5
2000-06-18,28.68,29.720000000000002,6,2000,6
2000-06-19,27.69,29.720000000000002,6,2000,0
2000-06-20,28.86,29.720000000000002,6,2000,1
2000-06-21,30.71,29.720000000000002,6,2000,2
2000-06-22,30.61,29.720000000000002,6,2000,3
2000-06-23,31.02,29.720000000000002,6,2000,4
2000-06-24,31.02,29.720000000000002,6,2000,5
2000-06-25,31.02,29.720000000000002,6,2000,6
2000-06-26,30.9,29.720000000000002,6,2000,0
2000-06-27,30.47,29.720000000000002,6,2000,1
2000-06-28,31.15,29.720000000000002,6,2000,2
2000-06-29,31.05,29.720000000000002,6,2000,3
2000-06-30,31.58,29.720000000000002,6,2000,4
2000-07-01,31.58,28.82741935483871,7,2000,5
2000-07-02,31.58,28.82741935483871,7,2000,6
2000-07-03,32.15,28.82741935483871,7,2000,0
2000-07-04,30.73,28.82741935483871,7,2000,1
2000-07-05,30.35,28.82741935483871,7,2000,2
2000-07-06,30.67,28.82741935483871,7,2000,3
2000-07-07,30.62,28.82741935483871,7,2000,4
2000-07-08,30.62,28.82741935483871,7,2000,5
2000-07-09,30.62,28.82741935483871,7,2000,6
2000-07-10,30.58,28.82741935483871,7,2000,0
2000-07-11,29.83,28.82741935483871,7,2000,1
2000-07-12,30.27,28.82741935483871,7,2000,2
2000-07-13,31.15,28.82741935483871,7,2000,3
2000-07-14,30.82,28.82741935483871,7,2000,4
2000-07-15,30.82,28.82741935483871,7,2000,5
2000-07-16,30.82,28.82741935483871,7,2000,6
2000-07-17,28.44,28.82741935483871,7,2000,0
2000-07-18,28.46,28.82741935483871,7,2000,1
2000-07-19,28.33,28.82741935483871,7,2000,2
2000-07-20,27.85,28.82741935483871,7,2000,3
2000-07-21,26.68,28.82741935483871,7,2000,4
2000-07-22,26.68,28.82741935483871,7,2000,5
2000-07-23,26.68,28.82741935483871,7,2000,6
2000-07-24,26.84,28.82741935483871,7,2000,0
2000-07-25,25.78,28.82741935483871,7,2000,1
2000-07-26,25.92,28.82741935483871,7,2000,2
2000-07-27,25.6,28.82741935483871,7,2000,3
2000-07-28,25.96,28.82741935483871,7,2000,4
2000-07-29,25.96,28.82741935483871,7,2000,5
2000-07-30,25.96,28.82741935483871,7,2000,6
2000-07-31,25.3,28.82741935483871,7,2000,0
2000-08-01,25.24,30.240322580645163,8,2000,1
2000-08-02,26.8,30.240322580645163,8,2000,2
2000-08-03,27.04,30.240322580645163,8,2000,3
2000-08-04,28.01,30.240322580645163,8,2000,4
2000-08-05,28.01,30.240322580645163,8,2000,5
2000-08-06,28.01,30.240322580645163,8,2000,6
2000-08-07,27.56,30.240322580645163,8,2000,0
2000-08-08,27.58,30.240322580645163,8,2000,1
2000-08-09,28.13,30.240322580645163,8,2000,2
2000-08-10,28.98,30.240322580645163,8,2000,3
2000-08-11,29.44,30.240322580645163,8,2000,4
2000-08-12,29.44,30.240322580645163,8,2000,5
2000-08-13,29.44,30.240322580645163,8,2000,6
2000-08-14,29.24,30.240322580645163,8,2000,0
2000-08-15,30.0,30.240322580645163,8,2000,1
2000-08-16,29.66,30.240322580645163,8,2000,2
2000-08-17,30.71,30.240322580645163,8,2000,3
2000-08-18,30.76,30.240322580645163,8,2000,4
2000-08-19,30.76,30.240322580645163,8,2000,5
2000-08-20,30.76,30.240322580645163,8,2000,6
2000-08-21,31.34,30.240322580645163,8,2000,0
2000-08-22,30.18,30.240322580645163,8,2000,1
2000-08-23,32.38,30.240322580645163,8,2000,2
2000-08-24,31.67,30.240322580645163,8,2000,3
2000-08-25,33.26,30.240322580645163,8,2000,4
2000-08-26,33.26,30.240322580645163,8,2000,5
2000-08-27,33.26,30.240322580645163,8,2000,6
2000-08-28,33.29,30.240322580645163,8,2000,0
2000-08-29,34.03,30.240322580645163,8,2000,1
2000-08-30,34.13,30.240322580645163,8,2000,2
2000-08-31,35.08,30.240322580645163,8,2000,3
2000-09-01,35.09,33.257333333333335,9,2000,4
2000-09-02,35.09,33.257333333333335,9,2000,5
2000-09-03,35.09,33.257333333333335,9,2000,6
2000-09-04,36.02,33.257333333333335,9,2000,0
2000-09-05,35.72,33.257333333333335,9,2000,1
2000-09-06,36.7,33.257333333333335,9,2000,2
2000-09-07,37.43,33.257333333333335,9,2000,3
2000-09-08,36.27,33.257333333333335,9,2000,4
2000-09-09,36.27,33.257333333333335,9,2000,5
2000-09-10,36.27,33.257333333333335,9,2000,6
2000-09-11,36.87,33.257333333333335,9,2000,0
2000-09-12,33.3,33.257333333333335,9,2000,1
2000-09-13,31.08,33.257333333333335,9,2000,2
2000-09-14,31.35,33.257333333333335,9,2000,3
2000-09-15,33.68,33.257333333333335,9,2000,4
2000-09-16,33.68,33.257333333333335,9,2000,5
2000-09-17,33.68,33.257333333333335,9,2000,6
2000-09-18,34.55,33.257333333333335,9,2000,0
2000-09-19,33.48,33.257333333333335,9,2000,1
2000-09-20,33.67,33.257333333333335,9,2000,2
2000-09-21,32.18,33.257333333333335,9,2000,3
2000-09-22,31.59,33.257333333333335,9,2000,4
2000-09-23,31.59,33.257333333333335,9,2000,5
2000-09-24,31.59,33.257333333333335,9,2000,6
2000-09-25,30.01,33.257333333333335,9,2000,0
2000-09-26,29.94,33.257333333333335,9,2000,1
2000-09-27,29.78,33.257333333333335,9,2000,2
2000-09-28,28.91,33.257333333333335,9,2000,3
2000-09-29,28.42,33.257333333333335,9,2000,4
2000-09-30,28.42,33.257333333333335,9,2000,5
2000-10-01,28.42,30.927096774193547,10,2000,6
2000-10-02,29.65,30.927096774193547,10,2000,0
2000-10-03,30.64,30.927096774193547,10,2000,1
2000-10-04,30.07,30.927096774193547,10,2000,2
2000-10-05,29.19,30.927096774193547,10,2000,3
2000-10-06,29.62,30.927096774193547,10,2000,4
2000-10-07,29.62,30.927096774193547,10,2000,5
2000-10-08,29.62,30.927096774193547,10,2000,6
2000-10-09,29.99,30.927096774193547,10,2000,0
2000-10-10,30.95,30.927096774193547,10,2000,1
2000-10-11,31.25,30.927096774193547,10,2000,2
2000-10-12,33.45,30.927096774193547,10,2000,3
2000-10-13,33.5,30.927096774193547,10,2000,4
2000-10-14,33.5,30.927096774193547,10,2000,5
2000-10-15,33.5,30.927096774193547,10,2000,6
2000-10-16,32.03,30.927096774193547,10,2000,0
2000-10-17,30.38,30.927096774193547,10,2000,1
2000-10-18,30.98,30.927096774193547,10,2000,2
2000-10-19,31.29,30.927096774193547,10,2000,3
2000-10-20,30.16,30.927096774193547,10,2000,4
2000-10-21,30.16,30.927096774193547,10,2000,5
2000-10-22,30.16,30.927096774193547,10,2000,6
2000-10-23,30.98,30.927096774193547,10,2000,0
2000-10-24,31.81,30.927096774193547,10,2000,1
2000-10-25,31.17,30.927096774193547,10,2000,2
2000-10-26,31.48,30.927096774193547,10,2000,3
2000-10-27,31.31,30.927096774193547,10,2000,4
2000-10-28,31.31,30.927096774193547,10,2000,5
2000-10-29,31.31,30.927096774193547,10,2000,6
2000-10-30,31.09,30.927096774193547,10,2000,0
2000-10-31,30.15,30.927096774193547,10,2000,1
2000-11-01,31.62,32.50566666666666,11,2000,2
2000-11-02,30.81,32.50566666666666,11,2000,3
2000-11-03,30.81,32.50566666666666,11,2000,4
2000-11-04,30.81,32.50566666666666,11,2000,5
2000-11-05,30.81,32.50566666666666,11,2000,6
2000-11-06,31.0,32.50566666666666,11,2000,0
2000-11-07,31.59,32.50566666666666,11,2000,1
2000-11-08,31.3,32.50566666666666,11,2000,2
2000-11-09,31.79,32.50566666666666,11,2000,3
2000-11-10,32.26,32.50566666666666,11,2000,4
2000-11-11,32.26,32.50566666666666,11,2000,5
2000-11-12,32.26,32.50566666666666,11,2000,6
2000-11-13,32.5,32.50566666666666,11,2000,0
2000-11-14,33.05,32.50566666666666,11,2000,1
2000-11-15,33.82,32.50566666666666,11,2000,2
2000-11-16,34.16,32.50566666666666,11,2000,3
2000-11-17,33.09,32.50566666666666,11,2000,4
2000-11-18,33.09,32.50566666666666,11,2000,5
2000-11-19,33.09,32.50566666666666,11,2000,6
2000-11-20,34.23,32.50566666666666,11,2000,0
2000-11-21,33.33,32.50566666666666,11,2000,1
2000-11-22,33.11,32.50566666666666,11,2000,2
2000-11-23,33.29,32.50566666666666,11,2000,3
2000-11-24,33.35,32.50566666666666,11,2000,4
2000-11-25,33.35,32.50566666666666,11,2000,5
2000-11-26,33.35,32.50566666666666,11,2000,6
2000-11-27,33.47,32.50566666666666,11,2000,0
2000-11-28,32.59,32.50566666666666,11,2000,1
2000-11-29,32.45,32.50566666666666,11,2000,2
2000-11-30,32.53,32.50566666666666,11,2000,3
2000-12-01,31.59,25.399354838709677,12,2000,4
2000-12-02,31.59,25.399354838709677,12,2000,5
2000-12-03,31.59,25.399354838709677,12,2000,6
2000-12-04,30.37,25.399354838709677,12,2000,0
2000-12-05,28.88,25.399354838709677,12,2000,1
2000-12-06,27.47,25.399354838709677,12,2000,2
2000-12-07,27.85,25.399354838709677,12,2000,3
2000-12-08,26.85,25.399354838709677,12,2000,4
2000-12-09,26.85,25.399354838709677,12,2000,5
2000-12-10,26.85,25.399354838709677,12,2000,6
2000-12-11,27.28,25.399354838709677,12,2000,0
2000-12-12,26.81,25.399354838709677,12,2000,1
2000-12-13,26.84,25.399354838709677,12,2000,2
2000-12-14,24.32,25.399354838709677,12,2000,3
2000-12-15,24.44,25.399354838709677,12,2000,4
2000-12-16,24.44,25.399354838709677,12,2000,5
2000-12-17,24.44,25.399354838709677,12,2000,6
2000-12-18,25.11,25.399354838709677,12,2000,0
2000-12-19,24.36,25.399354838709677,12,2000,1
2000-12-20,23.29,25.399354838709677,12,2000,2
2000-12-21,22.4,25.399354838709677,12,2000,3
2000-12-22,22.23,25.399354838709677,12,2000,4
2000-12-23,22.23,25.399354838709677,12,2000,5
2000-12-24,22.23,25.399354838709677,12,2000,6
2000-12-25,22.23,25.399354838709677,12,2000,0
2000-12-26,22.23,25.399354838709677,12,2000,1
2000-12-27,22.58,25.399354838709677,12,2000,2
2000-12-28,22.29,25.399354838709677,12,2000,3
2000-12-29,22.58,25.399354838709677,12,2000,4
2000-12-30,22.58,25.399354838709677,12,2000,5
2000-12-31,22.58,25.399354838709677,12,2000,6
2001-01-01,22.58,25.605806451612903,1,2001,0
2001-01-02,23.43,25.605806451612903,1,2001,1
2001-01-03,23.44,25.605806451612903,1,2001,2
2001-01-04,24.57,25.605806451612903,1,2001,3
2001-01-05,24.77,25.605806451612903,1,2001,4
2001-01-06,24.77,25.605806451612903,1,2001,5
2001-01-07,24.77,25.605806451612903,1,2001,6
2001-01-08,24.75,25.605806451612903,1,2001,0
2001-01-09,24.13,25.605806451612903,1,2001,1
2001-01-10,24.98,25.605806451612903,1,2001,2
2001-01-11,25.6,25.605806451612903,1,2001,3
2001-01-12,25.63,25.605806451612903,1,2001,4
2001-01-13,25.63,25.605806451612903,1,2001,5
2001-01-14,25.63,25.605806451612903,1,2001,6
2001-01-15,26.03,25.605806451612903,1,2001,0
2001-01-16,25.52,25.605806451612903,1,2001,1
2001-01-17,24.27,25.605806451612903,1,2001,2
2001-01-18,24.74,25.605806451612903,1,2001,3
2001-01-19,26.29,25.605806451612903,1,2001,4
2001-01-20,26.29,25.605806451612903,1,2001,5
2001-01-21,26.29,25.605806451612903,1,2001,6
2001-01-22,27.69,25.605806451612903,1,2001,0
2001-01-23,27.02,25.605806451612903,1,2001,1
2001-01-24,27.04,25.605806451612903,1,2001,2
2001-01-25,26.94,25.605806451612903,1,2001,3
2001-01-26,27.04,25.605806451612903,1,2001,4
2001-01-27,27.04,25.605806451612903,1,2001,5
2001-01-28,27.04,25.605806451612903,1,2001,6
2001-01-29,26.95,25.605806451612903,1,2001,0
2001-01-30,26.32,25.605806451612903,1,2001,1
2001-01-31,26.59,25.605806451612903,1,2001,2
2001-02-01,27.17,27.58535714285714,2,2001,3
2001-02-02,28.9,27.58535714285714,2,2001,4
2001-02-03,28.9,27.58535714285714,2,2001,5
2001-02-04,28.9,27.58535714285714,2,2001,6
2001-02-05,29.25,27.58535714285714,2,2001,0
2001-02-06,29.1,27.58535714285714,2,2001,1
2001-02-07,29.54,27.58535714285714,2,2001,2
2001-02-08,30.68,27.58535714285714,2,2001,3
2001-02-09,29.53,27.58535714285714,2,2001,4
2001-02-10,29.53,27.58535714285714,2,2001,5
2001-02-11,29.53,27.58535714285714,2,2001,6
2001-02-12,29.32,27.58535714285714,2,2001,0
2001-02-13,28.0,27.58535714285714,2,2001,1
2001-02-14,27.89,27.58535714285714,2,2001,2
2001-02-15,26.33,27.58535714285714,2,2001,3
2001-02-16,26.61,27.58535714285714,2,2001,4
2001-02-17,26.61,27.58535714285714,2,2001,5
2001-02-18,26.61,27.58535714285714,2,2001,6
2001-02-19,27.05,27.58535714285714,2,2001,0
2001-02-20,26.45,27.58535714285714,2,2001,1
2001-02-21,26.1,27.58535714285714,2,2001,2
2001-02-22,25.75,27.58535714285714,2,2001,3
2001-02-23,26.12,27.58535714285714,2,2001,4
2001-02-24,26.12,27.58535714285714,2,2001,5
2001-02-25,26.12,27.58535714285714,2,2001,6
2001-02-26,25.84,27.58535714285714,2,2001,0
2001-02-27,25.28,27.58535714285714,2,2001,1
2001-02-28,25.16,27.58535714285714,2,2001,2
2001-03-01,24.76,24.52,3,2001,3
2001-03-02,25.28,24.52,3,2001,4
2001-03-03,25.28,24.52,3,2001,5
2001-03-04,25.28,24.52,3,2001,6
2001-03-05,25.98,24.52,3,2001,0
2001-03-06,25.59,24.52,3,2001,1
2001-03-07,25.91,24.52,3,2001,2
2001-03-08,26.37,24.52,3,2001,3
2001-03-09,25.78,24.52,3,2001,4
2001-03-10,25.78,24.52,3,2001,5
2001-03-11,25.78,24.52,3,2001,6
2001-03-12,25.34,24.52,3,2001,0
2001-03-13,24.8,24.52,3,2001,1
2001-03-14,24.31,24.52,3,2001,2
2001-03-15,23.37,24.52,3,2001,3
2001-03-16,23.84,24.52,3,2001,4
2001-03-17,23.84,24.52,3,2001,5
2001-03-18,23.84,24.52,3,2001,6
2001-03-19,23.19,24.52,3,2001,0
2001-03-20,23.63,24.52,3,2001,1
2001-03-21,23.21,24.52,3,2001,2
2001-03-22,23.45,24.52,3,2001,3
2001-03-23,23.94,24.52,3,2001,4
2001-03-24,23.94,24.52,3,2001,5
2001-03-25,23.94,24.52,3,2001,6
2001-03-26,24.01,24.52,3,2001,0
2001-03-27,24.41,24.52,3,2001,1
2001-03-28,24.5,24.52,3,2001,2
2001-03-29,23.77,24.52,3,2001,3
2001-03-30,23.5,24.52,3,2001,4
2001-03-31,23.5,24.52,3,2001,5
2001-04-01,23.5,25.625999999999998,4,2001,6
2001-04-02,23.31,25.625999999999998,4,2001,0
2001-04-03,23.47,25.625999999999998,4,2001,1
2001-04-04,24.35,25.625999999999998,4,2001,2
2001-04-05,24.87,25.625999999999998,4,2001,3
2001-04-06,24.02,25.625999999999998,4,2001,4
2001-04-07,24.02,25.625999999999998,4,2001,5
2001-04-08,24.02,25.625999999999998,4,2001,6
2001-04-09,24.37,25.625999999999998,4,2001,0
2001-04-10,25.64,25.625999999999998,4,2001,1
2001-04-11,26.08,25.625999999999998,4,2001,2
2001-04-12,27.12,25.625999999999998,4,2001,3
2001-04-13,26.8,25.625999999999998,4,2001,4
2001-04-14,26.8,25.625999999999998,4,2001,5
2001-04-15,26.8,25.625999999999998,4,2001,6
2001-04-16,26.8,25.625999999999998,4,2001,0
2001-04-17,26.99,25.625999999999998,4,2001,1
2001-04-18,26.11,25.625999999999998,4,2001,2
2001-04-19,25.86,25.625999999999998,4,2001,3
2001-04-20,25.57,25.625999999999998,4,2001,4
2001-04-21,25.57,25.625999999999998,4,2001,5
2001-04-22,25.57,25.625999999999998,4,2001,6
2001-04-23,25.42,25.625999999999998,4,2001,0
2001-04-24,25.76,25.625999999999998,4,2001,1
2001-04-25,25.49,25.625999999999998,4,2001,2
2001-04-26,26.71,25.625999999999998,4,2001,3
2001-04-27,26.85,25.625999999999998,4,2001,4
2001-04-28,26.85,25.625999999999998,4,2001,5
2001-04-29,26.85,25.625999999999998,4,2001,6
2001-04-30,27.21,25.625999999999998,4,2001,0
2001-05-01,27.31,28.344838709677422,5,2001,1
2001-05-02,26.82,28.344838709677422,5,2001,2
2001-05-03,27.46,28.344838709677422,5,2001,3
2001-05-04,27.59,28.344838709677422,5,2001,4
2001-05-05,27.59,28.344838709677422,5,2001,5
2001-05-06,27.59,28.344838709677422,5,2001,6
2001-05-07,27.71,28.344838709677422,5,2001,0
2001-05-08,27.45,28.344838709677422,5,2001,1
2001-05-09,27.46,28.344838709677422,5,2001,2
2001-05-10,28.27,28.344838709677422,5,2001,3
2001-05-11,27.97,28.344838709677422,5,2001,4
2001-05-12,27.97,28.344838709677422,5,2001,5
2001-05-13,27.97,28.344838709677422,5,2001,6
2001-05-14,27.77,28.344838709677422,5,2001,0
2001-05-15,27.88,28.344838709677422,5,2001,1
2001-05-16,28.19,28.344838709677422,5,2001,2
2001-05-17,28.57,28.344838709677422,5,2001,3
2001-05-18,29.3,28.344838709677422,5,2001,4
2001-05-19,29.3,28.344838709677422,5,2001,5
2001-05-20,29.3,28.344838709677422,5,2001,6
2001-05-21,29.8,28.344838709677422,5,2001,0
2001-05-22,29.72,28.344838709677422,5,2001,1
2001-05-23,29.51,28.344838709677422,5,2001,2
2001-05-24,28.85,28.344838709677422,5,2001,3
2001-05-25,28.69,28.344838709677422,5,2001,4
2001-05-26,28.69,28.344838709677422,5,2001,5
2001-05-27,28.69,28.344838709677422,5,2001,6
2001-05-28,28.69,28.344838709677422,5,2001,0
2001-05-29,29.11,28.344838709677422,5,2001,1
2001-05-30,28.92,28.344838709677422,5,2001,2
2001-05-31,28.55,28.344838709677422,5,2001,3
2001-06-01,28.86,27.883333333333333,6,2001,4
2001-06-02,28.86,27.883333333333333,6,2001,5
2001-06-03,28.86,27.883333333333333,6,2001,6
2001-06-04,28.95,27.883333333333333,6,2001,0
2001-06-05,29.25,27.883333333333333,6,2001,1
2001-06-06,28.73,27.883333333333333,6,2001,2
2001-06-07,28.55,27.883333333333333,6,2001,3
2001-06-08,28.88,27.883333333333333,6,2001,4
2001-06-09,28.88,27.883333333333333,6,2001,5
2001-06-10,28.88,27.883333333333333,6,2001,6
2001-06-11,29.57,27.883333333333333,6,2001,0
2001-06-12,29.03,27.883333333333333,6,2001,1
2001-06-13,29.13,27.883333333333333,6,2001,2
2001-06-14,28.5,27.883333333333333,6,2001,3
2001-06-15,28.13,27.883333333333333,6,2001,4
2001-06-16,28.13,27.883333333333333,6,2001,5
2001-06-17,28.13,27.883333333333333,6,2001,6
2001-06-18,27.61,27.883333333333333,6,2001,0
2001-06-19,26.68,27.883333333333333,6,2001,1
2001-06-20,26.24,27.883333333333333,6,2001,2
2001-06-21,26.7,27.883333333333333,6,2001,3
2001-06-22,26.86,27.883333333333333,6,2001,4
2001-06-23,26.86,27.883333333333333,6,2001,5
2001-06-24,26.86,27.883333333333333,6,2001,6
2001-06-25,27.36,27.883333333333333,6,2001,0
2001-06-26,27.66,27.883333333333333,6,2001,1
2001-06-27,26.25,27.883333333333333,6,2001,2
2001-06-28,25.68,27.883333333333333,6,2001,3
2001-06-29,26.21,27.883333333333333,6,2001,4
2001-06-30,26.21,27.883333333333333,6,2001,5
2001-07-01,26.21,24.688709677419357,7,2001,6
2001-07-02,25.73,24.688709677419357,7,2001,0
2001-07-03,25.56,24.688709677419357,7,2001,1
2001-07-04,25.97,24.688709677419357,7,2001,2
2001-07-05,25.69,24.688709677419357,7,2001,3
2001-07-06,26.55,24.688709677419357,7,2001,4
2001-07-07,26.55,24.688709677419357,7,2001,5
2001-07-08,26.55,24.688709677419357,7,2001,6
2001-07-09,25.59,24.688709677419357,7,2001,0
2001-07-10,24.69,24.688709677419357,7,2001,1
2001-07-11,24.44,24.688709677419357,7,2001,2
2001-07-12,23.62,24.688709677419357,7,2001,3
2001-07-13,24.02,24.688709677419357,7,2001,4
2001-07-14,24.02,24.688709677419357,7,2001,5
2001-07-15,24.02,24.688709677419357,7,2001,6
2001-07-16,23.58,24.688709677419357,7,2001,0
2001-07-17,23.9,24.688709677419357,7,2001,1
2001-07-18,23.1,24.688709677419357,7,2001,2
2001-07-19,23.35,24.688709677419357,7,2001,3
2001-07-20,23.43,24.688709677419357,7,2001,4
2001-07-21,23.43,24.688709677419357,7,2001,5
2001-07-22,23.43,24.688709677419357,7,2001,6
2001-07-23,24.44,24.688709677419357,7,2001,0
2001-07-24,24.37,24.688709677419357,7,2001,1
2001-07-25,24.9,24.688709677419357,7,2001,2
2001-07-26,24.94,24.688709677419357,7,2001,3
2001-07-27,24.82,24.688709677419357,7,2001,4
2001-07-28,24.82,24.688709677419357,7,2001,5
2001-07-29,24.82,24.688709677419357,7,2001,6
2001-07-30,24.46,24.688709677419357,7,2001,0
2001-07-31,24.35,24.688709677419357,7,2001,1
2001-08-01,24.23,25.658709677419353,8,2001,2
2001-08-02,25.49,25.658709677419353,8,2001,3
2001-08-03,25.6,25.658709677419353,8,2001,4
2001-08-04,25.6,25.658709677419353,8,2001,5
2001-08-05,25.6,25.658709677419353,8,2001,6
2001-08-06,25.39,25.658709677419353,8,2001,0
2001-08-07,25.94,25.658709677419353,8,2001,1
2001-08-08,25.61,25.658709677419353,8,2001,2
2001-08-09,25.28,25.658709677419353,8,2001,3
2001-08-10,25.78,25.658709677419353,8,2001,4
2001-08-11,25.78,25.658709677419353,8,2001,5
2001-08-12,25.78,25.658709677419353,8,2001,6
2001-08-13,25.88,25.658709677419353,8,2001,0
2001-08-14,25.71,25.658709677419353,8,2001,1
2001-08-15,25.61,25.658709677419353,8,2001,2
2001-08-16,25.18,25.658709677419353,8,2001,3
2001-08-17,24.68,25.658709677419353,8,2001,4
2001-08-18,24.68,25.658709677419353,8,2001,5
2001-08-19,24.68,25.658709677419353,8,2001,6
2001-08-20,24.35,25.658709677419353,8,2001,0
2001-08-21,25.36,25.658709677419353,8,2001,1
2001-08-22,25.71,25.658709677419353,8,2001,2
2001-08-23,25.66,25.658709677419353,8,2001,3
2001-08-24,26.33,25.658709677419353,8,2001,4
2001-08-25,26.33,25.658709677419353,8,2001,5
2001-08-26,26.33,25.658709677419353,8,2001,6
2001-08-27,26.22,25.658709677419353,8,2001,0
2001-08-28,26.46,25.658709677419353,8,2001,1
2001-08-29,26.67,25.658709677419353,8,2001,2
2001-08-30,26.7,25.658709677419353,8,2001,3
2001-08-31,26.8,25.658709677419353,8,2001,4
2001-09-01,26.8,25.786333333333335,9,2001,5
2001-09-02,26.8,25.786333333333335,9,2001,6
2001-09-03,26.52,25.786333333333335,9,2001,0
2001-09-04,26.27,25.786333333333335,9,2001,1
2001-09-05,26.27,25.786333333333335,9,2001,2
2001-09-06,26.61,25.786333333333335,9,2001,3
2001-09-07,27.54,25.786333333333335,9,2001,4
2001-09-08,27.54,25.786333333333335,9,2001,5
2001-09-09,27.54,25.786333333333335,9,2001,6
2001-09-10,27.59,25.786333333333335,9,2001,0
2001-09-11,29.12,25.786333333333335,9,2001,1
2001-09-12,28.24,25.786333333333335,9,2001,2
2001-09-13,28.2,25.786333333333335,9,2001,3
2001-09-14,29.22,25.786333333333335,9,2001,4
2001-09-15,29.22,25.786333333333335,9,2001,5
2001-09-16,29.22,25.786333333333335,9,2001,6
2001-09-17,28.32,25.786333333333335,9,2001,0
2001-09-18,27.54,25.786333333333335,9,2001,1
2001-09-19,25.44,25.786333333333335,9,2001,2
2001-09-20,25.57,25.786333333333335,9,2001,3
2001-09-21,25.17,25.786333333333335,9,2001,4
2001-09-22,25.17,25.786333333333335,9,2001,5
2001-09-23,25.17,25.786333333333335,9,2001,6
2001-09-24,20.63,25.786333333333335,9,2001,0
2001-09-25,20.13,25.786333333333335,9,2001,1
2001-09-26,20.67,25.786333333333335,9,2001,2
2001-09-27,21.47,25.786333333333335,9,2001,3
2001-09-28,21.87,25.786333333333335,9,2001,4
2001-09-29,21.87,25.786333333333335,9,2001,5
2001-09-30,21.87,25.786333333333335,9,2001,6
2001-10-01,21.22,20.544193548387096,10,2001,0
2001-10-02,21.29,20.544193548387096,10,2001,1
2001-10-03,20.63,20.544193548387096,10,2001,2
2001-10-04,20.94,20.544193548387096,10,2001,3
2001-10-05,21.46,20.544193548387096,10,2001,4
2001-10-06,21.46,20.544193548387096,10,2001,5
2001-10-07,21.46,20.544193548387096,10,2001,6
2001-10-08,20.91,20.544193548387096,10,2001,0
2001-10-09,20.65,20.544193548387096,10,2001,1
2001-10-10,21.02,20.544193548387096,10,2001,2
2001-10-11,21.38,20.544193548387096,10,2001,3
2001-10-12,20.57,20.544193548387096,10,2001,4
2001-10-13,20.57,20.544193548387096,10,2001,5
2001-10-14,20.57,20.544193548387096,10,2001,6
2001-10-15,20.36,20.544193548387096,10,2001,0
2001-10-16,20.47,20.544193548387096,10,2001,1
2001-10-17,19.47,20.544193548387096,10,2001,2
2001-10-18,19.21,20.544193548387096,10,2001,3
2001-10-19,19.91,20.544193548387096,10,2001,4
2001-10-20,19.91,20.544193548387096,10,2001,5
2001-10-21,19.91,20.544193548387096,10,2001,6
2001-10-22,20.38,20.544193548387096,10,2001,0
2001-10-23,20.56,20.544193548387096,10,2001,1
2001-10-24,20.37,20.544193548387096,10,2001,2
2001-10-25,20.67,20.544193548387096,10,2001,3
2001-10-26,20.31,20.544193548387096,10,2001,4
2001-10-27,20.31,20.544193548387096,10,2001,5
2001-10-28,20.31,20.544193548387096,10,2001,6
2001-10-29,20.55,20.544193548387096,10,2001,0
2001-10-30,20.41,20.544193548387096,10,2001,1
2001-10-31,19.63,20.544193548387096,10,2001,2
2001-11-01,19.39,18.825333333333333,11,2001,3
2001-11-02,18.63,18.825333333333333,11,2001,4
2001-11-03,18.63,18.825333333333333,11,2001,5
2001-11-04,18.63,18.825333333333333,11,2001,6
2001-11-05,18.78,18.825333333333333,11,2001,0
2001-11-06,18.64,18.825333333333333,11,2001,1
2001-11-07,18.86,18.825333333333333,11,2001,2
2001-11-08,19.54,18.825333333333333,11,2001,3
2001-11-09,20.72,18.825333333333333,11,2001,4
2001-11-10,20.72,18.825333333333333,11,2001,5
2001-11-11,20.72,18.825333333333333,11,2001,6
2001-11-12,19.48,18.825333333333333,11,2001,0
2001-11-13,20.47,18.825333333333333,11,2001,1
2001-11-14,18.78,18.825333333333333,11,2001,2
2001-11-15,16.51,18.825333333333333,11,2001,3
2001-11-16,16.86,18.825333333333333,11,2001,4
2001-11-17,16.86,18.825333333333333,11,2001,5
2001-11-18,16.86,18.825333333333333,11,2001,6
2001-11-19,16.55,18.825333333333333,11,2001,0
2001-11-20,18.82,18.825333333333333,11,2001,1
2001-11-21,18.44,18.825333333333333,11,2001,2
2001-11-22,19.65,18.825333333333333,11,2001,3
2001-11-23,19.4,18.825333333333333,11,2001,4
2001-11-24,19.4,18.825333333333333,11,2001,5
2001-11-25,19.4,18.825333333333333,11,2001,6
2001-11-26,18.66,18.825333333333333,11,2001,0
2001-11-27,19.09,18.825333333333333,11,2001,1
2001-11-28,18.81,18.825333333333333,11,2001,2
2001-11-29,18.54,18.825333333333333,11,2001,3
2001-11-30,18.92,18.825333333333333,11,2001,4
2001-12-01,18.92,18.71741935483871,12,2001,5
2001-12-02,18.92,18.71741935483871,12,2001,6
2001-12-03,20.0,18.71741935483871,12,2001,0
2001-12-04,19.28,18.71741935483871,12,2001,1
2001-12-05,19.27,18.71741935483871,12,2001,2
2001-12-06,18.57,18.71741935483871,12,2001,3
2001-12-07,17.81,18.71741935483871,12,2001,4
2001-12-08,17.81,18.71741935483871,12,2001,5
2001-12-09,17.81,18.71741935483871,12,2001,6
2001-12-10,18.03,18.71741935483871,12,2001,0
2001-12-11,17.61,18.71741935483871,12,2001,1
2001-12-12,18.13,18.71741935483871,12,2001,2
2001-12-13,17.8,18.71741935483871,12,2001,3
2001-12-14,18.54,18.71741935483871,12,2001,4
2001-12-15,18.54,18.71741935483871,12,2001,5
2001-12-16,18.54,18.71741935483871,12,2001,6
2001-12-17,18.58,18.71741935483871,12,2001,0
2001-12-18,18.51,18.71741935483871,12,2001,1
2001-12-19,19.03,18.71741935483871,12,2001,2
2001-12-20,18.87,18.71741935483871,12,2001,3
2001-12-21,18.73,18.71741935483871,12,2001,4
2001-12-22,18.73,18.71741935483871,12,2001,5
2001-12-23,18.73,18.71741935483871,12,2001,6
2001-12-24,18.65,18.71741935483871,12,2001,0
2001-12-25,18.65,18.71741935483871,12,2001,1
2001-12-26,18.65,18.71741935483871,12,2001,2
2001-12-27,18.87,18.71741935483871,12,2001,3
2001-12-28,19.77,18.71741935483871,12,2001,4
2001-12-29,19.77,18.71741935483871,12,2001,5
2001-12-30,19.77,18.71741935483871,12,2001,6
2001-12-31,19.35,18.71741935483871,12,2001,0
2002-01-01,19.35,19.467741935483872,1,2002,1
2002-01-02,20.13,19.467741935483872,1,2002,2
2002-01-03,20.47,19.467741935483872,1,2002,3
2002-01-04,21.2,19.467741935483872,1,2002,4
2002-01-05,21.2,19.467741935483872,1,2002,5
2002-01-06,21.2,19.467741935483872,1,2002,6
2002-01-07,21.08,19.467741935483872,1,2002,0
2002-01-08,21.03,19.467741935483872,1,2002,1
2002-01-09,20.21,19.467741935483872,1,2002,2
2002-01-10,19.71,19.467741935483872,1,2002,3
2002-01-11,20.08,19.467741935483872,1,2002,4
2002-01-12,20.08,19.467741935483872,1,2002,5
2002-01-13,20.08,19.467741935483872,1,2002,6
2002-01-14,18.89,19.467741935483872,1,2002,0
2002-01-15,18.86,19.467741935483872,1,2002,1
2002-01-16,18.5,19.467741935483872,1,2002,2
2002-01-17,18.2,19.467741935483872,1,2002,3
2002-01-18,18.17,19.467741935483872,1,2002,4
2002-01-19,18.17,19.467741935483872,1,2002,5
2002-01-20,18.17,19.467741935483872,1,2002,6
2002-01-21,18.32,19.467741935483872,1,2002,0
2002-01-22,18.7,19.467741935483872,1,2002,1
2002-01-23,18.89,19.467741935483872,1,2002,2
2002-01-24,18.91,19.467741935483872,1,2002,3
2002-01-25,19.04,19.467741935483872,1,2002,4
2002-01-26,19.04,19.467741935483872,1,2002,5
2002-01-27,19.04,19.467741935483872,1,2002,6
2002-01-28,19.74,19.467741935483872,1,2002,0
2002-01-29,19.26,19.467741935483872,1,2002,1
2002-01-30,18.71,19.467741935483872,1,2002,2
2002-01-31,19.07,19.467741935483872,1,2002,3
2002-02-01,19.7,20.240357142857142,2,2002,4
2002-02-02,19.7,20.240357142857142,2,2002,5
2002-02-03,19.7,20.240357142857142,2,2002,6
2002-02-04,20.26,20.240357142857142,2,2002,0
2002-02-05,19.9,20.240357142857142,2,2002,1
2002-02-06,19.97,20.240357142857142,2,2002,2
2002-02-07,19.42,20.240357142857142,2,2002,3
2002-02-08,20.01,20.240357142857142,2,2002,4
2002-02-09,20.01,20.240357142857142,2,2002,5
2002-02-10,20.01,20.240357142857142,2,2002,6
2002-02-11,20.08,20.240357142857142,2,2002,0
2002-02-12,21.75,20.240357142857142,2,2002,1
2002-02-13,21.41,20.240357142857142,2,2002,2
2002-02-14,20.97,20.240357142857142,2,2002,3
2002-02-15,20.76,20.240357142857142,2,2002,4
2002-02-16,20.76,20.240357142857142,2,2002,5
2002-02-17,20.76,20.240357142857142,2,2002,6
2002-02-18,20.12,20.240357142857142,2,2002,0
2002-02-19,20.18,20.240357142857142,2,2002,1
2002-02-20,19.44,20.240357142857142,2,2002,2
2002-02-21,20.21,20.240357142857142,2,2002,3
2002-02-22,20.14,20.240357142857142,2,2002,4
2002-02-23,20.14,20.240357142857142,2,2002,5
2002-02-24,20.14,20.240357142857142,2,2002,6
2002-02-25,19.78,20.240357142857142,2,2002,0
2002-02-26,19.95,20.240357142857142,2,2002,1
2002-02-27,20.73,20.240357142857142,2,2002,2
2002-02-28,20.73,20.240357142857142,2,2002,3
2002-03-01,21.83,23.679677419354835,3,2002,4
2002-03-02,21.83,23.679677419354835,3,2002,5
2002-03-03,21.83,23.679677419354835,3,2002,6
2002-03-04,21.59,23.679677419354835,3,2002,0
2002-03-05,22.25,23.679677419354835,3,2002,1
2002-03-06,22.11,23.679677419354835,3,2002,2
2002-03-07,23.1,23.679677419354835,3,2002,3
2002-03-08,22.32,23.679677419354835,3,2002,4
2002-03-09,22.32,23.679677419354835,3,2002,5
2002-03-10,22.32,23.679677419354835,3,2002,6
2002-03-11,23.14,23.679677419354835,3,2002,0
2002-03-12,22.7,23.679677419354835,3,2002,1
2002-03-13,23.6,23.679677419354835,3,2002,2
2002-03-14,23.76,23.679677419354835,3,2002,3
2002-03-15,23.9,23.679677419354835,3,2002,4
2002-03-16,23.9,23.679677419354835,3,2002,5
2002-03-17,23.9,23.679677419354835,3,2002,6
2002-03-18,23.8,23.679677419354835,3,2002,0
2002-03-19,24.51,23.679677419354835,3,2002,1
2002-03-20,24.78,23.679677419354835,3,2002,2
2002-03-21,24.25,23.679677419354835,3,2002,3
2002-03-22,24.83,23.679677419354835,3,2002,4
2002-03-23,24.83,23.679677419354835,3,2002,5
2002-03-24,24.83,23.679677419354835,3,2002,6
2002-03-25,24.75,23.679677419354835,3,2002,0
2002-03-26,24.6,23.679677419354835,3,2002,1
2002-03-27,25.13,23.679677419354835,3,2002,2
2002-03-28,25.34,23.679677419354835,3,2002,3
2002-03-29,25.34,23.679677419354835,3,2002,4
2002-03-30,25.34,23.679677419354835,3,2002,5
2002-03-31,25.34,23.679677419354835,3,2002,6
2002-04-01,26.06,25.589,4,2002,0
2002-04-02,26.97,25.589,4,2002,1
2002-04-03,26.72,25.589,4,2002,2
2002-04-04,26.97,25.589,4,2002,3
2002-04-05,25.39,25.589,4,2002,4
2002-04-06,25.39,25.589,4,2002,5
2002-04-07,25.39,25.589,4,2002,6
2002-04-08,26.36,25.589,4,2002,0
2002-04-09,25.48,25.589,4,2002,1
2002-04-10,25.13,25.589,4,2002,2
2002-04-11,24.22,25.589,4,2002,3
2002-04-12,23.25,25.589,4,2002,4
2002-04-13,23.25,25.589,4,2002,5
2002-04-14,23.25,25.589,4,2002,6
2002-04-15,23.39,25.589,4,2002,0
2002-04-16,24.03,25.589,4,2002,1
2002-04-17,25.26,25.589,4,2002,2
2002-04-18,25.9,25.589,4,2002,3
2002-04-19,25.86,25.589,4,2002,4
2002-04-20,25.86,25.589,4,2002,5
2002-04-21,25.86,25.589,4,2002,6
2002-04-22,25.96,25.589,4,2002,0
2002-04-23,26.26,25.589,4,2002,1
2002-04-24,26.2,25.589,4,2002,2
2002-04-25,26.47,25.589,4,2002,3
2002-04-26,26.32,25.589,4,2002,4
2002-04-27,26.32,25.589,4,2002,5
2002-04-28,26.32,25.589,4,2002,6
2002-04-29,26.85,25.589,4,2002,0
2002-04-30,26.98,25.589,4,2002,1
2002-05-01,26.67,25.393548387096775,5,2002,2
2002-05-02,25.73,25.393548387096775,5,2002,3
2002-05-03,25.8,25.393548387096775,5,2002,4
2002-05-04,25.8,25.393548387096775,5,2002,5
2002-05-05,25.8,25.393548387096775,5,2002,6
2002-05-06,25.8,25.393548387096775,5,2002,0
2002-05-07,25.53,25.393548387096775,5,2002,1
2002-05-08,26.09,25.393548387096775,5,2002,2
2002-05-09,26.09,25.393548387096775,5,2002,3
2002-05-10,26.89,25.393548387096775,5,2002,4
2002-05-11,26.89,25.393548387096775,5,2002,5
2002-05-12,26.89,25.393548387096775,5,2002,6
2002-05-13,26.3,25.393548387096775,5,2002,0
2002-05-14,27.12,25.393548387096775,5,2002,1
2002-05-15,27.17,25.393548387096775,5,2002,2
2002-05-16,25.71,25.393548387096775,5,2002,3
2002-05-17,25.45,25.393548387096775,5,2002,4
2002-05-18,25.45,25.393548387096775,5,2002,5
2002-05-19,25.45,25.393548387096775,5,2002,6
2002-05-20,25.97,25.393548387096775,5,2002,0
2002-05-21,24.99,25.393548387096775,5,2002,1
2002-05-22,24.32,25.393548387096775,5,2002,2
2002-05-23,24.01,25.393548387096775,5,2002,3
2002-05-24,23.76,25.393548387096775,5,2002,4
2002-05-25,23.76,25.393548387096775,5,2002,5
2002-05-26,23.76,25.393548387096775,5,2002,6
2002-05-27,23.52,25.393548387096775,5,2002,0
2002-05-28,24.71,25.393548387096775,5,2002,1
2002-05-29,24.18,25.393548387096775,5,2002,2
2002-05-30,23.72,25.393548387096775,5,2002,3
2002-05-31,23.87,25.393548387096775,5,2002,4
2002-06-01,23.87,24.060333333333332,6,2002,5
2002-06-02,23.87,24.060333333333332,6,2002,6
2002-06-03,23.87,24.060333333333332,6,2002,0
2002-06-04,23.87,24.060333333333332,6,2002,1
2002-06-05,23.19,24.060333333333332,6,2002,2
2002-06-06,22.79,24.060333333333332,6,2002,3
2002-06-07,22.99,24.060333333333332,6,2002,4
2002-06-08,22.99,24.060333333333332,6,2002,5
2002-06-09,22.99,24.060333333333332,6,2002,6
2002-06-10,22.83,24.060333333333332,6,2002,0
2002-06-11,22.37,24.060333333333332,6,2002,1
2002-06-12,23.09,24.060333333333332,6,2002,2
2002-06-13,23.72,24.060333333333332,6,2002,3
2002-06-14,23.97,24.060333333333332,6,2002,4
2002-06-15,23.97,24.060333333333332,6,2002,5
2002-06-16,23.97,24.060333333333332,6,2002,6
2002-06-17,24.69,24.060333333333332,6,2002,0
2002-06-18,24.64,24.060333333333332,6,2002,1
2002-06-19,24.85,24.060333333333332,6,2002,2
2002-06-20,24.42,24.060333333333332,6,2002,3
2002-06-21,24.14,24.060333333333332,6,2002,4
2002-06-22,24.14,24.060333333333332,6,2002,5
2002-06-23,24.14,24.060333333333332,6,2002,6
2002-06-24,24.99,24.060333333333332,6,2002,0
2002-06-25,25.32,24.060333333333332,6,2002,1
2002-06-26,24.75,24.060333333333332,6,2002,2
2002-06-27,25.39,24.060333333333332,6,2002,3
2002-06-28,25.33,24.060333333333332,6,2002,4
2002-06-29,25.33,24.060333333333332,6,2002,5
2002-06-30,25.33,24.060333333333332,6,2002,6
2002-07-01,25.65,25.760967741935485,7,2002,0
2002-07-02,25.64,25.760967741935485,7,2002,1
2002-07-03,25.59,25.760967741935485,7,2002,2
2002-07-04,25.51,25.760967741935485,7,2002,3
2002-07-05,25.75,25.760967741935485,7,2002,4
2002-07-06,25.75,25.760967741935485,7,2002,5
2002-07-07,25.75,25.760967741935485,7,2002,6
2002-07-08,25.08,25.760967741935485,7,2002,0
2002-07-09,24.9,25.760967741935485,7,2002,1
2002-07-10,25.82,25.760967741935485,7,2002,2
2002-07-11,25.83,25.760967741935485,7,2002,3
2002-07-12,26.11,25.760967741935485,7,2002,4
2002-07-13,26.11,25.760967741935485,7,2002,5
2002-07-14,26.11,25.760967741935485,7,2002,6
2002-07-15,26.16,25.760967741935485,7,2002,0
2002-07-16,25.94,25.760967741935485,7,2002,1
2002-07-17,26.19,25.760967741935485,7,2002,2
2002-07-18,26.72,25.760967741935485,7,2002,3
2002-07-19,26.37,25.760967741935485,7,2002,4
2002-07-20,26.37,25.760967741935485,7,2002,5
2002-07-21,26.37,25.760967741935485,7,2002,6
2002-07-22,25.7,25.760967741935485,7,2002,0
2002-07-23,25.65,25.760967741935485,7,2002,1
2002-07-24,25.43,25.760967741935485,7,2002,2
2002-07-25,25.36,25.760967741935485,7,2002,3
2002-07-26,25.1,25.760967741935485,7,2002,4
2002-07-27,25.1,25.760967741935485,7,2002,5
2002-07-28,25.1,25.760967741935485,7,2002,6
2002-07-29,25.2,25.760967741935485,7,2002,0
2002-07-30,25.95,25.760967741935485,7,2002,1
2002-07-31,26.28,25.760967741935485,7,2002,2
2002-08-01,25.79,26.609354838709677,8,2002,3
2002-08-02,25.17,26.609354838709677,8,2002,4
2002-08-03,25.17,26.609354838709677,8,2002,5
2002-08-04,25.17,26.609354838709677,8,2002,6
2002-08-05,25.2,26.609354838709677,8,2002,0
2002-08-06,25.69,26.609354838709677,8,2002,1
2002-08-07,25.7,26.609354838709677,8,2002,2
2002-08-08,25.51,26.609354838709677,8,2002,3
2002-08-09,25.49,26.609354838709677,8,2002,4
2002-08-10,25.49,26.609354838709677,8,2002,5
2002-08-11,25.49,26.609354838709677,8,2002,6
2002-08-12,25.63,26.609354838709677,8,2002,0
2002-08-13,26.11,26.609354838709677,8,2002,1
2002-08-14,26.47,26.609354838709677,8,2002,2
2002-08-15,26.66,26.609354838709677,8,2002,3
2002-08-16,27.33,26.609354838709677,8,2002,4
2002-08-17,27.33,26.609354838709677,8,2002,5
2002-08-18,27.33,26.609354838709677,8,2002,6
2002-08-19,27.44,26.609354838709677,8,2002,0
2002-08-20,27.63,26.609354838709677,8,2002,1
2002-08-21,27.53,26.609354838709677,8,2002,2
2002-08-22,27.81,26.609354838709677,8,2002,3
2002-08-23,27.51,26.609354838709677,8,2002,4
2002-08-24,27.51,26.609354838709677,8,2002,5
2002-08-25,27.51,26.609354838709677,8,2002,6
2002-08-26,27.56,26.609354838709677,8,2002,0
2002-08-27,27.89,26.609354838709677,8,2002,1
2002-08-28,27.54,26.609354838709677,8,2002,2
2002-08-29,27.11,26.609354838709677,8,2002,3
2002-08-30,27.56,26.609354838709677,8,2002,4
2002-08-31,27.56,26.609354838709677,8,2002,5
2002-09-01,27.56,28.43166666666667,9,2002,6
2002-09-02,27.45,28.43166666666667,9,2002,0
2002-09-03,26.58,28.43166666666667,9,2002,1
2002-09-04,27.31,28.43166666666667,9,2002,2
2002-09-05,27.54,28.43166666666667,9,2002,3
2002-09-06,28.36,28.43166666666667,9,2002,4
2002-09-07,28.36,28.43166666666667,9,2002,5
2002-09-08,28.36,28.43166666666667,9,2002,6
2002-09-09,28.67,28.43166666666667,9,2002,0
2002-09-10,28.92,28.43166666666667,9,2002,1
2002-09-11,28.68,28.43166666666667,9,2002,2
2002-09-12,27.76,28.43166666666667,9,2002,3
2002-09-13,28.53,28.43166666666667,9,2002,4
2002-09-14,28.53,28.43166666666667,9,2002,5
2002-09-15,28.53,28.43166666666667,9,2002,6
2002-09-16,28.38,28.43166666666667,9,2002,0
2002-09-17,27.76,28.43166666666667,9,2002,1
2002-09-18,28.41,28.43166666666667,9,2002,2
2002-09-19,28.45,28.43166666666667,9,2002,3
2002-09-20,28.61,28.43166666666667,9,2002,4
2002-09-21,28.61,28.43166666666667,9,2002,5
2002-09-22,28.61,28.43166666666667,9,2002,6
2002-09-23,29.36,28.43166666666667,9,2002,0
2002-09-24,29.47,28.43166666666667,9,2002,1
2002-09-25,29.11,28.43166666666667,9,2002,2
2002-09-26,28.93,28.43166666666667,9,2002,3
2002-09-27,29.0,28.43166666666667,9,2002,4
2002-09-28,29.0,28.43166666666667,9,2002,5
2002-09-29,29.0,28.43166666666667,9,2002,6
2002-09-30,29.11,28.43166666666667,9,2002,0
2002-10-01,29.42,27.57451612903226,10,2002,1
2002-10-02,29.14,27.57451612903226,10,2002,2
2002-10-03,28.46,27.57451612903226,10,2002,3
2002-10-04,28.32,27.57451612903226,10,2002,4
2002-10-05,28.32,27.57451612903226,10,2002,5
2002-10-06,28.32,27.57451612903226,10,2002,6
2002-10-07,28.38,27.57451612903226,10,2002,0
2002-10-08,28.28,27.57451612903226,10,2002,1
2002-10-09,28.29,27.57451612903226,10,2002,2
2002-10-10,27.7,27.57451612903226,10,2002,3
2002-10-11,28.18,27.57451612903226,10,2002,4
2002-10-12,28.18,27.57451612903226,10,2002,5
2002-10-13,28.18,27.57451612903226,10,2002,6
2002-10-14,28.56,27.57451612903226,10,2002,0
2002-10-15,28.66,27.57451612903226,10,2002,1
2002-10-16,28.61,27.57451612903226,10,2002,2
2002-10-17,28.22,27.57451612903226,10,2002,3
2002-10-18,28.2,27.57451612903226,10,2002,4
2002-10-19,28.2,27.57451612903226,10,2002,5
2002-10-20,28.2,27.57451612903226,10,2002,6
2002-10-21,27.01,27.57451612903226,10,2002,0
2002-10-22,26.69,27.57451612903226,10,2002,1
2002-10-23,26.68,27.57451612903226,10,2002,2
2002-10-24,26.78,27.57451612903226,10,2002,3
2002-10-25,25.96,27.57451612903226,10,2002,4
2002-10-26,25.96,27.57451612903226,10,2002,5
2002-10-27,25.96,27.57451612903226,10,2002,6
2002-10-28,25.44,27.57451612903226,10,2002,0
2002-10-29,25.71,27.57451612903226,10,2002,1
2002-10-30,25.29,27.57451612903226,10,2002,2
2002-10-31,25.51,27.57451612903226,10,2002,3
2002-11-01,25.78,24.388666666666666,11,2002,4
2002-11-02,25.78,24.388666666666666,11,2002,5
2002-11-03,25.78,24.388666666666666,11,2002,6
2002-11-04,25.21,24.388666666666666,11,2002,0
2002-11-05,24.66,24.388666666666666,11,2002,1
2002-11-06,23.73,24.388666666666666,11,2002,2
2002-11-07,24.36,24.388666666666666,11,2002,3
2002-11-08,23.54,24.388666666666666,11,2002,4
2002-11-09,23.54,24.388666666666666,11,2002,5
2002-11-10,23.54,24.388666666666666,11,2002,6
2002-11-11,23.86,24.388666666666666,11,2002,0
2002-11-12,24.01,24.388666666666666,11,2002,1
2002-11-13,22.96,24.388666666666666,11,2002,2
2002-11-14,22.82,24.388666666666666,11,2002,3
2002-11-15,23.33,24.388666666666666,11,2002,4
2002-11-16,23.33,24.388666666666666,11,2002,5
2002-11-17,23.33,24.388666666666666,11,2002,6
2002-11-18,23.41,24.388666666666666,11,2002,0
2002-11-19,24.05,24.388666666666666,11,2002,1
2002-11-20,24.05,24.388666666666666,11,2002,2
2002-11-21,24.52,24.388666666666666,11,2002,3
2002-11-22,24.79,24.388666666666666,11,2002,4
2002-11-23,24.79,24.388666666666666,11,2002,5
2002-11-24,24.79,24.388666666666666,11,2002,6
2002-11-25,24.85,24.388666666666666,11,2002,0
2002-11-26,24.56,24.388666666666666,11,2002,1
2002-11-27,25.11,24.388666666666666,11,2002,2
2002-11-28,25.7,24.388666666666666,11,2002,3
2002-11-29,25.74,24.388666666666666,11,2002,4
2002-11-30,25.74,24.388666666666666,11,2002,5
2002-12-01,25.74,28.486129032258066,12,2002,6
2002-12-02,25.73,28.486129032258066,12,2002,0
2002-12-03,26.09,28.486129032258066,12,2002,1
2002-12-04,25.99,28.486129032258066,12,2002,2
2002-12-05,26.07,28.486129032258066,12,2002,3
2002-12-06,25.67,28.486129032258066,12,2002,4
2002-12-07,25.67,28.486129032258066,12,2002,5
2002-12-08,25.67,28.486129032258066,12,2002,6
2002-12-09,26.06,28.486129032258066,12,2002,0
2002-12-10,26.35,28.486129032258066,12,2002,1
2002-12-11,26.85,28.486129032258066,12,2002,2
2002-12-12,27.29,28.486129032258066,12,2002,3
2002-12-13,27.64,28.486129032258066,12,2002,4
2002-12-14,27.64,28.486129032258066,12,2002,5
2002-12-15,27.64,28.486129032258066,12,2002,6
2002-12-16,28.73,28.486129032258066,12,2002,0
2002-12-17,29.25,28.486129032258066,12,2002,1
2002-12-18,29.95,28.486129032258066,12,2002,2
2002-12-19,30.26,28.486129032258066,12,2002,3
2002-12-20,29.59,28.486129032258066,12,2002,4
2002-12-21,29.59,28.486129032258066,12,2002,5
2002-12-22,29.59,28.486129032258066,12,2002,6
2002-12-23,30.61,28.486129032258066,12,2002,0
2002-12-24,30.93,28.486129032258066,12,2002,1
2002-12-25,30.93,28.486129032258066,12,2002,2
2002-12-26,30.93,28.486129032258066,12,2002,3
2002-12-27,31.49,28.486129032258066,12,2002,4
2002-12-28,31.49,28.486129032258066,12,2002,5
2002-12-29,31.49,28.486129032258066,12,2002,6
2002-12-30,32.02,28.486129032258066,12,2002,0
2002-12-31,30.12,28.486129032258066,12,2002,1
2003-01-01,30.12,31.146451612903224,1,2003,2
2003-01-02,30.32,31.146451612903224,1,2003,3
2003-01-03,31.43,31.146451612903224,1,2003,4
2003-01-04,31.43,31.146451612903224,1,2003,5
2003-01-05,31.43,31.146451612903224,1,2003,6
2003-01-06,31.43,31.146451612903224,1,2003,0
2003-01-07,30.78,31.146451612903224,1,2003,1
2003-01-08,29.3,31.146451612903224,1,2003,2
2003-01-09,30.26,31.146451612903224,1,2003,3
2003-01-10,30.07,31.146451612903224,1,2003,4
2003-01-11,30.07,31.146451612903224,1,2003,5
2003-01-12,30.07,31.146451612903224,1,2003,6
2003-01-13,30.46,31.146451612903224,1,2003,0
2003-01-14,31.36,31.146451612903224,1,2003,1
2003-01-15,31.73,31.146451612903224,1,2003,2
2003-01-16,32.29,31.146451612903224,1,2003,3
2003-01-17,31.57,31.146451612903224,1,2003,4
2003-01-18,31.57,31.146451612903224,1,2003,5
2003-01-19,31.57,31.146451612903224,1,2003,6
2003-01-20,32.23,31.146451612903224,1,2003,0
2003-01-21,31.72,31.146451612903224,1,2003,1
2003-01-22,32.07,31.146451612903224,1,2003,2
2003-01-23,31.4,31.146451612903224,1,2003,3
2003-01-24,31.62,31.146451612903224,1,2003,4
2003-01-25,31.62,31.146451612903224,1,2003,5
2003-01-26,31.62,31.146451612903224,1,2003,6
2003-01-27,31.02,31.146451612903224,1,2003,0
2003-01-28,30.73,31.146451612903224,1,2003,1
2003-01-29,31.26,31.146451612903224,1,2003,2
2003-01-30,31.42,31.146451612903224,1,2003,3
2003-01-31,31.57,31.146451612903224,1,2003,4
2003-02-01,31.57,32.68071428571428,2,2003,5
2003-02-02,31.57,32.68071428571428,2,2003,6
2003-02-03,30.95,32.68071428571428,2,2003,0
2003-02-04,31.13,32.68071428571428,2,2003,1
2003-02-05,31.77,32.68071428571428,2,2003,2
2003-02-06,31.81,32.68071428571428,2,2003,3
2003-02-07,32.23,32.68071428571428,2,2003,4
2003-02-08,32.23,32.68071428571428,2,2003,5
2003-02-09,32.23,32.68071428571428,2,2003,6
2003-02-10,32.47,32.68071428571428,2,2003,0
2003-02-11,32.51,32.68071428571428,2,2003,1
2003-02-12,32.46,32.68071428571428,2,2003,2
2003-02-13,33.23,32.68071428571428,2,2003,3
2003-02-14,33.26,32.68071428571428,2,2003,4
2003-02-15,33.26,32.68071428571428,2,2003,5
2003-02-16,33.26,32.68071428571428,2,2003,6
2003-02-17,33.06,32.68071428571428,2,2003,0
2003-02-18,33.26,32.68071428571428,2,2003,1
2003-02-19,33.16,32.68071428571428,2,2003,2
2003-02-20,32.76,32.68071428571428,2,2003,3
2003-02-21,32.76,32.68071428571428,2,2003,4
2003-02-22,32.76,32.68071428571428,2,2003,5
2003-02-23,32.76,32.68071428571428,2,2003,6
2003-02-24,33.41,32.68071428571428,2,2003,0
2003-02-25,33.64,32.68071428571428,2,2003,1
2003-02-26,33.46,32.68071428571428,2,2003,2
2003-02-27,34.09,32.68071428571428,2,2003,3
2003-02-28,34.0,32.68071428571428,2,2003,4
2003-03-01,34.0,30.621290322580645,3,2003,5
2003-03-02,34.0,30.621290322580645,3,2003,6
2003-03-03,33.4,30.621290322580645,3,2003,0
2003-03-04,34.37,30.621290322580645,3,2003,1
2003-03-05,33.92,30.621290322580645,3,2003,2
2003-03-06,34.39,30.621290322580645,3,2003,3
2003-03-07,34.47,30.621290322580645,3,2003,4
2003-03-08,34.47,30.621290322580645,3,2003,5
2003-03-09,34.47,30.621290322580645,3,2003,6
2003-03-10,34.94,30.621290322580645,3,2003,0
2003-03-11,34.06,30.621290322580645,3,2003,1
2003-03-12,34.16,30.621290322580645,3,2003,2
2003-03-13,33.98,30.621290322580645,3,2003,3
2003-03-14,31.48,30.621290322580645,3,2003,4
2003-03-15,31.48,30.621290322580645,3,2003,5
2003-03-16,31.48,30.621290322580645,3,2003,6
2003-03-17,30.35,30.621290322580645,3,2003,0
2003-03-18,28.55,30.621290322580645,3,2003,1
2003-03-19,28.4,30.621290322580645,3,2003,2
2003-03-20,28.0,30.621290322580645,3,2003,3
2003-03-21,25.59,30.621290322580645,3,2003,4
2003-03-22,25.59,30.621290322580645,3,2003,5
2003-03-23,25.59,30.621290322580645,3,2003,6
2003-03-24,26.54,30.621290322580645,3,2003,0
2003-03-25,27.28,30.621290322580645,3,2003,1
2003-03-26,25.98,30.621290322580645,3,2003,2
2003-03-27,27.29,30.621290322580645,3,2003,3
2003-03-28,27.66,30.621290322580645,3,2003,4
2003-03-29,27.66,30.621290322580645,3,2003,5
2003-03-30,27.66,30.621290322580645,3,2003,6
2003-03-31,28.05,30.621290322580645,3,2003,0
2003-04-01,27.94,25.05366666666667,4,2003,1
2003-04-02,26.29,25.05366666666667,4,2003,2
2003-04-03,26.75,25.05366666666667,4,2003,3
2003-04-04,25.62,25.05366666666667,4,2003,4
2003-04-05,25.62,25.05366666666667,4,2003,5
2003-04-06,25.62,25.05366666666667,4,2003,6
2003-04-07,25.27,25.05366666666667,4,2003,0
2003-04-08,24.88,25.05366666666667,4,2003,1
2003-04-09,25.11,25.05366666666667,4,2003,2
2003-04-10,25.16,25.05366666666667,4,2003,3
2003-04-11,24.39,25.05366666666667,4,2003,4
2003-04-12,24.39,25.05366666666667,4,2003,5
2003-04-13,24.39,25.05366666666667,4,2003,6
2003-04-14,24.72,25.05366666666667,4,2003,0
2003-04-15,24.74,25.05366666666667,4,2003,1
2003-04-16,24.86,25.05366666666667,4,2003,2
2003-04-17,25.36,25.05366666666667,4,2003,3
2003-04-18,25.76,25.05366666666667,4,2003,4
2003-04-19,25.76,25.05366666666667,4,2003,5
2003-04-20,25.76,25.05366666666667,4,2003,6
2003-04-21,25.76,25.05366666666667,4,2003,0
2003-04-22,25.72,25.05366666666667,4,2003,1
2003-04-23,24.56,25.05366666666667,4,2003,2
2003-04-24,24.06,25.05366666666667,4,2003,3
2003-04-25,24.29,25.05366666666667,4,2003,4
2003-04-26,24.29,25.05366666666667,4,2003,5
2003-04-27,24.29,25.05366666666667,4,2003,6
2003-04-28,23.42,25.05366666666667,4,2003,0
2003-04-29,23.23,25.05366666666667,4,2003,1
2003-04-30,23.6,25.05366666666667,4,2003,2
2003-05-01,23.79,25.891935483870967,5,2003,3
2003-05-02,23.73,25.891935483870967,5,2003,4
2003-05-03,23.73,25.891935483870967,5,2003,5
2003-05-04,23.73,25.891935483870967,5,2003,6
2003-05-05,23.59,25.891935483870967,5,2003,0
2003-05-06,23.91,25.891935483870967,5,2003,1
2003-05-07,24.01,25.891935483870967,5,2003,2
2003-05-08,24.48,25.891935483870967,5,2003,3
2003-05-09,25.55,25.891935483870967,5,2003,4
2003-05-10,25.55,25.891935483870967,5,2003,5
2003-05-11,25.55,25.891935483870967,5,2003,6
2003-05-12,25.69,25.891935483870967,5,2003,0
2003-05-13,25.45,25.891935483870967,5,2003,1
2003-05-14,25.98,25.891935483870967,5,2003,2
2003-05-15,26.77,25.891935483870967,5,2003,3
2003-05-16,27.18,25.891935483870967,5,2003,4
2003-05-17,27.18,25.891935483870967,5,2003,5
2003-05-18,27.18,25.891935483870967,5,2003,6
2003-05-19,27.23,25.891935483870967,5,2003,0
2003-05-20,26.69,25.891935483870967,5,2003,1
2003-05-21,27.58,25.891935483870967,5,2003,2
2003-05-22,27.32,25.891935483870967,5,2003,3
2003-05-23,27.14,25.891935483870967,5,2003,4
2003-05-24,27.14,25.891935483870967,5,2003,5
2003-05-25,27.14,25.891935483870967,5,2003,6
2003-05-26,26.78,25.891935483870967,5,2003,0
2003-05-27,26.55,25.891935483870967,5,2003,1
2003-05-28,26.48,25.891935483870967,5,2003,2
2003-05-29,26.39,25.891935483870967,5,2003,3
2003-05-30,26.58,25.891935483870967,5,2003,4
2003-05-31,26.58,25.891935483870967,5,2003,5
2003-06-01,26.58,27.599666666666668,6,2003,6
2003-06-02,27.56,27.599666666666668,6,2003,0
2003-06-03,27.99,27.599666666666668,6,2003,1
2003-06-04,27.49,27.599666666666668,6,2003,2
2003-06-05,28.16,27.599666666666668,6,2003,3
2003-06-06,28.38,27.599666666666668,6,2003,4
2003-06-07,28.38,27.599666666666668,6,2003,5
2003-06-08,28.38,27.599666666666668,6,2003,6
2003-06-09,28.62,27.599666666666668,6,2003,0
2003-06-10,28.44,27.599666666666668,6,2003,1
2003-06-11,28.97,27.599666666666668,6,2003,2
2003-06-12,28.48,27.599666666666668,6,2003,3
2003-06-13,27.39,27.599666666666668,6,2003,4
2003-06-14,27.39,27.599666666666668,6,2003,5
2003-06-15,27.39,27.599666666666668,6,2003,6
2003-06-16,27.5,27.599666666666668,6,2003,0
2003-06-17,27.14,27.599666666666668,6,2003,1
2003-06-18,26.43,27.599666666666668,6,2003,2
2003-06-19,26.21,27.599666666666668,6,2003,3
2003-06-20,27.13,27.599666666666668,6,2003,4
2003-06-21,27.13,27.599666666666668,6,2003,5
2003-06-22,27.13,27.599666666666668,6,2003,6
2003-06-23,27.13,27.599666666666668,6,2003,0
2003-06-24,26.96,27.599666666666668,6,2003,1
2003-06-25,27.34,27.599666666666668,6,2003,2
2003-06-26,27.06,27.599666666666668,6,2003,3
2003-06-27,27.45,27.599666666666668,6,2003,4
2003-06-28,27.45,27.599666666666668,6,2003,5
2003-06-29,27.45,27.599666666666668,6,2003,6
2003-06-30,28.88,27.599666666666668,6,2003,0
2003-07-01,28.33,28.441290322580645,7,2003,1
2003-07-02,28.2,28.441290322580645,7,2003,2
2003-07-03,28.63,28.441290322580645,7,2003,3
2003-07-04,27.97,28.441290322580645,7,2003,4
2003-07-05,27.97,28.441290322580645,7,2003,5
2003-07-06,27.97,28.441290322580645,7,2003,6
2003-07-07,27.23,28.441290322580645,7,2003,0
2003-07-08,27.95,28.441290322580645,7,2003,1
2003-07-09,28.21,28.441290322580645,7,2003,2
2003-07-10,29.37,28.441290322580645,7,2003,3
2003-07-11,29.36,28.441290322580645,7,2003,4
2003-07-12,29.36,28.441290322580645,7,2003,5
2003-07-13,29.36,28.441290322580645,7,2003,6
2003-07-14,28.52,28.441290322580645,7,2003,0
2003-07-15,28.87,28.441290322580645,7,2003,1
2003-07-16,28.51,28.441290322580645,7,2003,2
2003-07-17,28.59,28.441290322580645,7,2003,3
2003-07-18,29.2,28.441290322580645,7,2003,4
2003-07-19,29.2,28.441290322580645,7,2003,5
2003-07-20,29.2,28.441290322580645,7,2003,6
2003-07-21,28.01,28.441290322580645,7,2003,0
2003-07-22,28.4,28.441290322580645,7,2003,1
2003-07-23,27.67,28.441290322580645,7,2003,2
2003-07-24,27.73,28.441290322580645,7,2003,3
2003-07-25,28.3,28.441290322580645,7,2003,4
2003-07-26,28.3,28.441290322580645,7,2003,5
2003-07-27,28.3,28.441290322580645,7,2003,6
2003-07-28,27.71,28.441290322580645,7,2003,0
2003-07-29,28.27,28.441290322580645,7,2003,1
2003-07-30,28.31,28.441290322580645,7,2003,2
2003-07-31,28.68,28.441290322580645,7,2003,3
2003-08-01,29.63,29.924193548387095,8,2003,4
2003-08-02,29.63,29.924193548387095,8,2003,5
2003-08-03,29.63,29.924193548387095,8,2003,6
2003-08-04,29.91,29.924193548387095,8,2003,0
2003-08-05,30.37,29.924193548387095,8,2003,1
2003-08-06,30.01,29.924193548387095,8,2003,2
2003-08-07,30.06,29.924193548387095,8,2003,3
2003-08-08,30.59,29.924193548387095,8,2003,4
2003-08-09,30.59,29.924193548387095,8,2003,5
2003-08-10,30.59,29.924193548387095,8,2003,6
2003-08-11,30.05,29.924193548387095,8,2003,0
2003-08-12,30.13,29.924193548387095,8,2003,1
2003-08-13,29.66,29.924193548387095,8,2003,2
2003-08-14,28.96,29.924193548387095,8,2003,3
2003-08-15,29.18,29.924193548387095,8,2003,4
2003-08-16,29.18,29.924193548387095,8,2003,5
2003-08-17,29.18,29.924193548387095,8,2003,6
2003-08-18,29.88,29.924193548387095,8,2003,0
2003-08-19,29.18,29.924193548387095,8,2003,1
2003-08-20,29.28,29.924193548387095,8,2003,2
2003-08-21,29.95,29.924193548387095,8,2003,3
2003-08-22,30.22,29.924193548387095,8,2003,4
2003-08-23,30.22,29.924193548387095,8,2003,5
2003-08-24,30.22,29.924193548387095,8,2003,6
2003-08-25,29.98,29.924193548387095,8,2003,0
2003-08-26,30.08,29.924193548387095,8,2003,1
2003-08-27,30.05,29.924193548387095,8,2003,2
2003-08-28,30.1,29.924193548387095,8,2003,3
2003-08-29,30.38,29.924193548387095,8,2003,4
2003-08-30,30.38,29.924193548387095,8,2003,5
2003-08-31,30.38,29.924193548387095,8,2003,6
2003-09-01,29.64,27.000333333333334,9,2003,0
2003-09-02,28.08,27.000333333333334,9,2003,1
2003-09-03,27.89,27.000333333333334,9,2003,2
2003-09-04,27.49,27.000333333333334,9,2003,3
2003-09-05,27.72,27.000333333333334,9,2003,4
2003-09-06,27.72,27.000333333333334,9,2003,5
2003-09-07,27.72,27.000333333333334,9,2003,6
2003-09-08,28.47,27.000333333333334,9,2003,0
2003-09-09,27.64,27.000333333333334,9,2003,1
2003-09-10,27.76,27.000333333333334,9,2003,2
2003-09-11,27.48,27.000333333333334,9,2003,3
2003-09-12,26.52,27.000333333333334,9,2003,4
2003-09-13,26.52,27.000333333333334,9,2003,5
2003-09-14,26.52,27.000333333333334,9,2003,6
2003-09-15,26.38,27.000333333333334,9,2003,0
2003-09-16,26.28,27.000333333333334,9,2003,1
2003-09-17,25.76,27.000333333333334,9,2003,2
2003-09-18,25.56,27.000333333333334,9,2003,3
2003-09-19,25.51,27.000333333333334,9,2003,4
2003-09-20,25.51,27.000333333333334,9,2003,5
2003-09-21,25.51,27.000333333333334,9,2003,6
2003-09-22,25.82,27.000333333333334,9,2003,0
2003-09-23,25.74,27.000333333333334,9,2003,1
2003-09-24,26.81,27.000333333333334,9,2003,2
2003-09-25,27.04,27.000333333333334,9,2003,3
2003-09-26,27.02,27.000333333333334,9,2003,4
2003-09-27,27.02,27.000333333333334,9,2003,5
2003-09-28,27.02,27.000333333333334,9,2003,6
2003-09-29,27.77,27.000333333333334,9,2003,0
2003-09-30,28.09,27.000333333333334,9,2003,1
2003-10-01,27.98,29.74451612903226,10,2003,2
2003-10-02,28.9,29.74451612903226,10,2003,3
2003-10-03,29.14,29.74451612903226,10,2003,4
2003-10-04,29.14,29.74451612903226,10,2003,5
2003-10-05,29.14,29.74451612903226,10,2003,6
2003-10-06,29.75,29.74451612903226,10,2003,0
2003-10-07,29.35,29.74451612903226,10,2003,1
2003-10-08,28.96,29.74451612903226,10,2003,2
2003-10-09,30.21,29.74451612903226,10,2003,3
2003-10-10,31.13,29.74451612903226,10,2003,4
2003-10-11,31.13,29.74451612903226,10,2003,5
2003-10-12,31.13,29.74451612903226,10,2003,6
2003-10-13,31.0,29.74451612903226,10,2003,0
2003-10-14,31.45,29.74451612903226,10,2003,1
2003-10-15,31.23,29.74451612903226,10,2003,2
2003-10-16,31.05,29.74451612903226,10,2003,3
2003-10-17,30.27,29.74451612903226,10,2003,4
2003-10-18,30.27,29.74451612903226,10,2003,5
2003-10-19,30.27,29.74451612903226,10,2003,6
2003-10-20,29.78,29.74451612903226,10,2003,0
2003-10-21,29.61,29.74451612903226,10,2003,1
2003-10-22,29.25,29.74451612903226,10,2003,2
2003-10-23,29.63,29.74451612903226,10,2003,3
2003-10-24,30.01,29.74451612903226,10,2003,4
2003-10-25,30.01,29.74451612903226,10,2003,5
2003-10-26,30.01,29.74451612903226,10,2003,6
2003-10-27,29.38,29.74451612903226,10,2003,0
2003-10-28,28.99,29.74451612903226,10,2003,1
2003-10-29,28.56,29.74451612903226,10,2003,2
2003-10-30,27.47,29.74451612903226,10,2003,3
2003-10-31,27.88,29.74451612903226,10,2003,4
2003-11-01,27.88,28.843666666666664,11,2003,5
2003-11-02,27.88,28.843666666666664,11,2003,6
2003-11-03,27.78,28.843666666666664,11,2003,0
2003-11-04,27.32,28.843666666666664,11,2003,1
2003-11-05,27.9,28.843666666666664,11,2003,2
2003-11-06,28.52,28.843666666666664,11,2003,3
2003-11-07,28.73,28.843666666666664,11,2003,4
2003-11-08,28.73,28.843666666666664,11,2003,5
2003-11-09,28.73,28.843666666666664,11,2003,6
2003-11-10,28.82,28.843666666666664,11,2003,0
2003-11-11,28.88,28.843666666666664,11,2003,1
2003-11-12,28.58,28.843666666666664,11,2003,2
2003-11-13,29.01,28.843666666666664,11,2003,3
2003-11-14,29.78,28.843666666666664,11,2003,4
2003-11-15,29.78,28.843666666666664,11,2003,5
2003-11-16,29.78,28.843666666666664,11,2003,6
2003-11-17,28.98,28.843666666666664,11,2003,0
2003-11-18,29.26,28.843666666666664,11,2003,1
2003-11-19,30.13,28.843666666666664,11,2003,2
2003-11-20,29.88,28.843666666666664,11,2003,3
2003-11-21,29.79,28.843666666666664,11,2003,4
2003-11-22,29.79,28.843666666666664,11,2003,5
2003-11-23,29.79,28.843666666666664,11,2003,6
2003-11-24,27.99,28.843666666666664,11,2003,0
2003-11-25,27.62,28.843666666666664,11,2003,1
2003-11-26,28.23,28.843666666666664,11,2003,2
2003-11-27,28.9,28.843666666666664,11,2003,3
2003-11-28,28.95,28.843666666666664,11,2003,4
2003-11-29,28.95,28.843666666666664,11,2003,5
2003-11-30,28.95,28.843666666666664,11,2003,6
2003-12-01,28.17,29.807419354838707,12,2003,0
2003-12-02,29.1,29.807419354838707,12,2003,1
2003-12-03,29.26,29.807419354838707,12,2003,2
2003-12-04,29.25,29.807419354838707,12,2003,3
2003-12-05,28.87,29.807419354838707,12,2003,4
2003-12-06,28.87,29.807419354838707,12,2003,5
2003-12-07,28.87,29.807419354838707,12,2003,6
2003-12-08,30.52,29.807419354838707,12,2003,0
2003-12-09,30.27,29.807419354838707,12,2003,1
2003-12-10,30.02,29.807419354838707,12,2003,2
2003-12-11,29.79,29.807419354838707,12,2003,3
2003-12-12,30.24,29.807419354838707,12,2003,4
2003-12-13,30.24,29.807419354838707,12,2003,5
2003-12-14,30.24,29.807419354838707,12,2003,6
2003-12-15,30.89,29.807419354838707,12,2003,0
2003-12-16,30.64,29.807419354838707,12,2003,1
2003-12-17,31.01,29.807419354838707,12,2003,2
2003-12-18,30.79,29.807419354838707,12,2003,3
2003-12-19,31.03,29.807419354838707,12,2003,4
2003-12-20,31.03,29.807419354838707,12,2003,5
2003-12-21,31.03,29.807419354838707,12,2003,6
2003-12-22,28.78,29.807419354838707,12,2003,0
2003-12-23,28.3,29.807419354838707,12,2003,1
2003-12-24,29.45,29.807419354838707,12,2003,2
2003-12-25,29.45,29.807419354838707,12,2003,3
2003-12-26,29.45,29.807419354838707,12,2003,4
2003-12-27,29.45,29.807419354838707,12,2003,5
2003-12-28,29.45,29.807419354838707,12,2003,6
2003-12-29,29.17,29.807419354838707,12,2003,0
2003-12-30,30.1,29.807419354838707,12,2003,1
2003-12-31,30.3,29.807419354838707,12,2003,2
2004-01-01,30.3,31.171935483870968,1,2004,3
2004-01-02,29.55,31.171935483870968,1,2004,4
2004-01-03,29.55,31.171935483870968,1,2004,5
2004-01-04,29.55,31.171935483870968,1,2004,6
2004-01-05,32.3,31.171935483870968,1,2004,0
2004-01-06,31.2,31.171935483870968,1,2004,1
2004-01-07,30.99,31.171935483870968,1,2004,2
2004-01-08,31.11,31.171935483870968,1,2004,3
2004-01-09,31.91,31.171935483870968,1,2004,4
2004-01-10,31.91,31.171935483870968,1,2004,5
2004-01-11,31.91,31.171935483870968,1,2004,6
2004-01-12,31.41,31.171935483870968,1,2004,0
2004-01-13,32.55,31.171935483870968,1,2004,1
2004-01-14,31.84,31.171935483870968,1,2004,2
2004-01-15,31.43,31.171935483870968,1,2004,3
2004-01-16,31.26,31.171935483870968,1,2004,4
2004-01-17,31.26,31.171935483870968,1,2004,5
2004-01-18,31.26,31.171935483870968,1,2004,6
2004-01-19,31.67,31.171935483870968,1,2004,0
2004-01-20,32.26,31.171935483870968,1,2004,1
2004-01-21,31.95,31.171935483870968,1,2004,2
2004-01-22,31.42,31.171935483870968,1,2004,3
2004-01-23,32.08,31.171935483870968,1,2004,4
2004-01-24,32.08,31.171935483870968,1,2004,5
2004-01-25,32.08,31.171935483870968,1,2004,6
2004-01-26,31.15,31.171935483870968,1,2004,0
2004-01-27,31.05,31.171935483870968,1,2004,1
2004-01-28,30.77,31.171935483870968,1,2004,2
2004-01-29,29.47,31.171935483870968,1,2004,3
2004-01-30,29.53,31.171935483870968,1,2004,4
2004-01-31,29.53,31.171935483870968,1,2004,5
2004-02-01,29.53,30.87793103448276,2,2004,6
2004-02-02,30.3,30.87793103448276,2,2004,0
2004-02-03,30.07,30.87793103448276,2,2004,1
2004-02-04,29.63,30.87793103448276,2,2004,2
2004-02-05,29.02,30.87793103448276,2,2004,3
2004-02-06,29.26,30.87793103448276,2,2004,4
2004-02-07,29.26,30.87793103448276,2,2004,5
2004-02-08,29.26,30.87793103448276,2,2004,6
2004-02-09,29.1,30.87793103448276,2,2004,0
2004-02-10,30.06,30.87793103448276,2,2004,1
2004-02-11,30.33,30.87793103448276,2,2004,2
2004-02-12,30.17,30.87793103448276,2,2004,3
2004-02-13,30.96,30.87793103448276,2,2004,4
2004-02-14,30.96,30.87793103448276,2,2004,5
2004-02-15,30.96,30.87793103448276,2,2004,6
2004-02-16,31.08,30.87793103448276,2,2004,0
2004-02-17,31.43,30.87793103448276,2,2004,1
2004-02-18,31.57,30.87793103448276,2,2004,2
2004-02-19,31.63,30.87793103448276,2,2004,3
2004-02-20,31.22,30.87793103448276,2,2004,4
2004-02-21,31.22,30.87793103448276,2,2004,5
2004-02-22,31.22,30.87793103448276,2,2004,6
2004-02-23,31.89,30.87793103448276,2,2004,0
2004-02-24,31.6,30.87793103448276,2,2004,1
2004-02-25,32.46,30.87793103448276,2,2004,2
2004-02-26,32.45,30.87793103448276,2,2004,3
2004-02-27,32.94,30.87793103448276,2,2004,4
2004-02-28,32.94,30.87793103448276,2,2004,5
2004-02-29,32.94,30.87793103448276,2,2004,6
2004-03-01,33.34,33.59967741935483,3,2004,0
2004-03-02,34.15,33.59967741935483,3,2004,1
2004-03-03,33.32,33.59967741935483,3,2004,2
2004-03-04,33.45,33.59967741935483,3,2004,3
2004-03-05,34.4,33.59967741935483,3,2004,4
2004-03-06,34.4,33.59967741935483,3,2004,5
2004-03-07,34.4,33.59967741935483,3,2004,6
2004-03-08,34.27,33.59967741935483,3,2004,0
2004-03-09,33.72,33.59967741935483,3,2004,1
2004-03-10,32.83,33.59967741935483,3,2004,2
2004-03-11,33.22,33.59967741935483,3,2004,3
2004-03-12,32.76,33.59967741935483,3,2004,4
2004-03-13,32.76,33.59967741935483,3,2004,5
2004-03-14,32.76,33.59967741935483,3,2004,6
2004-03-15,34.39,33.59967741935483,3,2004,0
2004-03-16,34.72,33.59967741935483,3,2004,1
2004-03-17,34.95,33.59967741935483,3,2004,2
2004-03-18,34.43,33.59967741935483,3,2004,3
2004-03-19,34.33,33.59967741935483,3,2004,4
2004-03-20,34.33,33.59967741935483,3,2004,5
2004-03-21,34.33,33.59967741935483,3,2004,6
2004-03-22,33.57,33.59967741935483,3,2004,0
2004-03-23,34.4,33.59967741935483,3,2004,1
2004-03-24,34.14,33.59967741935483,3,2004,2
2004-03-25,33.32,33.59967741935483,3,2004,3
2004-03-26,32.51,33.59967741935483,3,2004,4
2004-03-27,32.51,33.59967741935483,3,2004,5
2004-03-28,32.51,33.59967741935483,3,2004,6
2004-03-29,32.04,33.59967741935483,3,2004,0
2004-03-30,33.04,33.59967741935483,3,2004,1
2004-03-31,32.29,33.59967741935483,3,2004,2
2004-04-01,32.59,33.49,4,2004,3
2004-04-02,31.19,33.49,4,2004,4
2004-04-03,31.19,33.49,4,2004,5
2004-04-04,31.19,33.49,4,2004,6
2004-04-05,31.17,33.49,4,2004,0
2004-04-06,31.48,33.49,4,2004,1
2004-04-07,33.07,33.49,4,2004,2
2004-04-08,33.98,33.49,4,2004,3
2004-04-09,34.03,33.49,4,2004,4
2004-04-10,34.03,33.49,4,2004,5
2004-04-11,34.03,33.49,4,2004,6
2004-04-12,34.51,33.49,4,2004,0
2004-04-13,34.15,33.49,4,2004,1
2004-04-14,33.54,33.49,4,2004,2
2004-04-15,33.72,33.49,4,2004,3
2004-04-16,33.85,33.49,4,2004,4
2004-04-17,33.85,33.49,4,2004,5
2004-04-18,33.85,33.49,4,2004,6
2004-04-19,34.71,33.49,4,2004,0
2004-04-20,33.56,33.49,4,2004,1
2004-04-21,33.23,33.49,4,2004,2
2004-04-22,33.24,33.49,4,2004,3
2004-04-23,33.78,33.49,4,2004,4
2004-04-24,33.78,33.49,4,2004,5
2004-04-25,33.78,33.49,4,2004,6
2004-04-26,34.18,33.49,4,2004,0
2004-04-27,34.11,33.49,4,2004,1
2004-04-28,35.02,33.49,4,2004,2
2004-04-29,34.66,33.49,4,2004,3
2004-04-30,35.23,33.49,4,2004,4
2004-05-01,35.23,37.45677419354839,5,2004,5
2004-05-02,35.23,37.45677419354839,5,2004,6
2004-05-03,34.97,37.45677419354839,5,2004,0
2004-05-04,36.07,37.45677419354839,5,2004,1
2004-05-05,36.58,37.45677419354839,5,2004,2
2004-05-06,37.05,37.45677419354839,5,2004,3
2004-05-07,37.25,37.45677419354839,5,2004,4
2004-05-08,37.25,37.45677419354839,5,2004,5
2004-05-09,37.25,37.45677419354839,5,2004,6
2004-05-10,35.83,37.45677419354839,5,2004,0
2004-05-11,36.97,37.45677419354839,5,2004,1
2004-05-12,37.95,37.45677419354839,5,2004,2
2004-05-13,38.3,37.45677419354839,5,2004,3
2004-05-14,39.04,37.45677419354839,5,2004,4
2004-05-15,39.04,37.45677419354839,5,2004,5
2004-05-16,39.04,37.45677419354839,5,2004,6
2004-05-17,38.88,37.45677419354839,5,2004,0
2004-05-18,38.43,37.45677419354839,5,2004,1
2004-05-19,38.35,37.45677419354839,5,2004,2
2004-05-20,38.89,37.45677419354839,5,2004,3
2004-05-21,37.6,37.45677419354839,5,2004,4
2004-05-22,37.6,37.45677419354839,5,2004,5
2004-05-23,37.6,37.45677419354839,5,2004,6
2004-05-24,39.22,37.45677419354839,5,2004,0
2004-05-25,38.46,37.45677419354839,5,2004,1
2004-05-26,38.05,37.45677419354839,5,2004,2
2004-05-27,37.03,37.45677419354839,5,2004,3
2004-05-28,37.0,37.45677419354839,5,2004,4
2004-05-29,37.0,37.45677419354839,5,2004,5
2004-05-30,37.0,37.45677419354839,5,2004,6
2004-05-31,37.0,37.45677419354839,5,2004,0
2004-06-01,39.05,35.193333333333335,6,2004,1
2004-06-02,37.99,35.193333333333335,6,2004,2
2004-06-03,36.26,35.193333333333335,6,2004,3
2004-06-04,35.97,35.193333333333335,6,2004,4
2004-06-05,35.97,35.193333333333335,6,2004,5
2004-06-06,35.97,35.193333333333335,6,2004,6
2004-06-07,35.57,35.193333333333335,6,2004,0
2004-06-08,35.47,35.193333333333335,6,2004,1
2004-06-09,34.69,35.193333333333335,6,2004,2
2004-06-10,35.75,35.193333333333335,6,2004,3
2004-06-11,35.23,35.193333333333335,6,2004,4
2004-06-12,35.23,35.193333333333335,6,2004,5
2004-06-13,35.23,35.193333333333335,6,2004,6
2004-06-14,35.22,35.193333333333335,6,2004,0
2004-06-15,34.66,35.193333333333335,6,2004,1
2004-06-16,34.56,35.193333333333335,6,2004,2
2004-06-17,35.58,35.193333333333335,6,2004,3
2004-06-18,35.43,35.193333333333335,6,2004,4
2004-06-19,35.43,35.193333333333335,6,2004,5
2004-06-20,35.43,35.193333333333335,6,2004,6
2004-06-21,34.82,35.193333333333335,6,2004,0
2004-06-22,34.95,35.193333333333335,6,2004,1
2004-06-23,34.81,35.193333333333335,6,2004,2
2004-06-24,34.71,35.193333333333335,6,2004,3
2004-06-25,34.25,35.193333333333335,6,2004,4
2004-06-26,34.25,35.193333333333335,6,2004,5
2004-06-27,34.25,35.193333333333335,6,2004,6
2004-06-28,33.24,35.193333333333335,6,2004,0
2004-06-29,32.61,35.193333333333335,6,2004,1
2004-06-30,33.22,35.193333333333335,6,2004,2
2004-07-01,35.58,38.2058064516129,7,2004,3
2004-07-02,35.36,38.2058064516129,7,2004,4
2004-07-03,35.36,38.2058064516129,7,2004,5
2004-07-04,35.36,38.2058064516129,7,2004,6
2004-07-05,35.73,38.2058064516129,7,2004,0
2004-07-06,36.47,38.2058064516129,7,2004,1
2004-07-07,35.62,38.2058064516129,7,2004,2
2004-07-08,37.13,38.2058064516129,7,2004,3
2004-07-09,37.58,38.2058064516129,7,2004,4
2004-07-10,37.58,38.2058064516129,7,2004,5
2004-07-11,37.58,38.2058064516129,7,2004,6
2004-07-12,37.73,38.2058064516129,7,2004,0
2004-07-13,36.68,38.2058064516129,7,2004,1
2004-07-14,37.51,38.2058064516129,7,2004,2
2004-07-15,38.41,38.2058064516129,7,2004,3
2004-07-16,38.49,38.2058064516129,7,2004,4
2004-07-17,38.49,38.2058064516129,7,2004,5
2004-07-18,38.49,38.2058064516129,7,2004,6
2004-07-19,39.07,38.2058064516129,7,2004,0
2004-07-20,38.96,38.2058064516129,7,2004,1
2004-07-21,38.48,38.2058064516129,7,2004,2
2004-07-22,39.16,38.2058064516129,7,2004,3
2004-07-23,39.59,38.2058064516129,7,2004,4
2004-07-24,39.59,38.2058064516129,7,2004,5
2004-07-25,39.59,38.2058064516129,7,2004,6
2004-07-26,39.75,38.2058064516129,7,2004,0
2004-07-27,40.09,38.2058064516129,7,2004,1
2004-07-28,41.08,38.2058064516129,7,2004,2
2004-07-29,40.93,38.2058064516129,7,2004,3
2004-07-30,41.47,38.2058064516129,7,2004,4
2004-07-31,41.47,38.2058064516129,7,2004,5
2004-08-01,41.47,42.82967741935484,8,2004,6
2004-08-02,41.35,42.82967741935484,8,2004,0
2004-08-03,41.82,42.82967741935484,8,2004,1
2004-08-04,41.75,42.82967741935484,8,2004,2
2004-08-05,42.49,42.82967741935484,8,2004,3
2004-08-06,42.63,42.82967741935484,8,2004,4
2004-08-07,42.63,42.82967741935484,8,2004,5
2004-08-08,42.63,42.82967741935484,8,2004,6
2004-08-09,43.21,42.82967741935484,8,2004,0
2004-08-10,42.5,42.82967741935484,8,2004,1
2004-08-11,42.45,42.82967741935484,8,2004,2
2004-08-12,43.5,42.82967741935484,8,2004,3
2004-08-13,44.13,42.82967741935484,8,2004,4
2004-08-14,44.13,42.82967741935484,8,2004,5
2004-08-15,44.13,42.82967741935484,8,2004,6
2004-08-16,44.35,42.82967741935484,8,2004,0
2004-08-17,44.05,42.82967741935484,8,2004,1
2004-08-18,44.12,42.82967741935484,8,2004,2
2004-08-19,44.84,42.82967741935484,8,2004,3
2004-08-20,45.46,42.82967741935484,8,2004,4
2004-08-21,45.46,42.82967741935484,8,2004,5
2004-08-22,45.46,42.82967741935484,8,2004,6
2004-08-23,44.39,42.82967741935484,8,2004,0
2004-08-24,42.99,42.82967741935484,8,2004,1
2004-08-25,42.39,42.82967741935484,8,2004,2
2004-08-26,40.65,42.82967741935484,8,2004,3
2004-08-27,40.72,42.82967741935484,8,2004,4
2004-08-28,40.72,42.82967741935484,8,2004,5
2004-08-29,40.72,42.82967741935484,8,2004,6
2004-08-30,40.78,42.82967741935484,8,2004,0
2004-08-31,39.8,42.82967741935484,8,2004,1
2004-09-01,40.96,43.098333333333336,9,2004,2
2004-09-02,42.39,43.098333333333336,9,2004,3
2004-09-03,41.07,43.098333333333336,9,2004,4
2004-09-04,41.07,43.098333333333336,9,2004,5
2004-09-05,41.07,43.098333333333336,9,2004,6
2004-09-06,40.4,43.098333333333336,9,2004,0
2004-09-07,40.19,43.098333333333336,9,2004,1
2004-09-08,39.91,43.098333333333336,9,2004,2
2004-09-09,41.45,43.098333333333336,9,2004,3
2004-09-10,41.03,43.098333333333336,9,2004,4
2004-09-11,41.03,43.098333333333336,9,2004,5
2004-09-12,41.03,43.098333333333336,9,2004,6
2004-09-13,40.63,43.098333333333336,9,2004,0
2004-09-14,41.34,43.098333333333336,9,2004,1
2004-09-15,42.03,43.098333333333336,9,2004,2
2004-09-16,40.68,43.098333333333336,9,2004,3
2004-09-17,43.08,43.098333333333336,9,2004,4
2004-09-18,43.08,43.098333333333336,9,2004,5
2004-09-19,43.08,43.098333333333336,9,2004,6
2004-09-20,43.6,43.098333333333336,9,2004,0
2004-09-21,44.56,43.098333333333336,9,2004,1
2004-09-22,45.66,43.098333333333336,9,2004,2
2004-09-23,46.53,43.098333333333336,9,2004,3
2004-09-24,46.13,43.098333333333336,9,2004,4
2004-09-25,46.13,43.098333333333336,9,2004,5
2004-09-26,46.13,43.098333333333336,9,2004,6
2004-09-27,46.87,43.098333333333336,9,2004,0
2004-09-28,47.52,43.098333333333336,9,2004,1
2004-09-29,46.54,43.098333333333336,9,2004,2
2004-09-30,47.76,43.098333333333336,9,2004,3
2004-10-01,46.86,49.70225806451613,10,2004,4
2004-10-02,46.86,49.70225806451613,10,2004,5
2004-10-03,46.86,49.70225806451613,10,2004,6
2004-10-04,46.99,49.70225806451613,10,2004,0
2004-10-05,47.1,49.70225806451613,10,2004,1
2004-10-06,47.95,49.70225806451613,10,2004,2
2004-10-07,48.98,49.70225806451613,10,2004,3
2004-10-08,49.41,49.70225806451613,10,2004,4
2004-10-09,49.41,49.70225806451613,10,2004,5
2004-10-10,49.41,49.70225806451613,10,2004,6
2004-10-11,50.75,49.70225806451613,10,2004,0
2004-10-12,51.28,49.70225806451613,10,2004,1
2004-10-13,50.42,49.70225806451613,10,2004,2
2004-10-14,51.31,49.70225806451613,10,2004,3
2004-10-15,51.02,49.70225806451613,10,2004,4
2004-10-16,51.02,49.70225806451613,10,2004,5
2004-10-17,51.02,49.70225806451613,10,2004,6
2004-10-18,49.16,49.70225806451613,10,2004,0
2004-10-19,49.21,49.70225806451613,10,2004,1
2004-10-20,50.78,49.70225806451613,10,2004,2
2004-10-21,51.06,49.70225806451613,10,2004,3
2004-10-22,52.28,49.70225806451613,10,2004,4
2004-10-23,52.28,49.70225806451613,10,2004,5
2004-10-24,52.28,49.70225806451613,10,2004,6
2004-10-25,51.68,49.70225806451613,10,2004,0
2004-10-26,52.04,49.70225806451613,10,2004,1
2004-10-27,49.99,49.70225806451613,10,2004,2
2004-10-28,48.88,49.70225806451613,10,2004,3
2004-10-29,48.16,49.70225806451613,10,2004,4
2004-10-30,48.16,49.70225806451613,10,2004,5
2004-10-31,48.16,49.70225806451613,10,2004,6
2004-11-01,46.84,43.004999999999995,11,2004,0
2004-11-02,46.25,43.004999999999995,11,2004,1
2004-11-03,46.14,43.004999999999995,11,2004,2
2004-11-04,45.32,43.004999999999995,11,2004,3
2004-11-05,44.37,43.004999999999995,11,2004,4
2004-11-06,44.37,43.004999999999995,11,2004,5
2004-11-07,44.37,43.004999999999995,11,2004,6
2004-11-08,44.78,43.004999999999995,11,2004,0
2004-11-09,43.27,43.004999999999995,11,2004,1
2004-11-10,42.57,43.004999999999995,11,2004,2
2004-11-11,42.22,43.004999999999995,11,2004,3
2004-11-12,41.33,43.004999999999995,11,2004,4
2004-11-13,41.33,43.004999999999995,11,2004,5
2004-11-14,41.33,43.004999999999995,11,2004,6
2004-11-15,39.32,43.004999999999995,11,2004,0
2004-11-16,40.48,43.004999999999995,11,2004,1
2004-11-17,40.27,43.004999999999995,11,2004,2
2004-11-18,40.8,43.004999999999995,11,2004,3
2004-11-19,42.29,43.004999999999995,11,2004,4
2004-11-20,42.29,43.004999999999995,11,2004,5
2004-11-21,42.29,43.004999999999995,11,2004,6
2004-11-22,42.26,43.004999999999995,11,2004,0
2004-11-23,43.03,43.004999999999995,11,2004,1
2004-11-24,42.62,43.004999999999995,11,2004,2
2004-11-25,43.12,43.004999999999995,11,2004,3
2004-11-26,42.87,43.004999999999995,11,2004,4
2004-11-27,42.87,43.004999999999995,11,2004,5
2004-11-28,42.87,43.004999999999995,11,2004,6
2004-11-29,44.05,43.004999999999995,11,2004,0
2004-11-30,44.23,43.004999999999995,11,2004,1
2004-12-01,41.19,39.60612903225806,12,2004,2
2004-12-02,38.49,39.60612903225806,12,2004,3
2004-12-03,38.57,39.60612903225806,12,2004,4
2004-12-04,38.57,39.60612903225806,12,2004,5
2004-12-05,38.57,39.60612903225806,12,2004,6
2004-12-06,38.43,39.60612903225806,12,2004,0
2004-12-07,37.11,39.60612903225806,12,2004,1
2004-12-08,36.9,39.60612903225806,12,2004,2
2004-12-09,38.33,39.60612903225806,12,2004,3
2004-12-10,37.24,39.60612903225806,12,2004,4
2004-12-11,37.24,39.60612903225806,12,2004,5
2004-12-12,37.24,39.60612903225806,12,2004,6
2004-12-13,36.77,39.60612903225806,12,2004,0
2004-12-14,37.03,39.60612903225806,12,2004,1
2004-12-15,41.53,39.60612903225806,12,2004,2
2004-12-16,41.49,39.60612903225806,12,2004,3
2004-12-17,43.06,39.60612903225806,12,2004,4
2004-12-18,43.06,39.60612903225806,12,2004,5
2004-12-19,43.06,39.60612903225806,12,2004,6
2004-12-20,42.67,39.60612903225806,12,2004,0
2004-12-21,42.76,39.60612903225806,12,2004,1
2004-12-22,40.44,39.60612903225806,12,2004,2
2004-12-23,40.29,39.60612903225806,12,2004,3
2004-12-24,39.6,39.60612903225806,12,2004,4
2004-12-25,39.6,39.60612903225806,12,2004,5
2004-12-26,39.6,39.60612903225806,12,2004,6
2004-12-27,39.6,39.60612903225806,12,2004,0
2004-12-28,40.24,39.60612903225806,12,2004,1
2004-12-29,38.93,39.60612903225806,12,2004,2
2004-12-30,39.8,39.60612903225806,12,2004,3
2004-12-31,40.38,39.60612903225806,12,2004,4
2005-01-01,40.38,44.182580645161295,1,2005,5
2005-01-02,40.38,44.182580645161295,1,2005,6
2005-01-03,40.38,44.182580645161295,1,2005,0
2005-01-04,40.75,44.182580645161295,1,2005,1
2005-01-05,41.0,44.182580645161295,1,2005,2
2005-01-06,43.25,44.182580645161295,1,2005,3
2005-01-07,43.28,44.182580645161295,1,2005,4
2005-01-08,43.28,44.182580645161295,1,2005,5
2005-01-09,43.28,44.182580645161295,1,2005,6
2005-01-10,44.71,44.182580645161295,1,2005,0
2005-01-11,43.45,44.182580645161295,1,2005,1
2005-01-12,43.75,44.182580645161295,1,2005,2
2005-01-13,45.76,44.182580645161295,1,2005,3
2005-01-14,45.26,44.182580645161295,1,2005,4
2005-01-15,45.26,44.182580645161295,1,2005,5
2005-01-16,45.26,44.182580645161295,1,2005,6
2005-01-17,45.1,44.182580645161295,1,2005,0
2005-01-18,45.18,44.182580645161295,1,2005,1
2005-01-19,45.16,44.182580645161295,1,2005,2
2005-01-20,44.06,44.182580645161295,1,2005,3
2005-01-21,45.88,44.182580645161295,1,2005,4
2005-01-22,45.88,44.182580645161295,1,2005,5
2005-01-23,45.88,44.182580645161295,1,2005,6
2005-01-24,45.74,44.182580645161295,1,2005,0
2005-01-25,46.14,44.182580645161295,1,2005,1
2005-01-26,45.94,44.182580645161295,1,2005,2
2005-01-27,46.51,44.182580645161295,1,2005,3
2005-01-28,44.75,44.182580645161295,1,2005,4
2005-01-29,44.75,44.182580645161295,1,2005,5
2005-01-30,44.75,44.182580645161295,1,2005,6
2005-01-31,44.51,44.182580645161295,1,2005,0
2005-02-01,45.12,45.595000000000006,2,2005,1
2005-02-02,44.17,45.595000000000006,2,2005,2
2005-02-03,43.13,45.595000000000006,2,2005,3
2005-02-04,43.26,45.595000000000006,2,2005,4
2005-02-05,43.26,45.595000000000006,2,2005,5
2005-02-06,43.26,45.595000000000006,2,2005,6
2005-02-07,42.7,45.595000000000006,2,2005,0
2005-02-08,42.79,45.595000000000006,2,2005,1
2005-02-09,42.49,45.595000000000006,2,2005,2
2005-02-10,44.04,45.595000000000006,2,2005,3
2005-02-11,44.41,45.595000000000006,2,2005,4
2005-02-12,44.41,45.595000000000006,2,2005,5
2005-02-13,44.41,45.595000000000006,2,2005,6
2005-02-14,44.51,45.595000000000006,2,2005,0
2005-02-15,44.91,45.595000000000006,2,2005,1
2005-02-16,45.42,45.595000000000006,2,2005,2
2005-02-17,45.42,45.595000000000006,2,2005,3
2005-02-18,45.86,45.595000000000006,2,2005,4
2005-02-19,45.86,45.595000000000006,2,2005,5
2005-02-20,45.86,45.595000000000006,2,2005,6
2005-02-21,46.09,45.595000000000006,2,2005,0
2005-02-22,47.6,45.595000000000006,2,2005,1
2005-02-23,48.16,45.595000000000006,2,2005,2
2005-02-24,49.24,45.595000000000006,2,2005,3
2005-02-25,50.05,45.595000000000006,2,2005,4
2005-02-26,50.05,45.595000000000006,2,2005,5
2005-02-27,50.05,45.595000000000006,2,2005,6
2005-02-28,50.13,45.595000000000006,2,2005,0
2005-03-01,50.47,53.15451612903226,3,2005,1
2005-03-02,51.05,53.15451612903226,3,2005,2
2005-03-03,52.89,53.15451612903226,3,2005,3
2005-03-04,52.1,53.15451612903226,3,2005,4
2005-03-05,52.1,53.15451612903226,3,2005,5
2005-03-06,52.1,53.15451612903226,3,2005,6
2005-03-07,51.87,53.15451612903226,3,2005,0
2005-03-08,53.29,53.15451612903226,3,2005,1
2005-03-09,54.11,53.15451612903226,3,2005,2
2005-03-10,53.04,53.15451612903226,3,2005,3
2005-03-11,53.15,53.15451612903226,3,2005,4
2005-03-12,53.15,53.15451612903226,3,2005,5
2005-03-13,53.15,53.15451612903226,3,2005,6
2005-03-14,53.68,53.15451612903226,3,2005,0
2005-03-15,53.97,53.15451612903226,3,2005,1
2005-03-16,54.61,53.15451612903226,3,2005,2
2005-03-17,56.03,53.15451612903226,3,2005,3
2005-03-18,55.97,53.15451612903226,3,2005,4
2005-03-19,55.97,53.15451612903226,3,2005,5
2005-03-20,55.97,53.15451612903226,3,2005,6
2005-03-21,55.79,53.15451612903226,3,2005,0
2005-03-22,55.39,53.15451612903226,3,2005,1
2005-03-23,51.52,53.15451612903226,3,2005,2
2005-03-24,52.35,53.15451612903226,3,2005,3
2005-03-25,52.35,53.15451612903226,3,2005,4
2005-03-26,52.35,53.15451612903226,3,2005,5
2005-03-27,52.35,53.15451612903226,3,2005,6
2005-03-28,51.75,53.15451612903226,3,2005,0
2005-03-29,51.42,53.15451612903226,3,2005,1
2005-03-30,50.63,53.15451612903226,3,2005,2
2005-03-31,53.22,53.15451612903226,3,2005,3
2005-04-01,54.14,51.939,4,2005,4
2005-04-02,54.14,51.939,4,2005,5
2005-04-03,54.14,51.939,4,2005,6
2005-04-04,55.92,51.939,4,2005,0
2005-04-05,54.53,51.939,4,2005,1
2005-04-06,54.08,51.939,4,2005,2
2005-04-07,52.57,51.939,4,2005,3
2005-04-08,51.83,51.939,4,2005,4
2005-04-09,51.83,51.939,4,2005,5
2005-04-10,51.83,51.939,4,2005,6
2005-04-11,51.21,51.939,4,2005,0
2005-04-12,51.53,51.939,4,2005,1
2005-04-13,49.67,51.939,4,2005,2
2005-04-14,50.21,51.939,4,2005,3
2005-04-15,49.52,51.939,4,2005,4
2005-04-16,49.52,51.939,4,2005,5
2005-04-17,49.52,51.939,4,2005,6
2005-04-18,48.58,51.939,4,2005,0
2005-04-19,50.79,51.939,4,2005,1
2005-04-20,51.53,51.939,4,2005,2
2005-04-21,51.73,51.939,4,2005,3
2005-04-22,53.51,51.939,4,2005,4
2005-04-23,53.51,51.939,4,2005,5
2005-04-24,53.51,51.939,4,2005,6
2005-04-25,53.1,51.939,4,2005,0
2005-04-26,52.47,51.939,4,2005,1
2005-04-27,51.29,51.939,4,2005,2
2005-04-28,50.74,51.939,4,2005,3
2005-04-29,50.61,51.939,4,2005,4
2005-04-30,50.61,51.939,4,2005,5
2005-05-01,50.61,48.59903225806451,5,2005,6
2005-05-02,50.89,48.59903225806451,5,2005,0
2005-05-03,49.48,48.59903225806451,5,2005,1
2005-05-04,50.36,48.59903225806451,5,2005,2
2005-05-05,49.81,48.59903225806451,5,2005,3
2005-05-06,49.7,48.59903225806451,5,2005,4
2005-05-07,49.7,48.59903225806451,5,2005,5
2005-05-08,49.7,48.59903225806451,5,2005,6
2005-05-09,49.71,48.59903225806451,5,2005,0
2005-05-10,50.61,48.59903225806451,5,2005,1
2005-05-11,48.91,48.59903225806451,5,2005,2
2005-05-12,47.4,48.59903225806451,5,2005,3
2005-05-13,46.85,48.59903225806451,5,2005,4
2005-05-14,46.85,48.59903225806451,5,2005,5
2005-05-15,46.85,48.59903225806451,5,2005,6
2005-05-16,46.42,48.59903225806451,5,2005,0
2005-05-17,47.31,48.59903225806451,5,2005,1
2005-05-18,47.35,48.59903225806451,5,2005,2
2005-05-19,46.92,48.59903225806451,5,2005,3
2005-05-20,46.91,48.59903225806451,5,2005,4
2005-05-21,46.91,48.59903225806451,5,2005,5
2005-05-22,46.91,48.59903225806451,5,2005,6
2005-05-23,47.28,48.59903225806451,5,2005,0
2005-05-24,47.29,48.59903225806451,5,2005,1
2005-05-25,49.24,48.59903225806451,5,2005,2
2005-05-26,49.71,48.59903225806451,5,2005,3
2005-05-27,49.42,48.59903225806451,5,2005,4
2005-05-28,49.42,48.59903225806451,5,2005,5
2005-05-29,49.42,48.59903225806451,5,2005,6
2005-05-30,49.33,48.59903225806451,5,2005,0
2005-05-31,49.3,48.59903225806451,5,2005,1
2005-06-01,50.46,54.394,6,2005,2
2005-06-02,51.3,54.394,6,2005,3
2005-06-03,51.9,54.394,6,2005,4
2005-06-04,51.9,54.394,6,2005,5
2005-06-05,51.9,54.394,6,2005,6
2005-06-06,52.61,54.394,6,2005,0
2005-06-07,51.62,54.394,6,2005,1
2005-06-08,51.92,54.394,6,2005,2
2005-06-09,51.36,54.394,6,2005,3
2005-06-10,51.98,54.394,6,2005,4
2005-06-11,51.98,54.394,6,2005,5
2005-06-12,51.98,54.394,6,2005,6
2005-06-13,52.0,54.394,6,2005,0
2005-06-14,53.52,54.394,6,2005,1
2005-06-15,54.12,54.394,6,2005,2
2005-06-16,54.3,54.394,6,2005,3
2005-06-17,56.92,54.394,6,2005,4
2005-06-18,56.92,54.394,6,2005,5
2005-06-19,56.92,54.394,6,2005,6
2005-06-20,57.1,54.394,6,2005,0
2005-06-21,57.36,54.394,6,2005,1
2005-06-22,56.06,54.394,6,2005,2
2005-06-23,57.03,54.394,6,2005,3
2005-06-24,57.21,54.394,6,2005,4
2005-06-25,57.21,54.394,6,2005,5
2005-06-26,57.21,54.394,6,2005,6
2005-06-27,58.5,54.394,6,2005,0
2005-06-28,57.75,54.394,6,2005,1
2005-06-29,55.42,54.394,6,2005,2
2005-06-30,55.36,54.394,6,2005,3
2005-07-01,56.41,57.619354838709675,7,2005,4
2005-07-02,56.41,57.619354838709675,7,2005,5
2005-07-03,56.41,57.619354838709675,7,2005,6
2005-07-04,57.13,57.619354838709675,7,2005,0
2005-07-05,57.86,57.619354838709675,7,2005,1
2005-07-06,58.38,57.619354838709675,7,2005,2
2005-07-07,57.55,57.619354838709675,7,2005,3
2005-07-08,59.0,57.619354838709675,7,2005,4
2005-07-09,59.0,57.619354838709675,7,2005,5
2005-07-10,59.0,57.619354838709675,7,2005,6
2005-07-11,56.1,57.619354838709675,7,2005,0
2005-07-12,58.95,57.619354838709675,7,2005,1
2005-07-13,58.33,57.619354838709675,7,2005,2
2005-07-14,56.79,57.619354838709675,7,2005,3
2005-07-15,56.98,57.619354838709675,7,2005,4
2005-07-16,56.98,57.619354838709675,7,2005,5
2005-07-17,56.98,57.619354838709675,7,2005,6
2005-07-18,56.25,57.619354838709675,7,2005,0
2005-07-19,56.75,57.619354838709675,7,2005,1
2005-07-20,56.39,57.619354838709675,7,2005,2
2005-07-21,55.59,57.619354838709675,7,2005,3
2005-07-22,56.98,57.619354838709675,7,2005,4
2005-07-23,56.98,57.619354838709675,7,2005,5
2005-07-24,56.98,57.619354838709675,7,2005,6
2005-07-25,57.51,57.619354838709675,7,2005,0
2005-07-26,58.58,57.619354838709675,7,2005,1
2005-07-27,58.34,57.619354838709675,7,2005,2
2005-07-28,58.28,57.619354838709675,7,2005,3
2005-07-29,59.77,57.619354838709675,7,2005,4
2005-07-30,59.77,57.619354838709675,7,2005,5
2005-07-31,59.77,57.619354838709675,7,2005,6
2005-08-01,60.56,64.14451612903225,8,2005,0
2005-08-02,60.13,64.14451612903225,8,2005,1
2005-08-03,60.04,64.14451612903225,8,2005,2
2005-08-04,60.62,64.14451612903225,8,2005,3
2005-08-05,60.73,64.14451612903225,8,2005,4
2005-08-06,60.73,64.14451612903225,8,2005,5
2005-08-07,60.73,64.14451612903225,8,2005,6
2005-08-08,62.56,64.14451612903225,8,2005,0
2005-08-09,62.79,64.14451612903225,8,2005,1
2005-08-10,63.77,64.14451612903225,8,2005,2
2005-08-11,65.9,64.14451612903225,8,2005,3
2005-08-12,67.26,64.14451612903225,8,2005,4
2005-08-13,67.26,64.14451612903225,8,2005,5
2005-08-14,67.26,64.14451612903225,8,2005,6
2005-08-15,66.68,64.14451612903225,8,2005,0
2005-08-16,65.1,64.14451612903225,8,2005,1
2005-08-17,63.41,64.14451612903225,8,2005,2
2005-08-18,61.75,64.14451612903225,8,2005,3
2005-08-19,64.21,64.14451612903225,8,2005,4
2005-08-20,64.21,64.14451612903225,8,2005,5
2005-08-21,64.21,64.14451612903225,8,2005,6
2005-08-22,65.87,64.14451612903225,8,2005,0
2005-08-23,65.16,64.14451612903225,8,2005,1
2005-08-24,65.25,64.14451612903225,8,2005,2
2005-08-25,65.88,64.14451612903225,8,2005,3
2005-08-26,66.23,64.14451612903225,8,2005,4
2005-08-27,66.23,64.14451612903225,8,2005,5
2005-08-28,66.23,64.14451612903225,8,2005,6
2005-08-29,64.77,64.14451612903225,8,2005,0
2005-08-30,66.15,64.14451612903225,8,2005,1
2005-08-31,66.8,64.14451612903225,8,2005,2
2005-09-01,66.79,62.88066666666667,9,2005,3
2005-09-02,65.95,62.88066666666667,9,2005,4
2005-09-03,65.95,62.88066666666667,9,2005,5
2005-09-04,65.95,62.88066666666667,9,2005,6
2005-09-05,64.16,62.88066666666667,9,2005,0
2005-09-06,64.16,62.88066666666667,9,2005,1
2005-09-07,63.6,62.88066666666667,9,2005,2
2005-09-08,61.66,62.88066666666667,9,2005,3
2005-09-09,62.62,62.88066666666667,9,2005,4
2005-09-10,62.62,62.88066666666667,9,2005,5
2005-09-11,62.62,62.88066666666667,9,2005,6
2005-09-12,60.69,62.88066666666667,9,2005,0
2005-09-13,61.31,62.88066666666667,9,2005,1
2005-09-14,61.7,62.88066666666667,9,2005,2
2005-09-15,61.9,62.88066666666667,9,2005,3
2005-09-16,60.48,62.88066666666667,9,2005,4
2005-09-17,60.48,62.88066666666667,9,2005,5
2005-09-18,60.48,62.88066666666667,9,2005,6
2005-09-19,64.04,62.88066666666667,9,2005,0
2005-09-20,62.98,62.88066666666667,9,2005,1
2005-09-21,64.31,62.88066666666667,9,2005,2
2005-09-22,64.64,62.88066666666667,9,2005,3
2005-09-23,62.17,62.88066666666667,9,2005,4
2005-09-24,62.17,62.88066666666667,9,2005,5
2005-09-25,62.17,62.88066666666667,9,2005,6
2005-09-26,61.73,62.88066666666667,9,2005,0
2005-09-27,62.56,62.88066666666667,9,2005,1
2005-09-28,62.81,62.88066666666667,9,2005,2
2005-09-29,62.02,62.88066666666667,9,2005,3
2005-09-30,61.7,62.88066666666667,9,2005,4
2005-10-01,61.7,58.61322580645161,10,2005,5
2005-10-02,61.7,58.61322580645161,10,2005,6
2005-10-03,61.64,58.61322580645161,10,2005,0
2005-10-04,59.17,58.61322580645161,10,2005,1
2005-10-05,59.33,58.61322580645161,10,2005,2
2005-10-06,57.2,58.61322580645161,10,2005,3
2005-10-07,57.29,58.61322580645161,10,2005,4
2005-10-08,57.29,58.61322580645161,10,2005,5
2005-10-09,57.29,58.61322580645161,10,2005,6
2005-10-10,57.01,58.61322580645161,10,2005,0
2005-10-11,58.1,58.61322580645161,10,2005,1
2005-10-12,59.91,58.61322580645161,10,2005,2
2005-10-13,59.48,58.61322580645161,10,2005,3
2005-10-14,58.45,58.61322580645161,10,2005,4
2005-10-15,58.45,58.61322580645161,10,2005,5
2005-10-16,58.45,58.61322580645161,10,2005,6
2005-10-17,59.81,58.61322580645161,10,2005,0
2005-10-18,58.85,58.61322580645161,10,2005,1
2005-10-19,58.13,58.61322580645161,10,2005,2
2005-10-20,57.04,58.61322580645161,10,2005,3
2005-10-21,56.94,58.61322580645161,10,2005,4
2005-10-22,56.94,58.61322580645161,10,2005,5
2005-10-23,56.94,58.61322580645161,10,2005,6
2005-10-24,57.64,58.61322580645161,10,2005,0
2005-10-25,58.72,58.61322580645161,10,2005,1
2005-10-26,58.56,58.61322580645161,10,2005,2
2005-10-27,58.1,58.61322580645161,10,2005,3
2005-10-28,59.47,58.61322580645161,10,2005,4
2005-10-29,59.47,58.61322580645161,10,2005,5
2005-10-30,59.47,58.61322580645161,10,2005,6
2005-10-31,58.47,58.61322580645161,10,2005,0
2005-11-01,56.69,55.22866666666666,11,2005,1
2005-11-02,58.53,55.22866666666666,11,2005,2
2005-11-03,59.55,55.22866666666666,11,2005,3
2005-11-04,60.48,55.22866666666666,11,2005,4
2005-11-05,60.48,55.22866666666666,11,2005,5
2005-11-06,60.48,55.22866666666666,11,2005,6
2005-11-07,58.19,55.22866666666666,11,2005,0
2005-11-08,57.89,55.22866666666666,11,2005,1
2005-11-09,57.71,55.22866666666666,11,2005,2
2005-11-10,55.85,55.22866666666666,11,2005,3
2005-11-11,54.3,55.22866666666666,11,2005,4
2005-11-12,54.3,55.22866666666666,11,2005,5
2005-11-13,54.3,55.22866666666666,11,2005,6
2005-11-14,54.1,55.22866666666666,11,2005,0
2005-11-15,54.45,55.22866666666666,11,2005,1
2005-11-16,53.68,55.22866666666666,11,2005,2
2005-11-17,53.8,55.22866666666666,11,2005,3
2005-11-18,52.84,55.22866666666666,11,2005,4
2005-11-19,52.84,55.22866666666666,11,2005,5
2005-11-20,52.84,55.22866666666666,11,2005,6
2005-11-21,53.36,55.22866666666666,11,2005,0
2005-11-22,54.21,55.22866666666666,11,2005,1
2005-11-23,53.73,55.22866666666666,11,2005,2
2005-11-24,53.41,55.22866666666666,11,2005,3
2005-11-25,53.15,55.22866666666666,11,2005,4
2005-11-26,53.15,55.22866666666666,11,2005,5
2005-11-27,53.15,55.22866666666666,11,2005,6
2005-11-28,52.91,55.22866666666666,11,2005,0
2005-11-29,53.24,55.22866666666666,11,2005,1
2005-11-30,53.25,55.22866666666666,11,2005,2
2005-12-01,53.65,56.832580645161286,12,2005,3
2005-12-02,54.91,56.832580645161286,12,2005,4
2005-12-03,54.91,56.832580645161286,12,2005,5
2005-12-04,54.91,56.832580645161286,12,2005,6
2005-12-05,56.05,56.832580645161286,12,2005,0
2005-12-06,55.68,56.832580645161286,12,2005,1
2005-12-07,55.17,56.832580645161286,12,2005,2
2005-12-08,56.26,56.832580645161286,12,2005,3
2005-12-09,57.18,56.832580645161286,12,2005,4
2005-12-10,57.18,56.832580645161286,12,2005,5
2005-12-11,57.18,56.832580645161286,12,2005,6
2005-12-12,57.23,56.832580645161286,12,2005,0
2005-12-13,59.16,56.832580645161286,12,2005,1
2005-12-14,59.59,56.832580645161286,12,2005,2
2005-12-15,59.67,56.832580645161286,12,2005,3
2005-12-16,58.11,56.832580645161286,12,2005,4
2005-12-17,58.11,56.832580645161286,12,2005,5
2005-12-18,58.11,56.832580645161286,12,2005,6
2005-12-19,56.09,56.832580645161286,12,2005,0
2005-12-20,56.08,56.832580645161286,12,2005,1
2005-12-21,56.05,56.832580645161286,12,2005,2
2005-12-22,57.3,56.832580645161286,12,2005,3
2005-12-23,56.28,56.832580645161286,12,2005,4
2005-12-24,56.28,56.832580645161286,12,2005,5
2005-12-25,56.28,56.832580645161286,12,2005,6
2005-12-26,56.54,56.832580645161286,12,2005,0
2005-12-27,56.54,56.832580645161286,12,2005,1
2005-12-28,56.91,56.832580645161286,12,2005,2
2005-12-29,57.72,56.832580645161286,12,2005,3
2005-12-30,58.34,56.832580645161286,12,2005,4
2005-12-31,58.34,56.832580645161286,12,2005,5
2006-01-01,58.34,62.810645161290324,1,2006,6
2006-01-02,58.34,62.810645161290324,1,2006,0
2006-01-03,61.51,62.810645161290324,1,2006,1
2006-01-04,61.25,62.810645161290324,1,2006,2
2006-01-05,61.68,62.810645161290324,1,2006,3
2006-01-06,62.43,62.810645161290324,1,2006,4
2006-01-07,62.43,62.810645161290324,1,2006,5
2006-01-08,62.43,62.810645161290324,1,2006,6
2006-01-09,62.51,62.810645161290324,1,2006,0
2006-01-10,62.32,62.810645161290324,1,2006,1
2006-01-11,61.54,62.810645161290324,1,2006,2
2006-01-12,62.95,62.810645161290324,1,2006,3
2006-01-13,61.58,62.810645161290324,1,2006,4
2006-01-14,61.58,62.810645161290324,1,2006,5
2006-01-15,61.58,62.810645161290324,1,2006,6
2006-01-16,62.34,62.810645161290324,1,2006,0
2006-01-17,63.22,62.810645161290324,1,2006,1
2006-01-18,63.6,62.810645161290324,1,2006,2
2006-01-19,63.64,62.810645161290324,1,2006,3
2006-01-20,64.92,62.810645161290324,1,2006,4
2006-01-21,64.92,62.810645161290324,1,2006,5
2006-01-22,64.92,62.810645161290324,1,2006,6
2006-01-23,64.56,62.810645161290324,1,2006,0
2006-01-24,63.82,62.810645161290324,1,2006,1
2006-01-25,62.61,62.810645161290324,1,2006,2
2006-01-26,62.93,62.810645161290324,1,2006,3
2006-01-27,64.95,62.810645161290324,1,2006,4
2006-01-28,64.95,62.810645161290324,1,2006,5
2006-01-29,64.95,62.810645161290324,1,2006,6
2006-01-30,65.14,62.810645161290324,1,2006,0
2006-01-31,63.19,62.810645161290324,1,2006,1
2006-02-01,65.64,60.19785714285714,2,2006,2
2006-02-02,63.49,60.19785714285714,2,2006,3
2006-02-03,62.54,60.19785714285714,2,2006,4
2006-02-04,62.54,60.19785714285714,2,2006,5
2006-02-05,62.54,60.19785714285714,2,2006,6
2006-02-06,63.32,60.19785714285714,2,2006,0
2006-02-07,61.64,60.19785714285714,2,2006,1
2006-02-08,60.82,60.19785714285714,2,2006,2
2006-02-09,60.7,60.19785714285714,2,2006,3
2006-02-10,59.66,60.19785714285714,2,2006,4
2006-02-11,59.66,60.19785714285714,2,2006,5
2006-02-12,59.66,60.19785714285714,2,2006,6
2006-02-13,59.16,60.19785714285714,2,2006,0
2006-02-14,58.27,60.19785714285714,2,2006,1
2006-02-15,57.67,60.19785714285714,2,2006,2
2006-02-16,56.78,60.19785714285714,2,2006,3
2006-02-17,58.34,60.19785714285714,2,2006,4
2006-02-18,58.34,60.19785714285714,2,2006,5
2006-02-19,58.34,60.19785714285714,2,2006,6
2006-02-20,60.05,60.19785714285714,2,2006,0
2006-02-21,59.35,60.19785714285714,2,2006,1
2006-02-22,58.71,60.19785714285714,2,2006,2
2006-02-23,58.71,60.19785714285714,2,2006,3
2006-02-24,60.13,60.19785714285714,2,2006,4
2006-02-25,60.13,60.19785714285714,2,2006,5
2006-02-26,60.13,60.19785714285714,2,2006,6
2006-02-27,59.44,60.19785714285714,2,2006,0
2006-02-28,59.78,60.19785714285714,2,2006,1
2006-03-01,61.12,62.05129032258064,3,2006,2
2006-03-02,62.27,62.05129032258064,3,2006,3
2006-03-03,62.69,62.05129032258064,3,2006,4
2006-03-04,62.69,62.05129032258064,3,2006,5
2006-03-05,62.69,62.05129032258064,3,2006,6
2006-03-06,61.41,62.05129032258064,3,2006,0
2006-03-07,59.79,62.05129032258064,3,2006,1
2006-03-08,58.42,62.05129032258064,3,2006,2
2006-03-09,58.82,62.05129032258064,3,2006,3
2006-03-10,59.04,62.05129032258064,3,2006,4
2006-03-11,59.04,62.05129032258064,3,2006,5
2006-03-12,59.04,62.05129032258064,3,2006,6
2006-03-13,60.99,62.05129032258064,3,2006,0
2006-03-14,62.39,62.05129032258064,3,2006,1
2006-03-15,63.12,62.05129032258064,3,2006,2
2006-03-16,62.07,62.05129032258064,3,2006,3
2006-03-17,63.54,62.05129032258064,3,2006,4
2006-03-18,63.54,62.05129032258064,3,2006,5
2006-03-19,63.54,62.05129032258064,3,2006,6
2006-03-20,62.3,62.05129032258064,3,2006,0
2006-03-21,59.96,62.05129032258064,3,2006,1
2006-03-22,61.23,62.05129032258064,3,2006,2
2006-03-23,61.76,62.05129032258064,3,2006,3
2006-03-24,62.78,62.05129032258064,3,2006,4
2006-03-25,62.78,62.05129032258064,3,2006,5
2006-03-26,62.78,62.05129032258064,3,2006,6
2006-03-27,62.59,62.05129032258064,3,2006,0
2006-03-28,64.31,62.05129032258064,3,2006,1
2006-03-29,64.88,62.05129032258064,3,2006,2
2006-03-30,65.95,62.05129032258064,3,2006,3
2006-03-31,66.06,62.05129032258064,3,2006,4
2006-04-01,66.06,70.02533333333334,4,2006,5
2006-04-02,66.06,70.02533333333334,4,2006,6
2006-04-03,67.28,70.02533333333334,4,2006,0
2006-04-04,65.93,70.02533333333334,4,2006,1
2006-04-05,66.74,70.02533333333334,4,2006,2
2006-04-06,67.58,70.02533333333334,4,2006,3
2006-04-07,67.11,70.02533333333334,4,2006,4
2006-04-08,67.11,70.02533333333334,4,2006,5
2006-04-09,67.11,70.02533333333334,4,2006,6
2006-04-10,68.2,70.02533333333334,4,2006,0
2006-04-11,68.52,70.02533333333334,4,2006,1
2006-04-12,69.54,70.02533333333334,4,2006,2
2006-04-13,69.39,70.02533333333334,4,2006,3
2006-04-14,69.39,70.02533333333334,4,2006,4
2006-04-15,69.39,70.02533333333334,4,2006,5
2006-04-16,69.39,70.02533333333334,4,2006,6
2006-04-17,69.39,70.02533333333334,4,2006,0
2006-04-18,70.97,70.02533333333334,4,2006,1
2006-04-19,72.69,70.02533333333334,4,2006,2
2006-04-20,72.57,70.02533333333334,4,2006,3
2006-04-21,73.94,70.02533333333334,4,2006,4
2006-04-22,73.94,70.02533333333334,4,2006,5
2006-04-23,73.94,70.02533333333334,4,2006,6
2006-04-24,73.96,70.02533333333334,4,2006,0
2006-04-25,72.86,70.02533333333334,4,2006,1
2006-04-26,73.46,70.02533333333334,4,2006,2
2006-04-27,71.79,70.02533333333334,4,2006,3
2006-04-28,72.15,70.02533333333334,4,2006,4
2006-04-29,72.15,70.02533333333334,4,2006,5
2006-04-30,72.15,70.02533333333334,4,2006,6
2006-05-01,73.37,69.79129032258065,5,2006,0
2006-05-02,74.45,69.79129032258065,5,2006,1
2006-05-03,73.73,69.79129032258065,5,2006,2
2006-05-04,71.84,69.79129032258065,5,2006,3
2006-05-05,71.22,69.79129032258065,5,2006,4
2006-05-06,71.22,69.79129032258065,5,2006,5
2006-05-07,71.22,69.79129032258065,5,2006,6
2006-05-08,68.26,69.79129032258065,5,2006,0
2006-05-09,70.6,69.79129032258065,5,2006,1
2006-05-10,69.83,69.79129032258065,5,2006,2
2006-05-11,72.2,69.79129032258065,5,2006,3
2006-05-12,71.3,69.79129032258065,5,2006,4
2006-05-13,71.3,69.79129032258065,5,2006,5
2006-05-14,71.3,69.79129032258065,5,2006,6
2006-05-15,68.69,69.79129032258065,5,2006,0
2006-05-16,68.66,69.79129032258065,5,2006,1
2006-05-17,67.52,69.79129032258065,5,2006,2
2006-05-18,67.39,69.79129032258065,5,2006,3
2006-05-19,66.93,69.79129032258065,5,2006,4
2006-05-20,66.93,69.79129032258065,5,2006,5
2006-05-21,66.93,69.79129032258065,5,2006,6
2006-05-22,66.52,69.79129032258065,5,2006,0
2006-05-23,68.97,69.79129032258065,5,2006,1
2006-05-24,68.45,69.79129032258065,5,2006,2
2006-05-25,68.51,69.79129032258065,5,2006,3
2006-05-26,69.88,69.79129032258065,5,2006,4
2006-05-27,69.88,69.79129032258065,5,2006,5
2006-05-28,69.88,69.79129032258065,5,2006,6
2006-05-29,69.16,69.79129032258065,5,2006,0
2006-05-30,69.82,69.79129032258065,5,2006,1
2006-05-31,67.57,69.79129032258065,5,2006,2
2006-06-01,68.77,68.43900000000001,6,2006,3
2006-06-02,68.42,68.43900000000001,6,2006,4
2006-06-03,68.42,68.43900000000001,6,2006,5
2006-06-04,68.42,68.43900000000001,6,2006,6
2006-06-05,69.13,68.43900000000001,6,2006,0
2006-06-06,68.25,68.43900000000001,6,2006,1
2006-06-07,67.17,68.43900000000001,6,2006,2
2006-06-08,65.76,68.43900000000001,6,2006,3
2006-06-09,69.13,68.43900000000001,6,2006,4
2006-06-10,69.13,68.43900000000001,6,2006,5
2006-06-11,69.13,68.43900000000001,6,2006,6
2006-06-12,68.62,68.43900000000001,6,2006,0
2006-06-13,65.67,68.43900000000001,6,2006,1
2006-06-14,65.52,68.43900000000001,6,2006,2
2006-06-15,66.04,68.43900000000001,6,2006,3
2006-06-16,65.01,68.43900000000001,6,2006,4
2006-06-17,65.01,68.43900000000001,6,2006,5
2006-06-18,65.01,68.43900000000001,6,2006,6
2006-06-19,66.4,68.43900000000001,6,2006,0
2006-06-20,67.57,68.43900000000001,6,2006,1
2006-06-21,68.17,68.43900000000001,6,2006,2
2006-06-22,69.6,68.43900000000001,6,2006,3
2006-06-23,69.91,68.43900000000001,6,2006,4
2006-06-24,69.91,68.43900000000001,6,2006,5
2006-06-25,69.91,68.43900000000001,6,2006,6
2006-06-26,69.85,68.43900000000001,6,2006,0
2006-06-27,71.26,68.43900000000001,6,2006,1
2006-06-28,71.76,68.43900000000001,6,2006,2
2006-06-29,73.02,68.43900000000001,6,2006,3
2006-06-30,73.2,68.43900000000001,6,2006,4
2006-07-01,73.2,73.80387096774194,7,2006,5
2006-07-02,73.2,73.80387096774194,7,2006,6
2006-07-03,73.94,73.80387096774194,7,2006,0
2006-07-04,73.17,73.80387096774194,7,2006,1
2006-07-05,72.88,73.80387096774194,7,2006,2
2006-07-06,73.12,73.80387096774194,7,2006,3
2006-07-07,74.14,73.80387096774194,7,2006,4
2006-07-08,74.14,73.80387096774194,7,2006,5
2006-07-09,74.14,73.80387096774194,7,2006,6
2006-07-10,72.39,73.80387096774194,7,2006,0
2006-07-11,73.14,73.80387096774194,7,2006,1
2006-07-12,73.04,73.80387096774194,7,2006,2
2006-07-13,75.23,73.80387096774194,7,2006,3
2006-07-14,76.13,73.80387096774194,7,2006,4
2006-07-15,76.13,73.80387096774194,7,2006,5
2006-07-16,76.13,73.80387096774194,7,2006,6
2006-07-17,75.12,73.80387096774194,7,2006,0
2006-07-18,75.32,73.80387096774194,7,2006,1
2006-07-19,71.62,73.80387096774194,7,2006,2
2006-07-20,72.56,73.80387096774194,7,2006,3
2006-07-21,72.96,73.80387096774194,7,2006,4
2006-07-22,72.96,73.80387096774194,7,2006,5
2006-07-23,72.96,73.80387096774194,7,2006,6
2006-07-24,72.09,73.80387096774194,7,2006,0
2006-07-25,72.49,73.80387096774194,7,2006,1
2006-07-26,73.76,73.80387096774194,7,2006,2
2006-07-27,75.36,73.80387096774194,7,2006,3
2006-07-28,73.95,73.80387096774194,7,2006,4
2006-07-29,73.95,73.80387096774194,7,2006,5
2006-07-30,73.95,73.80387096774194,7,2006,6
2006-07-31,74.75,73.80387096774194,7,2006,0
2006-08-01,76.39,73.40322580645162,8,2006,1
2006-08-02,77.63,73.40322580645162,8,2006,2
2006-08-03,76.28,73.40322580645162,8,2006,3
2006-08-04,76.53,73.40322580645162,8,2006,4
2006-08-05,76.53,73.40322580645162,8,2006,5
2006-08-06,76.53,73.40322580645162,8,2006,6
2006-08-07,77.82,73.40322580645162,8,2006,0
2006-08-08,77.93,73.40322580645162,8,2006,1
2006-08-09,78.26,73.40322580645162,8,2006,2
2006-08-10,75.69,73.40322580645162,8,2006,3
2006-08-11,75.19,73.40322580645162,8,2006,4
2006-08-12,75.19,73.40322580645162,8,2006,5
2006-08-13,75.19,73.40322580645162,8,2006,6
2006-08-14,73.78,73.40322580645162,8,2006,0
2006-08-15,73.57,73.40322580645162,8,2006,1
2006-08-16,72.67,73.40322580645162,8,2006,2
2006-08-17,70.42,73.40322580645162,8,2006,3
2006-08-18,71.3,73.40322580645162,8,2006,4
2006-08-19,71.3,73.40322580645162,8,2006,5
2006-08-20,71.3,73.40322580645162,8,2006,6
2006-08-21,72.42,73.40322580645162,8,2006,0
2006-08-22,72.06,73.40322580645162,8,2006,1
2006-08-23,71.12,73.40322580645162,8,2006,2
2006-08-24,71.4,73.40322580645162,8,2006,3
2006-08-25,72.58,73.40322580645162,8,2006,4
2006-08-26,72.58,73.40322580645162,8,2006,5
2006-08-27,72.58,73.40322580645162,8,2006,6
2006-08-28,69.44,73.40322580645162,8,2006,0
2006-08-29,67.01,73.40322580645162,8,2006,1
2006-08-30,67.15,73.40322580645162,8,2006,2
2006-08-31,67.66,73.40322580645162,8,2006,3
2006-09-01,70.49,62.26266666666666,9,2006,4
2006-09-02,70.49,62.26266666666666,9,2006,5
2006-09-03,70.49,62.26266666666666,9,2006,6
2006-09-04,68.62,62.26266666666666,9,2006,0
2006-09-05,65.94,62.26266666666666,9,2006,1
2006-09-06,65.41,62.26266666666666,9,2006,2
2006-09-07,64.52,62.26266666666666,9,2006,3
2006-09-08,64.3,62.26266666666666,9,2006,4
2006-09-09,64.3,62.26266666666666,9,2006,5
2006-09-10,64.3,62.26266666666666,9,2006,6
2006-09-11,62.41,62.26266666666666,9,2006,0
2006-09-12,62.23,62.26266666666666,9,2006,1
2006-09-13,61.28,62.26266666666666,9,2006,2
2006-09-14,60.75,62.26266666666666,9,2006,3
2006-09-15,60.23,62.26266666666666,9,2006,4
2006-09-16,60.23,62.26266666666666,9,2006,5
2006-09-17,60.23,62.26266666666666,9,2006,6
2006-09-18,61.47,62.26266666666666,9,2006,0
2006-09-19,62.52,62.26266666666666,9,2006,1
2006-09-20,59.09,62.26266666666666,9,2006,2
2006-09-21,59.27,62.26266666666666,9,2006,3
2006-09-22,58.81,62.26266666666666,9,2006,4
2006-09-23,58.81,62.26266666666666,9,2006,5
2006-09-24,58.81,62.26266666666666,9,2006,6
2006-09-25,57.89,62.26266666666666,9,2006,0
2006-09-26,58.53,62.26266666666666,9,2006,1
2006-09-27,57.6,62.26266666666666,9,2006,2
2006-09-28,60.68,62.26266666666666,9,2006,3
2006-09-29,59.09,62.26266666666666,9,2006,4
2006-09-30,59.09,62.26266666666666,9,2006,5
2006-10-01,59.09,57.88612903225807,10,2006,6
2006-10-02,58.8,57.88612903225807,10,2006,0
2006-10-03,56.28,57.88612903225807,10,2006,1
2006-10-04,55.82,57.88612903225807,10,2006,2
2006-10-05,57.93,57.88612903225807,10,2006,3
2006-10-06,56.9,57.88612903225807,10,2006,4
2006-10-07,56.9,57.88612903225807,10,2006,5
2006-10-08,56.9,57.88612903225807,10,2006,6
2006-10-09,59.25,57.88612903225807,10,2006,0
2006-10-10,57.8,57.88612903225807,10,2006,1
2006-10-11,57.75,57.88612903225807,10,2006,2
2006-10-12,57.87,57.88612903225807,10,2006,3
2006-10-13,58.97,57.88612903225807,10,2006,4
2006-10-14,58.97,57.88612903225807,10,2006,5
2006-10-15,58.97,57.88612903225807,10,2006,6
2006-10-16,58.22,57.88612903225807,10,2006,0
2006-10-17,60.13,57.88612903225807,10,2006,1
2006-10-18,58.51,57.88612903225807,10,2006,2
2006-10-19,57.74,57.88612903225807,10,2006,3
2006-10-20,57.94,57.88612903225807,10,2006,4
2006-10-21,57.94,57.88612903225807,10,2006,5
2006-10-22,57.94,57.88612903225807,10,2006,6
2006-10-23,56.56,57.88612903225807,10,2006,0
2006-10-24,56.56,57.88612903225807,10,2006,1
2006-10-25,58.79,57.88612903225807,10,2006,2
2006-10-26,58.76,57.88612903225807,10,2006,3
2006-10-27,57.99,57.88612903225807,10,2006,4
2006-10-28,57.99,57.88612903225807,10,2006,5
2006-10-29,57.99,57.88612903225807,10,2006,6
2006-10-30,57.08,57.88612903225807,10,2006,0
2006-10-31,56.13,57.88612903225807,10,2006,1
2006-11-01,56.37,58.65566666666667,11,2006,2
2006-11-02,56.26,58.65566666666667,11,2006,3
2006-11-03,56.55,58.65566666666667,11,2006,4
2006-11-04,56.55,58.65566666666667,11,2006,5
2006-11-05,56.55,58.65566666666667,11,2006,6
2006-11-06,57.02,58.65566666666667,11,2006,0
2006-11-07,56.99,58.65566666666667,11,2006,1
2006-11-08,57.18,58.65566666666667,11,2006,2
2006-11-09,59.72,58.65566666666667,11,2006,3
2006-11-10,59.18,58.65566666666667,11,2006,4
2006-11-11,59.18,58.65566666666667,11,2006,5
2006-11-12,59.18,58.65566666666667,11,2006,6
2006-11-13,56.88,58.65566666666667,11,2006,0
2006-11-14,57.9,58.65566666666667,11,2006,1
2006-11-15,57.97,58.65566666666667,11,2006,2
2006-11-16,59.5,58.65566666666667,11,2006,3
2006-11-17,57.01,58.65566666666667,11,2006,4
2006-11-18,57.01,58.65566666666667,11,2006,5
2006-11-19,57.01,58.65566666666667,11,2006,6
2006-11-20,57.38,58.65566666666667,11,2006,0
2006-11-21,59.53,58.65566666666667,11,2006,1
2006-11-22,58.66,58.65566666666667,11,2006,2
2006-11-23,59.7,58.65566666666667,11,2006,3
2006-11-24,60.72,58.65566666666667,11,2006,4
2006-11-25,60.72,58.65566666666667,11,2006,5
2006-11-26,60.72,58.65566666666667,11,2006,6
2006-11-27,60.52,58.65566666666667,11,2006,0
2006-11-28,61.22,58.65566666666667,11,2006,1
2006-11-29,62.13,58.65566666666667,11,2006,2
2006-11-30,64.36,58.65566666666667,11,2006,3
2006-12-01,64.74,62.42612903225807,12,2006,4
2006-12-02,64.74,62.42612903225807,12,2006,5
2006-12-03,64.74,62.42612903225807,12,2006,6
2006-12-04,63.97,62.42612903225807,12,2006,0
2006-12-05,63.65,62.42612903225807,12,2006,1
2006-12-06,63.7,62.42612903225807,12,2006,2
2006-12-07,63.17,62.42612903225807,12,2006,3
2006-12-08,63.67,62.42612903225807,12,2006,4
2006-12-09,63.67,62.42612903225807,12,2006,5
2006-12-10,63.67,62.42612903225807,12,2006,6
2006-12-11,62.59,62.42612903225807,12,2006,0
2006-12-12,62.58,62.42612903225807,12,2006,1
2006-12-13,61.89,62.42612903225807,12,2006,2
2006-12-14,62.85,62.42612903225807,12,2006,3
2006-12-15,62.91,62.42612903225807,12,2006,4
2006-12-16,62.91,62.42612903225807,12,2006,5
2006-12-17,62.91,62.42612903225807,12,2006,6
2006-12-18,62.81,62.42612903225807,12,2006,0
2006-12-19,62.19,62.42612903225807,12,2006,1
2006-12-20,63.13,62.42612903225807,12,2006,2
2006-12-21,62.13,62.42612903225807,12,2006,3
2006-12-22,61.92,62.42612903225807,12,2006,4
2006-12-23,61.92,62.42612903225807,12,2006,5
2006-12-24,61.92,62.42612903225807,12,2006,6
2006-12-25,61.92,62.42612903225807,12,2006,0
2006-12-26,61.92,62.42612903225807,12,2006,1
2006-12-27,60.7,62.42612903225807,12,2006,2
2006-12-28,59.41,62.42612903225807,12,2006,3
2006-12-29,58.96,62.42612903225807,12,2006,4
2006-12-30,58.96,62.42612903225807,12,2006,5
2006-12-31,58.96,62.42612903225807,12,2006,6
2007-01-01,58.96,53.44903225806452,1,2007,0
2007-01-02,58.49,53.44903225806452,1,2007,1
2007-01-03,56.63,53.44903225806452,1,2007,2
2007-01-04,54.58,53.44903225806452,1,2007,3
2007-01-05,52.82,53.44903225806452,1,2007,4
2007-01-06,52.82,53.44903225806452,1,2007,5
2007-01-07,52.82,53.44903225806452,1,2007,6
2007-01-08,52.82,53.44903225806452,1,2007,0
2007-01-09,52.38,53.44903225806452,1,2007,1
2007-01-10,52.11,53.44903225806452,1,2007,2
2007-01-11,51.68,53.44903225806452,1,2007,3
2007-01-12,49.95,53.44903225806452,1,2007,4
2007-01-13,49.95,53.44903225806452,1,2007,5
2007-01-14,49.95,53.44903225806452,1,2007,6
2007-01-15,49.95,53.44903225806452,1,2007,0
2007-01-16,51.28,53.44903225806452,1,2007,1
2007-01-17,51.19,53.44903225806452,1,2007,2
2007-01-18,50.83,53.44903225806452,1,2007,3
2007-01-19,52.29,53.44903225806452,1,2007,4
2007-01-20,52.29,53.44903225806452,1,2007,5
2007-01-21,52.29,53.44903225806452,1,2007,6
2007-01-22,54.34,53.44903225806452,1,2007,0
2007-01-23,53.93,53.44903225806452,1,2007,1
2007-01-24,55.11,53.44903225806452,1,2007,2
2007-01-25,55.67,53.44903225806452,1,2007,3
2007-01-26,55.29,53.44903225806452,1,2007,4
2007-01-27,55.29,53.44903225806452,1,2007,5
2007-01-28,55.29,53.44903225806452,1,2007,6
2007-01-29,54.71,53.44903225806452,1,2007,0
2007-01-30,54.69,53.44903225806452,1,2007,1
2007-01-31,56.52,53.44903225806452,1,2007,2
2007-02-01,56.74,57.605000000000004,2,2007,3
2007-02-02,56.93,57.605000000000004,2,2007,4
2007-02-03,56.93,57.605000000000004,2,2007,5
2007-02-04,56.93,57.605000000000004,2,2007,6
2007-02-05,58.67,57.605000000000004,2,2007,0
2007-02-06,58.04,57.605000000000004,2,2007,1
2007-02-07,58.35,57.605000000000004,2,2007,2
2007-02-08,57.24,57.605000000000004,2,2007,3
2007-02-09,57.21,57.605000000000004,2,2007,4
2007-02-10,57.21,57.605000000000004,2,2007,5
2007-02-11,57.21,57.605000000000004,2,2007,6
2007-02-12,55.52,57.605000000000004,2,2007,0
2007-02-13,56.12,57.605000000000004,2,2007,1
2007-02-14,55.05,57.605000000000004,2,2007,2
2007-02-15,54.25,57.605000000000004,2,2007,3
2007-02-16,56.78,57.605000000000004,2,2007,4
2007-02-17,56.78,57.605000000000004,2,2007,5
2007-02-18,56.78,57.605000000000004,2,2007,6
2007-02-19,56.78,57.605000000000004,2,2007,0
2007-02-20,55.91,57.605000000000004,2,2007,1
2007-02-21,57.74,57.605000000000004,2,2007,2
2007-02-22,58.62,57.605000000000004,2,2007,3
2007-02-23,60.38,57.605000000000004,2,2007,4
2007-02-24,60.38,57.605000000000004,2,2007,5
2007-02-25,60.38,57.605000000000004,2,2007,6
2007-02-26,60.34,57.605000000000004,2,2007,0
2007-02-27,60.28,57.605000000000004,2,2007,1
2007-02-28,59.39,57.605000000000004,2,2007,2
2007-03-01,61.18,62.1283870967742,3,2007,3
2007-03-02,61.92,62.1283870967742,3,2007,4
2007-03-03,61.92,62.1283870967742,3,2007,5
2007-03-04,61.92,62.1283870967742,3,2007,6
2007-03-05,59.78,62.1283870967742,3,2007,0
2007-03-06,59.68,62.1283870967742,3,2007,1
2007-03-07,61.13,62.1283870967742,3,2007,2
2007-03-08,60.9,62.1283870967742,3,2007,3
2007-03-09,60.25,62.1283870967742,3,2007,4
2007-03-10,60.25,62.1283870967742,3,2007,5
2007-03-11,60.25,62.1283870967742,3,2007,6
2007-03-12,60.59,62.1283870967742,3,2007,0
2007-03-13,61.52,62.1283870967742,3,2007,1
2007-03-14,60.89,62.1283870967742,3,2007,2
2007-03-15,60.4,62.1283870967742,3,2007,3
2007-03-16,60.93,62.1283870967742,3,2007,4
2007-03-17,60.93,62.1283870967742,3,2007,5
2007-03-18,60.93,62.1283870967742,3,2007,6
2007-03-19,60.49,62.1283870967742,3,2007,0
2007-03-20,60.11,62.1283870967742,3,2007,1
2007-03-21,60.18,62.1283870967742,3,2007,2
2007-03-22,61.57,62.1283870967742,3,2007,3
2007-03-23,63.1,62.1283870967742,3,2007,4
2007-03-24,63.1,62.1283870967742,3,2007,5
2007-03-25,63.1,62.1283870967742,3,2007,6
2007-03-26,64.43,62.1283870967742,3,2007,0
2007-03-27,64.25,62.1283870967742,3,2007,1
2007-03-28,66.15,62.1283870967742,3,2007,2
2007-03-29,67.19,62.1283870967742,3,2007,3
2007-03-30,68.47,62.1283870967742,3,2007,4
2007-03-31,68.47,62.1283870967742,3,2007,5
2007-04-01,68.47,67.73666666666666,4,2007,6
2007-04-02,68.94,67.73666666666666,4,2007,0
2007-04-03,68.0,67.73666666666666,4,2007,1
2007-04-04,68.09,67.73666666666666,4,2007,2
2007-04-05,69.15,67.73666666666666,4,2007,3
2007-04-06,69.15,67.73666666666666,4,2007,4
2007-04-07,69.15,67.73666666666666,4,2007,5
2007-04-08,69.15,67.73666666666666,4,2007,6
2007-04-09,69.15,67.73666666666666,4,2007,0
2007-04-10,67.64,67.73666666666666,4,2007,1
2007-04-11,68.6,67.73666666666666,4,2007,2
2007-04-12,67.79,67.73666666666666,4,2007,3
2007-04-13,68.78,67.73666666666666,4,2007,4
2007-04-14,68.78,67.73666666666666,4,2007,5
2007-04-15,68.78,67.73666666666666,4,2007,6
2007-04-16,67.1,67.73666666666666,4,2007,0
2007-04-17,66.34,67.73666666666666,4,2007,1
2007-04-18,65.09,67.73666666666666,4,2007,2
2007-04-19,66.17,67.73666666666666,4,2007,3
2007-04-20,66.34,67.73666666666666,4,2007,4
2007-04-21,66.34,67.73666666666666,4,2007,5
2007-04-22,66.34,67.73666666666666,4,2007,6
2007-04-23,66.8,67.73666666666666,4,2007,0
2007-04-24,67.94,67.73666666666666,4,2007,1
2007-04-25,67.44,67.73666666666666,4,2007,2
2007-04-26,67.51,67.73666666666666,4,2007,3
2007-04-27,67.28,67.73666666666666,4,2007,4
2007-04-28,67.28,67.73666666666666,4,2007,5
2007-04-29,67.28,67.73666666666666,4,2007,6
2007-04-30,67.23,67.73666666666666,4,2007,0
2007-05-01,67.4,67.41903225806452,5,2007,1
2007-05-02,65.57,67.41903225806452,5,2007,2
2007-05-03,64.85,67.41903225806452,5,2007,3
2007-05-04,65.14,67.41903225806452,5,2007,4
2007-05-05,65.14,67.41903225806452,5,2007,5
2007-05-06,65.14,67.41903225806452,5,2007,6
2007-05-07,62.7,67.41903225806452,5,2007,0
2007-05-08,63.55,67.41903225806452,5,2007,1
2007-05-09,63.5,67.41903225806452,5,2007,2
2007-05-10,64.63,67.41903225806452,5,2007,3
2007-05-11,65.18,67.41903225806452,5,2007,4
2007-05-12,65.18,67.41903225806452,5,2007,5
2007-05-13,65.18,67.41903225806452,5,2007,6
2007-05-14,65.86,67.41903225806452,5,2007,0
2007-05-15,66.74,67.41903225806452,5,2007,1
2007-05-16,66.83,67.41903225806452,5,2007,2
2007-05-17,69.08,67.41903225806452,5,2007,3
2007-05-18,69.26,67.41903225806452,5,2007,4
2007-05-19,69.26,67.41903225806452,5,2007,5
2007-05-20,69.26,67.41903225806452,5,2007,6
2007-05-21,69.51,67.41903225806452,5,2007,0
2007-05-22,70.05,67.41903225806452,5,2007,1
2007-05-23,71.01,67.41903225806452,5,2007,2
2007-05-24,71.96,67.41903225806452,5,2007,3
2007-05-25,70.72,67.41903225806452,5,2007,4
2007-05-26,70.72,67.41903225806452,5,2007,5
2007-05-27,70.72,67.41903225806452,5,2007,6
2007-05-28,70.72,67.41903225806452,5,2007,0
2007-05-29,69.31,67.41903225806452,5,2007,1
2007-05-30,67.64,67.41903225806452,5,2007,2
2007-05-31,68.18,67.41903225806452,5,2007,3
2007-06-01,68.65,70.96333333333334,6,2007,4
2007-06-02,68.65,70.96333333333334,6,2007,5
2007-06-03,68.65,70.96333333333334,6,2007,6
2007-06-04,70.9,70.96333333333334,6,2007,0
2007-06-05,71.36,70.96333333333334,6,2007,1
2007-06-06,71.5,70.96333333333334,6,2007,2
2007-06-07,72.36,70.96333333333334,6,2007,3
2007-06-08,70.04,70.96333333333334,6,2007,4
2007-06-09,70.04,70.96333333333334,6,2007,5
2007-06-10,70.04,70.96333333333334,6,2007,6
2007-06-11,68.85,70.96333333333334,6,2007,0
2007-06-12,68.56,70.96333333333334,6,2007,1
2007-06-13,69.24,70.96333333333334,6,2007,2
2007-06-14,71.18,70.96333333333334,6,2007,3
2007-06-15,71.63,70.96333333333334,6,2007,4
2007-06-16,71.63,70.96333333333334,6,2007,5
2007-06-17,71.63,70.96333333333334,6,2007,6
2007-06-18,72.33,70.96333333333334,6,2007,0
2007-06-19,72.17,70.96333333333334,6,2007,1
2007-06-20,70.55,70.96333333333334,6,2007,2
2007-06-21,71.81,70.96333333333334,6,2007,3
2007-06-22,72.04,70.96333333333334,6,2007,4
2007-06-23,72.04,70.96333333333334,6,2007,5
2007-06-24,72.04,70.96333333333334,6,2007,6
2007-06-25,71.36,70.96333333333334,6,2007,0
2007-06-26,71.41,70.96333333333334,6,2007,1
2007-06-27,71.84,70.96333333333334,6,2007,2
2007-06-28,71.96,70.96333333333334,6,2007,3
2007-06-29,72.22,70.96333333333334,6,2007,4
2007-06-30,72.22,70.96333333333334,6,2007,5
2007-07-01,72.22,76.86290322580645,7,2007,6
2007-07-02,72.9,76.86290322580645,7,2007,0
2007-07-03,74.26,76.86290322580645,7,2007,1
2007-07-04,74.26,76.86290322580645,7,2007,2
2007-07-05,75.4,76.86290322580645,7,2007,3
2007-07-06,76.58,76.86290322580645,7,2007,4
2007-07-07,76.58,76.86290322580645,7,2007,5
2007-07-08,76.58,76.86290322580645,7,2007,6
2007-07-09,77.1,76.86290322580645,7,2007,0
2007-07-10,77.88,76.86290322580645,7,2007,1
2007-07-11,77.44,76.86290322580645,7,2007,2
2007-07-12,78.24,76.86290322580645,7,2007,3
2007-07-13,78.12,76.86290322580645,7,2007,4
2007-07-14,78.12,76.86290322580645,7,2007,5
2007-07-15,78.12,76.86290322580645,7,2007,6
2007-07-16,78.17,76.86290322580645,7,2007,0
2007-07-17,77.59,76.86290322580645,7,2007,1
2007-07-18,78.0,76.86290322580645,7,2007,2
2007-07-19,78.37,76.86290322580645,7,2007,3
2007-07-20,79.09,76.86290322580645,7,2007,4
2007-07-21,79.09,76.86290322580645,7,2007,5
2007-07-22,79.09,76.86290322580645,7,2007,6
2007-07-23,78.36,76.86290322580645,7,2007,0
2007-07-24,75.88,76.86290322580645,7,2007,1
2007-07-25,75.21,76.86290322580645,7,2007,2
2007-07-26,77.28,76.86290322580645,7,2007,3
2007-07-27,76.58,76.86290322580645,7,2007,4
2007-07-28,76.58,76.86290322580645,7,2007,5
2007-07-29,76.58,76.86290322580645,7,2007,6
2007-07-30,76.07,76.86290322580645,7,2007,0
2007-07-31,77.01,76.86290322580645,7,2007,1
2007-08-01,77.11,70.8367741935484,8,2007,2
2007-08-02,76.14,70.8367741935484,8,2007,3
2007-08-03,75.36,70.8367741935484,8,2007,4
2007-08-04,75.36,70.8367741935484,8,2007,5
2007-08-05,75.36,70.8367741935484,8,2007,6
2007-08-06,72.69,70.8367741935484,8,2007,0
2007-08-07,70.42,70.8367741935484,8,2007,1
2007-08-08,70.73,70.8367741935484,8,2007,2
2007-08-09,70.08,70.8367741935484,8,2007,3
2007-08-10,69.57,70.8367741935484,8,2007,4
2007-08-11,69.57,70.8367741935484,8,2007,5
2007-08-12,69.57,70.8367741935484,8,2007,6
2007-08-13,71.3,70.8367741935484,8,2007,0
2007-08-14,69.29,70.8367741935484,8,2007,1
2007-08-15,71.3,70.8367741935484,8,2007,2
2007-08-16,68.77,70.8367741935484,8,2007,3
2007-08-17,69.8,70.8367741935484,8,2007,4
2007-08-18,69.8,70.8367741935484,8,2007,5
2007-08-19,69.8,70.8367741935484,8,2007,6
2007-08-20,68.37,70.8367741935484,8,2007,0
2007-08-21,67.88,70.8367741935484,8,2007,1
2007-08-22,67.73,70.8367741935484,8,2007,2
2007-08-23,68.73,70.8367741935484,8,2007,3
2007-08-24,69.49,70.8367741935484,8,2007,4
2007-08-25,69.49,70.8367741935484,8,2007,5
2007-08-26,69.49,70.8367741935484,8,2007,6
2007-08-27,68.85,70.8367741935484,8,2007,0
2007-08-28,69.66,70.8367741935484,8,2007,1
2007-08-29,70.48,70.8367741935484,8,2007,2
2007-08-30,71.46,70.8367741935484,8,2007,3
2007-08-31,72.29,70.8367741935484,8,2007,4
2007-09-01,72.29,76.98733333333332,9,2007,5
2007-09-02,72.29,76.98733333333332,9,2007,6
2007-09-03,72.29,76.98733333333332,9,2007,0
2007-09-04,74.22,76.98733333333332,9,2007,1
2007-09-05,74.72,76.98733333333332,9,2007,2
2007-09-06,76.21,76.98733333333332,9,2007,3
2007-09-07,75.08,76.98733333333332,9,2007,4
2007-09-08,75.08,76.98733333333332,9,2007,5
2007-09-09,75.08,76.98733333333332,9,2007,6
2007-09-10,74.97,76.98733333333332,9,2007,0
2007-09-11,76.23,76.98733333333332,9,2007,1
2007-09-12,77.15,76.98733333333332,9,2007,2
2007-09-13,77.84,76.98733333333332,9,2007,3
2007-09-14,78.27,76.98733333333332,9,2007,4
2007-09-15,78.27,76.98733333333332,9,2007,5
2007-09-16,78.27,76.98733333333332,9,2007,6
2007-09-17,77.99,76.98733333333332,9,2007,0
2007-09-18,77.0,76.98733333333332,9,2007,1
2007-09-19,78.47,76.98733333333332,9,2007,2
2007-09-20,78.48,76.98733333333332,9,2007,3
2007-09-21,78.91,76.98733333333332,9,2007,4
2007-09-22,78.91,76.98733333333332,9,2007,5
2007-09-23,78.91,76.98733333333332,9,2007,6
2007-09-24,77.87,76.98733333333332,9,2007,0
2007-09-25,76.82,76.98733333333332,9,2007,1
2007-09-26,76.21,76.98733333333332,9,2007,2
2007-09-27,78.88,76.98733333333332,9,2007,3
2007-09-28,80.97,76.98733333333332,9,2007,4
2007-09-29,80.97,76.98733333333332,9,2007,5
2007-09-30,80.97,76.98733333333332,9,2007,6
2007-10-01,78.33,82.30580645161291,10,2007,0
2007-10-02,76.87,82.30580645161291,10,2007,1
2007-10-03,77.8,82.30580645161291,10,2007,2
2007-10-04,77.84,82.30580645161291,10,2007,3
2007-10-05,79.05,82.30580645161291,10,2007,4
2007-10-06,79.05,82.30580645161291,10,2007,5
2007-10-07,79.05,82.30580645161291,10,2007,6
2007-10-08,76.94,82.30580645161291,10,2007,0
2007-10-09,77.82,82.30580645161291,10,2007,1
2007-10-10,77.85,82.30580645161291,10,2007,2
2007-10-11,80.83,82.30580645161291,10,2007,3
2007-10-12,80.82,82.30580645161291,10,2007,4
2007-10-13,80.82,82.30580645161291,10,2007,5
2007-10-14,80.82,82.30580645161291,10,2007,6
2007-10-15,82.5,82.30580645161291,10,2007,0
2007-10-16,84.43,82.30580645161291,10,2007,1
2007-10-17,85.24,82.30580645161291,10,2007,2
2007-10-18,85.03,82.30580645161291,10,2007,3
2007-10-19,84.25,82.30580645161291,10,2007,4
2007-10-20,84.25,82.30580645161291,10,2007,5
2007-10-21,84.25,82.30580645161291,10,2007,6
2007-10-22,82.72,82.30580645161291,10,2007,0
2007-10-23,82.31,82.30580645161291,10,2007,1
2007-10-24,83.47,82.30580645161291,10,2007,2
2007-10-25,85.4,82.30580645161291,10,2007,3
2007-10-26,84.71,82.30580645161291,10,2007,4
2007-10-27,84.71,82.30580645161291,10,2007,5
2007-10-28,84.71,82.30580645161291,10,2007,6
2007-10-29,89.87,82.30580645161291,10,2007,0
2007-10-30,89.87,82.30580645161291,10,2007,1
2007-10-31,89.87,82.30580645161291,10,2007,2
2007-11-01,90.36,92.639,11,2007,3
2007-11-02,92.11,92.639,11,2007,4
2007-11-03,92.11,92.639,11,2007,5
2007-11-04,92.11,92.639,11,2007,6
2007-11-05,92.16,92.639,11,2007,0
2007-11-06,93.99,92.639,11,2007,1
2007-11-07,94.85,92.639,11,2007,2
2007-11-08,94.4,92.639,11,2007,3
2007-11-09,92.32,92.639,11,2007,4
2007-11-10,92.32,92.639,11,2007,5
2007-11-11,92.32,92.639,11,2007,6
2007-11-12,91.56,92.639,11,2007,0
2007-11-13,89.09,92.639,11,2007,1
2007-11-14,90.73,92.639,11,2007,2
2007-11-15,90.32,92.639,11,2007,3
2007-11-16,91.99,92.639,11,2007,4
2007-11-17,91.99,92.639,11,2007,5
2007-11-18,91.99,92.639,11,2007,6
2007-11-19,91.59,92.639,11,2007,0
2007-11-20,94.13,92.639,11,2007,1
2007-11-21,94.97,92.639,11,2007,2
2007-11-22,94.97,92.639,11,2007,3
2007-11-23,95.33,92.639,11,2007,4
2007-11-24,95.33,92.639,11,2007,5
2007-11-25,95.33,92.639,11,2007,6
2007-11-26,94.88,92.639,11,2007,0
2007-11-27,93.23,92.639,11,2007,1
2007-11-28,91.64,92.639,11,2007,2
2007-11-29,92.34,92.639,11,2007,3
2007-11-30,88.71,92.639,11,2007,4
2007-12-01,88.71,91.05645161290323,12,2007,5
2007-12-02,88.71,91.05645161290323,12,2007,6
2007-12-03,87.85,91.05645161290323,12,2007,0
2007-12-04,89.97,91.05645161290323,12,2007,1
2007-12-05,90.7,91.05645161290323,12,2007,2
2007-12-06,88.46,91.05645161290323,12,2007,3
2007-12-07,88.46,91.05645161290323,12,2007,4
2007-12-08,88.46,91.05645161290323,12,2007,5
2007-12-09,88.46,91.05645161290323,12,2007,6
2007-12-10,87.33,91.05645161290323,12,2007,0
2007-12-11,87.77,91.05645161290323,12,2007,1
2007-12-12,91.69,91.05645161290323,12,2007,2
2007-12-13,92.57,91.05645161290323,12,2007,3
2007-12-14,91.86,91.05645161290323,12,2007,4
2007-12-15,91.86,91.05645161290323,12,2007,5
2007-12-16,91.86,91.05645161290323,12,2007,6
2007-12-17,90.32,91.05645161290323,12,2007,0
2007-12-18,90.71,91.05645161290323,12,2007,1
2007-12-19,90.98,91.05645161290323,12,2007,2
2007-12-20,91.06,91.05645161290323,12,2007,3
2007-12-21,91.03,91.05645161290323,12,2007,4
2007-12-22,91.03,91.05645161290323,12,2007,5
2007-12-23,91.03,91.05645161290323,12,2007,6
2007-12-24,91.59,91.05645161290323,12,2007,0
2007-12-25,91.59,91.05645161290323,12,2007,1
2007-12-26,91.59,91.05645161290323,12,2007,2
2007-12-27,95.66,91.05645161290323,12,2007,3
2007-12-28,95.92,91.05645161290323,12,2007,4
2007-12-29,95.92,91.05645161290323,12,2007,5
2007-12-30,95.92,91.05645161290323,12,2007,6
2007-12-31,93.68,91.05645161290323,12,2007,0
2008-01-01,93.68,92.18645161290321,1,2008,1
2008-01-02,97.01,92.18645161290321,1,2008,2
2008-01-03,98.45,92.18645161290321,1,2008,3
2008-01-04,96.87,92.18645161290321,1,2008,4
2008-01-05,96.87,92.18645161290321,1,2008,5
2008-01-06,96.87,92.18645161290321,1,2008,6
2008-01-07,94.19,92.18645161290321,1,2008,0
2008-01-08,96.37,92.18645161290321,1,2008,1
2008-01-09,96.76,92.18645161290321,1,2008,2
2008-01-10,92.8,92.18645161290321,1,2008,3
2008-01-11,91.86,92.18645161290321,1,2008,4
2008-01-12,91.86,92.18645161290321,1,2008,5
2008-01-13,91.86,92.18645161290321,1,2008,6
2008-01-14,92.58,92.18645161290321,1,2008,0
2008-01-15,90.87,92.18645161290321,1,2008,1
2008-01-16,88.1,92.18645161290321,1,2008,2
2008-01-17,88.96,92.18645161290321,1,2008,3
2008-01-18,89.66,92.18645161290321,1,2008,4
2008-01-19,89.66,92.18645161290321,1,2008,5
2008-01-20,89.66,92.18645161290321,1,2008,6
2008-01-21,89.66,92.18645161290321,1,2008,0
2008-01-22,88.11,92.18645161290321,1,2008,1
2008-01-23,87.06,92.18645161290321,1,2008,2
2008-01-24,87.69,92.18645161290321,1,2008,3
2008-01-25,90.96,92.18645161290321,1,2008,4
2008-01-26,90.96,92.18645161290321,1,2008,5
2008-01-27,90.96,92.18645161290321,1,2008,6
2008-01-28,90.91,92.18645161290321,1,2008,0
2008-01-29,92.49,92.18645161290321,1,2008,1
2008-01-30,92.46,92.18645161290321,1,2008,2
2008-01-31,91.58,92.18645161290321,1,2008,3
2008-02-01,91.41,94.7748275862069,2,2008,4
2008-02-02,91.41,94.7748275862069,2,2008,5
2008-02-03,91.41,94.7748275862069,2,2008,6
2008-02-04,91.09,94.7748275862069,2,2008,0
2008-02-05,89.6,94.7748275862069,2,2008,1
2008-02-06,88.73,94.7748275862069,2,2008,2
2008-02-07,88.55,94.7748275862069,2,2008,3
2008-02-08,91.45,94.7748275862069,2,2008,4
2008-02-09,91.45,94.7748275862069,2,2008,5
2008-02-10,91.45,94.7748275862069,2,2008,6
2008-02-11,93.93,94.7748275862069,2,2008,0
2008-02-12,94.28,94.7748275862069,2,2008,1
2008-02-13,93.82,94.7748275862069,2,2008,2
2008-02-14,95.92,94.7748275862069,2,2008,3
2008-02-15,96.96,94.7748275862069,2,2008,4
2008-02-16,96.96,94.7748275862069,2,2008,5
2008-02-17,96.96,94.7748275862069,2,2008,6
2008-02-18,96.96,94.7748275862069,2,2008,0
2008-02-19,97.03,94.7748275862069,2,2008,1
2008-02-20,97.88,94.7748275862069,2,2008,2
2008-02-21,97.52,94.7748275862069,2,2008,3
2008-02-22,96.07,94.7748275862069,2,2008,4
2008-02-23,96.07,94.7748275862069,2,2008,5
2008-02-24,96.07,94.7748275862069,2,2008,6
2008-02-25,97.43,94.7748275862069,2,2008,0
2008-02-26,99.05,94.7748275862069,2,2008,1
2008-02-27,98.28,94.7748275862069,2,2008,2
2008-02-28,99.83,94.7748275862069,2,2008,3
2008-02-29,100.9,94.7748275862069,2,2008,4
2008-03-01,100.9,103.44677419354838,3,2008,5
2008-03-02,100.9,103.44677419354838,3,2008,6
2008-03-03,101.83,103.44677419354838,3,2008,0
2008-03-04,98.6,103.44677419354838,3,2008,1
2008-03-05,100.95,103.44677419354838,3,2008,2
2008-03-06,103.47,103.44677419354838,3,2008,3
2008-03-07,104.66,103.44677419354838,3,2008,4
2008-03-08,104.66,103.44677419354838,3,2008,5
2008-03-09,104.66,103.44677419354838,3,2008,6
2008-03-10,105.33,103.44677419354838,3,2008,0
2008-03-11,106.78,103.44677419354838,3,2008,1
2008-03-12,107.99,103.44677419354838,3,2008,2
2008-03-13,109.18,103.44677419354838,3,2008,3
2008-03-14,109.16,103.44677419354838,3,2008,4
2008-03-15,109.16,103.44677419354838,3,2008,5
2008-03-16,109.16,103.44677419354838,3,2008,6
2008-03-17,104.41,103.44677419354838,3,2008,0
2008-03-18,105.35,103.44677419354838,3,2008,1
2008-03-19,102.65,103.44677419354838,3,2008,2
2008-03-20,99.78,103.44677419354838,3,2008,3
2008-03-21,99.78,103.44677419354838,3,2008,4
2008-03-22,99.78,103.44677419354838,3,2008,5
2008-03-23,99.78,103.44677419354838,3,2008,6
2008-03-24,100.93,103.44677419354838,3,2008,0
2008-03-25,99.91,103.44677419354838,3,2008,1
2008-03-26,102.83,103.44677419354838,3,2008,2
2008-03-27,103.89,103.44677419354838,3,2008,3
2008-03-28,102.68,103.44677419354838,3,2008,4
2008-03-29,102.68,103.44677419354838,3,2008,5
2008-03-30,102.68,103.44677419354838,3,2008,6
2008-03-31,102.33,103.44677419354838,3,2008,0
2008-04-01,98.69,109.09566666666666,4,2008,1
2008-04-02,98.85,109.09566666666666,4,2008,2
2008-04-03,102.31,109.09566666666666,4,2008,3
2008-04-04,102.21,109.09566666666666,4,2008,4
2008-04-05,102.21,109.09566666666666,4,2008,5
2008-04-06,102.21,109.09566666666666,4,2008,6
2008-04-07,105.98,109.09566666666666,4,2008,0
2008-04-08,105.05,109.09566666666666,4,2008,1
2008-04-09,107.46,109.09566666666666,4,2008,2
2008-04-10,107.37,109.09566666666666,4,2008,3
2008-04-11,107.15,109.09566666666666,4,2008,4
2008-04-12,107.15,109.09566666666666,4,2008,5
2008-04-13,107.15,109.09566666666666,4,2008,6
2008-04-14,108.32,109.09566666666666,4,2008,0
2008-04-15,110.84,109.09566666666666,4,2008,1
2008-04-16,110.95,109.09566666666666,4,2008,2
2008-04-17,111.34,109.09566666666666,4,2008,3
2008-04-18,110.67,109.09566666666666,4,2008,4
2008-04-19,110.67,109.09566666666666,4,2008,5
2008-04-20,110.67,109.09566666666666,4,2008,6
2008-04-21,111.35,109.09566666666666,4,2008,0
2008-04-22,113.54,109.09566666666666,4,2008,1
2008-04-23,115.34,109.09566666666666,4,2008,2
2008-04-24,114.85,109.09566666666666,4,2008,3
2008-04-25,116.62,109.09566666666666,4,2008,4
2008-04-26,116.62,109.09566666666666,4,2008,5
2008-04-27,116.62,109.09566666666666,4,2008,6
2008-04-28,115.7,109.09566666666666,4,2008,0
2008-04-29,113.86,109.09566666666666,4,2008,1
2008-04-30,111.12,109.09566666666666,4,2008,2
2008-05-01,107.3,122.98806451612903,5,2008,3
2008-05-02,111.92,122.98806451612903,5,2008,4
2008-05-03,111.92,122.98806451612903,5,2008,5
2008-05-04,111.92,122.98806451612903,5,2008,6
2008-05-05,115.68,122.98806451612903,5,2008,0
2008-05-06,119.88,122.98806451612903,5,2008,1
2008-05-07,120.27,122.98806451612903,5,2008,2
2008-05-08,119.85,122.98806451612903,5,2008,3
2008-05-09,123.54,122.98806451612903,5,2008,4
2008-05-10,123.54,122.98806451612903,5,2008,5
2008-05-11,123.54,122.98806451612903,5,2008,6
2008-05-12,122.89,122.98806451612903,5,2008,0
2008-05-13,123.11,122.98806451612903,5,2008,1
2008-05-14,121.18,122.98806451612903,5,2008,2
2008-05-15,122.76,122.98806451612903,5,2008,3
2008-05-16,122.98,122.98806451612903,5,2008,4
2008-05-17,122.98,122.98806451612903,5,2008,5
2008-05-18,122.98,122.98806451612903,5,2008,6
2008-05-19,122.19,122.98806451612903,5,2008,0
2008-05-20,124.12,122.98806451612903,5,2008,1
2008-05-21,127.28,122.98806451612903,5,2008,2
2008-05-22,129.04,122.98806451612903,5,2008,3
2008-05-23,129.72,122.98806451612903,5,2008,4
2008-05-24,129.72,122.98806451612903,5,2008,5
2008-05-25,129.72,122.98806451612903,5,2008,6
2008-05-26,129.72,122.98806451612903,5,2008,0
2008-05-27,128.92,122.98806451612903,5,2008,1
2008-05-28,128.93,122.98806451612903,5,2008,2
2008-05-29,129.33,122.98806451612903,5,2008,3
2008-05-30,127.85,122.98806451612903,5,2008,4
2008-05-31,127.85,122.98806451612903,5,2008,5
2008-06-01,127.85,132.938,6,2008,6
2008-06-02,128.5,132.938,6,2008,0
2008-06-03,126.28,132.938,6,2008,1
2008-06-04,121.72,132.938,6,2008,2
2008-06-05,122.36,132.938,6,2008,3
2008-06-06,132.81,132.938,6,2008,4
2008-06-07,132.81,132.938,6,2008,5
2008-06-08,132.81,132.938,6,2008,6
2008-06-09,134.43,132.938,6,2008,0
2008-06-10,135.24,132.938,6,2008,1
2008-06-11,134.52,132.938,6,2008,2
2008-06-12,132.11,132.938,6,2008,3
2008-06-13,134.29,132.938,6,2008,4
2008-06-14,134.29,132.938,6,2008,5
2008-06-15,134.29,132.938,6,2008,6
2008-06-16,133.9,132.938,6,2008,0
2008-06-17,131.27,132.938,6,2008,1
2008-06-18,129.12,132.938,6,2008,2
2008-06-19,131.84,132.938,6,2008,3
2008-06-20,134.28,132.938,6,2008,4
2008-06-21,134.28,132.938,6,2008,5
2008-06-22,134.28,132.938,6,2008,6
2008-06-23,134.54,132.938,6,2008,0
2008-06-24,135.37,132.938,6,2008,1
2008-06-25,131.59,132.938,6,2008,2
2008-06-26,136.82,132.938,6,2008,3
2008-06-27,139.38,132.938,6,2008,4
2008-06-28,139.38,132.938,6,2008,5
2008-06-29,139.38,132.938,6,2008,6
2008-06-30,138.4,132.938,6,2008,0
2008-07-01,140.67,133.77709677419355,7,2008,1
2008-07-02,141.24,133.77709677419355,7,2008,2
2008-07-03,143.95,133.77709677419355,7,2008,3
2008-07-04,143.95,133.77709677419355,7,2008,4
2008-07-05,143.95,133.77709677419355,7,2008,5
2008-07-06,143.95,133.77709677419355,7,2008,6
2008-07-07,139.62,133.77709677419355,7,2008,0
2008-07-08,134.15,133.77709677419355,7,2008,1
2008-07-09,133.91,133.77709677419355,7,2008,2
2008-07-10,135.81,133.77709677419355,7,2008,3
2008-07-11,143.68,133.77709677419355,7,2008,4
2008-07-12,143.68,133.77709677419355,7,2008,5
2008-07-13,143.68,133.77709677419355,7,2008,6
2008-07-14,142.43,133.77709677419355,7,2008,0
2008-07-15,136.02,133.77709677419355,7,2008,1
2008-07-16,133.31,133.77709677419355,7,2008,2
2008-07-17,134.16,133.77709677419355,7,2008,3
2008-07-18,129.34,133.77709677419355,7,2008,4
2008-07-19,129.34,133.77709677419355,7,2008,5
2008-07-20,129.34,133.77709677419355,7,2008,6
2008-07-21,129.34,133.77709677419355,7,2008,0
2008-07-22,127.18,133.77709677419355,7,2008,1
2008-07-23,126.86,133.77709677419355,7,2008,2
2008-07-24,125.43,133.77709677419355,7,2008,3
2008-07-25,124.7,133.77709677419355,7,2008,4
2008-07-26,124.7,133.77709677419355,7,2008,5
2008-07-27,124.7,133.77709677419355,7,2008,6
2008-07-28,125.67,133.77709677419355,7,2008,0
2008-07-29,125.77,133.77709677419355,7,2008,1
2008-07-30,122.46,133.77709677419355,7,2008,2
2008-07-31,124.1,133.77709677419355,7,2008,3
2008-08-01,124.16,113.71129032258065,8,2008,4
2008-08-02,124.16,113.71129032258065,8,2008,5
2008-08-03,124.16,113.71129032258065,8,2008,6
2008-08-04,121.87,113.71129032258065,8,2008,0
2008-08-05,116.5,113.71129032258065,8,2008,1
2008-08-06,114.47,113.71129032258065,8,2008,2
2008-08-07,116.94,113.71129032258065,8,2008,3
2008-08-08,113.03,113.71129032258065,8,2008,4
2008-08-09,113.03,113.71129032258065,8,2008,5
2008-08-10,113.03,113.71129032258065,8,2008,6
2008-08-11,110.54,113.71129032258065,8,2008,0
2008-08-12,108.98,113.71129032258065,8,2008,1
2008-08-13,110.68,113.71129032258065,8,2008,2
2008-08-14,111.82,113.71129032258065,8,2008,3
2008-08-15,108.8,113.71129032258065,8,2008,4
2008-08-16,108.8,113.71129032258065,8,2008,5
2008-08-17,108.8,113.71129032258065,8,2008,6
2008-08-18,109.33,113.71129032258065,8,2008,0
2008-08-19,109.02,113.71129032258065,8,2008,1
2008-08-20,108.72,113.71129032258065,8,2008,2
2008-08-21,117.24,113.71129032258065,8,2008,3
2008-08-22,113.99,113.71129032258065,8,2008,4
2008-08-23,113.99,113.71129032258065,8,2008,5
2008-08-24,113.99,113.71129032258065,8,2008,6
2008-08-25,109.74,113.71129032258065,8,2008,0
2008-08-26,112.2,113.71129032258065,8,2008,1
2008-08-27,113.05,113.71129032258065,8,2008,2
2008-08-28,113.54,113.71129032258065,8,2008,3
2008-08-29,113.49,113.71129032258065,8,2008,4
2008-08-30,113.49,113.71129032258065,8,2008,5
2008-08-31,113.49,113.71129032258065,8,2008,6
2008-09-01,113.49,97.92866666666667,9,2008,0
2008-09-02,104.94,97.92866666666667,9,2008,1
2008-09-03,103.88,97.92866666666667,9,2008,2
2008-09-04,103.41,97.92866666666667,9,2008,3
2008-09-05,102.51,97.92866666666667,9,2008,4
2008-09-06,102.51,97.92866666666667,9,2008,5
2008-09-07,102.51,97.92866666666667,9,2008,6
2008-09-08,101.08,97.92866666666667,9,2008,0
2008-09-09,98.94,97.92866666666667,9,2008,1
2008-09-10,96.0,97.92866666666667,9,2008,2
2008-09-11,96.01,97.92866666666667,9,2008,3
2008-09-12,94.37,97.92866666666667,9,2008,4
2008-09-13,94.37,97.92866666666667,9,2008,5
2008-09-14,94.37,97.92866666666667,9,2008,6
2008-09-15,90.45,97.92866666666667,9,2008,0
2008-09-16,85.85,97.92866666666667,9,2008,1
2008-09-17,86.09,97.92866666666667,9,2008,2
2008-09-18,90.89,97.92866666666667,9,2008,3
2008-09-19,93.46,97.92866666666667,9,2008,4
2008-09-20,93.46,97.92866666666667,9,2008,5
2008-09-21,93.46,97.92866666666667,9,2008,6
2008-09-22,100.43,97.92866666666667,9,2008,0
2008-09-23,100.72,97.92866666666667,9,2008,1
2008-09-24,102.09,97.92866666666667,9,2008,2
2008-09-25,100.45,97.92866666666667,9,2008,3
2008-09-26,100.88,97.92866666666667,9,2008,4
2008-09-27,100.88,97.92866666666667,9,2008,5
2008-09-28,100.88,97.92866666666667,9,2008,6
2008-09-29,95.96,97.92866666666667,9,2008,0
2008-09-30,93.52,97.92866666666667,9,2008,1
2008-10-01,92.19,71.82870967741935,10,2008,2
2008-10-02,88.88,71.82870967741935,10,2008,3
2008-10-03,88.95,71.82870967741935,10,2008,4
2008-10-04,88.95,71.82870967741935,10,2008,5
2008-10-05,88.95,71.82870967741935,10,2008,6
2008-10-06,84.71,71.82870967741935,10,2008,0
2008-10-07,83.17,71.82870967741935,10,2008,1
2008-10-08,80.77,71.82870967741935,10,2008,2
2008-10-09,81.65,71.82870967741935,10,2008,3
2008-10-10,74.58,71.82870967741935,10,2008,4
2008-10-11,74.58,71.82870967741935,10,2008,5
2008-10-12,74.58,71.82870967741935,10,2008,6
2008-10-13,74.37,71.82870967741935,10,2008,0
2008-10-14,74.98,71.82870967741935,10,2008,1
2008-10-15,66.86,71.82870967741935,10,2008,2
2008-10-16,64.14,71.82870967741935,10,2008,3
2008-10-17,66.05,71.82870967741935,10,2008,4
2008-10-18,66.05,71.82870967741935,10,2008,5
2008-10-19,66.05,71.82870967741935,10,2008,6
2008-10-20,67.45,71.82870967741935,10,2008,0
2008-10-21,65.99,71.82870967741935,10,2008,1
2008-10-22,62.95,71.82870967741935,10,2008,2
2008-10-23,65.06,71.82870967741935,10,2008,3
2008-10-24,60.57,71.82870967741935,10,2008,4
2008-10-25,60.57,71.82870967741935,10,2008,5
2008-10-26,60.57,71.82870967741935,10,2008,6
2008-10-27,59.34,71.82870967741935,10,2008,0
2008-10-28,58.87,71.82870967741935,10,2008,1
2008-10-29,64.0,71.82870967741935,10,2008,2
2008-10-30,60.86,71.82870967741935,10,2008,3
2008-10-31,60.0,71.82870967741935,10,2008,4
2008-11-01,60.0,52.211,11,2008,5
2008-11-02,60.0,52.211,11,2008,6
2008-11-03,60.32,52.211,11,2008,0
2008-11-04,62.78,52.211,11,2008,1
2008-11-05,61.09,52.211,11,2008,2
2008-11-06,56.14,52.211,11,2008,3
2008-11-07,56.84,52.211,11,2008,4
2008-11-08,56.84,52.211,11,2008,5
2008-11-09,56.84,52.211,11,2008,6
2008-11-10,57.08,52.211,11,2008,0
2008-11-11,54.76,52.211,11,2008,1
2008-11-12,52.47,52.211,11,2008,2
2008-11-13,51.32,52.211,11,2008,3
2008-11-14,50.7,52.211,11,2008,4
2008-11-15,50.7,52.211,11,2008,5
2008-11-16,50.7,52.211,11,2008,6
2008-11-17,50.82,52.211,11,2008,0
2008-11-18,49.1,52.211,11,2008,1
2008-11-19,48.35,52.211,11,2008,2
2008-11-20,45.79,52.211,11,2008,3
2008-11-21,44.91,52.211,11,2008,4
2008-11-22,44.91,52.211,11,2008,5
2008-11-23,44.91,52.211,11,2008,6
2008-11-24,49.51,52.211,11,2008,0
2008-11-25,47.51,52.211,11,2008,1
2008-11-26,49.39,52.211,11,2008,2
2008-11-27,49.39,52.211,11,2008,3
2008-11-28,47.72,52.211,11,2008,4
2008-11-29,47.72,52.211,11,2008,5
2008-11-30,47.72,52.211,11,2008,6
2008-12-01,47.58,39.31032258064516,12,2008,0
2008-12-02,45.64,39.31032258064516,12,2008,1
2008-12-03,44.39,39.31032258064516,12,2008,2
2008-12-04,43.83,39.31032258064516,12,2008,3
2008-12-05,37.04,39.31032258064516,12,2008,4
2008-12-06,37.04,39.31032258064516,12,2008,5
2008-12-07,37.04,39.31032258064516,12,2008,6
2008-12-08,40.02,39.31032258064516,12,2008,0
2008-12-09,39.77,39.31032258064516,12,2008,1
2008-12-10,39.34,39.31032258064516,12,2008,2
2008-12-11,43.54,39.31032258064516,12,2008,3
2008-12-12,42.38,39.31032258064516,12,2008,4
2008-12-13,42.38,39.31032258064516,12,2008,5
2008-12-14,42.38,39.31032258064516,12,2008,6
2008-12-15,45.02,39.31032258064516,12,2008,0
2008-12-16,42.0,39.31032258064516,12,2008,1
2008-12-17,41.84,39.31032258064516,12,2008,2
2008-12-18,40.19,39.31032258064516,12,2008,3
2008-12-19,39.52,39.31032258064516,12,2008,4
2008-12-20,39.52,39.31032258064516,12,2008,5
2008-12-21,39.52,39.31032258064516,12,2008,6
2008-12-22,38.08,39.31032258064516,12,2008,0
2008-12-23,35.27,39.31032258064516,12,2008,1
2008-12-24,34.45,39.31032258064516,12,2008,2
2008-12-25,34.45,39.31032258064516,12,2008,3
2008-12-26,33.73,39.31032258064516,12,2008,4
2008-12-27,33.73,39.31032258064516,12,2008,5
2008-12-28,33.73,39.31032258064516,12,2008,6
2008-12-29,34.16,39.31032258064516,12,2008,0
2008-12-30,35.22,39.31032258064516,12,2008,1
2008-12-31,35.82,39.31032258064516,12,2008,2
2009-01-01,35.82,43.09225806451613,1,2009,3
2009-01-02,42.94,43.09225806451613,1,2009,4
2009-01-03,42.94,43.09225806451613,1,2009,5
2009-01-04,42.94,43.09225806451613,1,2009,6
2009-01-05,45.84,43.09225806451613,1,2009,0
2009-01-06,48.89,43.09225806451613,1,2009,1
2009-01-07,46.23,43.09225806451613,1,2009,2
2009-01-08,42.94,43.09225806451613,1,2009,3
2009-01-09,42.34,43.09225806451613,1,2009,4
2009-01-10,42.34,43.09225806451613,1,2009,5
2009-01-11,42.34,43.09225806451613,1,2009,6
2009-01-12,40.86,43.09225806451613,1,2009,0
2009-01-13,43.05,43.09225806451613,1,2009,1
2009-01-14,42.27,43.09225806451613,1,2009,2
2009-01-15,42.32,43.09225806451613,1,2009,3
2009-01-16,43.42,43.09225806451613,1,2009,4
2009-01-17,43.42,43.09225806451613,1,2009,5
2009-01-18,43.42,43.09225806451613,1,2009,6
2009-01-19,43.42,43.09225806451613,1,2009,0
2009-01-20,41.22,43.09225806451613,1,2009,1
2009-01-21,39.9,43.09225806451613,1,2009,2
2009-01-22,42.42,43.09225806451613,1,2009,3
2009-01-23,43.13,43.09225806451613,1,2009,4
2009-01-24,43.13,43.09225806451613,1,2009,5
2009-01-25,43.13,43.09225806451613,1,2009,6
2009-01-26,48.0,43.09225806451613,1,2009,0
2009-01-27,42.86,43.09225806451613,1,2009,1
2009-01-28,42.86,43.09225806451613,1,2009,2
2009-01-29,43.13,43.09225806451613,1,2009,3
2009-01-30,44.17,43.09225806451613,1,2009,4
2009-01-31,44.17,43.09225806451613,1,2009,5
2009-02-01,44.17,43.39964285714286,2,2009,6
2009-02-02,42.96,43.39964285714286,2,2009,0
2009-02-03,43.15,43.39964285714286,2,2009,1
2009-02-04,43.68,43.39964285714286,2,2009,2
2009-02-05,43.92,43.39964285714286,2,2009,3
2009-02-06,44.49,43.39964285714286,2,2009,4
2009-02-07,44.49,43.39964285714286,2,2009,5
2009-02-08,44.49,43.39964285714286,2,2009,6
2009-02-09,47.23,43.39964285714286,2,2009,0
2009-02-10,45.88,43.39964285714286,2,2009,1
2009-02-11,44.24,43.39964285714286,2,2009,2
2009-02-12,47.23,43.39964285714286,2,2009,3
2009-02-13,43.36,43.39964285714286,2,2009,4
2009-02-14,43.36,43.39964285714286,2,2009,5
2009-02-15,43.36,43.39964285714286,2,2009,6
2009-02-16,43.36,43.39964285714286,2,2009,0
2009-02-17,39.69,43.39964285714286,2,2009,1
2009-02-18,39.41,43.39964285714286,2,2009,2
2009-02-19,42.36,43.39964285714286,2,2009,3
2009-02-20,42.19,43.39964285714286,2,2009,4
2009-02-21,42.19,43.39964285714286,2,2009,5
2009-02-22,42.19,43.39964285714286,2,2009,6
2009-02-23,41.27,43.39964285714286,2,2009,0
2009-02-24,40.18,43.39964285714286,2,2009,1
2009-02-25,42.37,43.39964285714286,2,2009,2
2009-02-26,45.15,43.39964285714286,2,2009,3
2009-02-27,44.41,43.39964285714286,2,2009,4
2009-02-28,44.41,43.39964285714286,2,2009,5
2009-03-01,44.41,46.62451612903225,3,2009,6
2009-03-02,42.6,46.62451612903225,3,2009,0
2009-03-03,42.72,46.62451612903225,3,2009,1
2009-03-04,46.07,46.62451612903225,3,2009,2
2009-03-05,44.45,46.62451612903225,3,2009,3
2009-03-06,43.48,46.62451612903225,3,2009,4
2009-03-07,43.48,46.62451612903225,3,2009,5
2009-03-08,43.48,46.62451612903225,3,2009,6
2009-03-09,44.55,46.62451612903225,3,2009,0
2009-03-10,44.99,46.62451612903225,3,2009,1
2009-03-11,43.2,46.62451612903225,3,2009,2
2009-03-12,42.19,46.62451612903225,3,2009,3
2009-03-13,44.97,46.62451612903225,3,2009,4
2009-03-14,44.97,46.62451612903225,3,2009,5
2009-03-15,44.97,46.62451612903225,3,2009,6
2009-03-16,44.12,46.62451612903225,3,2009,0
2009-03-17,45.53,46.62451612903225,3,2009,1
2009-03-18,45.22,46.62451612903225,3,2009,2
2009-03-19,48.03,46.62451612903225,3,2009,3
2009-03-20,49.27,46.62451612903225,3,2009,4
2009-03-21,49.27,46.62451612903225,3,2009,5
2009-03-22,49.27,46.62451612903225,3,2009,6
2009-03-23,51.84,46.62451612903225,3,2009,0
2009-03-24,51.32,46.62451612903225,3,2009,1
2009-03-25,51.46,46.62451612903225,3,2009,2
2009-03-26,51.89,46.62451612903225,3,2009,3
2009-03-27,50.81,46.62451612903225,3,2009,4
2009-03-28,50.81,46.62451612903225,3,2009,5
2009-03-29,50.81,46.62451612903225,3,2009,6
2009-03-30,49.05,46.62451612903225,3,2009,0
2009-03-31,46.13,46.62451612903225,3,2009,1
2009-04-01,45.92,50.54633333333333,4,2009,2
2009-04-02,50.89,50.54633333333333,4,2009,3
2009-04-03,50.48,50.54633333333333,4,2009,4
2009-04-04,50.48,50.54633333333333,4,2009,5
2009-04-05,50.48,50.54633333333333,4,2009,6
2009-04-06,50.91,50.54633333333333,4,2009,0
2009-04-07,50.62,50.54633333333333,4,2009,1
2009-04-08,52.06,50.54633333333333,4,2009,2
2009-04-09,52.33,50.54633333333333,4,2009,3
2009-04-10,52.33,50.54633333333333,4,2009,4
2009-04-11,52.33,50.54633333333333,4,2009,5
2009-04-12,52.33,50.54633333333333,4,2009,6
2009-04-13,50.73,50.54633333333333,4,2009,0
2009-04-14,52.06,50.54633333333333,4,2009,1
2009-04-15,51.31,50.54633333333333,4,2009,2
2009-04-16,51.83,50.54633333333333,4,2009,3
2009-04-17,52.02,50.54633333333333,4,2009,4
2009-04-18,52.02,50.54633333333333,4,2009,5
2009-04-19,52.02,50.54633333333333,4,2009,6
2009-04-20,49.06,50.54633333333333,4,2009,0
2009-04-21,48.69,50.54633333333333,4,2009,1
2009-04-22,48.5,50.54633333333333,4,2009,2
2009-04-23,48.29,50.54633333333333,4,2009,3
2009-04-24,50.29,50.54633333333333,4,2009,4
2009-04-25,50.29,50.54633333333333,4,2009,5
2009-04-26,50.29,50.54633333333333,4,2009,6
2009-04-27,48.67,50.54633333333333,4,2009,0
2009-04-28,48.64,50.54633333333333,4,2009,1
2009-04-29,50.22,50.54633333333333,4,2009,2
2009-04-30,50.3,50.54633333333333,4,2009,3
2009-05-01,51.75,57.42935483870968,5,2009,4
2009-05-02,51.75,57.42935483870968,5,2009,5
2009-05-03,51.75,57.42935483870968,5,2009,6
2009-05-04,53.26,57.42935483870968,5,2009,0
2009-05-05,53.16,57.42935483870968,5,2009,1
2009-05-06,55.07,57.42935483870968,5,2009,2
2009-05-07,56.63,57.42935483870968,5,2009,3
2009-05-08,56.02,57.42935483870968,5,2009,4
2009-05-09,56.02,57.42935483870968,5,2009,5
2009-05-10,56.02,57.42935483870968,5,2009,6
2009-05-11,55.99,57.42935483870968,5,2009,0
2009-05-12,56.52,57.42935483870968,5,2009,1
2009-05-13,56.84,57.42935483870968,5,2009,2
2009-05-14,56.25,57.42935483870968,5,2009,3
2009-05-15,56.33,57.42935483870968,5,2009,4
2009-05-16,56.33,57.42935483870968,5,2009,5
2009-05-17,56.33,57.42935483870968,5,2009,6
2009-05-18,56.51,57.42935483870968,5,2009,0
2009-05-19,57.12,57.42935483870968,5,2009,1
2009-05-20,59.1,57.42935483870968,5,2009,2
2009-05-21,58.02,57.42935483870968,5,2009,3
2009-05-22,58.7,57.42935483870968,5,2009,4
2009-05-23,58.7,57.42935483870968,5,2009,5
2009-05-24,58.7,57.42935483870968,5,2009,6
2009-05-25,58.7,57.42935483870968,5,2009,0
2009-05-26,59.05,57.42935483870968,5,2009,1
2009-05-27,61.28,57.42935483870968,5,2009,2
2009-05-28,63.47,57.42935483870968,5,2009,3
2009-05-29,64.98,57.42935483870968,5,2009,4
2009-05-30,64.98,57.42935483870968,5,2009,5
2009-05-31,64.98,57.42935483870968,5,2009,6
2009-06-01,66.6,68.77833333333334,6,2009,0
2009-06-02,67.67,68.77833333333334,6,2009,1
2009-06-03,66.15,68.77833333333334,6,2009,2
2009-06-04,67.68,68.77833333333334,6,2009,3
2009-06-05,67.77,68.77833333333334,6,2009,4
2009-06-06,67.77,68.77833333333334,6,2009,5
2009-06-07,67.77,68.77833333333334,6,2009,6
2009-06-08,67.61,68.77833333333334,6,2009,0
2009-06-09,68.94,68.77833333333334,6,2009,1
2009-06-10,70.52,68.77833333333334,6,2009,2
2009-06-11,71.71,68.77833333333334,6,2009,3
2009-06-12,70.62,68.77833333333334,6,2009,4
2009-06-13,70.62,68.77833333333334,6,2009,5
2009-06-14,70.62,68.77833333333334,6,2009,6
2009-06-15,68.49,68.77833333333334,6,2009,0
2009-06-16,70.52,68.77833333333334,6,2009,1
2009-06-17,68.95,68.77833333333334,6,2009,2
2009-06-18,69.96,68.77833333333334,6,2009,3
2009-06-19,70.48,68.77833333333334,6,2009,4
2009-06-20,70.48,68.77833333333334,6,2009,5
2009-06-21,70.48,68.77833333333334,6,2009,6
2009-06-22,66.13,68.77833333333334,6,2009,0
2009-06-23,66.36,68.77833333333334,6,2009,1
2009-06-24,68.47,68.77833333333334,6,2009,2
2009-06-25,68.82,68.77833333333334,6,2009,3
2009-06-26,68.1,68.77833333333334,6,2009,4
2009-06-27,68.1,68.77833333333334,6,2009,5
2009-06-28,68.1,68.77833333333334,6,2009,6
2009-06-29,69.75,68.77833333333334,6,2009,0
2009-06-30,68.11,68.77833333333334,6,2009,1
2009-07-01,68.52,64.39935483870967,7,2009,2
2009-07-02,65.74,64.39935483870967,7,2009,3
2009-07-03,65.74,64.39935483870967,7,2009,4
2009-07-04,65.74,64.39935483870967,7,2009,5
2009-07-05,65.74,64.39935483870967,7,2009,6
2009-07-06,63.12,64.39935483870967,7,2009,0
2009-07-07,61.54,64.39935483870967,7,2009,1
2009-07-08,59.71,64.39935483870967,7,2009,2
2009-07-09,59.17,64.39935483870967,7,2009,3
2009-07-10,58.43,64.39935483870967,7,2009,4
2009-07-11,58.43,64.39935483870967,7,2009,5
2009-07-12,58.43,64.39935483870967,7,2009,6
2009-07-13,58.25,64.39935483870967,7,2009,0
2009-07-14,60.48,64.39935483870967,7,2009,1
2009-07-15,61.25,64.39935483870967,7,2009,2
2009-07-16,62.02,64.39935483870967,7,2009,3
2009-07-17,63.54,64.39935483870967,7,2009,4
2009-07-18,63.54,64.39935483870967,7,2009,5
2009-07-19,63.54,64.39935483870967,7,2009,6
2009-07-20,64.64,64.39935483870967,7,2009,0
2009-07-21,65.93,64.39935483870967,7,2009,1
2009-07-22,65.36,64.39935483870967,7,2009,2
2009-07-23,68.06,64.39935483870967,7,2009,3
2009-07-24,68.82,64.39935483870967,7,2009,4
2009-07-25,68.82,64.39935483870967,7,2009,5
2009-07-26,68.82,64.39935483870967,7,2009,6
2009-07-27,69.78,64.39935483870967,7,2009,0
2009-07-28,68.53,64.39935483870967,7,2009,1
2009-07-29,65.79,64.39935483870967,7,2009,2
2009-07-30,68.82,64.39935483870967,7,2009,3
2009-07-31,70.08,64.39935483870967,7,2009,4
2009-08-01,70.08,72.48193548387097,8,2009,5
2009-08-02,70.08,72.48193548387097,8,2009,6
2009-08-03,72.9,72.48193548387097,8,2009,0
2009-08-04,73.82,72.48193548387097,8,2009,1
2009-08-05,74.39,72.48193548387097,8,2009,2
2009-08-06,74.61,72.48193548387097,8,2009,3
2009-08-07,74.21,72.48193548387097,8,2009,4
2009-08-08,74.21,72.48193548387097,8,2009,5
2009-08-09,74.21,72.48193548387097,8,2009,6
2009-08-10,73.79,72.48193548387097,8,2009,0
2009-08-11,71.58,72.48193548387097,8,2009,1
2009-08-12,74.03,72.48193548387097,8,2009,2
2009-08-13,73.76,72.48193548387097,8,2009,3
2009-08-14,71.33,72.48193548387097,8,2009,4
2009-08-15,71.33,72.48193548387097,8,2009,5
2009-08-16,71.33,72.48193548387097,8,2009,6
2009-08-17,68.65,72.48193548387097,8,2009,0
2009-08-18,68.66,72.48193548387097,8,2009,1
2009-08-19,72.81,72.48193548387097,8,2009,2
2009-08-20,73.75,72.48193548387097,8,2009,3
2009-08-21,73.71,72.48193548387097,8,2009,4
2009-08-22,73.71,72.48193548387097,8,2009,5
2009-08-23,73.71,72.48193548387097,8,2009,6
2009-08-24,74.34,72.48193548387097,8,2009,0
2009-08-25,73.1,72.48193548387097,8,2009,1
2009-08-26,70.74,72.48193548387097,8,2009,2
2009-08-27,70.68,72.48193548387097,8,2009,3
2009-08-28,72.8,72.48193548387097,8,2009,4
2009-08-29,72.8,72.48193548387097,8,2009,5
2009-08-30,72.8,72.48193548387097,8,2009,6
2009-08-31,69.02,72.48193548387097,8,2009,0
2009-09-01,68.78,67.54166666666667,9,2009,1
2009-09-02,67.6,67.54166666666667,9,2009,2
2009-09-03,66.78,67.54166666666667,9,2009,3
2009-09-04,65.84,67.54166666666667,9,2009,4
2009-09-05,65.84,67.54166666666667,9,2009,5
2009-09-06,65.84,67.54166666666667,9,2009,6
2009-09-07,65.84,67.54166666666667,9,2009,0
2009-09-08,69.2,67.54166666666667,9,2009,1
2009-09-09,69.76,67.54166666666667,9,2009,2
2009-09-10,68.96,67.54166666666667,9,2009,3
2009-09-11,68.76,67.54166666666667,9,2009,4
2009-09-12,68.76,67.54166666666667,9,2009,5
2009-09-13,68.76,67.54166666666667,9,2009,6
2009-09-14,66.91,67.54166666666667,9,2009,0
2009-09-15,66.53,67.54166666666667,9,2009,1
2009-09-16,68.51,67.54166666666667,9,2009,2
2009-09-17,71.56,67.54166666666667,9,2009,3
2009-09-18,70.72,67.54166666666667,9,2009,4
2009-09-19,70.72,67.54166666666667,9,2009,5
2009-09-20,70.72,67.54166666666667,9,2009,6
2009-09-21,68.11,67.54166666666667,9,2009,0
2009-09-22,69.65,67.54166666666667,9,2009,1
2009-09-23,67.43,67.54166666666667,9,2009,2
2009-09-24,64.99,67.54166666666667,9,2009,3
2009-09-25,64.6,67.54166666666667,9,2009,4
2009-09-26,64.6,67.54166666666667,9,2009,5
2009-09-27,64.6,67.54166666666667,9,2009,6
2009-09-28,65.43,67.54166666666667,9,2009,0
2009-09-29,64.63,67.54166666666667,9,2009,1
2009-09-30,65.82,67.54166666666667,9,2009,2
2009-10-01,67.12,72.65612903225806,10,2009,3
2009-10-02,66.5,72.65612903225806,10,2009,4
2009-10-03,66.5,72.65612903225806,10,2009,5
2009-10-04,66.5,72.65612903225806,10,2009,6
2009-10-05,65.26,72.65612903225806,10,2009,0
2009-10-06,68.51,72.65612903225806,10,2009,1
2009-10-07,67.65,72.65612903225806,10,2009,2
2009-10-08,68.47,72.65612903225806,10,2009,3
2009-10-09,69.45,72.65612903225806,10,2009,4
2009-10-10,69.45,72.65612903225806,10,2009,5
2009-10-11,69.45,72.65612903225806,10,2009,6
2009-10-12,70.75,72.65612903225806,10,2009,0
2009-10-13,70.81,72.65612903225806,10,2009,1
2009-10-14,72.16,72.65612903225806,10,2009,2
2009-10-15,73.14,72.65612903225806,10,2009,3
2009-10-16,74.58,72.65612903225806,10,2009,4
2009-10-17,74.58,72.65612903225806,10,2009,5
2009-10-18,74.58,72.65612903225806,10,2009,6
2009-10-19,75.86,72.65612903225806,10,2009,0
2009-10-20,76.51,72.65612903225806,10,2009,1
2009-10-21,77.74,72.65612903225806,10,2009,2
2009-10-22,78.36,72.65612903225806,10,2009,3
2009-10-23,77.72,72.65612903225806,10,2009,4
2009-10-24,77.72,72.65612903225806,10,2009,5
2009-10-25,77.72,72.65612903225806,10,2009,6
2009-10-26,76.45,72.65612903225806,10,2009,0
2009-10-27,76.69,72.65612903225806,10,2009,1
2009-10-28,75.11,72.65612903225806,10,2009,2
2009-10-29,77.18,72.65612903225806,10,2009,3
2009-10-30,74.91,72.65612903225806,10,2009,4
2009-10-31,74.91,72.65612903225806,10,2009,5
2009-11-01,74.91,76.286,11,2009,6
2009-11-02,75.56,76.286,11,2009,0
2009-11-03,75.68,76.286,11,2009,1
2009-11-04,78.21,76.286,11,2009,2
2009-11-05,78.02,76.286,11,2009,3
2009-11-06,75.51,76.286,11,2009,4
2009-11-07,75.51,76.286,11,2009,5
2009-11-08,75.51,76.286,11,2009,6
2009-11-09,77.18,76.286,11,2009,0
2009-11-10,77.07,76.286,11,2009,1
2009-11-11,76.99,76.286,11,2009,2
2009-11-12,75.18,76.286,11,2009,3
2009-11-13,74.81,76.286,11,2009,4
2009-11-14,74.81,76.286,11,2009,5
2009-11-15,74.81,76.286,11,2009,6
2009-11-16,77.14,76.286,11,2009,0
2009-11-17,77.36,76.286,11,2009,1
2009-11-18,78.64,76.286,11,2009,2
2009-11-19,76.45,76.286,11,2009,3
2009-11-20,75.61,76.286,11,2009,4
2009-11-21,75.61,76.286,11,2009,5
2009-11-22,75.61,76.286,11,2009,6
2009-11-23,78.14,76.286,11,2009,0
2009-11-24,75.35,76.286,11,2009,1
2009-11-25,76.57,76.286,11,2009,2
2009-11-26,76.57,76.286,11,2009,3
2009-11-27,76.0,76.286,11,2009,4
2009-11-28,76.0,76.286,11,2009,5
2009-11-29,76.0,76.286,11,2009,6
2009-11-30,77.77,76.286,11,2009,0
2009-12-01,78.68,74.28548387096774,12,2009,1
2009-12-02,76.96,74.28548387096774,12,2009,2
2009-12-03,77.76,74.28548387096774,12,2009,3
2009-12-04,77.74,74.28548387096774,12,2009,4
2009-12-05,77.74,74.28548387096774,12,2009,5
2009-12-06,77.74,74.28548387096774,12,2009,6
2009-12-07,76.18,74.28548387096774,12,2009,0
2009-12-08,74.93,74.28548387096774,12,2009,1
2009-12-09,73.63,74.28548387096774,12,2009,2
2009-12-10,70.91,74.28548387096774,12,2009,3
2009-12-11,70.07,74.28548387096774,12,2009,4
2009-12-12,70.07,74.28548387096774,12,2009,5
2009-12-13,70.07,74.28548387096774,12,2009,6
2009-12-14,71.19,74.28548387096774,12,2009,0
2009-12-15,71.33,74.28548387096774,12,2009,1
2009-12-16,73.34,74.28548387096774,12,2009,2
2009-12-17,71.28,74.28548387096774,12,2009,3
2009-12-18,71.87,74.28548387096774,12,2009,4
2009-12-19,71.87,74.28548387096774,12,2009,5
2009-12-20,71.87,74.28548387096774,12,2009,6
2009-12-21,72.74,74.28548387096774,12,2009,0
2009-12-22,71.64,74.28548387096774,12,2009,1
2009-12-23,73.87,74.28548387096774,12,2009,2
2009-12-24,75.15,74.28548387096774,12,2009,3
2009-12-25,75.15,74.28548387096774,12,2009,4
2009-12-26,75.15,74.28548387096774,12,2009,5
2009-12-27,75.15,74.28548387096774,12,2009,6
2009-12-28,76.59,74.28548387096774,12,2009,0
2009-12-29,76.65,74.28548387096774,12,2009,1
2009-12-30,77.62,74.28548387096774,12,2009,2
2009-12-31,77.91,74.28548387096774,12,2009,3
2010-01-01,77.91,76.11096774193548,1,2010,4
2010-01-02,77.91,76.11096774193548,1,2010,5
2010-01-03,77.91,76.11096774193548,1,2010,6
2010-01-04,79.05,76.11096774193548,1,2010,0
2010-01-05,79.27,76.11096774193548,1,2010,1
2010-01-06,80.14,76.11096774193548,1,2010,2
2010-01-07,80.57,76.11096774193548,1,2010,3
2010-01-08,80.06,76.11096774193548,1,2010,4
2010-01-09,80.06,76.11096774193548,1,2010,5
2010-01-10,80.06,76.11096774193548,1,2010,6
2010-01-11,80.14,76.11096774193548,1,2010,0
2010-01-12,79.38,76.11096774193548,1,2010,1
2010-01-13,77.57,76.11096774193548,1,2010,2
2010-01-14,77.61,76.11096774193548,1,2010,3
2010-01-15,76.85,76.11096774193548,1,2010,4
2010-01-16,76.85,76.11096774193548,1,2010,5
2010-01-17,76.85,76.11096774193548,1,2010,6
2010-01-18,76.85,76.11096774193548,1,2010,0
2010-01-19,75.18,76.11096774193548,1,2010,1
2010-01-20,75.09,76.11096774193548,1,2010,2
2010-01-21,74.13,76.11096774193548,1,2010,3
2010-01-22,72.73,76.11096774193548,1,2010,4
2010-01-23,72.73,76.11096774193548,1,2010,5
2010-01-24,72.73,76.11096774193548,1,2010,6
2010-01-25,72.18,76.11096774193548,1,2010,0
2010-01-26,72.63,76.11096774193548,1,2010,1
2010-01-27,72.75,76.11096774193548,1,2010,2
2010-01-28,70.65,76.11096774193548,1,2010,3
2010-01-29,71.2,76.11096774193548,1,2010,4
2010-01-30,71.2,76.11096774193548,1,2010,5
2010-01-31,71.2,76.11096774193548,1,2010,6
2010-02-01,71.58,73.65928571428572,2,2010,0
2010-02-02,73.94,73.65928571428572,2,2010,1
2010-02-03,75.77,73.65928571428572,2,2010,2
2010-02-04,71.3,73.65928571428572,2,2010,3
2010-02-05,70.11,73.65928571428572,2,2010,4
2010-02-06,70.11,73.65928571428572,2,2010,5
2010-02-07,70.11,73.65928571428572,2,2010,6
2010-02-08,69.62,73.65928571428572,2,2010,0
2010-02-09,70.4,73.65928571428572,2,2010,1
2010-02-10,70.4,73.65928571428572,2,2010,2
2010-02-11,72.35,73.65928571428572,2,2010,3
2010-02-12,71.49,73.65928571428572,2,2010,4
2010-02-13,71.49,73.65928571428572,2,2010,5
2010-02-14,71.49,73.65928571428572,2,2010,6
2010-02-15,71.49,73.65928571428572,2,2010,0
2010-02-16,74.82,73.65928571428572,2,2010,1
2010-02-17,74.89,73.65928571428572,2,2010,2
2010-02-18,76.61,73.65928571428572,2,2010,3
2010-02-19,76.88,73.65928571428572,2,2010,4
2010-02-20,76.88,73.65928571428572,2,2010,5
2010-02-21,76.88,73.65928571428572,2,2010,6
2010-02-22,76.95,73.65928571428572,2,2010,0
2010-02-23,76.44,73.65928571428572,2,2010,1
2010-02-24,77.0,73.65928571428572,2,2010,2
2010-02-25,74.38,73.65928571428572,2,2010,3
2010-02-26,76.36,73.65928571428572,2,2010,4
2010-02-27,76.36,73.65928571428572,2,2010,5
2010-02-28,76.36,73.65928571428572,2,2010,6
2010-03-01,76.07,78.80290322580645,3,2010,0
2010-03-02,77.5,78.80290322580645,3,2010,1
2010-03-03,78.66,78.80290322580645,3,2010,2
2010-03-04,77.88,78.80290322580645,3,2010,3
2010-03-05,79.2,78.80290322580645,3,2010,4
2010-03-06,79.2,78.80290322580645,3,2010,5
2010-03-07,79.2,78.80290322580645,3,2010,6
2010-03-08,78.94,78.80290322580645,3,2010,0
2010-03-09,78.77,78.80290322580645,3,2010,1
2010-03-10,80.29,78.80290322580645,3,2010,2
2010-03-11,79.44,78.80290322580645,3,2010,3
2010-03-12,79.38,78.80290322580645,3,2010,4
2010-03-13,79.38,78.80290322580645,3,2010,5
2010-03-14,79.38,78.80290322580645,3,2010,6
2010-03-15,77.08,78.80290322580645,3,2010,0
2010-03-16,79.45,78.80290322580645,3,2010,1
2010-03-17,80.28,78.80290322580645,3,2010,2
2010-03-18,80.09,78.80290322580645,3,2010,3
2010-03-19,78.37,78.80290322580645,3,2010,4
2010-03-20,78.37,78.80290322580645,3,2010,5
2010-03-21,78.37,78.80290322580645,3,2010,6
2010-03-22,78.09,78.80290322580645,3,2010,0
2010-03-23,79.17,78.80290322580645,3,2010,1
2010-03-24,78.03,78.80290322580645,3,2010,2
2010-03-25,78.64,78.80290322580645,3,2010,3
2010-03-26,77.98,78.80290322580645,3,2010,4
2010-03-27,77.98,78.80290322580645,3,2010,5
2010-03-28,77.98,78.80290322580645,3,2010,6
2010-03-29,79.89,78.80290322580645,3,2010,0
2010-03-30,79.46,78.80290322580645,3,2010,1
2010-03-31,80.37,78.80290322580645,3,2010,2
2010-04-01,82.63,84.54666666666667,4,2010,3
2010-04-02,82.63,84.54666666666667,4,2010,4
2010-04-03,82.63,84.54666666666667,4,2010,5
2010-04-04,82.63,84.54666666666667,4,2010,6
2010-04-05,84.48,84.54666666666667,4,2010,0
2010-04-06,85.05,84.54666666666667,4,2010,1
2010-04-07,84.49,84.54666666666667,4,2010,2
2010-04-08,82.63,84.54666666666667,4,2010,3
2010-04-09,82.77,84.54666666666667,4,2010,4
2010-04-10,82.77,84.54666666666667,4,2010,5
2010-04-11,82.77,84.54666666666667,4,2010,6
2010-04-12,85.21,84.54666666666667,4,2010,0
2010-04-13,83.44,84.54666666666667,4,2010,1
2010-04-14,85.81,84.54666666666667,4,2010,2
2010-04-15,86.9,84.54666666666667,4,2010,3
2010-04-16,84.81,84.54666666666667,4,2010,4
2010-04-17,84.81,84.54666666666667,4,2010,5
2010-04-18,84.81,84.54666666666667,4,2010,6
2010-04-19,83.09,84.54666666666667,4,2010,0
2010-04-20,84.73,84.54666666666667,4,2010,1
2010-04-21,84.55,84.54666666666667,4,2010,2
2010-04-22,84.58,84.54666666666667,4,2010,3
2010-04-23,86.09,84.54666666666667,4,2010,4
2010-04-24,86.09,84.54666666666667,4,2010,5
2010-04-25,86.09,84.54666666666667,4,2010,6
2010-04-26,86.72,84.54666666666667,4,2010,0
2010-04-27,85.59,84.54666666666667,4,2010,1
2010-04-28,84.59,84.54666666666667,4,2010,2
2010-04-29,86.82,84.54666666666667,4,2010,3
2010-04-30,86.19,84.54666666666667,4,2010,4
2010-05-01,86.19,76.0325806451613,5,2010,5
2010-05-02,86.19,76.0325806451613,5,2010,6
2010-05-03,88.09,76.0325806451613,5,2010,0
2010-05-04,85.39,76.0325806451613,5,2010,1
2010-05-05,82.31,76.0325806451613,5,2010,2
2010-05-06,80.21,76.0325806451613,5,2010,3
2010-05-07,76.48,76.0325806451613,5,2010,4
2010-05-08,76.48,76.0325806451613,5,2010,5
2010-05-09,76.48,76.0325806451613,5,2010,6
2010-05-10,78.08,76.0325806451613,5,2010,0
2010-05-11,79.0,76.0325806451613,5,2010,1
2010-05-12,78.7,76.0325806451613,5,2010,2
2010-05-13,79.41,76.0325806451613,5,2010,3
2010-05-14,76.43,76.0325806451613,5,2010,4
2010-05-15,76.43,76.0325806451613,5,2010,5
2010-05-16,76.43,76.0325806451613,5,2010,6
2010-05-17,73.87,76.0325806451613,5,2010,0
2010-05-18,75.12,76.0325806451613,5,2010,1
2010-05-19,71.86,76.0325806451613,5,2010,2
2010-05-20,69.56,76.0325806451613,5,2010,3
2010-05-21,70.45,76.0325806451613,5,2010,4
2010-05-22,70.45,76.0325806451613,5,2010,5
2010-05-23,70.45,76.0325806451613,5,2010,6
2010-05-24,69.62,76.0325806451613,5,2010,0
2010-05-25,67.18,76.0325806451613,5,2010,1
2010-05-26,70.59,76.0325806451613,5,2010,2
2010-05-27,73.56,76.0325806451613,5,2010,3
2010-05-28,73.0,76.0325806451613,5,2010,4
2010-05-29,73.0,76.0325806451613,5,2010,5
2010-05-30,73.0,76.0325806451613,5,2010,6
2010-05-31,73.0,76.0325806451613,5,2010,0
2010-06-01,73.08,74.71666666666667,6,2010,1
2010-06-02,72.78,74.71666666666667,6,2010,2
2010-06-03,73.12,74.71666666666667,6,2010,3
2010-06-04,71.84,74.71666666666667,6,2010,4
2010-06-05,71.84,74.71666666666667,6,2010,5
2010-06-06,71.84,74.71666666666667,6,2010,6
2010-06-07,71.09,74.71666666666667,6,2010,0
2010-06-08,71.43,74.71666666666667,6,2010,1
2010-06-09,73.68,74.71666666666667,6,2010,2
2010-06-10,74.33,74.71666666666667,6,2010,3
2010-06-11,73.28,74.71666666666667,6,2010,4
2010-06-12,73.28,74.71666666666667,6,2010,5
2010-06-13,73.28,74.71666666666667,6,2010,6
2010-06-14,75.11,74.71666666666667,6,2010,0
2010-06-15,75.29,74.71666666666667,6,2010,1
2010-06-16,76.12,74.71666666666667,6,2010,2
2010-06-17,77.52,74.71666666666667,6,2010,3
2010-06-18,77.05,74.71666666666667,6,2010,4
2010-06-19,77.05,74.71666666666667,6,2010,5
2010-06-20,77.05,74.71666666666667,6,2010,6
2010-06-21,78.53,74.71666666666667,6,2010,0
2010-06-22,78.08,74.71666666666667,6,2010,1
2010-06-23,75.22,74.71666666666667,6,2010,2
2010-06-24,75.17,74.71666666666667,6,2010,3
2010-06-25,76.21,74.71666666666667,6,2010,4
2010-06-26,76.21,74.71666666666667,6,2010,5
2010-06-27,76.21,74.71666666666667,6,2010,6
2010-06-28,76.66,74.71666666666667,6,2010,0
2010-06-29,74.21,74.71666666666667,6,2010,1
2010-06-30,74.94,74.71666666666667,6,2010,2
2010-07-01,71.73,75.35387096774193,7,2010,3
2010-07-02,71.75,75.35387096774193,7,2010,4
2010-07-03,71.75,75.35387096774193,7,2010,5
2010-07-04,71.75,75.35387096774193,7,2010,6
2010-07-05,71.75,75.35387096774193,7,2010,0
2010-07-06,73.08,75.35387096774193,7,2010,1
2010-07-07,72.97,75.35387096774193,7,2010,2
2010-07-08,74.56,75.35387096774193,7,2010,3
2010-07-09,75.2,75.35387096774193,7,2010,4
2010-07-10,75.2,75.35387096774193,7,2010,5
2010-07-11,75.2,75.35387096774193,7,2010,6
2010-07-12,74.35,75.35387096774193,7,2010,0
2010-07-13,76.45,75.35387096774193,7,2010,1
2010-07-14,76.63,75.35387096774193,7,2010,2
2010-07-15,75.52,75.35387096774193,7,2010,3
2010-07-16,75.55,75.35387096774193,7,2010,4
2010-07-17,75.55,75.35387096774193,7,2010,5
2010-07-18,75.55,75.35387096774193,7,2010,6
2010-07-19,76.29,75.35387096774193,7,2010,0
2010-07-20,76.31,75.35387096774193,7,2010,1
2010-07-21,75.75,75.35387096774193,7,2010,2
2010-07-22,77.59,75.35387096774193,7,2010,3
2010-07-23,77.27,75.35387096774193,7,2010,4
2010-07-24,77.27,75.35387096774193,7,2010,5
2010-07-25,77.27,75.35387096774193,7,2010,6
2010-07-26,77.9,75.35387096774193,7,2010,0
2010-07-27,75.52,75.35387096774193,7,2010,1
2010-07-28,76.66,75.35387096774193,7,2010,2
2010-07-29,78.6,75.35387096774193,7,2010,3
2010-07-30,77.5,75.35387096774193,7,2010,4
2010-07-31,77.5,75.35387096774193,7,2010,5
2010-08-01,77.5,76.85451612903225,8,2010,6
2010-08-02,81.93,76.85451612903225,8,2010,0
2010-08-03,83.6,76.85451612903225,8,2010,1
2010-08-04,83.76,76.85451612903225,8,2010,2
2010-08-05,82.9,76.85451612903225,8,2010,3
2010-08-06,81.28,76.85451612903225,8,2010,4
2010-08-07,81.28,76.85451612903225,8,2010,5
2010-08-08,81.28,76.85451612903225,8,2010,6
2010-08-09,81.54,76.85451612903225,8,2010,0
2010-08-10,79.89,76.85451612903225,8,2010,1
2010-08-11,77.83,76.85451612903225,8,2010,2
2010-08-12,76.63,76.85451612903225,8,2010,3
2010-08-13,75.14,76.85451612903225,8,2010,4
2010-08-14,75.14,76.85451612903225,8,2010,5
2010-08-15,75.14,76.85451612903225,8,2010,6
2010-08-16,74.56,76.85451612903225,8,2010,0
2010-08-17,76.74,76.85451612903225,8,2010,1
2010-08-18,75.1,76.85451612903225,8,2010,2
2010-08-19,74.84,76.85451612903225,8,2010,3
2010-08-20,73.48,76.85451612903225,8,2010,4
2010-08-21,73.48,76.85451612903225,8,2010,5
2010-08-22,73.48,76.85451612903225,8,2010,6
2010-08-23,73.08,76.85451612903225,8,2010,0
2010-08-24,70.61,76.85451612903225,8,2010,1
2010-08-25,70.74,76.85451612903225,8,2010,2
2010-08-26,74.5,76.85451612903225,8,2010,3
2010-08-27,75.16,76.85451612903225,8,2010,4
2010-08-28,75.16,76.85451612903225,8,2010,5
2010-08-29,75.16,76.85451612903225,8,2010,6
2010-08-30,76.05,76.85451612903225,8,2010,0
2010-08-31,75.51,76.85451612903225,8,2010,1
2010-09-01,75.53,77.57133333333333,9,2010,2
2010-09-02,74.93,77.57133333333333,9,2010,3
2010-09-03,75.03,77.57133333333333,9,2010,4
2010-09-04,75.03,77.57133333333333,9,2010,5
2010-09-05,75.03,77.57133333333333,9,2010,6
2010-09-06,75.03,77.57133333333333,9,2010,0
2010-09-07,75.78,77.57133333333333,9,2010,1
2010-09-08,77.48,77.57133333333333,9,2010,2
2010-09-09,77.87,77.57133333333333,9,2010,3
2010-09-10,77.54,77.57133333333333,9,2010,4
2010-09-11,77.54,77.57133333333333,9,2010,5
2010-09-12,77.54,77.57133333333333,9,2010,6
2010-09-13,78.52,77.57133333333333,9,2010,0
2010-09-14,78.89,77.57133333333333,9,2010,1
2010-09-15,78.46,77.57133333333333,9,2010,2
2010-09-16,78.89,77.57133333333333,9,2010,3
2010-09-17,77.43,77.57133333333333,9,2010,4
2010-09-18,77.43,77.57133333333333,9,2010,5
2010-09-19,77.43,77.57133333333333,9,2010,6
2010-09-20,79.42,77.57133333333333,9,2010,0
2010-09-21,78.76,77.57133333333333,9,2010,1
2010-09-22,77.29,77.57133333333333,9,2010,2
2010-09-23,77.69,77.57133333333333,9,2010,3
2010-09-24,78.73,77.57133333333333,9,2010,4
2010-09-25,78.73,77.57133333333333,9,2010,5
2010-09-26,78.73,77.57133333333333,9,2010,6
2010-09-27,77.71,77.57133333333333,9,2010,0
2010-09-28,79.14,77.57133333333333,9,2010,1
2010-09-29,78.79,77.57133333333333,9,2010,2
2010-09-30,80.77,77.57133333333333,9,2010,3
2010-10-01,82.69,82.56193548387097,10,2010,4
2010-10-02,82.69,82.56193548387097,10,2010,5
2010-10-03,82.69,82.56193548387097,10,2010,6
2010-10-04,83.42,82.56193548387097,10,2010,0
2010-10-05,83.35,82.56193548387097,10,2010,1
2010-10-06,85.01,82.56193548387097,10,2010,2
2010-10-07,83.67,82.56193548387097,10,2010,3
2010-10-08,83.88,82.56193548387097,10,2010,4
2010-10-09,83.88,82.56193548387097,10,2010,5
2010-10-10,83.88,82.56193548387097,10,2010,6
2010-10-11,83.08,82.56193548387097,10,2010,0
2010-10-12,82.99,82.56193548387097,10,2010,1
2010-10-13,84.01,82.56193548387097,10,2010,2
2010-10-14,83.55,82.56193548387097,10,2010,3
2010-10-15,81.94,82.56193548387097,10,2010,4
2010-10-16,81.94,82.56193548387097,10,2010,5
2010-10-17,81.94,82.56193548387097,10,2010,6
2010-10-18,82.3,82.56193548387097,10,2010,0
2010-10-19,81.12,82.56193548387097,10,2010,1
2010-10-20,81.68,82.56193548387097,10,2010,2
2010-10-21,81.28,82.56193548387097,10,2010,3
2010-10-22,80.75,82.56193548387097,10,2010,4
2010-10-23,80.75,82.56193548387097,10,2010,5
2010-10-24,80.75,82.56193548387097,10,2010,6
2010-10-25,81.91,82.56193548387097,10,2010,0
2010-10-26,82.62,82.56193548387097,10,2010,1
2010-10-27,81.27,82.56193548387097,10,2010,2
2010-10-28,82.97,82.56193548387097,10,2010,3
2010-10-29,82.47,82.56193548387097,10,2010,4
2010-10-30,82.47,82.56193548387097,10,2010,5
2010-10-31,82.47,82.56193548387097,10,2010,6
2010-11-01,84.06,85.248,11,2010,0
2010-11-02,84.71,85.248,11,2010,1
2010-11-03,85.33,85.248,11,2010,2
2010-11-04,86.83,85.248,11,2010,3
2010-11-05,87.05,85.248,11,2010,4
2010-11-06,87.05,85.248,11,2010,5
2010-11-07,87.05,85.248,11,2010,6
2010-11-08,87.15,85.248,11,2010,0
2010-11-09,87.93,85.248,11,2010,1
2010-11-10,87.92,85.248,11,2010,2
2010-11-11,88.08,85.248,11,2010,3
2010-11-12,86.07,85.248,11,2010,4
2010-11-13,86.07,85.248,11,2010,5
2010-11-14,86.07,85.248,11,2010,6
2010-11-15,85.49,85.248,11,2010,0
2010-11-16,83.98,85.248,11,2010,1
2010-11-17,83.36,85.248,11,2010,2
2010-11-18,83.7,85.248,11,2010,3
2010-11-19,83.17,85.248,11,2010,4
2010-11-20,83.17,85.248,11,2010,5
2010-11-21,83.17,85.248,11,2010,6
2010-11-22,82.34,85.248,11,2010,0
2010-11-23,82.37,85.248,11,2010,1
2010-11-24,84.53,85.248,11,2010,2
2010-11-25,84.53,85.248,11,2010,3
2010-11-26,84.78,85.248,11,2010,4
2010-11-27,84.78,85.248,11,2010,5
2010-11-28,84.78,85.248,11,2010,6
2010-11-29,85.9,85.248,11,2010,0
2010-11-30,86.02,85.248,11,2010,1
2010-12-01,88.56,91.46193548387097,12,2010,2
2010-12-02,89.37,91.46193548387097,12,2010,3
2010-12-03,90.65,91.46193548387097,12,2010,4
2010-12-04,90.65,91.46193548387097,12,2010,5
2010-12-05,90.65,91.46193548387097,12,2010,6
2010-12-06,91.25,91.46193548387097,12,2010,0
2010-12-07,90.78,91.46193548387097,12,2010,1
2010-12-08,89.74,91.46193548387097,12,2010,2
2010-12-09,89.93,91.46193548387097,12,2010,3
2010-12-10,89.54,91.46193548387097,12,2010,4
2010-12-11,89.54,91.46193548387097,12,2010,5
2010-12-12,89.54,91.46193548387097,12,2010,6
2010-12-13,90.4,91.46193548387097,12,2010,0
2010-12-14,90.63,91.46193548387097,12,2010,1
2010-12-15,91.33,91.46193548387097,12,2010,2
2010-12-16,91.09,91.46193548387097,12,2010,3
2010-12-17,91.11,91.46193548387097,12,2010,4
2010-12-18,91.11,91.46193548387097,12,2010,5
2010-12-19,91.11,91.46193548387097,12,2010,6
2010-12-20,91.31,91.46193548387097,12,2010,0
2010-12-21,93.11,91.46193548387097,12,2010,1
2010-12-22,93.55,91.46193548387097,12,2010,2
2010-12-23,93.63,91.46193548387097,12,2010,3
2010-12-24,93.63,91.46193548387097,12,2010,4
2010-12-25,93.63,91.46193548387097,12,2010,5
2010-12-26,93.63,91.46193548387097,12,2010,6
2010-12-27,93.08,91.46193548387097,12,2010,0
2010-12-28,93.52,91.46193548387097,12,2010,1
2010-12-29,93.52,91.46193548387097,12,2010,2
2010-12-30,92.5,91.46193548387097,12,2010,3
2010-12-31,93.23,91.46193548387097,12,2010,4
2011-01-01,93.23,96.34870967741935,1,2011,5
2011-01-02,93.23,96.34870967741935,1,2011,6
2011-01-03,95.82,96.34870967741935,1,2011,0
2011-01-04,93.52,96.34870967741935,1,2011,1
2011-01-05,95.07,96.34870967741935,1,2011,2
2011-01-06,94.95,96.34870967741935,1,2011,3
2011-01-07,94.25,96.34870967741935,1,2011,4
2011-01-08,94.25,96.34870967741935,1,2011,5
2011-01-09,94.25,96.34870967741935,1,2011,6
2011-01-10,95.05,96.34870967741935,1,2011,0
2011-01-11,96.8,96.34870967741935,1,2011,1
2011-01-12,97.86,96.34870967741935,1,2011,2
2011-01-13,97.86,96.34870967741935,1,2011,3
2011-01-14,97.86,96.34870967741935,1,2011,4
2011-01-15,97.86,96.34870967741935,1,2011,5
2011-01-16,97.86,96.34870967741935,1,2011,6
2011-01-17,97.86,96.34870967741935,1,2011,0
2011-01-18,97.83,96.34870967741935,1,2011,1
2011-01-19,98.42,96.34870967741935,1,2011,2
2011-01-20,96.27,96.34870967741935,1,2011,3
2011-01-21,96.84,96.34870967741935,1,2011,4
2011-01-22,96.84,96.34870967741935,1,2011,5
2011-01-23,96.84,96.34870967741935,1,2011,6
2011-01-24,96.76,96.34870967741935,1,2011,0
2011-01-25,96.76,96.34870967741935,1,2011,1
2011-01-26,96.04,96.34870967741935,1,2011,2
2011-01-27,96.48,96.34870967741935,1,2011,3
2011-01-28,97.06,96.34870967741935,1,2011,4
2011-01-29,97.06,96.34870967741935,1,2011,5
2011-01-30,97.06,96.34870967741935,1,2011,6
2011-01-31,98.97,96.34870967741935,1,2011,0
2011-02-01,100.4,103.53107142857142,2,2011,1
2011-02-02,101.3,103.53107142857142,2,2011,2
2011-02-03,101.69,103.53107142857142,2,2011,3
2011-02-04,99.43,103.53107142857142,2,2011,4
2011-02-05,99.43,103.53107142857142,2,2011,5
2011-02-06,99.43,103.53107142857142,2,2011,6
2011-02-07,99.44,103.53107142857142,2,2011,0
2011-02-08,99.25,103.53107142857142,2,2011,1
2011-02-09,100.16,103.53107142857142,2,2011,2
2011-02-10,100.74,103.53107142857142,2,2011,3
2011-02-11,99.93,103.53107142857142,2,2011,4
2011-02-12,99.93,103.53107142857142,2,2011,5
2011-02-13,99.93,103.53107142857142,2,2011,6
2011-02-14,103.12,103.53107142857142,2,2011,0
2011-02-15,102.48,103.53107142857142,2,2011,1
2011-02-16,102.78,103.53107142857142,2,2011,2
2011-02-17,103.45,103.53107142857142,2,2011,3
2011-02-18,102.2,103.53107142857142,2,2011,4
2011-02-19,102.2,103.53107142857142,2,2011,5
2011-02-20,102.2,103.53107142857142,2,2011,6
2011-02-21,102.2,103.53107142857142,2,2011,0
2011-02-22,106.82,103.53107142857142,2,2011,1
2011-02-23,109.77,103.53107142857142,2,2011,2
2011-02-24,113.91,103.53107142857142,2,2011,3
2011-02-25,111.47,103.53107142857142,2,2011,4
2011-02-26,111.47,103.53107142857142,2,2011,5
2011-02-27,111.47,103.53107142857142,2,2011,6
2011-02-28,112.27,103.53107142857142,2,2011,0
2011-03-01,113.34,114.69419354838709,3,2011,1
2011-03-02,116.89,114.69419354838709,3,2011,2
2011-03-03,114.42,114.69419354838709,3,2011,3
2011-03-04,115.71,114.69419354838709,3,2011,4
2011-03-05,115.71,114.69419354838709,3,2011,5
2011-03-06,115.71,114.69419354838709,3,2011,6
2011-03-07,116.58,114.69419354838709,3,2011,0
2011-03-08,112.32,114.69419354838709,3,2011,1
2011-03-09,115.19,114.69419354838709,3,2011,2
2011-03-10,114.07,114.69419354838709,3,2011,3
2011-03-11,114.07,114.69419354838709,3,2011,4
2011-03-12,114.07,114.69419354838709,3,2011,5
2011-03-13,114.07,114.69419354838709,3,2011,6
2011-03-14,112.95,114.69419354838709,3,2011,0
2011-03-15,111.11,114.69419354838709,3,2011,1
2011-03-16,110.96,114.69419354838709,3,2011,2
2011-03-17,114.18,114.69419354838709,3,2011,3
2011-03-18,114.13,114.69419354838709,3,2011,4
2011-03-19,114.13,114.69419354838709,3,2011,5
2011-03-20,114.13,114.69419354838709,3,2011,6
2011-03-21,114.92,114.69419354838709,3,2011,0
2011-03-22,115.63,114.69419354838709,3,2011,1
2011-03-23,115.65,114.69419354838709,3,2011,2
2011-03-24,115.41,114.69419354838709,3,2011,3
2011-03-25,115.45,114.69419354838709,3,2011,4
2011-03-26,115.45,114.69419354838709,3,2011,5
2011-03-27,115.45,114.69419354838709,3,2011,6
2011-03-28,115.95,114.69419354838709,3,2011,0
2011-03-29,115.58,114.69419354838709,3,2011,1
2011-03-30,115.35,114.69419354838709,3,2011,2
2011-03-31,116.94,114.69419354838709,3,2011,3
2011-04-01,118.63,123.51733333333333,4,2011,4
2011-04-02,118.63,123.51733333333333,4,2011,5
2011-04-03,118.63,123.51733333333333,4,2011,6
2011-04-04,120.07,123.51733333333333,4,2011,0
2011-04-05,122.87,123.51733333333333,4,2011,1
2011-04-06,123.01,123.51733333333333,4,2011,2
2011-04-07,122.9,123.51733333333333,4,2011,3
2011-04-08,126.3,123.51733333333333,4,2011,4
2011-04-09,126.3,123.51733333333333,4,2011,5
2011-04-10,126.3,123.51733333333333,4,2011,6
2011-04-11,126.46,123.51733333333333,4,2011,0
2011-04-12,121.33,123.51733333333333,4,2011,1
2011-04-13,122.7,123.51733333333333,4,2011,2
2011-04-14,122.74,123.51733333333333,4,2011,3
2011-04-15,124.63,123.51733333333333,4,2011,4
2011-04-16,124.63,123.51733333333333,4,2011,5
2011-04-17,124.63,123.51733333333333,4,2011,6
2011-04-18,121.69,123.51733333333333,4,2011,0
2011-04-19,121.35,123.51733333333333,4,2011,1
2011-04-20,124.26,123.51733333333333,4,2011,2
2011-04-21,123.64,123.51733333333333,4,2011,3
2011-04-22,123.64,123.51733333333333,4,2011,4
2011-04-23,123.64,123.51733333333333,4,2011,5
2011-04-24,123.64,123.51733333333333,4,2011,6
2011-04-25,123.64,123.51733333333333,4,2011,0
2011-04-26,124.55,123.51733333333333,4,2011,1
2011-04-27,124.94,123.51733333333333,4,2011,2
2011-04-28,126.59,123.51733333333333,4,2011,3
2011-04-29,126.59,123.51733333333333,4,2011,4
2011-04-30,126.59,123.51733333333333,4,2011,5
2011-05-01,126.59,114.9016129032258,5,2011,6
2011-05-02,126.64,114.9016129032258,5,2011,0
2011-05-03,124.01,114.9016129032258,5,2011,1
2011-05-04,121.55,114.9016129032258,5,2011,2
2011-05-05,111.93,114.9016129032258,5,2011,3
2011-05-06,113.69,114.9016129032258,5,2011,4
2011-05-07,113.69,114.9016129032258,5,2011,5
2011-05-08,113.69,114.9016129032258,5,2011,6
2011-05-09,113.21,114.9016129032258,5,2011,0
2011-05-10,117.82,114.9016129032258,5,2011,1
2011-05-11,115.66,114.9016129032258,5,2011,2
2011-05-12,112.87,114.9016129032258,5,2011,3
2011-05-13,113.08,114.9016129032258,5,2011,4
2011-05-14,113.08,114.9016129032258,5,2011,5
2011-05-15,113.08,114.9016129032258,5,2011,6
2011-05-16,113.72,114.9016129032258,5,2011,0
2011-05-17,109.39,114.9016129032258,5,2011,1
2011-05-18,112.54,114.9016129032258,5,2011,2
2011-05-19,113.2,114.9016129032258,5,2011,3
2011-05-20,111.25,114.9016129032258,5,2011,4
2011-05-21,111.25,114.9016129032258,5,2011,5
2011-05-22,111.25,114.9016129032258,5,2011,6
2011-05-23,110.13,114.9016129032258,5,2011,0
2011-05-24,112.52,114.9016129032258,5,2011,1
2011-05-25,114.47,114.9016129032258,5,2011,2
2011-05-26,115.06,114.9016129032258,5,2011,3
2011-05-27,114.85,114.9016129032258,5,2011,4
2011-05-28,114.85,114.9016129032258,5,2011,5
2011-05-29,114.85,114.9016129032258,5,2011,6
2011-05-30,114.85,114.9016129032258,5,2011,0
2011-05-31,117.18,114.9016129032258,5,2011,1
2011-06-01,116.15,113.633,6,2011,2
2011-06-02,114.3,113.633,6,2011,3
2011-06-03,115.09,113.633,6,2011,4
2011-06-04,115.09,113.633,6,2011,5
2011-06-05,115.09,113.633,6,2011,6
2011-06-06,115.4,113.633,6,2011,0
2011-06-07,116.14,113.633,6,2011,1
2011-06-08,118.43,113.633,6,2011,2
2011-06-09,119.95,113.633,6,2011,3
2011-06-10,118.71,113.633,6,2011,4
2011-06-11,118.71,113.633,6,2011,5
2011-06-12,118.71,113.633,6,2011,6
2011-06-13,120.49,113.633,6,2011,0
2011-06-14,120.35,113.633,6,2011,1
2011-06-15,114.67,113.633,6,2011,2
2011-06-16,114.69,113.633,6,2011,3
2011-06-17,113.74,113.633,6,2011,4
2011-06-18,113.74,113.633,6,2011,5
2011-06-19,113.74,113.633,6,2011,6
2011-06-20,112.21,113.633,6,2011,0
2011-06-21,112.02,113.633,6,2011,1
2011-06-22,113.59,113.633,6,2011,2
2011-06-23,108.27,113.633,6,2011,3
2011-06-24,104.79,113.633,6,2011,4
2011-06-25,104.79,113.633,6,2011,5
2011-06-26,104.79,113.633,6,2011,6
2011-06-27,104.57,113.633,6,2011,0
2011-06-28,107.57,113.633,6,2011,1
2011-06-29,111.49,113.633,6,2011,2
2011-06-30,111.71,113.633,6,2011,3
2011-07-01,109.82,116.4416129032258,7,2011,4
2011-07-02,109.82,116.4416129032258,7,2011,5
2011-07-03,109.82,116.4416129032258,7,2011,6
2011-07-04,109.82,116.4416129032258,7,2011,0
2011-07-05,113.21,116.4416129032258,7,2011,1
2011-07-06,113.55,116.4416129032258,7,2011,2
2011-07-07,117.4,116.4416129032258,7,2011,3
2011-07-08,117.4,116.4416129032258,7,2011,4
2011-07-09,117.4,116.4416129032258,7,2011,5
2011-07-10,117.4,116.4416129032258,7,2011,6
2011-07-11,117.35,116.4416129032258,7,2011,0
2011-07-12,117.36,116.4416129032258,7,2011,1
2011-07-13,118.46,116.4416129032258,7,2011,2
2011-07-14,117.38,116.4416129032258,7,2011,3
2011-07-15,118.06,116.4416129032258,7,2011,4
2011-07-16,118.06,116.4416129032258,7,2011,5
2011-07-17,118.06,116.4416129032258,7,2011,6
2011-07-18,117.05,116.4416129032258,7,2011,0
2011-07-19,118.18,116.4416129032258,7,2011,1
2011-07-20,118.52,116.4416129032258,7,2011,2
2011-07-21,118.25,116.4416129032258,7,2011,3
2011-07-22,118.99,116.4416129032258,7,2011,4
2011-07-23,118.99,116.4416129032258,7,2011,5
2011-07-24,118.99,116.4416129032258,7,2011,6
2011-07-25,118.27,116.4416129032258,7,2011,0
2011-07-26,118.14,116.4416129032258,7,2011,1
2011-07-27,117.99,116.4416129032258,7,2011,2
2011-07-28,118.16,116.4416129032258,7,2011,3
2011-07-29,115.93,116.4416129032258,7,2011,4
2011-07-30,115.93,116.4416129032258,7,2011,5
2011-07-31,115.93,116.4416129032258,7,2011,6
2011-08-01,116.37,110.02,8,2011,0
2011-08-02,116.02,110.02,8,2011,1
2011-08-03,113.74,110.02,8,2011,2
2011-08-04,110.22,110.02,8,2011,3
2011-08-05,106.92,110.02,8,2011,4
2011-08-06,106.92,110.02,8,2011,5
2011-08-07,106.92,110.02,8,2011,6
2011-08-08,103.06,110.02,8,2011,0
2011-08-09,103.63,110.02,8,2011,1
2011-08-10,103.84,110.02,8,2011,2
2011-08-11,107.82,110.02,8,2011,3
2011-08-12,108.17,110.02,8,2011,4
2011-08-13,108.17,110.02,8,2011,5
2011-08-14,108.17,110.02,8,2011,6
2011-08-15,108.89,110.02,8,2011,0
2011-08-16,109.69,110.02,8,2011,1
2011-08-17,111.37,110.02,8,2011,2
2011-08-18,108.36,110.02,8,2011,3
2011-08-19,109.37,110.02,8,2011,4
2011-08-20,109.37,110.02,8,2011,5
2011-08-21,109.37,110.02,8,2011,6
2011-08-22,108.83,110.02,8,2011,0
2011-08-23,110.35,110.02,8,2011,1
2011-08-24,111.91,110.02,8,2011,2
2011-08-25,111.91,110.02,8,2011,3
2011-08-26,112.29,110.02,8,2011,4
2011-08-27,112.29,110.02,8,2011,5
2011-08-28,112.29,110.02,8,2011,6
2011-08-29,112.29,110.02,8,2011,0
2011-08-30,115.59,110.02,8,2011,1
2011-08-31,116.48,110.02,8,2011,2
2011-09-01,116.43,113.27766666666666,9,2011,3
2011-09-02,115.92,113.27766666666666,9,2011,4
2011-09-03,115.92,113.27766666666666,9,2011,5
2011-09-04,115.92,113.27766666666666,9,2011,6
2011-09-05,115.92,113.27766666666666,9,2011,0
2011-09-06,113.29,113.27766666666666,9,2011,1
2011-09-07,117.5,113.27766666666666,9,2011,2
2011-09-08,117.99,113.27766666666666,9,2011,3
2011-09-09,115.1,113.27766666666666,9,2011,4
2011-09-10,115.1,113.27766666666666,9,2011,5
2011-09-11,115.1,113.27766666666666,9,2011,6
2011-09-12,114.75,113.27766666666666,9,2011,0
2011-09-13,114.08,113.27766666666666,9,2011,1
2011-09-14,113.1,113.27766666666666,9,2011,2
2011-09-15,116.71,113.27766666666666,9,2011,3
2011-09-16,116.26,113.27766666666666,9,2011,4
2011-09-17,116.26,113.27766666666666,9,2011,5
2011-09-18,116.26,113.27766666666666,9,2011,6
2011-09-19,112.89,113.27766666666666,9,2011,0
2011-09-20,114.39,113.27766666666666,9,2011,1
2011-09-21,114.26,113.27766666666666,9,2011,2
2011-09-22,109.21,113.27766666666666,9,2011,3
2011-09-23,109.17,113.27766666666666,9,2011,4
2011-09-24,109.17,113.27766666666666,9,2011,5
2011-09-25,109.17,113.27766666666666,9,2011,6
2011-09-26,107.9,113.27766666666666,9,2011,0
2011-09-27,109.54,113.27766666666666,9,2011,1
2011-09-28,108.52,113.27766666666666,9,2011,2
2011-09-29,107.08,113.27766666666666,9,2011,3
2011-09-30,105.42,113.27766666666666,9,2011,4
2011-10-01,105.42,109.56096774193549,10,2011,5
2011-10-02,105.42,109.56096774193549,10,2011,6
2011-10-03,103.61,109.56096774193549,10,2011,0
2011-10-04,101.84,109.56096774193549,10,2011,1
2011-10-05,103.77,109.56096774193549,10,2011,2
2011-10-06,104.38,109.56096774193549,10,2011,3
2011-10-07,106.56,109.56096774193549,10,2011,4
2011-10-08,106.56,109.56096774193549,10,2011,5
2011-10-09,106.56,109.56096774193549,10,2011,6
2011-10-10,109.49,109.56096774193549,10,2011,0
2011-10-11,109.22,109.56096774193549,10,2011,1
2011-10-12,112.44,109.56096774193549,10,2011,2
2011-10-13,112.45,109.56096774193549,10,2011,3
2011-10-14,114.33,109.56096774193549,10,2011,4
2011-10-15,114.33,109.56096774193549,10,2011,5
2011-10-16,114.33,109.56096774193549,10,2011,6
2011-10-17,112.92,109.56096774193549,10,2011,0
2011-10-18,112.08,109.56096774193549,10,2011,1
2011-10-19,111.76,109.56096774193549,10,2011,2
2011-10-20,109.0,109.56096774193549,10,2011,3
2011-10-21,111.6,109.56096774193549,10,2011,4
2011-10-22,111.6,109.56096774193549,10,2011,5
2011-10-23,111.6,109.56096774193549,10,2011,6
2011-10-24,111.67,109.56096774193549,10,2011,0
2011-10-25,112.11,109.56096774193549,10,2011,1
2011-10-26,110.43,109.56096774193549,10,2011,2
2011-10-27,112.45,109.56096774193549,10,2011,3
2011-10-28,110.01,109.56096774193549,10,2011,4
2011-10-29,110.01,109.56096774193549,10,2011,5
2011-10-30,110.01,109.56096774193549,10,2011,6
2011-10-31,108.43,109.56096774193549,10,2011,0
2011-11-01,106.97,110.46866666666666,11,2011,1
2011-11-02,110.82,110.46866666666666,11,2011,2
2011-11-03,110.76,110.46866666666666,11,2011,3
2011-11-04,112.22,110.46866666666666,11,2011,4
2011-11-05,112.22,110.46866666666666,11,2011,5
2011-11-06,112.22,110.46866666666666,11,2011,6
2011-11-07,114.75,110.46866666666666,11,2011,0
2011-11-08,115.61,110.46866666666666,11,2011,1
2011-11-09,115.29,110.46866666666666,11,2011,2
2011-11-10,113.32,110.46866666666666,11,2011,3
2011-11-11,114.43,110.46866666666666,11,2011,4
2011-11-12,114.43,110.46866666666666,11,2011,5
2011-11-13,114.43,110.46866666666666,11,2011,6
2011-11-14,112.57,110.46866666666666,11,2011,0
2011-11-15,111.9,110.46866666666666,11,2011,1
2011-11-16,111.91,110.46866666666666,11,2011,2
2011-11-17,109.25,110.46866666666666,11,2011,3
2011-11-18,107.82,110.46866666666666,11,2011,4
2011-11-19,107.82,110.46866666666666,11,2011,5
2011-11-20,107.82,110.46866666666666,11,2011,6
2011-11-21,105.98,110.46866666666666,11,2011,0
2011-11-22,107.77,110.46866666666666,11,2011,1
2011-11-23,106.83,110.46866666666666,11,2011,2
2011-11-24,106.83,110.46866666666666,11,2011,3
2011-11-25,106.08,110.46866666666666,11,2011,4
2011-11-26,106.08,110.46866666666666,11,2011,5
2011-11-27,106.08,110.46866666666666,11,2011,6
2011-11-28,109.38,110.46866666666666,11,2011,0
2011-11-29,111.25,110.46866666666666,11,2011,1
2011-11-30,111.22,110.46866666666666,11,2011,2
2011-12-01,108.83,107.92322580645161,12,2011,3
2011-12-02,109.59,107.92322580645161,12,2011,4
2011-12-03,109.59,107.92322580645161,12,2011,5
2011-12-04,109.59,107.92322580645161,12,2011,6
2011-12-05,110.18,107.92322580645161,12,2011,0
2011-12-06,110.16,107.92322580645161,12,2011,1
2011-12-07,110.07,107.92322580645161,12,2011,2
2011-12-08,108.23,107.92322580645161,12,2011,3
2011-12-09,107.91,107.92322580645161,12,2011,4
2011-12-10,107.91,107.92322580645161,12,2011,5
2011-12-11,107.91,107.92322580645161,12,2011,6
2011-12-12,107.82,107.92322580645161,12,2011,0
2011-12-13,109.25,107.92322580645161,12,2011,1
2011-12-14,105.72,107.92322580645161,12,2011,2
2011-12-15,104.52,107.92322580645161,12,2011,3
2011-12-16,104.0,107.92322580645161,12,2011,4
2011-12-17,104.0,107.92322580645161,12,2011,5
2011-12-18,104.0,107.92322580645161,12,2011,6
2011-12-19,104.55,107.92322580645161,12,2011,0
2011-12-20,107.8,107.92322580645161,12,2011,1
2011-12-21,108.0,107.92322580645161,12,2011,2
2011-12-22,108.98,107.92322580645161,12,2011,3
2011-12-23,109.28,107.92322580645161,12,2011,4
2011-12-24,109.28,107.92322580645161,12,2011,5
2011-12-25,109.28,107.92322580645161,12,2011,6
2011-12-26,109.28,107.92322580645161,12,2011,0
2011-12-27,109.28,107.92322580645161,12,2011,1
2011-12-28,107.54,107.92322580645161,12,2011,2
2011-12-29,106.89,107.92322580645161,12,2011,3
2011-12-30,108.09,107.92322580645161,12,2011,4
2011-12-31,108.09,107.92322580645161,12,2011,5
2012-01-01,108.09,110.36967741935484,1,2012,6
2012-01-02,108.09,110.36967741935484,1,2012,0
2012-01-03,111.12,110.36967741935484,1,2012,1
2012-01-04,113.37,110.36967741935484,1,2012,2
2012-01-05,113.59,110.36967741935484,1,2012,3
2012-01-06,111.96,110.36967741935484,1,2012,4
2012-01-07,111.96,110.36967741935484,1,2012,5
2012-01-08,111.96,110.36967741935484,1,2012,6
2012-01-09,111.07,110.36967741935484,1,2012,0
2012-01-10,113.3,110.36967741935484,1,2012,1
2012-01-11,111.66,110.36967741935484,1,2012,2
2012-01-12,112.97,110.36967741935484,1,2012,3
2012-01-13,109.88,110.36967741935484,1,2012,4
2012-01-14,109.88,110.36967741935484,1,2012,5
2012-01-15,109.88,110.36967741935484,1,2012,6
2012-01-16,109.88,110.36967741935484,1,2012,0
2012-01-17,110.55,110.36967741935484,1,2012,1
2012-01-18,109.81,110.36967741935484,1,2012,2
2012-01-19,109.54,110.36967741935484,1,2012,3
2012-01-20,108.5,110.36967741935484,1,2012,4
2012-01-21,108.5,110.36967741935484,1,2012,5
2012-01-22,108.5,110.36967741935484,1,2012,6
2012-01-23,109.46,110.36967741935484,1,2012,0
2012-01-24,108.38,110.36967741935484,1,2012,1
2012-01-25,108.48,110.36967741935484,1,2012,2
2012-01-26,109.08,110.36967741935484,1,2012,3
2012-01-27,110.5,110.36967741935484,1,2012,4
2012-01-28,110.5,110.36967741935484,1,2012,5
2012-01-29,110.5,110.36967741935484,1,2012,6
2012-01-30,110.24,110.36967741935484,1,2012,0
2012-01-31,110.26,110.36967741935484,1,2012,1
2012-02-01,111.96,119.30241379310345,2,2012,2
2012-02-02,110.96,119.30241379310345,2,2012,3
2012-02-03,112.56,119.30241379310345,2,2012,4
2012-02-04,112.56,119.30241379310345,2,2012,5
2012-02-05,112.56,119.30241379310345,2,2012,6
2012-02-06,115.47,119.30241379310345,2,2012,0
2012-02-07,116.86,119.30241379310345,2,2012,1
2012-02-08,117.18,119.30241379310345,2,2012,2
2012-02-09,118.4,119.30241379310345,2,2012,3
2012-02-10,118.13,119.30241379310345,2,2012,4
2012-02-11,118.13,119.30241379310345,2,2012,5
2012-02-12,118.13,119.30241379310345,2,2012,6
2012-02-13,118.73,119.30241379310345,2,2012,0
2012-02-14,118.3,119.30241379310345,2,2012,1
2012-02-15,120.25,119.30241379310345,2,2012,2
2012-02-16,121.0,119.30241379310345,2,2012,3
2012-02-17,120.69,119.30241379310345,2,2012,4
2012-02-18,120.69,119.30241379310345,2,2012,5
2012-02-19,120.69,119.30241379310345,2,2012,6
2012-02-20,120.69,119.30241379310345,2,2012,0
2012-02-21,120.85,119.30241379310345,2,2012,1
2012-02-22,123.07,119.30241379310345,2,2012,2
2012-02-23,124.53,119.30241379310345,2,2012,3
2012-02-24,124.89,119.30241379310345,2,2012,4
2012-02-25,124.89,119.30241379310345,2,2012,5
2012-02-26,124.89,119.30241379310345,2,2012,6
2012-02-27,126.46,119.30241379310345,2,2012,0
2012-02-28,124.02,119.30241379310345,2,2012,1
2012-02-29,122.23,119.30241379310345,2,2012,2
2012-03-01,125.76,125.54290322580646,3,2012,3
2012-03-02,125.93,125.54290322580646,3,2012,4
2012-03-03,125.93,125.54290322580646,3,2012,5
2012-03-04,125.93,125.54290322580646,3,2012,6
2012-03-05,126.68,125.54290322580646,3,2012,0
2012-03-06,125.03,125.54290322580646,3,2012,1
2012-03-07,125.37,125.54290322580646,3,2012,2
2012-03-08,127.96,125.54290322580646,3,2012,3
2012-03-09,128.08,125.54290322580646,3,2012,4
2012-03-10,128.08,125.54290322580646,3,2012,5
2012-03-11,128.08,125.54290322580646,3,2012,6
2012-03-12,127.27,125.54290322580646,3,2012,0
2012-03-13,128.14,125.54290322580646,3,2012,1
2012-03-14,126.98,125.54290322580646,3,2012,2
2012-03-15,123.63,125.54290322580646,3,2012,3
2012-03-16,125.09,125.54290322580646,3,2012,4
2012-03-17,125.09,125.54290322580646,3,2012,5
2012-03-18,125.09,125.54290322580646,3,2012,6
2012-03-19,125.76,125.54290322580646,3,2012,0
2012-03-20,124.38,125.54290322580646,3,2012,1
2012-03-21,123.89,125.54290322580646,3,2012,2
2012-03-22,122.49,125.54290322580646,3,2012,3
2012-03-23,125.21,125.54290322580646,3,2012,4
2012-03-24,125.21,125.54290322580646,3,2012,5
2012-03-25,125.21,125.54290322580646,3,2012,6
2012-03-26,125.85,125.54290322580646,3,2012,0
2012-03-27,125.25,125.54290322580646,3,2012,1
2012-03-28,124.41,125.54290322580646,3,2012,2
2012-03-29,123.23,125.54290322580646,3,2012,3
2012-03-30,123.41,125.54290322580646,3,2012,4
2012-03-31,123.41,125.54290322580646,3,2012,5
2012-04-01,123.41,120.25866666666666,4,2012,6
2012-04-02,124.44,120.25866666666666,4,2012,0
2012-04-03,124.44,120.25866666666666,4,2012,1
2012-04-04,123.04,120.25866666666666,4,2012,2
2012-04-05,123.58,120.25866666666666,4,2012,3
2012-04-06,123.58,120.25866666666666,4,2012,4
2012-04-07,123.58,120.25866666666666,4,2012,5
2012-04-08,123.58,120.25866666666666,4,2012,6
2012-04-09,123.58,120.25866666666666,4,2012,0
2012-04-10,121.89,120.25866666666666,4,2012,1
2012-04-11,120.41,120.25866666666666,4,2012,2
2012-04-12,120.57,120.25866666666666,4,2012,3
2012-04-13,120.62,120.25866666666666,4,2012,4
2012-04-14,120.62,120.25866666666666,4,2012,5
2012-04-15,120.62,120.25866666666666,4,2012,6
2012-04-16,118.23,120.25866666666666,4,2012,0
2012-04-17,117.41,120.25866666666666,4,2012,1
2012-04-18,115.18,120.25866666666666,4,2012,2
2012-04-19,117.0,120.25866666666666,4,2012,3
2012-04-20,118.08,120.25866666666666,4,2012,4
2012-04-21,118.08,120.25866666666666,4,2012,5
2012-04-22,118.08,120.25866666666666,4,2012,6
2012-04-23,116.66,120.25866666666666,4,2012,0
2012-04-24,117.74,120.25866666666666,4,2012,1
2012-04-25,117.45,120.25866666666666,4,2012,2
2012-04-26,119.33,120.25866666666666,4,2012,3
2012-04-27,119.3,120.25866666666666,4,2012,4
2012-04-28,119.3,120.25866666666666,4,2012,5
2012-04-29,119.3,120.25866666666666,4,2012,6
2012-04-30,118.66,120.25866666666666,4,2012,0
2012-05-01,119.57,110.21774193548387,5,2012,1
2012-05-02,117.57,110.21774193548387,5,2012,2
2012-05-03,115.91,110.21774193548387,5,2012,3
2012-05-04,111.66,110.21774193548387,5,2012,4
2012-05-05,111.66,110.21774193548387,5,2012,5
2012-05-06,111.66,110.21774193548387,5,2012,6
2012-05-07,111.66,110.21774193548387,5,2012,0
2012-05-08,110.48,110.21774193548387,5,2012,1
2012-05-09,111.89,110.21774193548387,5,2012,2
2012-05-10,112.24,110.21774193548387,5,2012,3
2012-05-11,112.5,110.21774193548387,5,2012,4
2012-05-12,112.5,110.21774193548387,5,2012,5
2012-05-13,112.5,110.21774193548387,5,2012,6
2012-05-14,110.79,110.21774193548387,5,2012,0
2012-05-15,111.4,110.21774193548387,5,2012,1
2012-05-16,109.8,110.21774193548387,5,2012,2
2012-05-17,109.31,110.21774193548387,5,2012,3
2012-05-18,108.03,110.21774193548387,5,2012,4
2012-05-19,108.03,110.21774193548387,5,2012,5
2012-05-20,108.03,110.21774193548387,5,2012,6
2012-05-21,109.02,110.21774193548387,5,2012,0
2012-05-22,109.76,110.21774193548387,5,2012,1
2012-05-23,106.88,110.21774193548387,5,2012,2
2012-05-24,107.2,110.21774193548387,5,2012,3
2012-05-25,107.86,110.21774193548387,5,2012,4
2012-05-26,107.86,110.21774193548387,5,2012,5
2012-05-27,107.86,110.21774193548387,5,2012,6
2012-05-28,107.86,110.21774193548387,5,2012,0
2012-05-29,107.55,110.21774193548387,5,2012,1
2012-05-30,103.85,110.21774193548387,5,2012,2
2012-05-31,103.86,110.21774193548387,5,2012,3
2012-06-01,98.63,95.25133333333333,6,2012,4
2012-06-02,98.63,95.25133333333333,6,2012,5
2012-06-03,98.63,95.25133333333333,6,2012,6
2012-06-04,97.74,95.25133333333333,6,2012,0
2012-06-05,98.65,95.25133333333333,6,2012,1
2012-06-06,101.14,95.25133333333333,6,2012,2
2012-06-07,100.05,95.25133333333333,6,2012,3
2012-06-08,97.57,95.25133333333333,6,2012,4
2012-06-09,97.57,95.25133333333333,6,2012,5
2012-06-10,97.57,95.25133333333333,6,2012,6
2012-06-11,98.6,95.25133333333333,6,2012,0
2012-06-12,96.59,95.25133333333333,6,2012,1
2012-06-13,97.29,95.25133333333333,6,2012,2
2012-06-14,96.46,95.25133333333333,6,2012,3
2012-06-15,97.13,95.25133333333333,6,2012,4
2012-06-16,97.13,95.25133333333333,6,2012,5
2012-06-17,97.13,95.25133333333333,6,2012,6
2012-06-18,95.21,95.25133333333333,6,2012,0
2012-06-19,95.14,95.25133333333333,6,2012,1
2012-06-20,93.5,95.25133333333333,6,2012,2
2012-06-21,89.22,95.25133333333333,6,2012,3
2012-06-22,89.22,95.25133333333333,6,2012,4
2012-06-23,89.22,95.25133333333333,6,2012,5
2012-06-24,89.22,95.25133333333333,6,2012,6
2012-06-25,88.69,95.25133333333333,6,2012,0
2012-06-26,90.19,95.25133333333333,6,2012,1
2012-06-27,92.06,95.25133333333333,6,2012,2
2012-06-28,91.02,95.25133333333333,6,2012,3
2012-06-29,94.17,95.25133333333333,6,2012,4
2012-06-30,94.17,95.25133333333333,6,2012,5
2012-07-01,94.17,102.46548387096773,7,2012,6
2012-07-02,95.28,102.46548387096773,7,2012,0
2012-07-03,99.89,102.46548387096773,7,2012,1
2012-07-04,99.89,102.46548387096773,7,2012,2
2012-07-05,101.54,102.46548387096773,7,2012,3
2012-07-06,98.5,102.46548387096773,7,2012,4
2012-07-07,98.5,102.46548387096773,7,2012,5
2012-07-08,98.5,102.46548387096773,7,2012,6
2012-07-09,99.94,102.46548387096773,7,2012,0
2012-07-10,99.15,102.46548387096773,7,2012,1
2012-07-11,99.23,102.46548387096773,7,2012,2
2012-07-12,99.18,102.46548387096773,7,2012,3
2012-07-13,101.91,102.46548387096773,7,2012,4
2012-07-14,101.91,102.46548387096773,7,2012,5
2012-07-15,101.91,102.46548387096773,7,2012,6
2012-07-16,102.1,102.46548387096773,7,2012,0
2012-07-17,104.21,102.46548387096773,7,2012,1
2012-07-18,105.92,102.46548387096773,7,2012,2
2012-07-19,107.79,102.46548387096773,7,2012,3
2012-07-20,106.98,102.46548387096773,7,2012,4
2012-07-21,106.98,102.46548387096773,7,2012,5
2012-07-22,106.98,102.46548387096773,7,2012,6
2012-07-23,103.91,102.46548387096773,7,2012,0
2012-07-24,103.57,102.46548387096773,7,2012,1
2012-07-25,102.35,102.46548387096773,7,2012,2
2012-07-26,104.77,102.46548387096773,7,2012,3
2012-07-27,106.3,102.46548387096773,7,2012,4
2012-07-28,106.3,102.46548387096773,7,2012,5
2012-07-29,106.3,102.46548387096773,7,2012,6
2012-07-30,106.54,102.46548387096773,7,2012,0
2012-07-31,105.93,102.46548387096773,7,2012,1
2012-08-01,106.78,113.37129032258065,8,2012,2
2012-08-02,107.55,113.37129032258065,8,2012,3
2012-08-03,109.57,113.37129032258065,8,2012,4
2012-08-04,109.57,113.37129032258065,8,2012,5
2012-08-05,109.57,113.37129032258065,8,2012,6
2012-08-06,110.01,113.37129032258065,8,2012,0
2012-08-07,112.39,113.37129032258065,8,2012,1
2012-08-08,113.42,113.37129032258065,8,2012,2
2012-08-09,113.52,113.37129032258065,8,2012,3
2012-08-10,113.13,113.37129032258065,8,2012,4
2012-08-11,113.13,113.37129032258065,8,2012,5
2012-08-12,113.13,113.37129032258065,8,2012,6
2012-08-13,114.48,113.37129032258065,8,2012,0
2012-08-14,113.9,113.37129032258065,8,2012,1
2012-08-15,115.51,113.37129032258065,8,2012,2
2012-08-16,116.12,113.37129032258065,8,2012,3
2012-08-17,115.2,113.37129032258065,8,2012,4
2012-08-18,115.2,113.37129032258065,8,2012,5
2012-08-19,115.2,113.37129032258065,8,2012,6
2012-08-20,115.5,113.37129032258065,8,2012,0
2012-08-21,116.03,113.37129032258065,8,2012,1
2012-08-22,115.77,113.37129032258065,8,2012,2
2012-08-23,117.45,113.37129032258065,8,2012,3
2012-08-24,115.76,113.37129032258065,8,2012,4
2012-08-25,115.76,113.37129032258065,8,2012,5
2012-08-26,115.76,113.37129032258065,8,2012,6
2012-08-27,113.74,113.37129032258065,8,2012,0
2012-08-28,112.62,113.37129032258065,8,2012,1
2012-08-29,112.53,113.37129032258065,8,2012,2
2012-08-30,112.28,113.37129032258065,8,2012,3
2012-08-31,113.93,113.37129032258065,8,2012,4
2012-09-01,113.93,113.12333333333332,9,2012,5
2012-09-02,113.93,113.12333333333332,9,2012,6
2012-09-03,113.93,113.12333333333332,9,2012,0
2012-09-04,114.98,113.12333333333332,9,2012,1
2012-09-05,113.32,113.12333333333332,9,2012,2
2012-09-06,114.5,113.12333333333332,9,2012,3
2012-09-07,113.64,113.12333333333332,9,2012,4
2012-09-08,113.64,113.12333333333332,9,2012,5
2012-09-09,113.64,113.12333333333332,9,2012,6
2012-09-10,113.84,113.12333333333332,9,2012,0
2012-09-11,114.86,113.12333333333332,9,2012,1
2012-09-12,114.86,113.12333333333332,9,2012,2
2012-09-13,116.0,113.12333333333332,9,2012,3
2012-09-14,117.48,113.12333333333332,9,2012,4
2012-09-15,117.48,113.12333333333332,9,2012,5
2012-09-16,117.48,113.12333333333332,9,2012,6
2012-09-17,116.7,113.12333333333332,9,2012,0
2012-09-18,113.29,113.12333333333332,9,2012,1
2012-09-19,108.49,113.12333333333332,9,2012,2
2012-09-20,109.41,113.12333333333332,9,2012,3
2012-09-21,111.27,113.12333333333332,9,2012,4
2012-09-22,111.27,113.12333333333332,9,2012,5
2012-09-23,111.27,113.12333333333332,9,2012,6
2012-09-24,109.2,113.12333333333332,9,2012,0
2012-09-25,110.77,113.12333333333332,9,2012,1
2012-09-26,108.99,113.12333333333332,9,2012,2
2012-09-27,111.45,113.12333333333332,9,2012,3
2012-09-28,111.36,113.12333333333332,9,2012,4
2012-09-29,111.36,113.12333333333332,9,2012,5
2012-09-30,111.36,113.12333333333332,9,2012,6
2012-10-01,112.58,111.79387096774194,10,2012,0
2012-10-02,112.49,111.79387096774194,10,2012,1
2012-10-03,109.32,111.79387096774194,10,2012,2
2012-10-04,110.48,111.79387096774194,10,2012,3
2012-10-05,112.17,111.79387096774194,10,2012,4
2012-10-06,112.17,111.79387096774194,10,2012,5
2012-10-07,112.17,111.79387096774194,10,2012,6
2012-10-08,112.6,111.79387096774194,10,2012,0
2012-10-09,114.32,111.79387096774194,10,2012,1
2012-10-10,116.11,111.79387096774194,10,2012,2
2012-10-11,116.18,111.79387096774194,10,2012,3
2012-10-12,115.17,111.79387096774194,10,2012,4
2012-10-13,115.17,111.79387096774194,10,2012,5
2012-10-14,115.17,111.79387096774194,10,2012,6
2012-10-15,115.0,111.79387096774194,10,2012,0
2012-10-16,115.0,111.79387096774194,10,2012,1
2012-10-17,113.49,111.79387096774194,10,2012,2
2012-10-18,112.58,111.79387096774194,10,2012,3
2012-10-19,111.89,111.79387096774194,10,2012,4
2012-10-20,111.89,111.79387096774194,10,2012,5
2012-10-21,111.89,111.79387096774194,10,2012,6
2012-10-22,109.62,111.79387096774194,10,2012,0
2012-10-23,107.53,111.79387096774194,10,2012,1
2012-10-24,107.66,111.79387096774194,10,2012,2
2012-10-25,107.64,111.79387096774194,10,2012,3
2012-10-26,108.9,111.79387096774194,10,2012,4
2012-10-27,108.9,111.79387096774194,10,2012,5
2012-10-28,108.9,111.79387096774194,10,2012,6
2012-10-29,109.33,111.79387096774194,10,2012,0
2012-10-30,109.4,111.79387096774194,10,2012,1
2012-10-31,109.89,111.79387096774194,10,2012,2
2012-11-01,108.84,108.858,11,2012,3
2012-11-02,106.79,108.858,11,2012,4
2012-11-03,106.79,108.858,11,2012,5
2012-11-04,106.79,108.858,11,2012,6
2012-11-05,105.59,108.858,11,2012,0
2012-11-06,109.27,108.858,11,2012,1
2012-11-07,108.21,108.858,11,2012,2
2012-11-08,107.23,108.858,11,2012,3
2012-11-09,108.61,108.858,11,2012,4
2012-11-10,108.61,108.858,11,2012,5
2012-11-11,108.61,108.858,11,2012,6
2012-11-12,110.23,108.858,11,2012,0
2012-11-13,108.82,108.858,11,2012,1
2012-11-14,109.66,108.858,11,2012,2
2012-11-15,110.07,108.858,11,2012,3
2012-11-16,106.81,108.858,11,2012,4
2012-11-17,106.81,108.858,11,2012,5
2012-11-18,106.81,108.858,11,2012,6
2012-11-19,110.06,108.858,11,2012,0
2012-11-20,110.01,108.858,11,2012,1
2012-11-21,110.81,108.858,11,2012,2
2012-11-22,110.81,108.858,11,2012,3
2012-11-23,110.14,108.858,11,2012,4
2012-11-24,110.14,108.858,11,2012,5
2012-11-25,110.14,108.858,11,2012,6
2012-11-26,110.18,108.858,11,2012,0
2012-11-27,109.33,108.858,11,2012,1
2012-11-28,108.26,108.858,11,2012,2
2012-11-29,110.47,108.858,11,2012,3
2012-11-30,110.84,108.858,11,2012,4
2012-12-01,110.84,109.39483870967742,12,2012,5
2012-12-02,110.84,109.39483870967742,12,2012,6
2012-12-03,111.27,109.39483870967742,12,2012,0
2012-12-04,109.99,109.39483870967742,12,2012,1
2012-12-05,108.96,109.39483870967742,12,2012,2
2012-12-06,108.01,109.39483870967742,12,2012,3
2012-12-07,107.16,109.39483870967742,12,2012,4
2012-12-08,107.16,109.39483870967742,12,2012,5
2012-12-09,107.16,109.39483870967742,12,2012,6
2012-12-10,108.25,109.39483870967742,12,2012,0
2012-12-11,107.6,109.39483870967742,12,2012,1
2012-12-12,110.17,109.39483870967742,12,2012,2
2012-12-13,110.18,109.39483870967742,12,2012,3
2012-12-14,109.28,109.39483870967742,12,2012,4
2012-12-15,109.28,109.39483870967742,12,2012,5
2012-12-16,109.28,109.39483870967742,12,2012,6
2012-12-17,109.35,109.39483870967742,12,2012,0
2012-12-18,109.96,109.39483870967742,12,2012,1
2012-12-19,109.95,109.39483870967742,12,2012,2
2012-12-20,110.57,109.39483870967742,12,2012,3
2012-12-21,109.13,109.39483870967742,12,2012,4
2012-12-22,109.13,109.39483870967742,12,2012,5
2012-12-23,109.13,109.39483870967742,12,2012,6
2012-12-24,108.44,109.39483870967742,12,2012,0
2012-12-25,108.44,109.39483870967742,12,2012,1
2012-12-26,110.72,109.39483870967742,12,2012,2
2012-12-27,110.04,109.39483870967742,12,2012,3
2012-12-28,110.05,109.39483870967742,12,2012,4
2012-12-29,110.05,109.39483870967742,12,2012,5
2012-12-30,110.05,109.39483870967742,12,2012,6
2012-12-31,110.8,109.39483870967742,12,2012,0
2013-01-01,110.8,112.6325806451613,1,2013,1
2013-01-02,112.98,112.6325806451613,1,2013,2
2013-01-03,113.03,112.6325806451613,1,2013,3
2013-01-04,112.58,112.6325806451613,1,2013,4
2013-01-05,112.58,112.6325806451613,1,2013,5
2013-01-06,112.58,112.6325806451613,1,2013,6
2013-01-07,112.49,112.6325806451613,1,2013,0
2013-01-08,113.03,112.6325806451613,1,2013,1
2013-01-09,113.07,112.6325806451613,1,2013,2
2013-01-10,112.97,112.6325806451613,1,2013,3
2013-01-11,110.3,112.6325806451613,1,2013,4
2013-01-12,110.3,112.6325806451613,1,2013,5
2013-01-13,110.3,112.6325806451613,1,2013,6
2013-01-14,111.32,112.6325806451613,1,2013,0
2013-01-15,111.72,112.6325806451613,1,2013,1
2013-01-16,110.97,112.6325806451613,1,2013,2
2013-01-17,111.01,112.6325806451613,1,2013,3
2013-01-18,111.71,112.6325806451613,1,2013,4
2013-01-19,111.71,112.6325806451613,1,2013,5
2013-01-20,111.71,112.6325806451613,1,2013,6
2013-01-21,111.71,112.6325806451613,1,2013,0
2013-01-22,112.72,112.6325806451613,1,2013,1
2013-01-23,113.68,112.6325806451613,1,2013,2
2013-01-24,114.59,112.6325806451613,1,2013,3
2013-01-25,113.88,112.6325806451613,1,2013,4
2013-01-26,113.88,112.6325806451613,1,2013,5
2013-01-27,113.88,112.6325806451613,1,2013,6
2013-01-28,113.92,112.6325806451613,1,2013,0
2013-01-29,115.22,112.6325806451613,1,2013,1
2013-01-30,115.42,112.6325806451613,1,2013,2
2013-01-31,115.55,112.6325806451613,1,2013,3
2013-02-01,115.55,116.19785714285715,2,2013,4
2013-02-02,115.55,116.19785714285715,2,2013,5
2013-02-03,115.55,116.19785714285715,2,2013,6
2013-02-04,116.06,116.19785714285715,2,2013,0
2013-02-05,117.03,116.19785714285715,2,2013,1
2013-02-06,116.61,116.19785714285715,2,2013,2
2013-02-07,117.17,116.19785714285715,2,2013,3
2013-02-08,118.9,116.19785714285715,2,2013,4
2013-02-09,118.9,116.19785714285715,2,2013,5
2013-02-10,118.9,116.19785714285715,2,2013,6
2013-02-11,118.29,116.19785714285715,2,2013,0
2013-02-12,117.89,116.19785714285715,2,2013,1
2013-02-13,118.43,116.19785714285715,2,2013,2
2013-02-14,118.48,116.19785714285715,2,2013,3
2013-02-15,117.4,116.19785714285715,2,2013,4
2013-02-16,117.4,116.19785714285715,2,2013,5
2013-02-17,117.4,116.19785714285715,2,2013,6
2013-02-18,117.4,116.19785714285715,2,2013,0
2013-02-19,117.04,116.19785714285715,2,2013,1
2013-02-20,116.23,116.19785714285715,2,2013,2
2013-02-21,114.19,116.19785714285715,2,2013,3
2013-02-22,113.74,116.19785714285715,2,2013,4
2013-02-23,113.74,116.19785714285715,2,2013,5
2013-02-24,113.74,116.19785714285715,2,2013,6
2013-02-25,114.55,116.19785714285715,2,2013,0
2013-02-26,112.96,116.19785714285715,2,2013,1
2013-02-27,112.24,116.19785714285715,2,2013,2
2013-02-28,112.2,116.19785714285715,2,2013,3
2013-03-01,110.14,108.53612903225806,3,2013,4
2013-03-02,110.14,108.53612903225806,3,2013,5
2013-03-03,110.14,108.53612903225806,3,2013,6
2013-03-04,109.9,108.53612903225806,3,2013,0
2013-03-05,110.42,108.53612903225806,3,2013,1
2013-03-06,110.27,108.53612903225806,3,2013,2
2013-03-07,110.42,108.53612903225806,3,2013,3
2013-03-08,108.91,108.53612903225806,3,2013,4
2013-03-09,108.91,108.53612903225806,3,2013,5
2013-03-10,108.91,108.53612903225806,3,2013,6
2013-03-11,108.64,108.53612903225806,3,2013,0
2013-03-12,108.48,108.53612903225806,3,2013,1
2013-03-13,107.51,108.53612903225806,3,2013,2
2013-03-14,108.1,108.53612903225806,3,2013,3
2013-03-15,109.32,108.53612903225806,3,2013,4
2013-03-16,109.32,108.53612903225806,3,2013,5
2013-03-17,109.32,108.53612903225806,3,2013,6
2013-03-18,108.54,108.53612903225806,3,2013,0
2013-03-19,106.91,108.53612903225806,3,2013,1
2013-03-20,108.27,108.53612903225806,3,2013,2
2013-03-21,106.41,108.53612903225806,3,2013,3
2013-03-22,106.51,108.53612903225806,3,2013,4
2013-03-23,106.51,108.53612903225806,3,2013,5
2013-03-24,106.51,108.53612903225806,3,2013,6
2013-03-25,106.66,108.53612903225806,3,2013,0
2013-03-26,107.1,108.53612903225806,3,2013,1
2013-03-27,108.51,108.53612903225806,3,2013,2
2013-03-28,108.46,108.53612903225806,3,2013,3
2013-03-29,108.46,108.53612903225806,3,2013,4
2013-03-30,108.46,108.53612903225806,3,2013,5
2013-03-31,108.46,108.53612903225806,3,2013,6
2013-04-01,108.76,102.04133333333333,4,2013,0
2013-04-02,109.66,102.04133333333333,4,2013,1
2013-04-03,107.82,102.04133333333333,4,2013,2
2013-04-04,105.09,102.04133333333333,4,2013,3
2013-04-05,103.98,102.04133333333333,4,2013,4
2013-04-06,103.98,102.04133333333333,4,2013,5
2013-04-07,103.98,102.04133333333333,4,2013,6
2013-04-08,103.16,102.04133333333333,4,2013,0
2013-04-09,104.08,102.04133333333333,4,2013,1
2013-04-10,104.8,102.04133333333333,4,2013,2
2013-04-11,103.62,102.04133333333333,4,2013,3
2013-04-12,100.58,102.04133333333333,4,2013,4
2013-04-13,100.58,102.04133333333333,4,2013,5
2013-04-14,100.58,102.04133333333333,4,2013,6
2013-04-15,99.32,102.04133333333333,4,2013,0
2013-04-16,97.88,102.04133333333333,4,2013,1
2013-04-17,96.84,102.04133333333333,4,2013,2
2013-04-18,97.48,102.04133333333333,4,2013,3
2013-04-19,98.94,102.04133333333333,4,2013,4
2013-04-20,98.94,102.04133333333333,4,2013,5
2013-04-21,98.94,102.04133333333333,4,2013,6
2013-04-22,99.07,102.04133333333333,4,2013,0
2013-04-23,99.25,102.04133333333333,4,2013,1
2013-04-24,100.71,102.04133333333333,4,2013,2
2013-04-25,101.62,102.04133333333333,4,2013,3
2013-04-26,102.39,102.04133333333333,4,2013,4
2013-04-27,102.39,102.04133333333333,4,2013,5
2013-04-28,102.39,102.04133333333333,4,2013,6
2013-04-29,102.88,102.04133333333333,4,2013,0
2013-04-30,101.53,102.04133333333333,4,2013,1
2013-05-01,98.34,102.5641935483871,5,2013,2
2013-05-02,100.32,102.5641935483871,5,2013,3
2013-05-03,104.6,102.5641935483871,5,2013,4
2013-05-04,104.6,102.5641935483871,5,2013,5
2013-05-05,104.6,102.5641935483871,5,2013,6
2013-05-06,105.0,102.5641935483871,5,2013,0
2013-05-07,105.18,102.5641935483871,5,2013,1
2013-05-08,103.79,102.5641935483871,5,2013,2
2013-05-09,103.59,102.5641935483871,5,2013,3
2013-05-10,101.31,102.5641935483871,5,2013,4
2013-05-11,101.31,102.5641935483871,5,2013,5
2013-05-12,101.31,102.5641935483871,5,2013,6
2013-05-13,102.17,102.5641935483871,5,2013,0
2013-05-14,102.7,102.5641935483871,5,2013,1
2013-05-15,101.57,102.5641935483871,5,2013,2
2013-05-16,104.27,102.5641935483871,5,2013,3
2013-05-17,103.83,102.5641935483871,5,2013,4
2013-05-18,103.83,102.5641935483871,5,2013,5
2013-05-19,103.83,102.5641935483871,5,2013,6
2013-05-20,104.55,102.5641935483871,5,2013,0
2013-05-21,103.1,102.5641935483871,5,2013,1
2013-05-22,102.14,102.5641935483871,5,2013,2
2013-05-23,100.46,102.5641935483871,5,2013,3
2013-05-24,101.24,102.5641935483871,5,2013,4
2013-05-25,101.24,102.5641935483871,5,2013,5
2013-05-26,101.24,102.5641935483871,5,2013,6
2013-05-27,101.24,102.5641935483871,5,2013,0
2013-05-28,103.77,102.5641935483871,5,2013,1
2013-05-29,102.14,102.5641935483871,5,2013,2
2013-05-30,101.79,102.5641935483871,5,2013,3
2013-05-31,100.43,102.5641935483871,5,2013,4
2013-06-01,100.43,102.77633333333333,6,2013,5
2013-06-02,100.43,102.77633333333333,6,2013,6
2013-06-03,101.63,102.77633333333333,6,2013,0
2013-06-04,102.04,102.77633333333333,6,2013,1
2013-06-05,103.51,102.77633333333333,6,2013,2
2013-06-06,103.37,102.77633333333333,6,2013,3
2013-06-07,104.07,102.77633333333333,6,2013,4
2013-06-08,104.07,102.77633333333333,6,2013,5
2013-06-09,104.07,102.77633333333333,6,2013,6
2013-06-10,103.87,102.77633333333333,6,2013,0
2013-06-11,101.5,102.77633333333333,6,2013,1
2013-06-12,103.11,102.77633333333333,6,2013,2
2013-06-13,103.38,102.77633333333333,6,2013,3
2013-06-14,105.1,102.77633333333333,6,2013,4
2013-06-15,105.1,102.77633333333333,6,2013,5
2013-06-16,105.1,102.77633333333333,6,2013,6
2013-06-17,105.8,102.77633333333333,6,2013,0
2013-06-18,105.21,102.77633333333333,6,2013,1
2013-06-19,105.56,102.77633333333333,6,2013,2
2013-06-20,102.72,102.77633333333333,6,2013,3
2013-06-21,100.36,102.77633333333333,6,2013,4
2013-06-22,100.36,102.77633333333333,6,2013,5
2013-06-23,100.36,102.77633333333333,6,2013,6
2013-06-24,99.8,102.77633333333333,6,2013,0
2013-06-25,101.51,102.77633333333333,6,2013,1
2013-06-26,100.62,102.77633333333333,6,2013,2
2013-06-27,102.74,102.77633333333333,6,2013,3
2013-06-28,102.49,102.77633333333333,6,2013,4
2013-06-29,102.49,102.77633333333333,6,2013,5
2013-06-30,102.49,102.77633333333333,6,2013,6
2013-07-01,103.19,107.98225806451612,7,2013,0
2013-07-02,103.96,107.98225806451612,7,2013,1
2013-07-03,106.12,107.98225806451612,7,2013,2
2013-07-04,106.12,107.98225806451612,7,2013,3
2013-07-05,107.46,107.98225806451612,7,2013,4
2013-07-06,107.46,107.98225806451612,7,2013,5
2013-07-07,107.46,107.98225806451612,7,2013,6
2013-07-08,107.75,107.98225806451612,7,2013,0
2013-07-09,107.9,107.98225806451612,7,2013,1
2013-07-10,108.43,107.98225806451612,7,2013,2
2013-07-11,108.18,107.98225806451612,7,2013,3
2013-07-12,109.03,107.98225806451612,7,2013,4
2013-07-13,109.03,107.98225806451612,7,2013,5
2013-07-14,109.03,107.98225806451612,7,2013,6
2013-07-15,109.05,107.98225806451612,7,2013,0
2013-07-16,109.29,107.98225806451612,7,2013,1
2013-07-17,109.67,107.98225806451612,7,2013,2
2013-07-18,109.71,107.98225806451612,7,2013,3
2013-07-19,109.34,107.98225806451612,7,2013,4
2013-07-20,109.34,107.98225806451612,7,2013,5
2013-07-21,109.34,107.98225806451612,7,2013,6
2013-07-22,108.82,107.98225806451612,7,2013,0
2013-07-23,109.27,107.98225806451612,7,2013,1
2013-07-24,108.23,107.98225806451612,7,2013,2
2013-07-25,108.1,107.98225806451612,7,2013,3
2013-07-26,107.57,107.98225806451612,7,2013,4
2013-07-27,107.57,107.98225806451612,7,2013,5
2013-07-28,107.57,107.98225806451612,7,2013,6
2013-07-29,108.1,107.98225806451612,7,2013,0
2013-07-30,107.47,107.98225806451612,7,2013,1
2013-07-31,107.89,107.98225806451612,7,2013,2
2013-08-01,109.94,111.23419354838708,8,2013,3
2013-08-02,109.63,111.23419354838708,8,2013,4
2013-08-03,109.63,111.23419354838708,8,2013,5
2013-08-04,109.63,111.23419354838708,8,2013,6
2013-08-05,109.81,111.23419354838708,8,2013,0
2013-08-06,108.77,111.23419354838708,8,2013,1
2013-08-07,108.39,111.23419354838708,8,2013,2
2013-08-08,107.32,111.23419354838708,8,2013,3
2013-08-09,108.49,111.23419354838708,8,2013,4
2013-08-10,108.49,111.23419354838708,8,2013,5
2013-08-11,108.49,111.23419354838708,8,2013,6
2013-08-12,109.28,111.23419354838708,8,2013,0
2013-08-13,110.69,111.23419354838708,8,2013,1
2013-08-14,110.26,111.23419354838708,8,2013,2
2013-08-15,111.58,111.23419354838708,8,2013,3
2013-08-16,111.82,111.23419354838708,8,2013,4
2013-08-17,111.82,111.23419354838708,8,2013,5
2013-08-18,111.82,111.23419354838708,8,2013,6
2013-08-19,111.41,111.23419354838708,8,2013,0
2013-08-20,110.74,111.23419354838708,8,2013,1
2013-08-21,110.82,111.23419354838708,8,2013,2
2013-08-22,110.51,111.23419354838708,8,2013,3
2013-08-23,112.12,111.23419354838708,8,2013,4
2013-08-24,112.12,111.23419354838708,8,2013,5
2013-08-25,112.12,111.23419354838708,8,2013,6
2013-08-26,112.23,111.23419354838708,8,2013,0
2013-08-27,115.21,111.23419354838708,8,2013,1
2013-08-28,116.27,111.23419354838708,8,2013,2
2013-08-29,116.91,111.23419354838708,8,2013,3
2013-08-30,115.97,111.23419354838708,8,2013,4
2013-08-31,115.97,111.23419354838708,8,2013,5
2013-09-01,115.97,112.13766666666668,9,2013,6
2013-09-02,115.97,112.13766666666668,9,2013,0
2013-09-03,115.49,112.13766666666668,9,2013,1
2013-09-04,115.65,112.13766666666668,9,2013,2
2013-09-05,115.81,112.13766666666668,9,2013,3
2013-09-06,117.15,112.13766666666668,9,2013,4
2013-09-07,117.15,112.13766666666668,9,2013,5
2013-09-08,117.15,112.13766666666668,9,2013,6
2013-09-09,115.2,112.13766666666668,9,2013,0
2013-09-10,112.1,112.13766666666668,9,2013,1
2013-09-11,112.37,112.13766666666668,9,2013,2
2013-09-12,113.11,112.13766666666668,9,2013,3
2013-09-13,113.31,112.13766666666668,9,2013,4
2013-09-14,113.31,112.13766666666668,9,2013,5
2013-09-15,113.31,112.13766666666668,9,2013,6
2013-09-16,110.86,112.13766666666668,9,2013,0
2013-09-17,109.05,112.13766666666668,9,2013,1
2013-09-18,109.09,112.13766666666668,9,2013,2
2013-09-19,110.66,112.13766666666668,9,2013,3
2013-09-20,110.22,112.13766666666668,9,2013,4
2013-09-21,110.22,112.13766666666668,9,2013,5
2013-09-22,110.22,112.13766666666668,9,2013,6
2013-09-23,108.56,112.13766666666668,9,2013,0
2013-09-24,107.68,112.13766666666668,9,2013,1
2013-09-25,109.46,112.13766666666668,9,2013,2
2013-09-26,108.86,112.13766666666668,9,2013,3
2013-09-27,109.45,112.13766666666668,9,2013,4
2013-09-28,109.45,112.13766666666668,9,2013,5
2013-09-29,109.45,112.13766666666668,9,2013,6
2013-09-30,107.85,112.13766666666668,9,2013,0
2013-10-01,107.32,109.00322580645161,10,2013,1
2013-10-02,109.09,109.00322580645161,10,2013,2
2013-10-03,109.49,109.00322580645161,10,2013,3
2013-10-04,109.42,109.00322580645161,10,2013,4
2013-10-05,109.42,109.00322580645161,10,2013,5
2013-10-06,109.42,109.00322580645161,10,2013,6
2013-10-07,109.66,109.00322580645161,10,2013,0
2013-10-08,110.56,109.00322580645161,10,2013,1
2013-10-09,109.02,109.00322580645161,10,2013,2
2013-10-10,111.63,109.00322580645161,10,2013,3
2013-10-11,110.65,109.00322580645161,10,2013,4
2013-10-12,110.65,109.00322580645161,10,2013,5
2013-10-13,110.65,109.00322580645161,10,2013,6
2013-10-14,110.13,109.00322580645161,10,2013,0
2013-10-15,110.67,109.00322580645161,10,2013,1
2013-10-16,110.79,109.00322580645161,10,2013,2
2013-10-17,109.55,109.00322580645161,10,2013,3
2013-10-18,109.4,109.00322580645161,10,2013,4
2013-10-19,109.4,109.00322580645161,10,2013,5
2013-10-20,109.4,109.00322580645161,10,2013,6
2013-10-21,109.47,109.00322580645161,10,2013,0
2013-10-22,109.57,109.00322580645161,10,2013,1
2013-10-23,107.74,109.00322580645161,10,2013,2
2013-10-24,106.63,109.00322580645161,10,2013,3
2013-10-25,105.7,109.00322580645161,10,2013,4
2013-10-26,105.7,109.00322580645161,10,2013,5
2013-10-27,105.7,109.00322580645161,10,2013,6
2013-10-28,108.29,109.00322580645161,10,2013,0
2013-10-29,108.04,109.00322580645161,10,2013,1
2013-10-30,108.41,109.00322580645161,10,2013,2
2013-10-31,107.53,109.00322580645161,10,2013,3
2013-11-01,105.78,107.91966666666667,11,2013,4
2013-11-02,105.78,107.91966666666667,11,2013,5
2013-11-03,105.78,107.91966666666667,11,2013,6
2013-11-04,104.85,107.91966666666667,11,2013,0
2013-11-05,105.01,107.91966666666667,11,2013,1
2013-11-06,105.46,107.91966666666667,11,2013,2
2013-11-07,103.08,107.91966666666667,11,2013,3
2013-11-08,104.29,107.91966666666667,11,2013,4
2013-11-09,104.29,107.91966666666667,11,2013,5
2013-11-10,104.29,107.91966666666667,11,2013,6
2013-11-11,105.76,107.91966666666667,11,2013,0
2013-11-12,106.29,107.91966666666667,11,2013,1
2013-11-13,106.9,107.91966666666667,11,2013,2
2013-11-14,108.29,107.91966666666667,11,2013,3
2013-11-15,108.25,107.91966666666667,11,2013,4
2013-11-16,108.25,107.91966666666667,11,2013,5
2013-11-17,108.25,107.91966666666667,11,2013,6
2013-11-18,108.8,107.91966666666667,11,2013,0
2013-11-19,108.29,107.91966666666667,11,2013,1
2013-11-20,108.27,107.91966666666667,11,2013,2
2013-11-21,109.9,107.91966666666667,11,2013,3
2013-11-22,111.36,107.91966666666667,11,2013,4
2013-11-23,111.36,107.91966666666667,11,2013,5
2013-11-24,111.36,107.91966666666667,11,2013,6
2013-11-25,110.83,107.91966666666667,11,2013,0
2013-11-26,112.04,107.91966666666667,11,2013,1
2013-11-27,111.32,107.91966666666667,11,2013,2
2013-11-28,111.32,107.91966666666667,11,2013,3
2013-11-29,111.07,107.91966666666667,11,2013,4
2013-11-30,111.07,107.91966666666667,11,2013,5
2013-12-01,111.07,110.84225806451613,12,2013,6
2013-12-02,111.49,110.84225806451613,12,2013,0
2013-12-03,113.06,110.84225806451613,12,2013,1
2013-12-04,113.27,110.84225806451613,12,2013,2
2013-12-05,112.07,110.84225806451613,12,2013,3
2013-12-06,111.5,110.84225806451613,12,2013,4
2013-12-07,111.5,110.84225806451613,12,2013,5
2013-12-08,111.5,110.84225806451613,12,2013,6
2013-12-09,110.07,110.84225806451613,12,2013,0
2013-12-10,108.91,110.84225806451613,12,2013,1
2013-12-11,109.47,110.84225806451613,12,2013,2
2013-12-12,108.99,110.84225806451613,12,2013,3
2013-12-13,108.08,110.84225806451613,12,2013,4
2013-12-14,108.08,110.84225806451613,12,2013,5
2013-12-15,108.08,110.84225806451613,12,2013,6
2013-12-16,110.3,110.84225806451613,12,2013,0
2013-12-17,108.91,110.84225806451613,12,2013,1
2013-12-18,109.56,110.84225806451613,12,2013,2
2013-12-19,110.78,110.84225806451613,12,2013,3
2013-12-20,112.15,110.84225806451613,12,2013,4
2013-12-21,112.15,110.84225806451613,12,2013,5
2013-12-22,112.15,110.84225806451613,12,2013,6
2013-12-23,111.58,110.84225806451613,12,2013,0
2013-12-24,111.57,110.84225806451613,12,2013,1
2013-12-25,111.57,110.84225806451613,12,2013,2
2013-12-26,111.65,110.84225806451613,12,2013,3
2013-12-27,112.06,110.84225806451613,12,2013,4
2013-12-28,112.06,110.84225806451613,12,2013,5
2013-12-29,112.06,110.84225806451613,12,2013,6
2013-12-30,110.47,110.84225806451613,12,2013,0
2013-12-31,109.95,110.84225806451613,12,2013,1
2014-01-01,109.95,108.05612903225806,1,2014,2
2014-01-02,107.94,108.05612903225806,1,2014,3
2014-01-03,106.57,108.05612903225806,1,2014,4
2014-01-04,106.57,108.05612903225806,1,2014,5
2014-01-05,106.57,108.05612903225806,1,2014,6
2014-01-06,106.71,108.05612903225806,1,2014,0
2014-01-07,107.01,108.05612903225806,1,2014,1
2014-01-08,107.42,108.05612903225806,1,2014,2
2014-01-09,107.49,108.05612903225806,1,2014,3
2014-01-10,106.44,108.05612903225806,1,2014,4
2014-01-11,106.44,108.05612903225806,1,2014,5
2014-01-12,106.44,108.05612903225806,1,2014,6
2014-01-13,108.02,108.05612903225806,1,2014,0
2014-01-14,107.12,108.05612903225806,1,2014,1
2014-01-15,108.09,108.05612903225806,1,2014,2
2014-01-16,107.46,108.05612903225806,1,2014,3
2014-01-17,108.45,108.05612903225806,1,2014,4
2014-01-18,108.45,108.05612903225806,1,2014,5
2014-01-19,108.45,108.05612903225806,1,2014,6
2014-01-20,108.01,108.05612903225806,1,2014,0
2014-01-21,109.17,108.05612903225806,1,2014,1
2014-01-22,109.69,108.05612903225806,1,2014,2
2014-01-23,109.69,108.05612903225806,1,2014,3
2014-01-24,109.14,108.05612903225806,1,2014,4
2014-01-25,109.14,108.05612903225806,1,2014,5
2014-01-26,109.14,108.05612903225806,1,2014,6
2014-01-27,108.72,108.05612903225806,1,2014,0
2014-01-28,109.1,108.05612903225806,1,2014,1
2014-01-29,108.83,108.05612903225806,1,2014,2
2014-01-30,109.36,108.05612903225806,1,2014,3
2014-01-31,108.16,108.05612903225806,1,2014,4
2014-02-01,108.16,108.91499999999999,2,2014,5
2014-02-02,108.16,108.91499999999999,2,2014,6
2014-02-03,106.55,108.91499999999999,2,2014,0
2014-02-04,107.04,108.91499999999999,2,2014,1
2014-02-05,106.81,108.91499999999999,2,2014,2
2014-02-06,108.15,108.91499999999999,2,2014,3
2014-02-07,110.12,108.91499999999999,2,2014,4
2014-02-08,110.12,108.91499999999999,2,2014,5
2014-02-09,110.12,108.91499999999999,2,2014,6
2014-02-10,110.18,108.91499999999999,2,2014,0
2014-02-11,109.21,108.91499999999999,2,2014,1
2014-02-12,108.62,108.91499999999999,2,2014,2
2014-02-13,108.98,108.91499999999999,2,2014,3
2014-02-14,108.63,108.91499999999999,2,2014,4
2014-02-15,108.63,108.91499999999999,2,2014,5
2014-02-16,108.63,108.91499999999999,2,2014,6
2014-02-17,108.63,108.91499999999999,2,2014,0
2014-02-18,110.14,108.91499999999999,2,2014,1
2014-02-19,110.37,108.91499999999999,2,2014,2
2014-02-20,109.42,108.91499999999999,2,2014,3
2014-02-21,109.03,108.91499999999999,2,2014,4
2014-02-22,109.03,108.91499999999999,2,2014,5
2014-02-23,109.03,108.91499999999999,2,2014,6
2014-02-24,109.76,108.91499999999999,2,2014,0
2014-02-25,109.19,108.91499999999999,2,2014,1
2014-02-26,109.39,108.91499999999999,2,2014,2
2014-02-27,108.54,108.91499999999999,2,2014,3
2014-02-28,108.98,108.91499999999999,2,2014,4
2014-03-01,108.98,107.65096774193547,3,2014,5
2014-03-02,108.98,107.65096774193547,3,2014,6
2014-03-03,111.26,107.65096774193547,3,2014,0
2014-03-04,109.17,107.65096774193547,3,2014,1
2014-03-05,108.15,107.65096774193547,3,2014,2
2014-03-06,107.99,107.65096774193547,3,2014,3
2014-03-07,109.14,107.65096774193547,3,2014,4
2014-03-08,109.14,107.65096774193547,3,2014,5
2014-03-09,109.14,107.65096774193547,3,2014,6
2014-03-10,108.27,107.65096774193547,3,2014,0
2014-03-11,108.35,107.65096774193547,3,2014,1
2014-03-12,107.88,107.65096774193547,3,2014,2
2014-03-13,107.48,107.65096774193547,3,2014,3
2014-03-14,108.08,107.65096774193547,3,2014,4
2014-03-15,108.08,107.65096774193547,3,2014,5
2014-03-16,108.08,107.65096774193547,3,2014,6
2014-03-17,106.99,107.65096774193547,3,2014,0
2014-03-18,106.79,107.65096774193547,3,2014,1
2014-03-19,105.95,107.65096774193547,3,2014,2
2014-03-20,105.73,107.65096774193547,3,2014,3
2014-03-21,107.2,107.65096774193547,3,2014,4
2014-03-22,107.2,107.65096774193547,3,2014,5
2014-03-23,107.2,107.65096774193547,3,2014,6
2014-03-24,106.59,107.65096774193547,3,2014,0
2014-03-25,107.01,107.65096774193547,3,2014,1
2014-03-26,105.9,107.65096774193547,3,2014,2
2014-03-27,106.58,107.65096774193547,3,2014,3
2014-03-28,106.64,107.65096774193547,3,2014,4
2014-03-29,106.64,107.65096774193547,3,2014,5
2014-03-30,106.64,107.65096774193547,3,2014,6
2014-03-31,105.95,107.65096774193547,3,2014,0
2014-04-01,105.7,107.95966666666666,4,2014,1
2014-04-02,103.37,107.95966666666666,4,2014,2
2014-04-03,104.88,107.95966666666666,4,2014,3
2014-04-04,106.41,107.95966666666666,4,2014,4
2014-04-05,106.41,107.95966666666666,4,2014,5
2014-04-06,106.41,107.95966666666666,4,2014,6
2014-04-07,104.89,107.95966666666666,4,2014,0
2014-04-08,105.83,107.95966666666666,4,2014,1
2014-04-09,107.39,107.95966666666666,4,2014,2
2014-04-10,107.1,107.95966666666666,4,2014,3
2014-04-11,107.34,107.95966666666666,4,2014,4
2014-04-12,107.34,107.95966666666666,4,2014,5
2014-04-13,107.34,107.95966666666666,4,2014,6
2014-04-14,107.68,107.95966666666666,4,2014,0
2014-04-15,109.1,107.95966666666666,4,2014,1
2014-04-16,109.71,107.95966666666666,4,2014,2
2014-04-17,109.79,107.95966666666666,4,2014,3
2014-04-18,109.79,107.95966666666666,4,2014,4
2014-04-19,109.79,107.95966666666666,4,2014,5
2014-04-20,109.79,107.95966666666666,4,2014,6
2014-04-21,109.69,107.95966666666666,4,2014,0
2014-04-22,108.54,107.95966666666666,4,2014,1
2014-04-23,108.48,107.95966666666666,4,2014,2
2014-04-24,109.79,107.95966666666666,4,2014,3
2014-04-25,109.53,107.95966666666666,4,2014,4
2014-04-26,109.53,107.95966666666666,4,2014,5
2014-04-27,109.53,107.95966666666666,4,2014,6
2014-04-28,109.12,107.95966666666666,4,2014,0
2014-04-29,109.89,107.95966666666666,4,2014,1
2014-04-30,108.63,107.95966666666666,4,2014,2
2014-05-01,108.63,109.57193548387097,5,2014,3
2014-05-02,109.48,109.57193548387097,5,2014,4
2014-05-03,109.48,109.57193548387097,5,2014,5
2014-05-04,109.48,109.57193548387097,5,2014,6
2014-05-05,109.48,109.57193548387097,5,2014,0
2014-05-06,108.3,109.57193548387097,5,2014,1
2014-05-07,108.17,109.57193548387097,5,2014,2
2014-05-08,108.19,109.57193548387097,5,2014,3
2014-05-09,108.26,109.57193548387097,5,2014,4
2014-05-10,108.26,109.57193548387097,5,2014,5
2014-05-11,108.26,109.57193548387097,5,2014,6
2014-05-12,108.37,109.57193548387097,5,2014,0
2014-05-13,108.78,109.57193548387097,5,2014,1
2014-05-14,109.87,109.57193548387097,5,2014,2
2014-05-15,109.74,109.57193548387097,5,2014,3
2014-05-16,110.9,109.57193548387097,5,2014,4
2014-05-17,110.9,109.57193548387097,5,2014,5
2014-05-18,110.9,109.57193548387097,5,2014,6
2014-05-19,110.84,109.57193548387097,5,2014,0
2014-05-20,110.35,109.57193548387097,5,2014,1
2014-05-21,111.32,109.57193548387097,5,2014,2
2014-05-22,110.89,109.57193548387097,5,2014,3
2014-05-23,110.19,109.57193548387097,5,2014,4
2014-05-24,110.19,109.57193548387097,5,2014,5
2014-05-25,110.19,109.57193548387097,5,2014,6
2014-05-26,110.01,109.57193548387097,5,2014,0
2014-05-27,109.81,109.57193548387097,5,2014,1
2014-05-28,109.09,109.57193548387097,5,2014,2
2014-05-29,109.98,109.57193548387097,5,2014,3
2014-05-30,109.21,109.57193548387097,5,2014,4
2014-05-31,109.21,109.57193548387097,5,2014,5
2014-06-01,109.21,111.86566666666666,6,2014,6
2014-06-02,109.34,111.86566666666666,6,2014,0
2014-06-03,108.87,111.86566666666666,6,2014,1
2014-06-04,109.07,111.86566666666666,6,2014,2
2014-06-05,108.43,111.86566666666666,6,2014,3
2014-06-06,109.21,111.86566666666666,6,2014,4
2014-06-07,109.21,111.86566666666666,6,2014,5
2014-06-08,109.21,111.86566666666666,6,2014,6
2014-06-09,110.55,111.86566666666666,6,2014,0
2014-06-10,109.18,111.86566666666666,6,2014,1
2014-06-11,109.83,111.86566666666666,6,2014,2
2014-06-12,112.18,111.86566666666666,6,2014,3
2014-06-13,113.15,111.86566666666666,6,2014,4
2014-06-14,113.15,111.86566666666666,6,2014,5
2014-06-15,113.15,111.86566666666666,6,2014,6
2014-06-16,113.42,111.86566666666666,6,2014,0
2014-06-17,114.02,111.86566666666666,6,2014,1
2014-06-18,114.25,111.86566666666666,6,2014,2
2014-06-19,115.19,111.86566666666666,6,2014,3
2014-06-20,114.55,111.86566666666666,6,2014,4
2014-06-21,114.55,111.86566666666666,6,2014,5
2014-06-22,114.55,111.86566666666666,6,2014,6
2014-06-23,113.62,111.86566666666666,6,2014,0
2014-06-24,113.74,111.86566666666666,6,2014,1
2014-06-25,112.84,111.86566666666666,6,2014,2
2014-06-26,112.61,111.86566666666666,6,2014,3
2014-06-27,112.62,111.86566666666666,6,2014,4
2014-06-28,112.62,111.86566666666666,6,2014,5
2014-06-29,112.62,111.86566666666666,6,2014,6
2014-06-30,111.03,111.86566666666666,6,2014,0
2014-07-01,110.84,106.87806451612904,7,2014,1
2014-07-02,110.18,106.87806451612904,7,2014,2
2014-07-03,108.98,106.87806451612904,7,2014,3
2014-07-04,108.98,106.87806451612904,7,2014,4
2014-07-05,108.98,106.87806451612904,7,2014,5
2014-07-06,108.98,106.87806451612904,7,2014,6
2014-07-07,108.7,106.87806451612904,7,2014,0
2014-07-08,107.65,106.87806451612904,7,2014,1
2014-07-09,106.84,106.87806451612904,7,2014,2
2014-07-10,106.2,106.87806451612904,7,2014,3
2014-07-11,105.77,106.87806451612904,7,2014,4
2014-07-12,105.77,106.87806451612904,7,2014,5
2014-07-13,105.77,106.87806451612904,7,2014,6
2014-07-14,104.73,106.87806451612904,7,2014,0
2014-07-15,104.73,106.87806451612904,7,2014,1
2014-07-16,105.41,106.87806451612904,7,2014,2
2014-07-17,106.04,106.87806451612904,7,2014,3
2014-07-18,106.03,106.87806451612904,7,2014,4
2014-07-19,106.03,106.87806451612904,7,2014,5
2014-07-20,106.03,106.87806451612904,7,2014,6
2014-07-21,105.71,106.87806451612904,7,2014,0
2014-07-22,106.48,106.87806451612904,7,2014,1
2014-07-23,106.85,106.87806451612904,7,2014,2
2014-07-24,105.78,106.87806451612904,7,2014,3
2014-07-25,106.89,106.87806451612904,7,2014,4
2014-07-26,106.89,106.87806451612904,7,2014,5
2014-07-27,106.89,106.87806451612904,7,2014,6
2014-07-28,106.7,106.87806451612904,7,2014,0
2014-07-29,106.98,106.87806451612904,7,2014,1
2014-07-30,106.47,106.87806451612904,7,2014,2
2014-07-31,104.94,106.87806451612904,7,2014,3
2014-08-01,103.45,101.67967741935485,8,2014,4
2014-08-02,103.45,101.67967741935485,8,2014,5
2014-08-03,103.45,101.67967741935485,8,2014,6
2014-08-04,103.63,101.67967741935485,8,2014,0
2014-08-05,102.82,101.67967741935485,8,2014,1
2014-08-06,104.17,101.67967741935485,8,2014,2
2014-08-07,104.02,101.67967741935485,8,2014,3
2014-08-08,103.36,101.67967741935485,8,2014,4
2014-08-09,103.36,101.67967741935485,8,2014,5
2014-08-10,103.36,101.67967741935485,8,2014,6
2014-08-11,103.47,101.67967741935485,8,2014,0
2014-08-12,101.68,101.67967741935485,8,2014,1
2014-08-13,102.27,101.67967741935485,8,2014,2
2014-08-14,101.15,101.67967741935485,8,2014,3
2014-08-15,101.13,101.67967741935485,8,2014,4
2014-08-16,101.13,101.67967741935485,8,2014,5
2014-08-17,101.13,101.67967741935485,8,2014,6
2014-08-18,99.37,101.67967741935485,8,2014,0
2014-08-19,99.74,101.67967741935485,8,2014,1
2014-08-20,99.92,101.67967741935485,8,2014,2
2014-08-21,100.28,101.67967741935485,8,2014,3
2014-08-22,100.09,101.67967741935485,8,2014,4
2014-08-23,100.09,101.67967741935485,8,2014,5
2014-08-24,100.09,101.67967741935485,8,2014,6
2014-08-25,100.49,101.67967741935485,8,2014,0
2014-08-26,100.5,101.67967741935485,8,2014,1
2014-08-27,100.4,101.67967741935485,8,2014,2
2014-08-28,100.71,101.67967741935485,8,2014,3
2014-08-29,101.12,101.67967741935485,8,2014,4
2014-08-30,101.12,101.67967741935485,8,2014,5
2014-08-31,101.12,101.67967741935485,8,2014,6
2014-09-01,101.12,97.17800000000001,9,2014,0
2014-09-02,100.21,97.17800000000001,9,2014,1
2014-09-03,100.88,97.17800000000001,9,2014,2
2014-09-04,101.21,97.17800000000001,9,2014,3
2014-09-05,99.51,97.17800000000001,9,2014,4
2014-09-06,99.51,97.17800000000001,9,2014,5
2014-09-07,99.51,97.17800000000001,9,2014,6
2014-09-08,99.53,97.17800000000001,9,2014,0
2014-09-09,98.08,97.17800000000001,9,2014,1
2014-09-10,96.26,97.17800000000001,9,2014,2
2014-09-11,96.42,97.17800000000001,9,2014,3
2014-09-12,96.31,97.17800000000001,9,2014,4
2014-09-13,96.31,97.17800000000001,9,2014,5
2014-09-14,96.31,97.17800000000001,9,2014,6
2014-09-15,96.43,97.17800000000001,9,2014,0
2014-09-16,97.39,97.17800000000001,9,2014,1
2014-09-17,97.7,97.17800000000001,9,2014,2
2014-09-18,96.82,97.17800000000001,9,2014,3
2014-09-19,96.75,97.17800000000001,9,2014,4
2014-09-20,96.75,97.17800000000001,9,2014,5
2014-09-21,96.75,97.17800000000001,9,2014,6
2014-09-22,95.37,97.17800000000001,9,2014,0
2014-09-23,94.87,97.17800000000001,9,2014,1
2014-09-24,94.53,97.17800000000001,9,2014,2
2014-09-25,95.2,97.17800000000001,9,2014,3
2014-09-26,95.08,97.17800000000001,9,2014,4
2014-09-27,95.08,97.17800000000001,9,2014,5
2014-09-28,95.08,97.17800000000001,9,2014,6
2014-09-29,95.7,97.17800000000001,9,2014,0
2014-09-30,94.67,97.17800000000001,9,2014,1
2014-10-01,94.57,87.4916129032258,10,2014,2
2014-10-02,91.29,87.4916129032258,10,2014,3
2014-10-03,90.8,87.4916129032258,10,2014,4
2014-10-04,90.8,87.4916129032258,10,2014,5
2014-10-05,90.8,87.4916129032258,10,2014,6
2014-10-06,90.65,87.4916129032258,10,2014,0
2014-10-07,90.9,87.4916129032258,10,2014,1
2014-10-08,90.25,87.4916129032258,10,2014,2
2014-10-09,90.47,87.4916129032258,10,2014,3
2014-10-10,88.66,87.4916129032258,10,2014,4
2014-10-11,88.66,87.4916129032258,10,2014,5
2014-10-12,88.66,87.4916129032258,10,2014,6
2014-10-13,87.82,87.4916129032258,10,2014,0
2014-10-14,86.36,87.4916129032258,10,2014,1
2014-10-15,84.02,87.4916129032258,10,2014,2
2014-10-16,84.02,87.4916129032258,10,2014,3
2014-10-17,85.27,87.4916129032258,10,2014,4
2014-10-18,85.27,87.4916129032258,10,2014,5
2014-10-19,85.27,87.4916129032258,10,2014,6
2014-10-20,84.42,87.4916129032258,10,2014,0
2014-10-21,85.17,87.4916129032258,10,2014,1
2014-10-22,86.38,87.4916129032258,10,2014,2
2014-10-23,85.94,87.4916129032258,10,2014,3
2014-10-24,86.0,87.4916129032258,10,2014,4
2014-10-25,86.0,87.4916129032258,10,2014,5
2014-10-26,86.0,87.4916129032258,10,2014,6
2014-10-27,85.64,87.4916129032258,10,2014,0
2014-10-28,85.57,87.4916129032258,10,2014,1
2014-10-29,86.91,87.4916129032258,10,2014,2
2014-10-30,85.5,87.4916129032258,10,2014,3
2014-10-31,84.17,87.4916129032258,10,2014,4
2014-11-01,84.17,79.28833333333334,11,2014,5
2014-11-02,84.17,79.28833333333334,11,2014,6
2014-11-03,84.9,79.28833333333334,11,2014,0
2014-11-04,82.12,79.28833333333334,11,2014,1
2014-11-05,82.88,79.28833333333334,11,2014,2
2014-11-06,82.08,79.28833333333334,11,2014,3
2014-11-07,83.2,79.28833333333334,11,2014,4
2014-11-08,83.2,79.28833333333334,11,2014,5
2014-11-09,83.2,79.28833333333334,11,2014,6
2014-11-10,82.9,79.28833333333334,11,2014,0
2014-11-11,80.94,79.28833333333334,11,2014,1
2014-11-12,80.42,79.28833333333334,11,2014,2
2014-11-13,77.74,79.28833333333334,11,2014,3
2014-11-14,77.51,79.28833333333334,11,2014,4
2014-11-15,77.51,79.28833333333334,11,2014,5
2014-11-16,77.51,79.28833333333334,11,2014,6
2014-11-17,76.86,79.28833333333334,11,2014,0
2014-11-18,77.23,79.28833333333334,11,2014,1
2014-11-19,77.21,79.28833333333334,11,2014,2
2014-11-20,77.61,79.28833333333334,11,2014,3
2014-11-21,79.2,79.28833333333334,11,2014,4
2014-11-22,79.2,79.28833333333334,11,2014,5
2014-11-23,79.2,79.28833333333334,11,2014,6
2014-11-24,79.62,79.28833333333334,11,2014,0
2014-11-25,77.62,79.28833333333334,11,2014,1
2014-11-26,77.39,79.28833333333334,11,2014,2
2014-11-27,77.39,79.28833333333334,11,2014,3
2014-11-28,71.89,79.28833333333334,11,2014,4
2014-11-29,71.89,79.28833333333334,11,2014,5
2014-11-30,71.89,79.28833333333334,11,2014,6
2014-12-01,70.87,62.082580645161286,12,2014,0
2014-12-02,71.13,62.082580645161286,12,2014,1
2014-12-03,70.13,62.082580645161286,12,2014,2
2014-12-04,68.48,62.082580645161286,12,2014,3
2014-12-05,68.0,62.082580645161286,12,2014,4
2014-12-06,68.0,62.082580645161286,12,2014,5
2014-12-07,68.0,62.082580645161286,12,2014,6
2014-12-08,65.64,62.082580645161286,12,2014,0
2014-12-09,66.11,62.082580645161286,12,2014,1
2014-12-10,63.32,62.082580645161286,12,2014,2
2014-12-11,63.65,62.082580645161286,12,2014,3
2014-12-12,61.67,62.082580645161286,12,2014,4
2014-12-13,61.67,62.082580645161286,12,2014,5
2014-12-14,61.67,62.082580645161286,12,2014,6
2014-12-15,61.09,62.082580645161286,12,2014,0
2014-12-16,60.26,62.082580645161286,12,2014,1
2014-12-17,59.84,62.082580645161286,12,2014,2
2014-12-18,58.81,62.082580645161286,12,2014,3
2014-12-19,58.87,62.082580645161286,12,2014,4
2014-12-20,58.87,62.082580645161286,12,2014,5
2014-12-21,58.87,62.082580645161286,12,2014,6
2014-12-22,58.31,62.082580645161286,12,2014,0
2014-12-23,59.07,62.082580645161286,12,2014,1
2014-12-24,58.67,62.082580645161286,12,2014,2
2014-12-25,58.67,62.082580645161286,12,2014,3
2014-12-26,58.72,62.082580645161286,12,2014,4
2014-12-27,58.72,62.082580645161286,12,2014,5
2014-12-28,58.72,62.082580645161286,12,2014,6
2014-12-29,57.86,62.082580645161286,12,2014,0
2014-12-30,55.6,62.082580645161286,12,2014,1
2014-12-31,55.27,62.082580645161286,12,2014,2
2015-01-01,55.27,48.372258064516124,1,2015,3
2015-01-02,55.38,48.372258064516124,1,2015,4
2015-01-03,55.38,48.372258064516124,1,2015,5
2015-01-04,55.38,48.372258064516124,1,2015,6
2015-01-05,51.08,48.372258064516124,1,2015,0
2015-01-06,50.12,48.372258064516124,1,2015,1
2015-01-07,49.06,48.372258064516124,1,2015,2
2015-01-08,49.43,48.372258064516124,1,2015,3
2015-01-09,47.64,48.372258064516124,1,2015,4
2015-01-10,47.64,48.372258064516124,1,2015,5
2015-01-11,47.64,48.372258064516124,1,2015,6
2015-01-12,46.9,48.372258064516124,1,2015,0
2015-01-13,45.13,48.372258064516124,1,2015,1
2015-01-14,45.82,48.372258064516124,1,2015,2
2015-01-15,47.66,48.372258064516124,1,2015,3
2015-01-16,47.38,48.372258064516124,1,2015,4
2015-01-17,47.38,48.372258064516124,1,2015,5
2015-01-18,47.38,48.372258064516124,1,2015,6
2015-01-19,47.38,48.372258064516124,1,2015,0
2015-01-20,46.49,48.372258064516124,1,2015,1
2015-01-21,46.5,48.372258064516124,1,2015,2
2015-01-22,46.09,48.372258064516124,1,2015,3
2015-01-23,46.69,48.372258064516124,1,2015,4
2015-01-24,46.69,48.372258064516124,1,2015,5
2015-01-25,46.69,48.372258064516124,1,2015,6
2015-01-26,46.07,48.372258064516124,1,2015,0
2015-01-27,46.55,48.372258064516124,1,2015,1
2015-01-28,47.07,48.372258064516124,1,2015,2
2015-01-29,46.61,48.372258064516124,1,2015,3
2015-01-30,47.52,48.372258064516124,1,2015,4
2015-01-31,47.52,48.372258064516124,1,2015,5
2015-02-01,47.52,58.06142857142857,2,2015,6
2015-02-02,51.74,58.06142857142857,2,2015,0
2015-02-03,54.41,58.06142857142857,2,2015,1
2015-02-04,55.07,58.06142857142857,2,2015,2
2015-02-05,55.98,58.06142857142857,2,2015,3
2015-02-06,55.88,58.06142857142857,2,2015,4
2015-02-07,55.88,58.06142857142857,2,2015,5
2015-02-08,55.88,58.06142857142857,2,2015,6
2015-02-09,57.0,58.06142857142857,2,2015,0
2015-02-10,55.79,58.06142857142857,2,2015,1
2015-02-11,53.48,58.06142857142857,2,2015,2
2015-02-12,56.23,58.06142857142857,2,2015,3
2015-02-13,60.33,58.06142857142857,2,2015,4
2015-02-14,60.33,58.06142857142857,2,2015,5
2015-02-15,60.33,58.06142857142857,2,2015,6
2015-02-16,61.57,58.06142857142857,2,2015,0
2015-02-17,60.78,58.06142857142857,2,2015,1
2015-02-18,60.72,58.06142857142857,2,2015,2
2015-02-19,58.78,58.06142857142857,2,2015,3
2015-02-20,60.99,58.06142857142857,2,2015,4
2015-02-21,60.99,58.06142857142857,2,2015,5
2015-02-22,60.99,58.06142857142857,2,2015,6
2015-02-23,59.78,58.06142857142857,2,2015,0
2015-02-24,60.33,58.06142857142857,2,2015,1
2015-02-25,59.77,58.06142857142857,2,2015,2
2015-02-26,61.39,58.06142857142857,2,2015,3
2015-02-27,61.89,58.06142857142857,2,2015,4
2015-02-28,61.89,58.06142857142857,2,2015,5
2015-03-01,61.89,56.12612903225807,3,2015,6
2015-03-02,60.75,56.12612903225807,3,2015,0
2015-03-03,61.18,56.12612903225807,3,2015,1
2015-03-04,59.18,56.12612903225807,3,2015,2
2015-03-05,60.33,56.12612903225807,3,2015,3
2015-03-06,59.15,56.12612903225807,3,2015,4
2015-03-07,59.15,56.12612903225807,3,2015,5
2015-03-08,59.15,56.12612903225807,3,2015,6
2015-03-09,58.67,56.12612903225807,3,2015,0
2015-03-10,55.95,56.12612903225807,3,2015,1
2015-03-11,56.46,56.12612903225807,3,2015,2
2015-03-12,56.66,56.12612903225807,3,2015,3
2015-03-13,54.8,56.12612903225807,3,2015,4
2015-03-14,54.8,56.12612903225807,3,2015,5
2015-03-15,54.8,56.12612903225807,3,2015,6
2015-03-16,52.0,56.12612903225807,3,2015,0
2015-03-17,52.17,56.12612903225807,3,2015,1
2015-03-18,52.59,56.12612903225807,3,2015,2
2015-03-19,52.96,56.12612903225807,3,2015,3
2015-03-20,53.88,56.12612903225807,3,2015,4
2015-03-21,53.88,56.12612903225807,3,2015,5
2015-03-22,53.88,56.12612903225807,3,2015,6
2015-03-23,53.82,56.12612903225807,3,2015,0
2015-03-24,53.61,56.12612903225807,3,2015,1
2015-03-25,54.18,56.12612903225807,3,2015,2
2015-03-26,57.02,56.12612903225807,3,2015,3
2015-03-27,56.44,56.12612903225807,3,2015,4
2015-03-28,56.44,56.12612903225807,3,2015,5
2015-03-29,56.44,56.12612903225807,3,2015,6
2015-03-30,53.99,56.12612903225807,3,2015,0
2015-03-31,53.69,56.12612903225807,3,2015,1
2015-04-01,55.73,59.312666666666665,4,2015,2
2015-04-02,55.73,59.312666666666665,4,2015,3
2015-04-03,55.73,59.312666666666665,4,2015,4
2015-04-04,55.73,59.312666666666665,4,2015,5
2015-04-05,55.73,59.312666666666665,4,2015,6
2015-04-06,55.73,59.312666666666665,4,2015,0
2015-04-07,57.55,59.312666666666665,4,2015,1
2015-04-08,56.42,59.312666666666665,4,2015,2
2015-04-09,56.04,59.312666666666665,4,2015,3
2015-04-10,56.82,59.312666666666665,4,2015,4
2015-04-11,56.82,59.312666666666665,4,2015,5
2015-04-12,56.82,59.312666666666665,4,2015,6
2015-04-13,57.14,59.312666666666665,4,2015,0
2015-04-14,57.69,59.312666666666665,4,2015,1
2015-04-15,59.32,59.312666666666665,4,2015,2
2015-04-16,60.13,59.312666666666665,4,2015,3
2015-04-17,61.31,59.312666666666665,4,2015,4
2015-04-18,61.31,59.312666666666665,4,2015,5
2015-04-19,61.31,59.312666666666665,4,2015,6
2015-04-20,61.2,59.312666666666665,4,2015,0
2015-04-21,60.12,59.312666666666665,4,2015,1
2015-04-22,60.12,59.312666666666665,4,2015,2
2015-04-23,62.66,59.312666666666665,4,2015,3
2015-04-24,62.96,59.312666666666665,4,2015,4
2015-04-25,62.96,59.312666666666665,4,2015,5
2015-04-26,62.96,59.312666666666665,4,2015,6
2015-04-27,62.86,59.312666666666665,4,2015,0
2015-04-28,62.61,59.312666666666665,4,2015,1
2015-04-29,63.97,59.312666666666665,4,2015,2
2015-04-30,63.9,59.312666666666665,4,2015,3
2015-05-01,64.13,64.10322580645162,5,2015,4
2015-05-02,64.13,64.10322580645162,5,2015,5
2015-05-03,64.13,64.10322580645162,5,2015,6
2015-05-04,64.62,64.10322580645162,5,2015,0
2015-05-05,65.44,64.10322580645162,5,2015,1
2015-05-06,66.22,64.10322580645162,5,2015,2
2015-05-07,64.93,64.10322580645162,5,2015,3
2015-05-08,63.82,64.10322580645162,5,2015,4
2015-05-09,63.82,64.10322580645162,5,2015,5
2015-05-10,63.82,64.10322580645162,5,2015,6
2015-05-11,62.82,64.10322580645162,5,2015,0
2015-05-12,65.09,64.10322580645162,5,2015,1
2015-05-13,66.33,64.10322580645162,5,2015,2
2015-05-14,65.58,64.10322580645162,5,2015,3
2015-05-15,64.69,64.10322580645162,5,2015,4
2015-05-16,64.69,64.10322580645162,5,2015,5
2015-05-17,64.69,64.10322580645162,5,2015,6
2015-05-18,65.15,64.10322580645162,5,2015,0
2015-05-19,63.48,64.10322580645162,5,2015,1
2015-05-20,63.52,64.10322580645162,5,2015,2
2015-05-21,64.7,64.10322580645162,5,2015,3
2015-05-22,64.7,64.10322580645162,5,2015,4
2015-05-23,64.7,64.10322580645162,5,2015,5
2015-05-24,64.7,64.10322580645162,5,2015,6
2015-05-25,64.7,64.10322580645162,5,2015,0
2015-05-26,61.65,64.10322580645162,5,2015,1
2015-05-27,61.35,64.10322580645162,5,2015,2
2015-05-28,60.12,64.10322580645162,5,2015,3
2015-05-29,63.16,64.10322580645162,5,2015,4
2015-05-30,63.16,64.10322580645162,5,2015,5
2015-05-31,63.16,64.10322580645162,5,2015,6
2015-06-01,62.87,61.290333333333336,6,2015,0
2015-06-02,63.14,61.290333333333336,6,2015,1
2015-06-03,62.78,61.290333333333336,6,2015,2
2015-06-04,60.34,61.290333333333336,6,2015,3
2015-06-05,60.36,61.290333333333336,6,2015,4
2015-06-06,60.36,61.290333333333336,6,2015,5
2015-06-07,60.36,61.290333333333336,6,2015,6
2015-06-08,61.33,61.290333333333336,6,2015,0
2015-06-09,63.23,61.290333333333336,6,2015,1
2015-06-10,64.68,61.290333333333336,6,2015,2
2015-06-11,63.76,61.290333333333336,6,2015,3
2015-06-12,63.19,61.290333333333336,6,2015,4
2015-06-13,63.19,61.290333333333336,6,2015,5
2015-06-14,63.19,61.290333333333336,6,2015,6
2015-06-15,60.99,61.290333333333336,6,2015,0
2015-06-16,60.75,61.290333333333336,6,2015,1
2015-06-17,60.75,61.290333333333336,6,2015,2
2015-06-18,61.37,61.290333333333336,6,2015,3
2015-06-19,59.41,61.290333333333336,6,2015,4
2015-06-20,59.41,61.290333333333336,6,2015,5
2015-06-21,59.41,61.290333333333336,6,2015,6
2015-06-22,60.54,61.290333333333336,6,2015,0
2015-06-23,61.67,61.290333333333336,6,2015,1
2015-06-24,61.63,61.290333333333336,6,2015,2
2015-06-25,60.24,61.290333333333336,6,2015,3
2015-06-26,60.14,61.290333333333336,6,2015,4
2015-06-27,60.14,61.290333333333336,6,2015,5
2015-06-28,60.14,61.290333333333336,6,2015,6
2015-06-29,59.03,61.290333333333336,6,2015,0
2015-06-30,60.31,61.290333333333336,6,2015,1
2015-07-01,61.65,56.63903225806452,7,2015,2
2015-07-02,61.73,56.63903225806452,7,2015,3
2015-07-03,59.06,56.63903225806452,7,2015,4
2015-07-04,59.06,56.63903225806452,7,2015,5
2015-07-05,59.06,56.63903225806452,7,2015,6
2015-07-06,57.19,56.63903225806452,7,2015,0
2015-07-07,54.72,56.63903225806452,7,2015,1
2015-07-08,55.7,56.63903225806452,7,2015,2
2015-07-09,57.83,56.63903225806452,7,2015,3
2015-07-10,57.72,56.63903225806452,7,2015,4
2015-07-11,57.72,56.63903225806452,7,2015,5
2015-07-12,57.72,56.63903225806452,7,2015,6
2015-07-13,57.63,56.63903225806452,7,2015,0
2015-07-14,57.2,56.63903225806452,7,2015,1
2015-07-15,57.34,56.63903225806452,7,2015,2
2015-07-16,57.31,56.63903225806452,7,2015,3
2015-07-17,56.38,56.63903225806452,7,2015,4
2015-07-18,56.38,56.63903225806452,7,2015,5
2015-07-19,56.38,56.63903225806452,7,2015,6
2015-07-20,56.42,56.63903225806452,7,2015,0
2015-07-21,55.94,56.63903225806452,7,2015,1
2015-07-22,56.36,56.63903225806452,7,2015,2
2015-07-23,55.76,56.63903225806452,7,2015,3
2015-07-24,54.29,56.63903225806452,7,2015,4
2015-07-25,54.29,56.63903225806452,7,2015,5
2015-07-26,54.29,56.63903225806452,7,2015,6
2015-07-27,54.07,56.63903225806452,7,2015,0
2015-07-28,54.3,56.63903225806452,7,2015,1
2015-07-29,54.73,56.63903225806452,7,2015,2
2015-07-30,54.29,56.63903225806452,7,2015,3
2015-07-31,53.29,56.63903225806452,7,2015,4
2015-08-01,53.29,47.068709677419356,8,2015,5
2015-08-02,53.29,47.068709677419356,8,2015,6
2015-08-03,49.49,47.068709677419356,8,2015,0
2015-08-04,49.08,47.068709677419356,8,2015,1
2015-08-05,49.04,47.068709677419356,8,2015,2
2015-08-06,47.8,47.068709677419356,8,2015,3
2015-08-07,47.54,47.068709677419356,8,2015,4
2015-08-08,47.54,47.068709677419356,8,2015,5
2015-08-09,47.54,47.068709677419356,8,2015,6
2015-08-10,48.3,47.068709677419356,8,2015,0
2015-08-11,47.33,47.068709677419356,8,2015,1
2015-08-12,48.29,47.068709677419356,8,2015,2
2015-08-13,48.01,47.068709677419356,8,2015,3
2015-08-14,47.79,47.068709677419356,8,2015,4
2015-08-15,47.79,47.068709677419356,8,2015,5
2015-08-16,47.79,47.068709677419356,8,2015,6
2015-08-17,47.77,47.068709677419356,8,2015,0
2015-08-18,47.0,47.068709677419356,8,2015,1
2015-08-19,45.75,47.068709677419356,8,2015,2
2015-08-20,45.63,47.068709677419356,8,2015,3
2015-08-21,43.84,47.068709677419356,8,2015,4
2015-08-22,43.84,47.068709677419356,8,2015,5
2015-08-23,43.84,47.068709677419356,8,2015,6
2015-08-24,41.59,47.068709677419356,8,2015,0
2015-08-25,41.86,47.068709677419356,8,2015,1
2015-08-26,41.76,47.068709677419356,8,2015,2
2015-08-27,44.46,47.068709677419356,8,2015,3
2015-08-28,47.97,47.068709677419356,8,2015,4
2015-08-29,47.97,47.068709677419356,8,2015,5
2015-08-30,47.97,47.068709677419356,8,2015,6
2015-08-31,47.97,47.068709677419356,8,2015,0
2015-09-01,48.8,47.59166666666667,9,2015,1
2015-09-02,47.67,47.59166666666667,9,2015,2
2015-09-03,50.41,47.59166666666667,9,2015,3
2015-09-04,48.59,47.59166666666667,9,2015,4
2015-09-05,48.59,47.59166666666667,9,2015,5
2015-09-06,48.59,47.59166666666667,9,2015,6
2015-09-07,46.42,47.59166666666667,9,2015,0
2015-09-08,48.88,47.59166666666667,9,2015,1
2015-09-09,48.04,47.59166666666667,9,2015,2
2015-09-10,47.77,47.59166666666667,9,2015,3
2015-09-11,46.87,47.59166666666667,9,2015,4
2015-09-12,46.87,47.59166666666667,9,2015,5
2015-09-13,46.87,47.59166666666667,9,2015,6
2015-09-14,45.87,47.59166666666667,9,2015,0
2015-09-15,45.91,47.59166666666667,9,2015,1
2015-09-16,49.35,47.59166666666667,9,2015,2
2015-09-17,48.27,47.59166666666667,9,2015,3
2015-09-18,47.28,47.59166666666667,9,2015,4
2015-09-19,47.28,47.59166666666667,9,2015,5
2015-09-20,47.28,47.59166666666667,9,2015,6
2015-09-21,47.64,47.59166666666667,9,2015,0
2015-09-22,46.69,47.59166666666667,9,2015,1
2015-09-23,48.0,47.59166666666667,9,2015,2
2015-09-24,47.06,47.59166666666667,9,2015,3
2015-09-25,47.28,47.59166666666667,9,2015,4
2015-09-26,47.28,47.59166666666667,9,2015,5
2015-09-27,47.28,47.59166666666667,9,2015,6
2015-09-28,46.04,47.59166666666667,9,2015,0
2015-09-29,47.58,47.59166666666667,9,2015,1
2015-09-30,47.29,47.59166666666667,9,2015,2
2015-10-01,47.48,48.42709677419355,10,2015,3
2015-10-02,46.55,48.42709677419355,10,2015,4
2015-10-03,46.55,48.42709677419355,10,2015,5
2015-10-04,46.55,48.42709677419355,10,2015,6
2015-10-05,49.45,48.42709677419355,10,2015,0
2015-10-06,51.34,48.42709677419355,10,2015,1
2015-10-07,51.66,48.42709677419355,10,2015,2
2015-10-08,52.13,48.42709677419355,10,2015,3
2015-10-09,52.08,48.42709677419355,10,2015,4
2015-10-10,52.08,48.42709677419355,10,2015,5
2015-10-11,52.08,48.42709677419355,10,2015,6
2015-10-12,50.95,48.42709677419355,10,2015,0
2015-10-13,48.94,48.42709677419355,10,2015,1
2015-10-14,48.25,48.42709677419355,10,2015,2
2015-10-15,47.87,48.42709677419355,10,2015,3
2015-10-16,48.96,48.42709677419355,10,2015,4
2015-10-17,48.96,48.42709677419355,10,2015,5
2015-10-18,48.96,48.42709677419355,10,2015,6
2015-10-19,47.51,48.42709677419355,10,2015,0
2015-10-20,46.93,48.42709677419355,10,2015,1
2015-10-21,46.72,48.42709677419355,10,2015,2
2015-10-22,46.59,48.42709677419355,10,2015,3
2015-10-23,46.3,48.42709677419355,10,2015,4
2015-10-24,46.3,48.42709677419355,10,2015,5
2015-10-25,46.3,48.42709677419355,10,2015,6
2015-10-26,46.57,48.42709677419355,10,2015,0
2015-10-27,45.54,48.42709677419355,10,2015,1
2015-10-28,47.6,48.42709677419355,10,2015,2
2015-10-29,48.04,48.42709677419355,10,2015,3
2015-10-30,48.0,48.42709677419355,10,2015,4
2015-10-31,48.0,48.42709677419355,10,2015,5
2015-11-01,48.0,44.162666666666674,11,2015,6
2015-11-02,47.91,44.162666666666674,11,2015,0
2015-11-03,48.0,44.162666666666674,11,2015,1
2015-11-04,46.96,44.162666666666674,11,2015,2
2015-11-05,47.19,44.162666666666674,11,2015,3
2015-11-06,46.09,44.162666666666674,11,2015,4
2015-11-07,46.09,44.162666666666674,11,2015,5
2015-11-08,46.09,44.162666666666674,11,2015,6
2015-11-09,45.38,44.162666666666674,11,2015,0
2015-11-10,46.44,44.162666666666674,11,2015,1
2015-11-11,44.98,44.162666666666674,11,2015,2
2015-11-12,44.98,44.162666666666674,11,2015,3
2015-11-13,41.98,44.162666666666674,11,2015,4
2015-11-14,41.98,44.162666666666674,11,2015,5
2015-11-15,41.98,44.162666666666674,11,2015,6
2015-11-16,40.28,44.162666666666674,11,2015,0
2015-11-17,41.28,44.162666666666674,11,2015,1
2015-11-18,41.45,44.162666666666674,11,2015,2
2015-11-19,42.22,44.162666666666674,11,2015,3
2015-11-20,42.49,44.162666666666674,11,2015,4
2015-11-21,42.49,44.162666666666674,11,2015,5
2015-11-22,42.49,44.162666666666674,11,2015,6
2015-11-23,43.7,44.162666666666674,11,2015,0
2015-11-24,44.38,44.162666666666674,11,2015,1
2015-11-25,43.56,44.162666666666674,11,2015,2
2015-11-26,43.55,44.162666666666674,11,2015,3
2015-11-27,43.07,44.162666666666674,11,2015,4
2015-11-28,43.07,44.162666666666674,11,2015,5
2015-11-29,43.07,44.162666666666674,11,2015,6
2015-11-30,43.73,44.162666666666674,11,2015,0
2015-12-01,42.97,38.00516129032258,12,2015,1
2015-12-02,41.92,38.00516129032258,12,2015,2
2015-12-03,42.0,38.00516129032258,12,2015,3
2015-12-04,41.44,38.00516129032258,12,2015,4
2015-12-05,41.44,38.00516129032258,12,2015,5
2015-12-06,41.44,38.00516129032258,12,2015,6
2015-12-07,39.69,38.00516129032258,12,2015,0
2015-12-08,39.44,38.00516129032258,12,2015,1
2015-12-09,39.04,38.00516129032258,12,2015,2
2015-12-10,38.65,38.00516129032258,12,2015,3
2015-12-11,36.99,38.00516129032258,12,2015,4
2015-12-12,36.99,38.00516129032258,12,2015,5
2015-12-13,36.99,38.00516129032258,12,2015,6
2015-12-14,36.51,38.00516129032258,12,2015,0
2015-12-15,37.66,38.00516129032258,12,2015,1
2015-12-16,36.96,38.00516129032258,12,2015,2
2015-12-17,36.29,38.00516129032258,12,2015,3
2015-12-18,36.76,38.00516129032258,12,2015,4
2015-12-19,36.76,38.00516129032258,12,2015,5
2015-12-20,36.76,38.00516129032258,12,2015,6
2015-12-21,35.34,38.00516129032258,12,2015,0
2015-12-22,35.26,38.00516129032258,12,2015,1
2015-12-23,35.79,38.00516129032258,12,2015,2
2015-12-24,37.22,38.00516129032258,12,2015,3
2015-12-25,37.22,38.00516129032258,12,2015,4
2015-12-26,37.22,38.00516129032258,12,2015,5
2015-12-27,37.22,38.00516129032258,12,2015,6
2015-12-28,37.08,38.00516129032258,12,2015,0
2015-12-29,36.85,38.00516129032258,12,2015,1
2015-12-30,35.65,38.00516129032258,12,2015,2
2015-12-31,36.61,38.00516129032258,12,2015,3
2016-01-01,36.61,31.353548387096776,1,2016,4
2016-01-02,36.61,31.353548387096776,1,2016,5
2016-01-03,36.61,31.353548387096776,1,2016,6
2016-01-04,36.28,31.353548387096776,1,2016,0
2016-01-05,35.56,31.353548387096776,1,2016,1
2016-01-06,33.89,31.353548387096776,1,2016,2
2016-01-07,33.57,31.353548387096776,1,2016,3
2016-01-08,31.67,31.353548387096776,1,2016,4
2016-01-09,31.67,31.353548387096776,1,2016,5
2016-01-10,31.67,31.353548387096776,1,2016,6
2016-01-11,30.14,31.353548387096776,1,2016,0
2016-01-12,29.14,31.353548387096776,1,2016,1
2016-01-13,28.58,31.353548387096776,1,2016,2
2016-01-14,28.84,31.353548387096776,1,2016,3
2016-01-15,28.8,31.353548387096776,1,2016,4
2016-01-16,28.8,31.353548387096776,1,2016,5
2016-01-17,28.8,31.353548387096776,1,2016,6
2016-01-18,27.36,31.353548387096776,1,2016,0
2016-01-19,27.36,31.353548387096776,1,2016,1
2016-01-20,26.01,31.353548387096776,1,2016,2
2016-01-21,27.59,31.353548387096776,1,2016,3
2016-01-22,30.46,31.353548387096776,1,2016,4
2016-01-23,30.46,31.353548387096776,1,2016,5
2016-01-24,30.46,31.353548387096776,1,2016,6
2016-01-25,29.82,31.353548387096776,1,2016,0
2016-01-26,30.94,31.353548387096776,1,2016,1
2016-01-27,31.83,31.353548387096776,1,2016,2
2016-01-28,33.01,31.353548387096776,1,2016,3
2016-01-29,33.14,31.353548387096776,1,2016,4
2016-01-30,33.14,31.353548387096776,1,2016,5
2016-01-31,33.14,31.353548387096776,1,2016,6
2016-02-01,32.45,32.36448275862069,2,2016,0
2016-02-02,30.98,32.36448275862069,2,2016,1
2016-02-03,32.38,32.36448275862069,2,2016,2
2016-02-04,32.76,32.36448275862069,2,2016,3
2016-02-05,32.35,32.36448275862069,2,2016,4
2016-02-06,32.35,32.36448275862069,2,2016,5
2016-02-07,32.35,32.36448275862069,2,2016,6
2016-02-08,31.64,32.36448275862069,2,2016,0
2016-02-09,30.15,32.36448275862069,2,2016,1
2016-02-10,29.64,32.36448275862069,2,2016,2
2016-02-11,28.82,32.36448275862069,2,2016,3
2016-02-12,31.8,32.36448275862069,2,2016,4
2016-02-13,31.8,32.36448275862069,2,2016,5
2016-02-14,31.8,32.36448275862069,2,2016,6
2016-02-15,31.8,32.36448275862069,2,2016,0
2016-02-16,31.09,32.36448275862069,2,2016,1
2016-02-17,33.21,32.36448275862069,2,2016,2
2016-02-18,33.2,32.36448275862069,2,2016,3
2016-02-19,31.66,32.36448275862069,2,2016,4
2016-02-20,31.66,32.36448275862069,2,2016,5
2016-02-21,31.66,32.36448275862069,2,2016,6
2016-02-22,33.59,32.36448275862069,2,2016,0
2016-02-23,31.9,32.36448275862069,2,2016,1
2016-02-24,31.5,32.36448275862069,2,2016,2
2016-02-25,32.83,32.36448275862069,2,2016,3
2016-02-26,35.76,32.36448275862069,2,2016,4
2016-02-27,35.76,32.36448275862069,2,2016,5
2016-02-28,35.76,32.36448275862069,2,2016,6
2016-02-29,35.92,32.36448275862069,2,2016,0
2016-03-01,35.73,38.32838709677419,3,2016,1
2016-03-02,36.38,38.32838709677419,3,2016,2
2016-03-03,35.75,38.32838709677419,3,2016,3
2016-03-04,37.61,38.32838709677419,3,2016,4
2016-03-05,37.61,38.32838709677419,3,2016,5
2016-03-06,37.61,38.32838709677419,3,2016,6
2016-03-07,39.02,38.32838709677419,3,2016,0
2016-03-08,39.16,38.32838709677419,3,2016,1
2016-03-09,40.26,38.32838709677419,3,2016,2
2016-03-10,38.63,38.32838709677419,3,2016,3
2016-03-11,39.41,38.32838709677419,3,2016,4
2016-03-12,39.41,38.32838709677419,3,2016,5
2016-03-13,39.41,38.32838709677419,3,2016,6
2016-03-14,38.06,38.32838709677419,3,2016,0
2016-03-15,37.49,38.32838709677419,3,2016,1
2016-03-16,38.38,38.32838709677419,3,2016,2
2016-03-17,39.29,38.32838709677419,3,2016,3
2016-03-18,39.26,38.32838709677419,3,2016,4
2016-03-19,39.26,38.32838709677419,3,2016,5
2016-03-20,39.26,38.32838709677419,3,2016,6
2016-03-21,39.91,38.32838709677419,3,2016,0
2016-03-22,40.54,38.32838709677419,3,2016,1
2016-03-23,38.84,38.32838709677419,3,2016,2
2016-03-24,38.33,38.32838709677419,3,2016,3
2016-03-25,38.33,38.32838709677419,3,2016,4
2016-03-26,38.33,38.32838709677419,3,2016,5
2016-03-27,38.33,38.32838709677419,3,2016,6
2016-03-28,38.33,38.32838709677419,3,2016,0
2016-03-29,36.75,38.32838709677419,3,2016,1
2016-03-30,36.75,38.32838709677419,3,2016,2
2016-03-31,36.75,38.32838709677419,3,2016,3
2016-04-01,36.42,41.45766666666667,4,2016,4
2016-04-02,36.42,41.45766666666667,4,2016,5
2016-04-03,36.42,41.45766666666667,4,2016,6
2016-04-04,36.05,41.45766666666667,4,2016,0
2016-04-05,35.88,41.45766666666667,4,2016,1
2016-04-06,37.77,41.45766666666667,4,2016,2
2016-04-07,37.15,41.45766666666667,4,2016,3
2016-04-08,40.71,41.45766666666667,4,2016,4
2016-04-09,40.71,41.45766666666667,4,2016,5
2016-04-10,40.71,41.45766666666667,4,2016,6
2016-04-11,41.58,41.45766666666667,4,2016,0
2016-04-12,43.02,41.45766666666667,4,2016,1
2016-04-13,42.81,41.45766666666667,4,2016,2
2016-04-14,43.02,41.45766666666667,4,2016,3
2016-04-15,41.32,41.45766666666667,4,2016,4
2016-04-16,41.32,41.45766666666667,4,2016,5
2016-04-17,41.32,41.45766666666667,4,2016,6
2016-04-18,41.64,41.45766666666667,4,2016,0
2016-04-19,43.02,41.45766666666667,4,2016,1
2016-04-20,43.09,41.45766666666667,4,2016,2
2016-04-21,43.48,41.45766666666667,4,2016,3
2016-04-22,43.97,41.45766666666667,4,2016,4
2016-04-23,43.97,41.45766666666667,4,2016,5
2016-04-24,43.97,41.45766666666667,4,2016,6
2016-04-25,42.97,41.45766666666667,4,2016,0
2016-04-26,43.94,41.45766666666667,4,2016,1
2016-04-27,44.17,41.45766666666667,4,2016,2
2016-04-28,45.6,41.45766666666667,4,2016,3
2016-04-29,45.64,41.45766666666667,4,2016,4
2016-04-30,45.64,41.45766666666667,4,2016,5
2016-05-01,45.64,46.93161290322581,5,2016,6
2016-05-02,45.82,46.93161290322581,5,2016,0
2016-05-03,43.09,46.93161290322581,5,2016,1
2016-05-04,43.08,46.93161290322581,5,2016,2
2016-05-05,44.39,46.93161290322581,5,2016,3
2016-05-06,44.6,46.93161290322581,5,2016,4
2016-05-07,44.6,46.93161290322581,5,2016,5
2016-05-08,44.6,46.93161290322581,5,2016,6
2016-05-09,42.43,46.93161290322581,5,2016,0
2016-05-10,44.01,46.93161290322581,5,2016,1
2016-05-11,46.08,46.93161290322581,5,2016,2
2016-05-12,46.43,46.93161290322581,5,2016,3
2016-05-13,47.05,46.93161290322581,5,2016,4
2016-05-14,47.05,46.93161290322581,5,2016,5
2016-05-15,47.05,46.93161290322581,5,2016,6
2016-05-16,48.49,46.93161290322581,5,2016,0
2016-05-17,48.71,46.93161290322581,5,2016,1
2016-05-18,48.93,46.93161290322581,5,2016,2
2016-05-19,47.01,46.93161290322581,5,2016,3
2016-05-20,48.54,46.93161290322581,5,2016,4
2016-05-21,48.54,46.93161290322581,5,2016,5
2016-05-22,48.54,46.93161290322581,5,2016,6
2016-05-23,47.77,46.93161290322581,5,2016,0
2016-05-24,48.42,46.93161290322581,5,2016,1
2016-05-25,48.87,46.93161290322581,5,2016,2
2016-05-26,49.52,46.93161290322581,5,2016,3
2016-05-27,49.09,46.93161290322581,5,2016,4
2016-05-28,49.09,46.93161290322581,5,2016,5
2016-05-29,49.09,46.93161290322581,5,2016,6
2016-05-30,49.09,46.93161290322581,5,2016,0
2016-05-31,49.26,46.93161290322581,5,2016,1
2016-06-01,48.81,48.14533333333333,6,2016,2
2016-06-02,49.05,48.14533333333333,6,2016,3
2016-06-03,48.5,48.14533333333333,6,2016,4
2016-06-04,48.5,48.14533333333333,6,2016,5
2016-06-05,48.5,48.14533333333333,6,2016,6
2016-06-06,48.94,48.14533333333333,6,2016,0
2016-06-07,49.76,48.14533333333333,6,2016,1
2016-06-08,50.73,48.14533333333333,6,2016,2
2016-06-09,50.59,48.14533333333333,6,2016,3
2016-06-10,49.7,48.14533333333333,6,2016,4
2016-06-11,49.7,48.14533333333333,6,2016,5
2016-06-12,49.7,48.14533333333333,6,2016,6
2016-06-13,49.36,48.14533333333333,6,2016,0
2016-06-14,47.88,48.14533333333333,6,2016,1
2016-06-15,47.47,48.14533333333333,6,2016,2
2016-06-16,45.66,48.14533333333333,6,2016,3
2016-06-17,46.57,48.14533333333333,6,2016,4
2016-06-18,46.57,48.14533333333333,6,2016,5
2016-06-19,46.57,48.14533333333333,6,2016,6
2016-06-20,48.68,48.14533333333333,6,2016,0
2016-06-21,48.18,48.14533333333333,6,2016,1
2016-06-22,48.43,48.14533333333333,6,2016,2
2016-06-23,48.63,48.14533333333333,6,2016,3
2016-06-24,46.69,48.14533333333333,6,2016,4
2016-06-25,46.69,48.14533333333333,6,2016,5
2016-06-26,46.69,48.14533333333333,6,2016,6
2016-06-27,45.07,48.14533333333333,6,2016,0
2016-06-28,46.29,48.14533333333333,6,2016,1
2016-06-29,48.4,48.14533333333333,6,2016,2
2016-06-30,48.05,48.14533333333333,6,2016,3
2016-07-01,47.65,44.86612903225806,7,2016,4
2016-07-02,47.65,44.86612903225806,7,2016,5
2016-07-03,47.65,44.86612903225806,7,2016,6
2016-07-04,48.02,44.86612903225806,7,2016,0
2016-07-05,45.64,44.86612903225806,7,2016,1
2016-07-06,45.7,44.86612903225806,7,2016,2
2016-07-07,45.93,44.86612903225806,7,2016,3
2016-07-08,44.53,44.86612903225806,7,2016,4
2016-07-09,44.53,44.86612903225806,7,2016,5
2016-07-10,44.53,44.86612903225806,7,2016,6
2016-07-11,44.04,44.86612903225806,7,2016,0
2016-07-12,46.72,44.86612903225806,7,2016,1
2016-07-13,44.67,44.86612903225806,7,2016,2
2016-07-14,46.01,44.86612903225806,7,2016,3
2016-07-15,46.25,44.86612903225806,7,2016,4
2016-07-16,46.25,44.86612903225806,7,2016,5
2016-07-17,46.25,44.86612903225806,7,2016,6
2016-07-18,45.35,44.86612903225806,7,2016,0
2016-07-19,45.7,44.86612903225806,7,2016,1
2016-07-20,45.82,44.86612903225806,7,2016,2
2016-07-21,44.99,44.86612903225806,7,2016,3
2016-07-22,44.24,44.86612903225806,7,2016,4
2016-07-23,44.24,44.86612903225806,7,2016,5
2016-07-24,44.24,44.86612903225806,7,2016,6
2016-07-25,43.76,44.86612903225806,7,2016,0
2016-07-26,43.56,44.86612903225806,7,2016,1
2016-07-27,42.78,44.86612903225806,7,2016,2
2016-07-28,41.87,44.86612903225806,7,2016,3
2016-07-29,40.76,44.86612903225806,7,2016,4
2016-07-30,40.76,44.86612903225806,7,2016,5
2016-07-31,40.76,44.86612903225806,7,2016,6
2016-08-01,40.17,46.053870967741936,8,2016,0
2016-08-02,40.0,46.053870967741936,8,2016,1
2016-08-03,40.45,46.053870967741936,8,2016,2
2016-08-04,41.33,46.053870967741936,8,2016,3
2016-08-05,42.47,46.053870967741936,8,2016,4
2016-08-06,42.47,46.053870967741936,8,2016,5
2016-08-07,42.47,46.053870967741936,8,2016,6
2016-08-08,43.24,46.053870967741936,8,2016,0
2016-08-09,43.37,46.053870967741936,8,2016,1
2016-08-10,42.19,46.053870967741936,8,2016,2
2016-08-11,44.23,46.053870967741936,8,2016,3
2016-08-12,45.12,46.053870967741936,8,2016,4
2016-08-13,45.12,46.053870967741936,8,2016,5
2016-08-14,45.12,46.053870967741936,8,2016,6
2016-08-15,47.31,46.053870967741936,8,2016,0
2016-08-16,48.27,46.053870967741936,8,2016,1
2016-08-17,48.58,46.053870967741936,8,2016,2
2016-08-18,49.46,46.053870967741936,8,2016,3
2016-08-19,49.39,46.053870967741936,8,2016,4
2016-08-20,49.39,46.053870967741936,8,2016,5
2016-08-21,49.39,46.053870967741936,8,2016,6
2016-08-22,48.1,46.053870967741936,8,2016,0
2016-08-23,48.7,46.053870967741936,8,2016,1
2016-08-24,47.56,46.053870967741936,8,2016,2
2016-08-25,49.25,46.053870967741936,8,2016,3
2016-08-26,49.66,46.053870967741936,8,2016,4
2016-08-27,49.66,46.053870967741936,8,2016,5
2016-08-28,49.66,46.053870967741936,8,2016,6
2016-08-29,49.66,46.053870967741936,8,2016,0
2016-08-30,47.94,46.053870967741936,8,2016,1
2016-08-31,47.94,46.053870967741936,8,2016,2
2016-09-01,45.05,46.56966666666666,9,2016,3
2016-09-02,45.96,46.56966666666666,9,2016,4
2016-09-03,45.96,46.56966666666666,9,2016,5
2016-09-04,45.96,46.56966666666666,9,2016,6
2016-09-05,46.72,46.56966666666666,9,2016,0
2016-09-06,46.21,46.56966666666666,9,2016,1
2016-09-07,47.0,46.56966666666666,9,2016,2
2016-09-08,49.23,46.56966666666666,9,2016,3
2016-09-09,48.37,46.56966666666666,9,2016,4
2016-09-10,48.37,46.56966666666666,9,2016,5
2016-09-11,48.37,46.56966666666666,9,2016,6
2016-09-12,47.82,46.56966666666666,9,2016,0
2016-09-13,46.48,46.56966666666666,9,2016,1
2016-09-14,45.65,46.56966666666666,9,2016,2
2016-09-15,45.83,46.56966666666666,9,2016,3
2016-09-16,45.26,46.56966666666666,9,2016,4
2016-09-17,45.26,46.56966666666666,9,2016,5
2016-09-18,45.26,46.56966666666666,9,2016,6
2016-09-19,46.04,46.56966666666666,9,2016,0
2016-09-20,45.24,46.56966666666666,9,2016,1
2016-09-21,45.99,46.56966666666666,9,2016,2
2016-09-22,47.21,46.56966666666666,9,2016,3
2016-09-23,46.71,46.56966666666666,9,2016,4
2016-09-24,46.71,46.56966666666666,9,2016,5
2016-09-25,46.71,46.56966666666666,9,2016,6
2016-09-26,46.61,46.56966666666666,9,2016,0
2016-09-27,44.95,46.56966666666666,9,2016,1
2016-09-28,45.49,46.56966666666666,9,2016,2
2016-09-29,48.43,46.56966666666666,9,2016,3
2016-09-30,48.24,46.56966666666666,9,2016,4
2016-10-01,48.24,49.39645161290323,10,2016,5
2016-10-02,48.24,49.39645161290323,10,2016,6
2016-10-03,48.61,49.39645161290323,10,2016,0
2016-10-04,48.81,49.39645161290323,10,2016,1
2016-10-05,49.57,49.39645161290323,10,2016,2
2016-10-06,50.14,49.39645161290323,10,2016,3
2016-10-07,50.49,49.39645161290323,10,2016,4
2016-10-08,50.49,49.39645161290323,10,2016,5
2016-10-09,50.49,49.39645161290323,10,2016,6
2016-10-10,51.54,49.39645161290323,10,2016,0
2016-10-11,50.48,49.39645161290323,10,2016,1
2016-10-12,49.53,49.39645161290323,10,2016,2
2016-10-13,49.29,49.39645161290323,10,2016,3
2016-10-14,48.87,49.39645161290323,10,2016,4
2016-10-15,48.87,49.39645161290323,10,2016,5
2016-10-16,48.87,49.39645161290323,10,2016,6
2016-10-17,49.31,49.39645161290323,10,2016,0
2016-10-18,49.81,49.39645161290323,10,2016,1
2016-10-19,51.85,49.39645161290323,10,2016,2
2016-10-20,50.42,49.39645161290323,10,2016,3
2016-10-21,50.28,49.39645161290323,10,2016,4
2016-10-22,50.28,49.39645161290323,10,2016,5
2016-10-23,50.28,49.39645161290323,10,2016,6
2016-10-24,49.8,49.39645161290323,10,2016,0
2016-10-25,49.08,49.39645161290323,10,2016,1
2016-10-26,48.98,49.39645161290323,10,2016,2
2016-10-27,49.13,49.39645161290323,10,2016,3
2016-10-28,47.78,49.39645161290323,10,2016,4
2016-10-29,47.78,49.39645161290323,10,2016,5
2016-10-30,47.78,49.39645161290323,10,2016,6
2016-10-31,46.2,49.39645161290323,10,2016,0
2016-11-01,45.77,44.498333333333335,11,2016,1
2016-11-02,44.26,44.498333333333335,11,2016,2
2016-11-03,43.84,44.498333333333335,11,2016,3
2016-11-04,43.06,44.498333333333335,11,2016,4
2016-11-05,43.06,44.498333333333335,11,2016,5
2016-11-06,43.06,44.498333333333335,11,2016,6
2016-11-07,42.83,44.498333333333335,11,2016,0
2016-11-08,43.47,44.498333333333335,11,2016,1
2016-11-09,43.88,44.498333333333335,11,2016,2
2016-11-10,43.67,44.498333333333335,11,2016,3
2016-11-11,41.61,44.498333333333335,11,2016,4
2016-11-12,41.61,44.498333333333335,11,2016,5
2016-11-13,41.61,44.498333333333335,11,2016,6
2016-11-14,41.83,44.498333333333335,11,2016,0
2016-11-15,44.15,44.498333333333335,11,2016,1
2016-11-16,45.07,44.498333333333335,11,2016,2
2016-11-17,44.57,44.498333333333335,11,2016,3
2016-11-18,44.41,44.498333333333335,11,2016,4
2016-11-19,44.41,44.498333333333335,11,2016,5
2016-11-20,44.41,44.498333333333335,11,2016,6
2016-11-21,45.96,44.498333333333335,11,2016,0
2016-11-22,46.1,44.498333333333335,11,2016,1
2016-11-23,46.54,44.498333333333335,11,2016,2
2016-11-24,47.54,44.498333333333335,11,2016,3
2016-11-25,46.32,44.498333333333335,11,2016,4
2016-11-26,46.32,44.498333333333335,11,2016,5
2016-11-27,46.32,44.498333333333335,11,2016,6
2016-11-28,46.64,44.498333333333335,11,2016,0
2016-11-29,44.68,44.498333333333335,11,2016,1
2016-11-30,47.95,44.498333333333335,11,2016,2
2016-12-01,52.28,53.362258064516126,12,2016,3
2016-12-02,52.35,53.362258064516126,12,2016,4
2016-12-03,52.35,53.362258064516126,12,2016,5
2016-12-04,52.35,53.362258064516126,12,2016,6
2016-12-05,53.3,53.362258064516126,12,2016,0
2016-12-06,52.31,53.362258064516126,12,2016,1
2016-12-07,51.9,53.362258064516126,12,2016,2
2016-12-08,51.6,53.362258064516126,12,2016,3
2016-12-09,52.19,53.362258064516126,12,2016,4
2016-12-10,52.19,53.362258064516126,12,2016,5
2016-12-11,52.19,53.362258064516126,12,2016,6
2016-12-12,53.99,53.362258064516126,12,2016,0
2016-12-13,53.28,53.362258064516126,12,2016,1
2016-12-14,53.15,53.362258064516126,12,2016,2
2016-12-15,51.72,53.362258064516126,12,2016,3
2016-12-16,54.15,53.362258064516126,12,2016,4
2016-12-17,54.15,53.362258064516126,12,2016,5
2016-12-18,54.15,53.362258064516126,12,2016,6
2016-12-19,53.53,53.362258064516126,12,2016,0
2016-12-20,54.56,53.362258064516126,12,2016,1
2016-12-21,53.01,53.362258064516126,12,2016,2
2016-12-22,54.04,53.362258064516126,12,2016,3
2016-12-23,53.93,53.362258064516126,12,2016,4
2016-12-24,53.93,53.362258064516126,12,2016,5
2016-12-25,53.93,53.362258064516126,12,2016,6
2016-12-26,53.93,53.362258064516126,12,2016,0
2016-12-27,53.93,53.362258064516126,12,2016,1
2016-12-28,54.95,53.362258064516126,12,2016,2
2016-12-29,54.97,53.362258064516126,12,2016,3
2016-12-30,54.96,53.362258064516126,12,2016,4
2016-12-31,54.96,53.362258064516126,12,2016,5
2017-01-01,54.96,54.71774193548387,1,2017,6
2017-01-02,54.96,54.71774193548387,1,2017,0
2017-01-03,55.05,54.71774193548387,1,2017,1
2017-01-04,54.57,54.71774193548387,1,2017,2
2017-01-05,54.99,54.71774193548387,1,2017,3
2017-01-06,55.9,54.71774193548387,1,2017,4
2017-01-07,55.9,54.71774193548387,1,2017,5
2017-01-08,55.9,54.71774193548387,1,2017,6
2017-01-09,54.39,54.71774193548387,1,2017,0
2017-01-10,53.2,54.71774193548387,1,2017,1
2017-01-11,53.61,54.71774193548387,1,2017,2
2017-01-12,54.51,54.71774193548387,1,2017,3
2017-01-13,54.37,54.71774193548387,1,2017,4
2017-01-14,54.37,54.71774193548387,1,2017,5
2017-01-15,54.37,54.71774193548387,1,2017,6
2017-01-16,54.3,54.71774193548387,1,2017,0
2017-01-17,54.68,54.71774193548387,1,2017,1
2017-01-18,53.77,54.71774193548387,1,2017,2
2017-01-19,53.18,54.71774193548387,1,2017,3
2017-01-20,55.04,54.71774193548387,1,2017,4
2017-01-21,55.04,54.71774193548387,1,2017,5
2017-01-22,55.04,54.71774193548387,1,2017,6
2017-01-23,54.8,54.71774193548387,1,2017,0
2017-01-24,54.7,54.71774193548387,1,2017,1
2017-01-25,54.34,54.71774193548387,1,2017,2
2017-01-26,55.89,54.71774193548387,1,2017,3
2017-01-27,54.8,54.71774193548387,1,2017,4
2017-01-28,54.8,54.71774193548387,1,2017,5
2017-01-29,54.8,54.71774193548387,1,2017,6
2017-01-30,54.77,54.71774193548387,1,2017,0
2017-01-31,55.25,54.71774193548387,1,2017,1
2017-02-01,55.79,54.9275,2,2017,2
2017-02-02,55.94,54.9275,2,2017,3
2017-02-03,55.92,54.9275,2,2017,4
2017-02-04,55.92,54.9275,2,2017,5
2017-02-05,55.92,54.9275,2,2017,6
2017-02-06,55.02,54.9275,2,2017,0
2017-02-07,53.79,54.9275,2,2017,1
2017-02-08,54.42,54.9275,2,2017,2
2017-02-09,53.98,54.9275,2,2017,3
2017-02-10,55.2,54.9275,2,2017,4
2017-02-11,55.2,54.9275,2,2017,5
2017-02-12,55.2,54.9275,2,2017,6
2017-02-13,54.15,54.9275,2,2017,0
2017-02-14,54.96,54.9275,2,2017,1
2017-02-15,54.57,54.9275,2,2017,2
2017-02-16,54.16,54.9275,2,2017,3
2017-02-17,54.48,54.9275,2,2017,4
2017-02-18,54.48,54.9275,2,2017,5
2017-02-19,54.48,54.9275,2,2017,6
2017-02-20,55.25,54.9275,2,2017,0
2017-02-21,56.34,54.9275,2,2017,1
2017-02-22,54.9,54.9275,2,2017,2
2017-02-23,55.82,54.9275,2,2017,3
2017-02-24,54.69,54.9275,2,2017,4
2017-02-25,54.69,54.9275,2,2017,5
2017-02-26,54.69,54.9275,2,2017,6
2017-02-27,54.65,54.9275,2,2017,0
2017-02-28,53.36,54.9275,2,2017,1
2017-03-01,55.72,51.520967741935486,3,2017,2
2017-03-02,54.16,51.520967741935486,3,2017,3
2017-03-03,54.12,51.520967741935486,3,2017,4
2017-03-04,54.12,51.520967741935486,3,2017,5
2017-03-05,54.12,51.520967741935486,3,2017,6
2017-03-06,54.73,51.520967741935486,3,2017,0
2017-03-07,54.61,51.520967741935486,3,2017,1
2017-03-08,53.3,51.520967741935486,3,2017,2
2017-03-09,50.65,51.520967741935486,3,2017,3
2017-03-10,50.63,51.520967741935486,3,2017,4
2017-03-11,50.63,51.520967741935486,3,2017,5
2017-03-12,50.63,51.520967741935486,3,2017,6
2017-03-13,50.1,51.520967741935486,3,2017,0
2017-03-14,49.6,51.520967741935486,3,2017,1
2017-03-15,50.63,51.520967741935486,3,2017,2
2017-03-16,50.56,51.520967741935486,3,2017,3
2017-03-17,50.58,51.520967741935486,3,2017,4
2017-03-18,50.58,51.520967741935486,3,2017,5
2017-03-19,50.58,51.520967741935486,3,2017,6
2017-03-20,50.67,51.520967741935486,3,2017,0
2017-03-21,50.14,51.520967741935486,3,2017,1
2017-03-22,49.56,51.520967741935486,3,2017,2
2017-03-23,50.17,51.520967741935486,3,2017,3
2017-03-24,49.97,51.520967741935486,3,2017,4
2017-03-25,49.97,51.520967741935486,3,2017,5
2017-03-26,49.97,51.520967741935486,3,2017,6
2017-03-27,50.12,51.520967741935486,3,2017,0
2017-03-28,50.72,51.520967741935486,3,2017,1
2017-03-29,51.36,51.520967741935486,3,2017,2
2017-03-30,52.25,51.520967741935486,3,2017,3
2017-03-31,52.2,51.520967741935486,3,2017,4
2017-04-01,52.2,52.355333333333334,4,2017,5
2017-04-02,52.2,52.355333333333334,4,2017,6
2017-04-03,52.04,52.355333333333334,4,2017,0
2017-04-04,53.08,52.355333333333334,4,2017,1
2017-04-05,53.41,52.355333333333334,4,2017,2
2017-04-06,53.62,52.355333333333334,4,2017,3
2017-04-07,54.24,52.355333333333334,4,2017,4
2017-04-08,54.24,52.355333333333334,4,2017,5
2017-04-09,54.24,52.355333333333334,4,2017,6
2017-04-10,54.79,52.355333333333334,4,2017,0
2017-04-11,54.73,52.355333333333334,4,2017,1
2017-04-12,54.75,52.355333333333334,4,2017,2
2017-04-13,55.05,52.355333333333334,4,2017,3
2017-04-14,55.05,52.355333333333334,4,2017,4
2017-04-15,55.05,52.355333333333334,4,2017,5
2017-04-16,55.05,52.355333333333334,4,2017,6
2017-04-17,54.79,52.355333333333334,4,2017,0
2017-04-18,52.6,52.355333333333334,4,2017,1
2017-04-19,52.43,52.355333333333334,4,2017,2
2017-04-20,50.66,52.355333333333334,4,2017,3
2017-04-21,49.93,52.355333333333334,4,2017,4
2017-04-22,49.93,52.355333333333334,4,2017,5
2017-04-23,49.93,52.355333333333334,4,2017,6
2017-04-24,49.45,52.355333333333334,4,2017,0
2017-04-25,49.37,52.355333333333334,4,2017,1
2017-04-26,49.99,52.355333333333334,4,2017,2
2017-04-27,49.46,52.355333333333334,4,2017,3
2017-04-28,49.46,52.355333333333334,4,2017,4
2017-04-29,49.46,52.355333333333334,4,2017,5
2017-04-30,49.46,52.355333333333334,4,2017,6
2017-05-01,50.41,50.251935483870966,5,2017,0
2017-05-02,49.31,50.251935483870966,5,2017,1
2017-05-03,48.82,50.251935483870966,5,2017,2
2017-05-04,47.53,50.251935483870966,5,2017,3
2017-05-05,47.45,50.251935483870966,5,2017,4
2017-05-06,47.45,50.251935483870966,5,2017,5
2017-05-07,47.45,50.251935483870966,5,2017,6
2017-05-08,46.61,50.251935483870966,5,2017,0
2017-05-09,47.06,50.251935483870966,5,2017,1
2017-05-10,48.09,50.251935483870966,5,2017,2
2017-05-11,49.18,50.251935483870966,5,2017,3
2017-05-12,49.08,50.251935483870966,5,2017,4
2017-05-13,49.08,50.251935483870966,5,2017,5
2017-05-14,49.08,50.251935483870966,5,2017,6
2017-05-15,51.29,50.251935483870966,5,2017,0
2017-05-16,51.21,50.251935483870966,5,2017,1
2017-05-17,51.76,50.251935483870966,5,2017,2
2017-05-18,51.71,50.251935483870966,5,2017,3
2017-05-19,52.78,50.251935483870966,5,2017,4
2017-05-20,52.78,50.251935483870966,5,2017,5
2017-05-21,52.78,50.251935483870966,5,2017,6
2017-05-22,53.35,50.251935483870966,5,2017,0
2017-05-23,53.19,50.251935483870966,5,2017,1
2017-05-24,53.29,50.251935483870966,5,2017,2
2017-05-25,52.25,50.251935483870966,5,2017,3
2017-05-26,50.84,50.251935483870966,5,2017,4
2017-05-27,50.84,50.251935483870966,5,2017,5
2017-05-28,50.84,50.251935483870966,5,2017,6
2017-05-29,52.25,50.251935483870966,5,2017,0
2017-05-30,50.65,50.251935483870966,5,2017,1
2017-05-31,49.4,50.251935483870966,5,2017,2
2017-06-01,50.41,46.33266666666667,6,2017,3
2017-06-02,48.46,46.33266666666667,6,2017,4
2017-06-03,48.46,46.33266666666667,6,2017,5
2017-06-04,48.46,46.33266666666667,6,2017,6
2017-06-05,48.25,46.33266666666667,6,2017,0
2017-06-06,48.11,46.33266666666667,6,2017,1
2017-06-07,47.08,46.33266666666667,6,2017,2
2017-06-08,46.3,46.33266666666667,6,2017,3
2017-06-09,46.64,46.33266666666667,6,2017,4
2017-06-10,46.64,46.33266666666667,6,2017,5
2017-06-11,46.64,46.33266666666667,6,2017,6
2017-06-12,47.18,46.33266666666667,6,2017,0
2017-06-13,46.95,46.33266666666667,6,2017,1
2017-06-14,45.47,46.33266666666667,6,2017,2
2017-06-15,45.61,46.33266666666667,6,2017,3
2017-06-16,45.7,46.33266666666667,6,2017,4
2017-06-17,45.7,46.33266666666667,6,2017,5
2017-06-18,45.7,46.33266666666667,6,2017,6
2017-06-19,45.93,46.33266666666667,6,2017,0
2017-06-20,43.98,46.33266666666667,6,2017,1
2017-06-21,44.62,46.33266666666667,6,2017,2
2017-06-22,44.46,46.33266666666667,6,2017,3
2017-06-23,44.14,46.33266666666667,6,2017,4
2017-06-24,44.14,46.33266666666667,6,2017,5
2017-06-25,44.14,46.33266666666667,6,2017,6
2017-06-26,44.09,46.33266666666667,6,2017,0
2017-06-27,46.17,46.33266666666667,6,2017,1
2017-06-28,46.45,46.33266666666667,6,2017,2
2017-06-29,47.02,46.33266666666667,6,2017,3
2017-06-30,47.08,46.33266666666667,6,2017,4
2017-07-01,47.08,48.38290322580645,7,2017,5
2017-07-02,47.08,48.38290322580645,7,2017,6
2017-07-03,49.13,48.38290322580645,7,2017,0
2017-07-04,49.15,48.38290322580645,7,2017,1
2017-07-05,47.58,48.38290322580645,7,2017,2
2017-07-06,48.53,48.38290322580645,7,2017,3
2017-07-07,46.47,48.38290322580645,7,2017,4
2017-07-08,46.47,48.38290322580645,7,2017,5
2017-07-09,46.47,48.38290322580645,7,2017,6
2017-07-10,46.57,48.38290322580645,7,2017,0
2017-07-11,46.68,48.38290322580645,7,2017,1
2017-07-12,46.73,48.38290322580645,7,2017,2
2017-07-13,47.65,48.38290322580645,7,2017,3
2017-07-14,47.89,48.38290322580645,7,2017,4
2017-07-15,47.89,48.38290322580645,7,2017,5
2017-07-16,47.89,48.38290322580645,7,2017,6
2017-07-17,47.66,48.38290322580645,7,2017,0
2017-07-18,47.92,48.38290322580645,7,2017,1
2017-07-19,48.34,48.38290322580645,7,2017,2
2017-07-20,48.54,48.38290322580645,7,2017,3
2017-07-21,47.47,48.38290322580645,7,2017,4
2017-07-22,47.47,48.38290322580645,7,2017,5
2017-07-23,47.47,48.38290322580645,7,2017,6
2017-07-24,47.81,48.38290322580645,7,2017,0
2017-07-25,49.19,48.38290322580645,7,2017,1
2017-07-26,50.08,48.38290322580645,7,2017,2
2017-07-27,50.67,48.38290322580645,7,2017,3
2017-07-28,52.0,48.38290322580645,7,2017,4
2017-07-29,52.0,48.38290322580645,7,2017,5
2017-07-30,52.0,48.38290322580645,7,2017,6
2017-07-31,51.99,48.38290322580645,7,2017,0
2017-08-01,50.77,51.70193548387097,8,2017,1
2017-08-02,52.09,51.70193548387097,8,2017,2
2017-08-03,52.88,51.70193548387097,8,2017,3
2017-08-04,52.48,51.70193548387097,8,2017,4
2017-08-05,52.48,51.70193548387097,8,2017,5
2017-08-06,52.48,51.70193548387097,8,2017,6
2017-08-07,51.42,51.70193548387097,8,2017,0
2017-08-08,52.18,51.70193548387097,8,2017,1
2017-08-09,52.16,51.70193548387097,8,2017,2
2017-08-10,52.59,51.70193548387097,8,2017,3
2017-08-11,51.47,51.70193548387097,8,2017,4
2017-08-12,51.47,51.70193548387097,8,2017,5
2017-08-13,51.47,51.70193548387097,8,2017,6
2017-08-14,51.29,51.70193548387097,8,2017,0
2017-08-15,49.9,51.70193548387097,8,2017,1
2017-08-16,50.39,51.70193548387097,8,2017,2
2017-08-17,50.37,51.70193548387097,8,2017,3
2017-08-18,50.96,51.70193548387097,8,2017,4
2017-08-19,50.96,51.70193548387097,8,2017,5
2017-08-20,50.96,51.70193548387097,8,2017,6
2017-08-21,51.94,51.70193548387097,8,2017,0
2017-08-22,52.29,51.70193548387097,8,2017,1
2017-08-23,52.31,51.70193548387097,8,2017,2
2017-08-24,51.73,51.70193548387097,8,2017,3
2017-08-25,51.87,51.70193548387097,8,2017,4
2017-08-26,51.87,51.70193548387097,8,2017,5
2017-08-27,51.87,51.70193548387097,8,2017,6
2017-08-28,51.87,51.70193548387097,8,2017,0
2017-08-29,51.64,51.70193548387097,8,2017,1
2017-08-30,51.91,51.70193548387097,8,2017,2
2017-08-31,52.69,51.70193548387097,8,2017,3
2017-09-01,53.15,56.01033333333333,9,2017,4
2017-09-02,53.15,56.01033333333333,9,2017,5
2017-09-03,53.15,56.01033333333333,9,2017,6
2017-09-04,52.6,56.01033333333333,9,2017,0
2017-09-05,53.63,56.01033333333333,9,2017,1
2017-09-06,54.48,56.01033333333333,9,2017,2
2017-09-07,54.16,56.01033333333333,9,2017,3
2017-09-08,54.55,56.01033333333333,9,2017,4
2017-09-09,54.55,56.01033333333333,9,2017,5
2017-09-10,54.55,56.01033333333333,9,2017,6
2017-09-11,54.2,56.01033333333333,9,2017,0
2017-09-12,55.06,56.01033333333333,9,2017,1
2017-09-13,55.52,56.01033333333333,9,2017,2
2017-09-14,56.76,56.01033333333333,9,2017,3
2017-09-15,56.18,56.01033333333333,9,2017,4
2017-09-16,56.18,56.01033333333333,9,2017,5
2017-09-17,56.18,56.01033333333333,9,2017,6
2017-09-18,55.5,56.01033333333333,9,2017,0
2017-09-19,56.58,56.01033333333333,9,2017,1
2017-09-20,57.2,56.01033333333333,9,2017,2
2017-09-21,57.73,56.01033333333333,9,2017,3
2017-09-22,58.16,56.01033333333333,9,2017,4
2017-09-23,58.16,56.01033333333333,9,2017,5
2017-09-24,58.16,56.01033333333333,9,2017,6
2017-09-25,59.42,56.01033333333333,9,2017,0
2017-09-26,59.77,56.01033333333333,9,2017,1
2017-09-27,58.74,56.01033333333333,9,2017,2
2017-09-28,58.8,56.01033333333333,9,2017,3
2017-09-29,57.02,56.01033333333333,9,2017,4
2017-09-30,57.02,56.01033333333333,9,2017,5
2017-10-01,57.02,57.5158064516129,10,2017,6
2017-10-02,55.67,57.5158064516129,10,2017,0
2017-10-03,56.12,57.5158064516129,10,2017,1
2017-10-04,56.0,57.5158064516129,10,2017,2
2017-10-05,57.09,57.5158064516129,10,2017,3
2017-10-06,55.5,57.5158064516129,10,2017,4
2017-10-07,55.5,57.5158064516129,10,2017,5
2017-10-08,55.5,57.5158064516129,10,2017,6
2017-10-09,55.29,57.5158064516129,10,2017,0
2017-10-10,56.62,57.5158064516129,10,2017,1
2017-10-11,56.13,57.5158064516129,10,2017,2
2017-10-12,56.13,57.5158064516129,10,2017,3
2017-10-13,56.86,57.5158064516129,10,2017,4
2017-10-14,56.86,57.5158064516129,10,2017,5
2017-10-15,56.86,57.5158064516129,10,2017,6
2017-10-16,57.49,57.5158064516129,10,2017,0
2017-10-17,57.63,57.5158064516129,10,2017,1
2017-10-18,58.05,57.5158064516129,10,2017,2
2017-10-19,57.82,57.5158064516129,10,2017,3
2017-10-20,57.89,57.5158064516129,10,2017,4
2017-10-21,57.89,57.5158064516129,10,2017,5
2017-10-22,57.89,57.5158064516129,10,2017,6
2017-10-23,57.69,57.5158064516129,10,2017,0
2017-10-24,57.84,57.5158064516129,10,2017,1
2017-10-25,58.45,57.5158064516129,10,2017,2
2017-10-26,58.75,57.5158064516129,10,2017,3
2017-10-27,60.15,57.5158064516129,10,2017,4
2017-10-28,60.15,57.5158064516129,10,2017,5
2017-10-29,60.15,57.5158064516129,10,2017,6
2017-10-30,60.65,57.5158064516129,10,2017,0
2017-10-31,61.35,57.5158064516129,10,2017,1
2017-11-01,60.98,62.702999999999996,11,2017,2
2017-11-02,60.79,62.702999999999996,11,2017,3
2017-11-03,61.42,62.702999999999996,11,2017,4
2017-11-04,61.42,62.702999999999996,11,2017,5
2017-11-05,61.42,62.702999999999996,11,2017,6
2017-11-06,64.27,62.702999999999996,11,2017,0
2017-11-07,64.36,62.702999999999996,11,2017,1
2017-11-08,63.96,62.702999999999996,11,2017,2
2017-11-09,64.49,62.702999999999996,11,2017,3
2017-11-10,64.35,62.702999999999996,11,2017,4
2017-11-11,64.35,62.702999999999996,11,2017,5
2017-11-12,64.35,62.702999999999996,11,2017,6
2017-11-13,62.94,62.702999999999996,11,2017,0
2017-11-14,60.91,62.702999999999996,11,2017,1
2017-11-15,61.25,62.702999999999996,11,2017,2
2017-11-16,61.18,62.702999999999996,11,2017,3
2017-11-17,61.34,62.702999999999996,11,2017,4
2017-11-18,61.34,62.702999999999996,11,2017,5
2017-11-19,61.34,62.702999999999996,11,2017,6
2017-11-20,61.34,62.702999999999996,11,2017,0
2017-11-21,62.28,62.702999999999996,11,2017,1
2017-11-22,62.92,62.702999999999996,11,2017,2
2017-11-23,63.27,62.702999999999996,11,2017,3
2017-11-24,63.58,62.702999999999996,11,2017,4
2017-11-25,63.58,62.702999999999996,11,2017,5
2017-11-26,63.58,62.702999999999996,11,2017,6
2017-11-27,63.25,62.702999999999996,11,2017,0
2017-11-28,63.56,62.702999999999996,11,2017,1
2017-11-29,63.74,62.702999999999996,11,2017,2
2017-11-30,63.53,62.702999999999996,11,2017,3
2017-12-01,64.57,64.49935483870968,12,2017,4
2017-12-02,64.57,64.49935483870968,12,2017,5
2017-12-03,64.57,64.49935483870968,12,2017,6
2017-12-04,63.45,64.49935483870968,12,2017,0
2017-12-05,63.45,64.49935483870968,12,2017,1
2017-12-06,62.25,64.49935483870968,12,2017,2
2017-12-07,62.37,64.49935483870968,12,2017,3
2017-12-08,63.86,64.49935483870968,12,2017,4
2017-12-09,63.86,64.49935483870968,12,2017,5
2017-12-10,63.86,64.49935483870968,12,2017,6
2017-12-11,65.62,64.49935483870968,12,2017,0
2017-12-12,64.96,64.49935483870968,12,2017,1
2017-12-13,63.66,64.49935483870968,12,2017,2
2017-12-14,63.72,64.49935483870968,12,2017,3
2017-12-15,63.81,64.49935483870968,12,2017,4
2017-12-16,63.81,64.49935483870968,12,2017,5
2017-12-17,63.81,64.49935483870968,12,2017,6
2017-12-18,64.45,64.49935483870968,12,2017,0
2017-12-19,63.69,64.49935483870968,12,2017,1
2017-12-20,64.43,64.49935483870968,12,2017,2
2017-12-21,64.64,64.49935483870968,12,2017,3
2017-12-22,64.61,64.49935483870968,12,2017,4
2017-12-23,64.61,64.49935483870968,12,2017,5
2017-12-24,64.61,64.49935483870968,12,2017,6
2017-12-25,64.61,64.49935483870968,12,2017,0
2017-12-26,64.61,64.49935483870968,12,2017,1
2017-12-27,66.03,64.49935483870968,12,2017,2
2017-12-28,66.8,64.49935483870968,12,2017,3
2017-12-29,66.73,64.49935483870968,12,2017,4
2017-12-30,66.73,64.49935483870968,12,2017,5
2017-12-31,66.73,64.49935483870968,12,2017,6
2018-01-01,66.73,69.00032258064518,1,2018,0
2018-01-02,66.65,69.00032258064518,1,2018,1
2018-01-03,67.85,69.00032258064518,1,2018,2
2018-01-04,68.73,69.00032258064518,1,2018,3
2018-01-05,68.01,69.00032258064518,1,2018,4
2018-01-06,68.01,69.00032258064518,1,2018,5
2018-01-07,68.01,69.00032258064518,1,2018,6
2018-01-08,68.48,69.00032258064518,1,2018,0
2018-01-09,69.08,69.00032258064518,1,2018,1
2018-01-10,69.79,69.00032258064518,1,2018,2
2018-01-11,70.36,69.00032258064518,1,2018,3
2018-01-12,69.64,69.00032258064518,1,2018,4
2018-01-13,69.64,69.00032258064518,1,2018,5
2018-01-14,69.64,69.00032258064518,1,2018,6
2018-01-15,70.31,69.00032258064518,1,2018,0
2018-01-16,69.4,69.00032258064518,1,2018,1
2018-01-17,69.19,69.00032258064518,1,2018,2
2018-01-18,69.48,69.00032258064518,1,2018,3
2018-01-19,68.56,69.00032258064518,1,2018,4
2018-01-20,68.56,69.00032258064518,1,2018,5
2018-01-21,68.56,69.00032258064518,1,2018,6
2018-01-22,69.32,69.00032258064518,1,2018,0
2018-01-23,69.81,69.00032258064518,1,2018,1
2018-01-24,69.91,69.00032258064518,1,2018,2
2018-01-25,71.08,69.00032258064518,1,2018,3
2018-01-26,70.08,69.00032258064518,1,2018,4
2018-01-27,70.08,69.00032258064518,1,2018,5
2018-01-28,70.08,69.00032258064518,1,2018,6
2018-01-29,68.41,69.00032258064518,1,2018,0
2018-01-30,67.78,69.00032258064518,1,2018,1
2018-01-31,67.78,69.00032258064518,1,2018,2
2018-02-01,68.6,65.3575,2,2018,3
2018-02-02,67.45,65.3575,2,2018,4
2018-02-03,67.45,65.3575,2,2018,5
2018-02-04,67.45,65.3575,2,2018,6
2018-02-05,67.69,65.3575,2,2018,0
2018-02-06,66.75,65.3575,2,2018,1
2018-02-07,65.74,65.3575,2,2018,2
2018-02-08,64.26,65.3575,2,2018,3
2018-02-09,63.04,65.3575,2,2018,4
2018-02-10,63.04,65.3575,2,2018,5
2018-02-11,63.04,65.3575,2,2018,6
2018-02-12,62.2,65.3575,2,2018,0
2018-02-13,61.94,65.3575,2,2018,1
2018-02-14,62.29,65.3575,2,2018,2
2018-02-15,62.86,65.3575,2,2018,3
2018-02-16,64.3,65.3575,2,2018,4
2018-02-17,64.3,65.3575,2,2018,5
2018-02-18,64.3,65.3575,2,2018,6
2018-02-19,64.95,65.3575,2,2018,0
2018-02-20,64.68,65.3575,2,2018,1
2018-02-21,64.81,65.3575,2,2018,2
2018-02-22,66.12,65.3575,2,2018,3
2018-02-23,67.04,65.3575,2,2018,4
2018-02-24,67.04,65.3575,2,2018,5
2018-02-25,67.04,65.3575,2,2018,6
2018-02-26,67.96,65.3575,2,2018,0
2018-02-27,67.59,65.3575,2,2018,1
2018-02-28,66.08,65.3575,2,2018,2
2018-03-01,64.23,66.15193548387097,3,2018,3
2018-03-02,64.26,66.15193548387097,3,2018,4
2018-03-03,64.26,66.15193548387097,3,2018,5
2018-03-04,64.26,66.15193548387097,3,2018,6
2018-03-05,65.78,66.15193548387097,3,2018,0
2018-03-06,65.67,66.15193548387097,3,2018,1
2018-03-07,65.09,66.15193548387097,3,2018,2
2018-03-08,63.87,66.15193548387097,3,2018,3
2018-03-09,65.19,66.15193548387097,3,2018,4
2018-03-10,65.19,66.15193548387097,3,2018,5
2018-03-11,65.19,66.15193548387097,3,2018,6
2018-03-12,64.53,66.15193548387097,3,2018,0
2018-03-13,64.2,66.15193548387097,3,2018,1
2018-03-14,63.61,66.15193548387097,3,2018,2
2018-03-15,63.67,66.15193548387097,3,2018,3
2018-03-16,64.68,66.15193548387097,3,2018,4
2018-03-17,64.68,66.15193548387097,3,2018,5
2018-03-18,64.68,66.15193548387097,3,2018,6
2018-03-19,64.82,66.15193548387097,3,2018,0
2018-03-20,66.0,66.15193548387097,3,2018,1
2018-03-21,68.15,66.15193548387097,3,2018,2
2018-03-22,68.98,66.15193548387097,3,2018,3
2018-03-23,69.03,66.15193548387097,3,2018,4
2018-03-24,69.03,66.15193548387097,3,2018,5
2018-03-25,69.03,66.15193548387097,3,2018,6
2018-03-26,68.81,66.15193548387097,3,2018,0
2018-03-27,68.63,66.15193548387097,3,2018,1
2018-03-28,68.13,66.15193548387097,3,2018,2
2018-03-29,69.02,66.15193548387097,3,2018,3
2018-03-30,69.02,66.15193548387097,3,2018,4
2018-03-31,69.02,66.15193548387097,3,2018,5
2018-04-01,69.02,71.98133333333334,4,2018,6
2018-04-02,69.02,71.98133333333334,4,2018,0
2018-04-03,69.02,71.98133333333334,4,2018,1
2018-04-04,66.04,71.98133333333334,4,2018,2
2018-04-05,66.54,71.98133333333334,4,2018,3
2018-04-06,66.51,71.98133333333334,4,2018,4
2018-04-07,66.51,71.98133333333334,4,2018,5
2018-04-08,66.51,71.98133333333334,4,2018,6
2018-04-09,68.19,71.98133333333334,4,2018,0
2018-04-10,70.67,71.98133333333334,4,2018,1
2018-04-11,72.74,71.98133333333334,4,2018,2
2018-04-12,71.44,71.98133333333334,4,2018,3
2018-04-13,73.18,71.98133333333334,4,2018,4
2018-04-14,73.18,71.98133333333334,4,2018,5
2018-04-15,73.18,71.98133333333334,4,2018,6
2018-04-16,72.05,71.98133333333334,4,2018,0
2018-04-17,71.71,71.98133333333334,4,2018,1
2018-04-18,73.73,71.98133333333334,4,2018,2
2018-04-19,74.85,71.98133333333334,4,2018,3
2018-04-20,74.62,71.98133333333334,4,2018,4
2018-04-21,74.62,71.98133333333334,4,2018,5
2018-04-22,74.62,71.98133333333334,4,2018,6
2018-04-23,74.54,71.98133333333334,4,2018,0
2018-04-24,75.86,71.98133333333334,4,2018,1
2018-04-25,73.79,71.98133333333334,4,2018,2
2018-04-26,75.39,71.98133333333334,4,2018,3
2018-04-27,75.33,71.98133333333334,4,2018,4
2018-04-28,75.33,71.98133333333334,4,2018,5
2018-04-29,75.33,71.98133333333334,4,2018,6
2018-04-30,75.92,71.98133333333334,4,2018,0
2018-05-01,74.85,76.83967741935484,5,2018,1
2018-05-02,73.14,76.83967741935484,5,2018,2
2018-05-03,73.45,76.83967741935484,5,2018,3
2018-05-04,74.75,76.83967741935484,5,2018,4
2018-05-05,74.75,76.83967741935484,5,2018,5
2018-05-06,74.75,76.83967741935484,5,2018,6
2018-05-07,74.75,76.83967741935484,5,2018,0
2018-05-08,74.16,76.83967741935484,5,2018,1
2018-05-09,77.6,76.83967741935484,5,2018,2
2018-05-10,77.59,76.83967741935484,5,2018,3
2018-05-11,77.37,76.83967741935484,5,2018,4
2018-05-12,77.37,76.83967741935484,5,2018,5
2018-05-13,77.37,76.83967741935484,5,2018,6
2018-05-14,78.17,76.83967741935484,5,2018,0
2018-05-15,78.94,76.83967741935484,5,2018,1
2018-05-16,78.19,76.83967741935484,5,2018,2
2018-05-17,80.09,76.83967741935484,5,2018,3
2018-05-18,78.38,76.83967741935484,5,2018,4
2018-05-19,78.38,76.83967741935484,5,2018,5
2018-05-20,78.38,76.83967741935484,5,2018,6
2018-05-21,78.34,76.83967741935484,5,2018,0
2018-05-22,80.42,76.83967741935484,5,2018,1
2018-05-23,78.69,76.83967741935484,5,2018,2
2018-05-24,78.9,76.83967741935484,5,2018,3
2018-05-25,76.6,76.83967741935484,5,2018,4
2018-05-26,76.6,76.83967741935484,5,2018,5
2018-05-27,76.6,76.83967741935484,5,2018,6
2018-05-28,76.6,76.83967741935484,5,2018,0
2018-05-29,74.51,76.83967741935484,5,2018,1
2018-05-30,75.89,76.83967741935484,5,2018,2
2018-05-31,76.45,76.83967741935484,5,2018,3
2018-06-01,74.54,74.354,6,2018,4
2018-06-02,74.54,74.354,6,2018,5
2018-06-03,74.54,74.354,6,2018,6
2018-06-04,73.41,74.354,6,2018,0
2018-06-05,72.91,74.354,6,2018,1
2018-06-06,73.23,74.354,6,2018,2
2018-06-07,75.23,74.354,6,2018,3
2018-06-08,75.11,74.354,6,2018,4
2018-06-09,75.11,74.354,6,2018,5
2018-06-10,75.11,74.354,6,2018,6
2018-06-11,74.58,74.354,6,2018,0
2018-06-12,74.86,74.354,6,2018,1
2018-06-13,75.07,74.354,6,2018,2
2018-06-14,74.77,74.354,6,2018,3
2018-06-15,72.02,74.354,6,2018,4
2018-06-16,72.02,74.354,6,2018,5
2018-06-17,72.02,74.354,6,2018,6
2018-06-18,74.87,74.354,6,2018,0
2018-06-19,74.92,74.354,6,2018,1
2018-06-20,74.25,74.354,6,2018,2
2018-06-21,72.87,74.354,6,2018,3
2018-06-22,73.67,74.354,6,2018,4
2018-06-23,73.67,74.354,6,2018,5
2018-06-24,73.67,74.354,6,2018,6
2018-06-25,72.82,74.354,6,2018,0
2018-06-26,73.58,74.354,6,2018,1
2018-06-27,76.09,74.354,6,2018,2
2018-06-28,76.26,74.354,6,2018,3
2018-06-29,77.44,74.354,6,2018,4
2018-06-30,77.44,74.354,6,2018,5
2018-07-01,77.44,74.28612903225806,7,2018,6
2018-07-02,76.71,74.28612903225806,7,2018,0
2018-07-03,75.87,74.28612903225806,7,2018,1
2018-07-04,76.99,74.28612903225806,7,2018,2
2018-07-05,77.09,74.28612903225806,7,2018,3
2018-07-06,74.98,74.28612903225806,7,2018,4
2018-07-07,74.98,74.28612903225806,7,2018,5
2018-07-08,74.98,74.28612903225806,7,2018,6
2018-07-09,77.08,74.28612903225806,7,2018,0
2018-07-10,77.8,74.28612903225806,7,2018,1
2018-07-11,75.35,74.28612903225806,7,2018,2
2018-07-12,72.11,74.28612903225806,7,2018,3
2018-07-13,74.11,74.28612903225806,7,2018,4
2018-07-14,74.11,74.28612903225806,7,2018,5
2018-07-15,74.11,74.28612903225806,7,2018,6
2018-07-16,71.03,74.28612903225806,7,2018,0
2018-07-17,70.87,74.28612903225806,7,2018,1
2018-07-18,70.52,74.28612903225806,7,2018,2
2018-07-19,71.94,74.28612903225806,7,2018,3
2018-07-20,71.99,74.28612903225806,7,2018,4
2018-07-21,71.99,74.28612903225806,7,2018,5
2018-07-22,71.99,74.28612903225806,7,2018,6
2018-07-23,73.45,74.28612903225806,7,2018,0
2018-07-24,73.53,74.28612903225806,7,2018,1
2018-07-25,73.67,74.28612903225806,7,2018,2
2018-07-26,74.51,74.28612903225806,7,2018,3
2018-07-27,74.84,74.28612903225806,7,2018,4
2018-07-28,74.84,74.28612903225806,7,2018,5
2018-07-29,74.84,74.28612903225806,7,2018,6
2018-07-30,74.99,74.28612903225806,7,2018,0
2018-07-31,74.16,74.28612903225806,7,2018,1
2018-08-01,72.28,72.39387096774193,8,2018,2
2018-08-02,72.95,72.39387096774193,8,2018,3
2018-08-03,72.48,72.39387096774193,8,2018,4
2018-08-04,72.48,72.39387096774193,8,2018,5
2018-08-05,72.48,72.39387096774193,8,2018,6
2018-08-06,72.51,72.39387096774193,8,2018,0
2018-08-07,72.31,72.39387096774193,8,2018,1
2018-08-08,70.71,72.39387096774193,8,2018,2
2018-08-09,70.55,72.39387096774193,8,2018,3
2018-08-10,71.0,72.39387096774193,8,2018,4
2018-08-11,71.0,72.39387096774193,8,2018,5
2018-08-12,71.0,72.39387096774193,8,2018,6
2018-08-13,70.62,72.39387096774193,8,2018,0
2018-08-14,70.77,72.39387096774193,8,2018,1
2018-08-15,68.38,72.39387096774193,8,2018,2
2018-08-16,69.21,72.39387096774193,8,2018,3
2018-08-17,70.14,72.39387096774193,8,2018,4
2018-08-18,70.14,72.39387096774193,8,2018,5
2018-08-19,70.14,72.39387096774193,8,2018,6
2018-08-20,71.11,72.39387096774193,8,2018,0
2018-08-21,71.65,72.39387096774193,8,2018,1
2018-08-22,72.96,72.39387096774193,8,2018,2
2018-08-23,73.73,72.39387096774193,8,2018,3
2018-08-24,74.41,72.39387096774193,8,2018,4
2018-08-25,74.41,72.39387096774193,8,2018,5
2018-08-26,74.41,72.39387096774193,8,2018,6
2018-08-27,74.41,72.39387096774193,8,2018,0
2018-08-28,75.91,72.39387096774193,8,2018,1
2018-08-29,76.07,72.39387096774193,8,2018,2
2018-08-30,77.05,72.39387096774193,8,2018,3
2018-08-31,76.94,72.39387096774193,8,2018,4
2018-09-01,76.94,78.72600000000001,9,2018,5
2018-09-02,76.94,78.72600000000001,9,2018,6
2018-09-03,77.81,78.72600000000001,9,2018,0
2018-09-04,77.51,78.72600000000001,9,2018,1
2018-09-05,76.68,78.72600000000001,9,2018,2
2018-09-06,75.67,78.72600000000001,9,2018,3
2018-09-07,75.55,78.72600000000001,9,2018,4
2018-09-08,75.55,78.72600000000001,9,2018,5
2018-09-09,75.55,78.72600000000001,9,2018,6
2018-09-10,76.77,78.72600000000001,9,2018,0
2018-09-11,78.22,78.72600000000001,9,2018,1
2018-09-12,80.02,78.72600000000001,9,2018,2
2018-09-13,77.66,78.72600000000001,9,2018,3
2018-09-14,77.87,78.72600000000001,9,2018,4
2018-09-15,77.87,78.72600000000001,9,2018,5
2018-09-16,77.87,78.72600000000001,9,2018,6
2018-09-17,78.22,78.72600000000001,9,2018,0
2018-09-18,79.25,78.72600000000001,9,2018,1
2018-09-19,79.43,78.72600000000001,9,2018,2
2018-09-20,79.03,78.72600000000001,9,2018,3
2018-09-21,78.9,78.72600000000001,9,2018,4
2018-09-22,78.9,78.72600000000001,9,2018,5
2018-09-23,78.9,78.72600000000001,9,2018,6
2018-09-24,80.89,78.72600000000001,9,2018,0
2018-09-25,82.21,78.72600000000001,9,2018,1
2018-09-26,81.87,78.72600000000001,9,2018,2
2018-09-27,81.54,78.72600000000001,9,2018,3
2018-09-28,82.72,78.72600000000001,9,2018,4
2018-09-29,82.72,78.72600000000001,9,2018,5
2018-09-30,82.72,78.72600000000001,9,2018,6
2018-10-01,84.94,80.99870967741936,10,2018,0
2018-10-02,85.63,80.99870967741936,10,2018,1
2018-10-03,85.45,80.99870967741936,10,2018,2
2018-10-04,86.07,80.99870967741936,10,2018,3
2018-10-05,85.12,80.99870967741936,10,2018,4
2018-10-06,85.12,80.99870967741936,10,2018,5
2018-10-07,85.12,80.99870967741936,10,2018,6
2018-10-08,84.22,80.99870967741936,10,2018,0
2018-10-09,85.16,80.99870967741936,10,2018,1
2018-10-10,83.82,80.99870967741936,10,2018,2
2018-10-11,81.35,80.99870967741936,10,2018,3
2018-10-12,80.71,80.99870967741936,10,2018,4
2018-10-13,80.71,80.99870967741936,10,2018,5
2018-10-14,80.71,80.99870967741936,10,2018,6
2018-10-15,80.91,80.99870967741936,10,2018,0
2018-10-16,80.53,80.99870967741936,10,2018,1
2018-10-17,79.91,80.99870967741936,10,2018,2
2018-10-18,80.3,80.99870967741936,10,2018,3
2018-10-19,80.38,80.99870967741936,10,2018,4
2018-10-20,80.38,80.99870967741936,10,2018,5
2018-10-21,80.38,80.99870967741936,10,2018,6
2018-10-22,80.45,80.99870967741936,10,2018,0
2018-10-23,78.67,80.99870967741936,10,2018,1
2018-10-24,77.34,80.99870967741936,10,2018,2
2018-10-25,77.3,80.99870967741936,10,2018,3
2018-10-26,77.4,80.99870967741936,10,2018,4
2018-10-27,77.4,80.99870967741936,10,2018,5
2018-10-28,77.4,80.99870967741936,10,2018,6
2018-10-29,77.56,80.99870967741936,10,2018,0
2018-10-30,75.68,80.99870967741936,10,2018,1
2018-10-31,74.84,80.99870967741936,10,2018,2
2018-11-01,71.25,65.022,11,2018,3
2018-11-02,71.11,65.022,11,2018,4
2018-11-03,71.11,65.022,11,2018,5
2018-11-04,71.11,65.022,11,2018,6
2018-11-05,72.68,65.022,11,2018,0
2018-11-06,70.64,65.022,11,2018,1
2018-11-07,70.1,65.022,11,2018,2
2018-11-08,69.29,65.022,11,2018,3
2018-11-09,69.01,65.022,11,2018,4
2018-11-10,69.01,65.022,11,2018,5
2018-11-11,69.01,65.022,11,2018,6
2018-11-12,69.81,65.022,11,2018,0
2018-11-13,65.45,65.022,11,2018,1
2018-11-14,64.88,65.022,11,2018,2
2018-11-15,65.61,65.022,11,2018,3
2018-11-16,65.29,65.022,11,2018,4
2018-11-17,65.29,65.022,11,2018,5
2018-11-18,65.29,65.022,11,2018,6
2018-11-19,64.14,65.022,11,2018,0
2018-11-20,61.5,65.022,11,2018,1
2018-11-21,61.65,65.022,11,2018,2
2018-11-22,61.11,65.022,11,2018,3
2018-11-23,57.69,65.022,11,2018,4
2018-11-24,57.69,65.022,11,2018,5
2018-11-25,57.69,65.022,11,2018,6
2018-11-26,59.7,65.022,11,2018,0
2018-11-27,59.58,65.022,11,2018,1
2018-11-28,57.97,65.022,11,2018,2
2018-11-29,58.29,65.022,11,2018,3
2018-11-30,57.71,65.022,11,2018,4
2018-12-01,57.71,56.20903225806452,12,2018,5
2018-12-02,57.71,56.20903225806452,12,2018,6
2018-12-03,60.17,56.20903225806452,12,2018,0
2018-12-04,61.22,56.20903225806452,12,2018,1
2018-12-05,61.4,56.20903225806452,12,2018,2
2018-12-06,57.83,56.20903225806452,12,2018,3
2018-12-07,61.71,56.20903225806452,12,2018,4
2018-12-08,61.71,56.20903225806452,12,2018,5
2018-12-09,61.71,56.20903225806452,12,2018,6
2018-12-10,60.29,56.20903225806452,12,2018,0
2018-12-11,59.73,56.20903225806452,12,2018,1
2018-12-12,59.94,56.20903225806452,12,2018,2
2018-12-13,59.03,56.20903225806452,12,2018,3
2018-12-14,58.56,56.20903225806452,12,2018,4
2018-12-15,58.56,56.20903225806452,12,2018,5
2018-12-16,58.56,56.20903225806452,12,2018,6
2018-12-17,57.59,56.20903225806452,12,2018,0
2018-12-18,55.26,56.20903225806452,12,2018,1
2018-12-19,55.6,56.20903225806452,12,2018,2
2018-12-20,52.84,56.20903225806452,12,2018,3
2018-12-21,51.93,56.20903225806452,12,2018,4
2018-12-22,51.93,56.20903225806452,12,2018,5
2018-12-23,51.93,56.20903225806452,12,2018,6
2018-12-24,51.93,56.20903225806452,12,2018,0
2018-12-25,51.93,56.20903225806452,12,2018,1
2018-12-26,51.93,56.20903225806452,12,2018,2
2018-12-27,51.49,56.20903225806452,12,2018,3
2018-12-28,50.57,56.20903225806452,12,2018,4
2018-12-29,50.57,56.20903225806452,12,2018,5
2018-12-30,50.57,56.20903225806452,12,2018,6
2018-12-31,50.57,56.20903225806452,12,2018,0
2019-01-01,50.57,59.1741935483871,1,2019,1
2019-01-02,54.06,59.1741935483871,1,2019,2
2019-01-03,53.23,59.1741935483871,1,2019,3
2019-01-04,55.64,59.1741935483871,1,2019,4
2019-01-05,55.64,59.1741935483871,1,2019,5
2019-01-06,55.64,59.1741935483871,1,2019,6
2019-01-07,57.1,59.1741935483871,1,2019,0
2019-01-08,56.91,59.1741935483871,1,2019,1
2019-01-09,59.46,59.1741935483871,1,2019,2
2019-01-10,60.47,59.1741935483871,1,2019,3
2019-01-11,59.24,59.1741935483871,1,2019,4
2019-01-12,59.24,59.1741935483871,1,2019,5
2019-01-13,59.24,59.1741935483871,1,2019,6
2019-01-14,58.8,59.1741935483871,1,2019,0
2019-01-15,58.65,59.1741935483871,1,2019,1
2019-01-16,59.81,59.1741935483871,1,2019,2
2019-01-17,59.85,59.1741935483871,1,2019,3
2019-01-18,62.04,59.1741935483871,1,2019,4
2019-01-19,62.04,59.1741935483871,1,2019,5
2019-01-20,62.04,59.1741935483871,1,2019,6
2019-01-21,62.18,59.1741935483871,1,2019,0
2019-01-22,60.9,59.1741935483871,1,2019,1
2019-01-23,61.05,59.1741935483871,1,2019,2
2019-01-24,61.09,59.1741935483871,1,2019,3
2019-01-25,61.49,59.1741935483871,1,2019,4
2019-01-26,61.49,59.1741935483871,1,2019,5
2019-01-27,61.49,59.1741935483871,1,2019,6
2019-01-28,59.71,59.1741935483871,1,2019,0
2019-01-29,60.98,59.1741935483871,1,2019,1
2019-01-30,61.89,59.1741935483871,1,2019,2
2019-01-31,62.46,59.1741935483871,1,2019,3
2019-02-01,61.86,63.956785714285715,2,2019,4
2019-02-02,61.86,63.956785714285715,2,2019,5
2019-02-03,61.86,63.956785714285715,2,2019,6
2019-02-04,62.26,63.956785714285715,2,2019,0
2019-02-05,61.67,63.956785714285715,2,2019,1
2019-02-06,62.22,63.956785714285715,2,2019,2
2019-02-07,61.01,63.956785714285715,2,2019,3
2019-02-08,61.37,63.956785714285715,2,2019,4
2019-02-09,61.37,63.956785714285715,2,2019,5
2019-02-10,61.37,63.956785714285715,2,2019,6
2019-02-11,61.3,63.956785714285715,2,2019,0
2019-02-12,62.58,63.956785714285715,2,2019,1
2019-02-13,63.27,63.956785714285715,2,2019,2
2019-02-14,64.0,63.956785714285715,2,2019,3
2019-02-15,65.65,63.956785714285715,2,2019,4
2019-02-16,65.65,63.956785714285715,2,2019,5
2019-02-17,65.65,63.956785714285715,2,2019,6
2019-02-18,66.41,63.956785714285715,2,2019,0
2019-02-19,65.86,63.956785714285715,2,2019,1
2019-02-20,66.82,63.956785714285715,2,2019,2
2019-02-21,66.91,63.956785714285715,2,2019,3
2019-02-22,66.91,63.956785714285715,2,2019,4
2019-02-23,66.91,63.956785714285715,2,2019,5
2019-02-24,66.91,63.956785714285715,2,2019,6
2019-02-25,64.02,63.956785714285715,2,2019,0
2019-02-26,64.51,63.956785714285715,2,2019,1
2019-02-27,65.55,63.956785714285715,2,2019,2
2019-02-28,65.03,63.956785714285715,2,2019,3
2019-03-01,63.71,66.07451612903226,3,2019,4
2019-03-02,63.71,66.07451612903226,3,2019,5
2019-03-03,63.71,66.07451612903226,3,2019,6
2019-03-04,64.44,66.07451612903226,3,2019,0
2019-03-05,64.24,66.07451612903226,3,2019,1
2019-03-06,64.51,66.07451612903226,3,2019,2
2019-03-07,64.82,66.07451612903226,3,2019,3
2019-03-08,65.66,66.07451612903226,3,2019,4
2019-03-09,65.66,66.07451612903226,3,2019,5
2019-03-10,65.66,66.07451612903226,3,2019,6
2019-03-11,65.06,66.07451612903226,3,2019,0
2019-03-12,65.33,66.07451612903226,3,2019,1
2019-03-13,65.89,66.07451612903226,3,2019,2
2019-03-14,66.18,66.07451612903226,3,2019,3
2019-03-15,66.11,66.07451612903226,3,2019,4
2019-03-16,66.11,66.07451612903226,3,2019,5
2019-03-17,66.11,66.07451612903226,3,2019,6
2019-03-18,66.65,66.07451612903226,3,2019,0
2019-03-19,67.13,66.07451612903226,3,2019,1
2019-03-20,68.35,66.07451612903226,3,2019,2
2019-03-21,68.3,66.07451612903226,3,2019,3
2019-03-22,66.29,66.07451612903226,3,2019,4
2019-03-23,66.29,66.07451612903226,3,2019,5
2019-03-24,66.29,66.07451612903226,3,2019,6
2019-03-25,67.37,66.07451612903226,3,2019,0
2019-03-26,67.51,66.07451612903226,3,2019,1
2019-03-27,67.35,66.07451612903226,3,2019,2
2019-03-28,66.08,66.07451612903226,3,2019,3
2019-03-29,67.93,66.07451612903226,3,2019,4
2019-03-30,67.93,66.07451612903226,3,2019,5
2019-03-31,67.93,66.07451612903226,3,2019,6
2019-04-01,69.08,71.10300000000001,4,2019,0
2019-04-02,69.68,71.10300000000001,4,2019,1
2019-04-03,69.21,71.10300000000001,4,2019,2
2019-04-04,69.8,71.10300000000001,4,2019,3
2019-04-05,69.93,71.10300000000001,4,2019,4
2019-04-06,69.93,71.10300000000001,4,2019,5
2019-04-07,69.93,71.10300000000001,4,2019,6
2019-04-08,71.12,71.10300000000001,4,2019,0
2019-04-09,71.02,71.10300000000001,4,2019,1
2019-04-10,71.63,71.10300000000001,4,2019,2
2019-04-11,71.3,71.10300000000001,4,2019,3
2019-04-12,71.57,71.10300000000001,4,2019,4
2019-04-13,71.57,71.10300000000001,4,2019,5
2019-04-14,71.57,71.10300000000001,4,2019,6
2019-04-15,70.9,71.10300000000001,4,2019,0
2019-04-16,70.74,71.10300000000001,4,2019,1
2019-04-17,71.14,71.10300000000001,4,2019,2
2019-04-18,70.71,71.10300000000001,4,2019,3
2019-04-19,70.71,71.10300000000001,4,2019,4
2019-04-20,70.71,71.10300000000001,4,2019,5
2019-04-21,70.71,71.10300000000001,4,2019,6
2019-04-22,70.71,71.10300000000001,4,2019,0
2019-04-23,74.39,71.10300000000001,4,2019,1
2019-04-24,73.59,71.10300000000001,4,2019,2
2019-04-25,74.94,71.10300000000001,4,2019,3
2019-04-26,71.03,71.10300000000001,4,2019,4
2019-04-27,71.03,71.10300000000001,4,2019,5
2019-04-28,71.03,71.10300000000001,4,2019,6
2019-04-29,71.22,71.10300000000001,4,2019,0
2019-04-30,72.19,71.10300000000001,4,2019,1
2019-05-01,72.01,71.22483870967741,5,2019,2
2019-05-02,70.56,71.22483870967741,5,2019,3
2019-05-03,71.95,71.22483870967741,5,2019,4
2019-05-04,71.95,71.22483870967741,5,2019,5
2019-05-05,71.95,71.22483870967741,5,2019,6
2019-05-06,71.95,71.22483870967741,5,2019,0
2019-05-07,70.98,71.22483870967741,5,2019,1
2019-05-08,71.09,71.22483870967741,5,2019,2
2019-05-09,70.61,71.22483870967741,5,2019,3
2019-05-10,71.63,71.22483870967741,5,2019,4
2019-05-11,71.63,71.22483870967741,5,2019,5
2019-05-12,71.63,71.22483870967741,5,2019,6
2019-05-13,72.35,71.22483870967741,5,2019,0
2019-05-14,72.53,71.22483870967741,5,2019,1
2019-05-15,73.09,71.22483870967741,5,2019,2
2019-05-16,74.7,71.22483870967741,5,2019,3
2019-05-17,73.94,71.22483870967741,5,2019,4
2019-05-18,73.94,71.22483870967741,5,2019,5
2019-05-19,73.94,71.22483870967741,5,2019,6
2019-05-20,73.21,71.22483870967741,5,2019,0
2019-05-21,72.94,71.22483870967741,5,2019,1
2019-05-22,71.94,71.22483870967741,5,2019,2
2019-05-23,68.37,71.22483870967741,5,2019,3
2019-05-24,67.98,71.22483870967741,5,2019,4
2019-05-25,67.98,71.22483870967741,5,2019,5
2019-05-26,67.98,71.22483870967741,5,2019,6
2019-05-27,67.98,71.22483870967741,5,2019,0
2019-05-28,70.19,71.22483870967741,5,2019,1
2019-05-29,70.64,71.22483870967741,5,2019,2
2019-05-30,69.55,71.22483870967741,5,2019,3
2019-05-31,66.78,71.22483870967741,5,2019,4
2019-06-01,66.78,64.64833333333334,6,2019,5
2019-06-02,66.78,64.64833333333334,6,2019,6
2019-06-03,63.16,64.64833333333334,6,2019,0
2019-06-04,63.56,64.64833333333334,6,2019,1
2019-06-05,62.14,64.64833333333334,6,2019,2
2019-06-06,62.77,64.64833333333334,6,2019,3
2019-06-07,64.1,64.64833333333334,6,2019,4
2019-06-08,64.1,64.64833333333334,6,2019,5
2019-06-09,64.1,64.64833333333334,6,2019,6
2019-06-10,64.31,64.64833333333334,6,2019,0
2019-06-11,63.56,64.64833333333334,6,2019,1
2019-06-12,61.66,64.64833333333334,6,2019,2
2019-06-13,63.28,64.64833333333334,6,2019,3
2019-06-14,63.13,64.64833333333334,6,2019,4
2019-06-15,63.13,64.64833333333334,6,2019,5
2019-06-16,63.13,64.64833333333334,6,2019,6
2019-06-17,62.56,64.64833333333334,6,2019,0
2019-06-18,63.35,64.64833333333334,6,2019,1
2019-06-19,62.85,64.64833333333334,6,2019,2
2019-06-20,65.44,64.64833333333334,6,2019,3
2019-06-21,65.99,64.64833333333334,6,2019,4
2019-06-22,65.99,64.64833333333334,6,2019,5
2019-06-23,65.99,64.64833333333334,6,2019,6
2019-06-24,65.16,64.64833333333334,6,2019,0
2019-06-25,66.24,64.64833333333334,6,2019,1
2019-06-26,66.85,64.64833333333334,6,2019,2
2019-06-27,66.78,64.64833333333334,6,2019,3
2019-06-28,67.52,64.64833333333334,6,2019,4
2019-06-29,67.52,64.64833333333334,6,2019,5
2019-06-30,67.52,64.64833333333334,6,2019,6
2019-07-01,65.1,63.83548387096774,7,2019,0
2019-07-02,62.72,63.83548387096774,7,2019,1
2019-07-03,63.53,63.83548387096774,7,2019,2
2019-07-04,63.62,63.83548387096774,7,2019,3
2019-07-05,64.23,63.83548387096774,7,2019,4
2019-07-06,64.23,63.83548387096774,7,2019,5
2019-07-07,64.23,63.83548387096774,7,2019,6
2019-07-08,64.89,63.83548387096774,7,2019,0
2019-07-09,64.3,63.83548387096774,7,2019,1
2019-07-10,66.41,63.83548387096774,7,2019,2
2019-07-11,67.64,63.83548387096774,7,2019,3
2019-07-12,66.65,63.83548387096774,7,2019,4
2019-07-13,66.65,63.83548387096774,7,2019,5
2019-07-14,66.65,63.83548387096774,7,2019,6
2019-07-15,66.86,63.83548387096774,7,2019,0
2019-07-16,65.87,63.83548387096774,7,2019,1
2019-07-17,63.67,63.83548387096774,7,2019,2
2019-07-18,60.7,63.83548387096774,7,2019,3
2019-07-19,61.04,63.83548387096774,7,2019,4
2019-07-20,61.04,63.83548387096774,7,2019,5
2019-07-21,61.04,63.83548387096774,7,2019,6
2019-07-22,61.96,63.83548387096774,7,2019,0
2019-07-23,62.28,63.83548387096774,7,2019,1
2019-07-24,63.83,63.83548387096774,7,2019,2
2019-07-25,63.47,63.83548387096774,7,2019,3
2019-07-26,62.46,63.83548387096774,7,2019,4
2019-07-27,62.46,63.83548387096774,7,2019,5
2019-07-28,62.46,63.83548387096774,7,2019,6
2019-07-29,62.29,63.83548387096774,7,2019,0
2019-07-30,62.55,63.83548387096774,7,2019,1
2019-07-31,64.07,63.83548387096774,7,2019,2
2019-08-01,62.9,59.10387096774193,8,2019,3
2019-08-02,61.12,59.10387096774193,8,2019,4
2019-08-03,61.12,59.10387096774193,8,2019,5
2019-08-04,61.12,59.10387096774193,8,2019,6
2019-08-05,59.32,59.10387096774193,8,2019,0
2019-08-06,58.63,59.10387096774193,8,2019,1
2019-08-07,55.03,59.10387096774193,8,2019,2
2019-08-08,56.29,59.10387096774193,8,2019,3
2019-08-09,57.37,59.10387096774193,8,2019,4
2019-08-10,57.37,59.10387096774193,8,2019,5
2019-08-11,57.37,59.10387096774193,8,2019,6
2019-08-12,57.13,59.10387096774193,8,2019,0
2019-08-13,59.9,59.10387096774193,8,2019,1
2019-08-14,57.86,59.10387096774193,8,2019,2
2019-08-15,57.37,59.10387096774193,8,2019,3
2019-08-16,59.0,59.10387096774193,8,2019,4
2019-08-17,59.0,59.10387096774193,8,2019,5
2019-08-18,59.0,59.10387096774193,8,2019,6
2019-08-19,59.79,59.10387096774193,8,2019,0
2019-08-20,59.03,59.10387096774193,8,2019,1
2019-08-21,60.6,59.10387096774193,8,2019,2
2019-08-22,59.81,59.10387096774193,8,2019,3
2019-08-23,58.64,59.10387096774193,8,2019,4
2019-08-24,58.64,59.10387096774193,8,2019,5
2019-08-25,58.64,59.10387096774193,8,2019,6
2019-08-26,58.64,59.10387096774193,8,2019,0
2019-08-27,58.44,59.10387096774193,8,2019,1
2019-08-28,60.42,59.10387096774193,8,2019,2
2019-08-29,60.59,59.10387096774193,8,2019,3
2019-08-30,61.04,59.10387096774193,8,2019,4
2019-08-31,61.04,59.10387096774193,8,2019,5
2019-09-01,61.04,62.696000000000005,9,2019,6
2019-09-02,58.55,62.696000000000005,9,2019,0
2019-09-03,57.93,62.696000000000005,9,2019,1
2019-09-04,60.68,62.696000000000005,9,2019,2
2019-09-05,62.7,62.696000000000005,9,2019,3
2019-09-06,61.28,62.696000000000005,9,2019,4
2019-09-07,61.28,62.696000000000005,9,2019,5
2019-09-08,61.28,62.696000000000005,9,2019,6
2019-09-09,63.99,62.696000000000005,9,2019,0
2019-09-10,64.67,62.696000000000005,9,2019,1
2019-09-11,63.02,62.696000000000005,9,2019,2
2019-09-12,60.76,62.696000000000005,9,2019,3
2019-09-13,61.25,62.696000000000005,9,2019,4
2019-09-14,61.25,62.696000000000005,9,2019,5
2019-09-15,61.25,62.696000000000005,9,2019,6
2019-09-16,68.42,62.696000000000005,9,2019,0
2019-09-17,65.59,62.696000000000005,9,2019,1
2019-09-18,64.29,62.696000000000005,9,2019,2
2019-09-19,64.25,62.696000000000005,9,2019,3
2019-09-20,65.23,62.696000000000005,9,2019,4
2019-09-21,65.23,62.696000000000005,9,2019,5
2019-09-22,65.23,62.696000000000005,9,2019,6
2019-09-23,64.66,62.696000000000005,9,2019,0
2019-09-24,64.13,62.696000000000005,9,2019,1
2019-09-25,62.41,62.696000000000005,9,2019,2
2019-09-26,62.08,62.696000000000005,9,2019,3
2019-09-27,62.48,62.696000000000005,9,2019,4
2019-09-28,62.48,62.696000000000005,9,2019,5
2019-09-29,62.48,62.696000000000005,9,2019,6
2019-09-30,60.99,62.696000000000005,9,2019,0
2019-10-01,60.06,59.899354838709684,10,2019,1
2019-10-02,57.92,59.899354838709684,10,2019,2
2019-10-03,58.01,59.899354838709684,10,2019,3
2019-10-04,59.13,59.899354838709684,10,2019,4
2019-10-05,59.13,59.899354838709684,10,2019,5
2019-10-06,59.13,59.899354838709684,10,2019,6
2019-10-07,59.46,59.899354838709684,10,2019,0
2019-10-08,58.14,59.899354838709684,10,2019,1
2019-10-09,59.7,59.899354838709684,10,2019,2
2019-10-10,59.08,59.899354838709684,10,2019,3
2019-10-11,60.59,59.899354838709684,10,2019,4
2019-10-12,60.59,59.899354838709684,10,2019,5
2019-10-13,60.59,59.899354838709684,10,2019,6
2019-10-14,58.81,59.899354838709684,10,2019,0
2019-10-15,59.19,59.899354838709684,10,2019,1
2019-10-16,59.3,59.899354838709684,10,2019,2
2019-10-17,59.35,59.899354838709684,10,2019,3
2019-10-18,59.96,59.899354838709684,10,2019,4
2019-10-19,59.96,59.899354838709684,10,2019,5
2019-10-20,59.96,59.899354838709684,10,2019,6
2019-10-21,58.95,59.899354838709684,10,2019,0
2019-10-22,60.5,59.899354838709684,10,2019,1
2019-10-23,60.52,59.899354838709684,10,2019,2
2019-10-24,61.71,59.899354838709684,10,2019,3
2019-10-25,62.06,59.899354838709684,10,2019,4
2019-10-26,62.06,59.899354838709684,10,2019,5
2019-10-27,62.06,59.899354838709684,10,2019,6
2019-10-28,60.39,59.899354838709684,10,2019,0
2019-10-29,61.05,59.899354838709684,10,2019,1
2019-10-30,60.22,59.899354838709684,10,2019,2
2019-10-31,59.3,59.899354838709684,10,2019,3
2019-11-01,60.17,63.08633333333333,11,2019,4
2019-11-02,60.17,63.08633333333333,11,2019,5
2019-11-03,60.17,63.08633333333333,11,2019,6
2019-11-04,62.52,63.08633333333333,11,2019,0
2019-11-05,62.72,63.08633333333333,11,2019,1
2019-11-06,62.11,63.08633333333333,11,2019,2
2019-11-07,62.6,63.08633333333333,11,2019,3
2019-11-08,62.0,63.08633333333333,11,2019,4
2019-11-09,62.0,63.08633333333333,11,2019,5
2019-11-10,62.0,63.08633333333333,11,2019,6
2019-11-11,62.58,63.08633333333333,11,2019,0
2019-11-12,62.19,63.08633333333333,11,2019,1
2019-11-13,62.27,63.08633333333333,11,2019,2
2019-11-14,62.46,63.08633333333333,11,2019,3
2019-11-15,63.32,63.08633333333333,11,2019,4
2019-11-16,63.32,63.08633333333333,11,2019,5
2019-11-17,63.32,63.08633333333333,11,2019,6
2019-11-18,62.82,63.08633333333333,11,2019,0
2019-11-19,62.37,63.08633333333333,11,2019,1
2019-11-20,63.8,63.08633333333333,11,2019,2
2019-11-21,64.99,63.08633333333333,11,2019,3
2019-11-22,64.83,63.08633333333333,11,2019,4
2019-11-23,64.83,63.08633333333333,11,2019,5
2019-11-24,64.83,63.08633333333333,11,2019,6
2019-11-25,64.67,63.08633333333333,11,2019,0
2019-11-26,64.82,63.08633333333333,11,2019,1
2019-11-27,65.03,63.08633333333333,11,2019,2
2019-11-28,64.68,63.08633333333333,11,2019,3
2019-11-29,64.5,63.08633333333333,11,2019,4
2019-11-30,64.5,63.08633333333333,11,2019,5
2019-12-01,64.5,67.36580645161291,12,2019,6
2019-12-02,63.2,67.36580645161291,12,2019,0
2019-12-03,62.95,67.36580645161291,12,2019,1
2019-12-04,65.25,67.36580645161291,12,2019,2
2019-12-05,65.67,67.36580645161291,12,2019,3
2019-12-06,66.5,67.36580645161291,12,2019,4
2019-12-07,66.5,67.36580645161291,12,2019,5
2019-12-08,66.5,67.36580645161291,12,2019,6
2019-12-09,66.44,67.36580645161291,12,2019,0
2019-12-10,66.57,67.36580645161291,12,2019,1
2019-12-11,65.37,67.36580645161291,12,2019,2
2019-12-12,66.67,67.36580645161291,12,2019,3
2019-12-13,67.44,67.36580645161291,12,2019,4
2019-12-14,67.44,67.36580645161291,12,2019,5
2019-12-15,67.44,67.36580645161291,12,2019,6
2019-12-16,68.04,67.36580645161291,12,2019,0
2019-12-17,68.99,67.36580645161291,12,2019,1
2019-12-18,69.12,67.36580645161291,12,2019,2
2019-12-19,69.7,67.36580645161291,12,2019,3
2019-12-20,68.66,67.36580645161291,12,2019,4
2019-12-21,68.66,67.36580645161291,12,2019,5
2019-12-22,68.66,67.36580645161291,12,2019,6
2019-12-23,67.49,67.36580645161291,12,2019,0
2019-12-24,69.26,67.36580645161291,12,2019,1
2019-12-25,69.26,67.36580645161291,12,2019,2
2019-12-26,69.26,67.36580645161291,12,2019,3
2019-12-27,68.91,67.36580645161291,12,2019,4
2019-12-28,68.91,67.36580645161291,12,2019,5
2019-12-29,68.91,67.36580645161291,12,2019,6
2019-12-30,68.3,67.36580645161291,12,2019,0
2019-12-31,67.77,67.36580645161291,12,2019,1
2020-01-01,67.77,64.07903225806452,1,2020,2
2020-01-02,67.05,64.07903225806452,1,2020,3
2020-01-03,69.08,64.07903225806452,1,2020,4
2020-01-04,69.08,64.07903225806452,1,2020,5
2020-01-05,69.08,64.07903225806452,1,2020,6
2020-01-06,70.25,64.07903225806452,1,2020,0
2020-01-07,68.74,64.07903225806452,1,2020,1
2020-01-08,67.31,64.07903225806452,1,2020,2
2020-01-09,66.58,64.07903225806452,1,2020,3
2020-01-10,66.77,64.07903225806452,1,2020,4
2020-01-11,66.77,64.07903225806452,1,2020,5
2020-01-12,66.77,64.07903225806452,1,2020,6
2020-01-13,64.14,64.07903225806452,1,2020,0
2020-01-14,64.45,64.07903225806452,1,2020,1
2020-01-15,63.29,64.07903225806452,1,2020,2
2020-01-16,64.63,64.07903225806452,1,2020,3
2020-01-17,64.05,64.07903225806452,1,2020,4
2020-01-18,64.05,64.07903225806452,1,2020,5
2020-01-19,64.05,64.07903225806452,1,2020,6
2020-01-20,64.63,64.07903225806452,1,2020,0
2020-01-21,63.66,64.07903225806452,1,2020,1
2020-01-22,62.11,64.07903225806452,1,2020,2
2020-01-23,61.26,64.07903225806452,1,2020,3
2020-01-24,59.34,64.07903225806452,1,2020,4
2020-01-25,59.34,64.07903225806452,1,2020,5
2020-01-26,59.34,64.07903225806452,1,2020,6
2020-01-27,58.54,64.07903225806452,1,2020,0
2020-01-28,59.37,64.07903225806452,1,2020,1
2020-01-29,59.46,64.07903225806452,1,2020,2
2020-01-30,57.72,64.07903225806452,1,2020,3
2020-01-31,57.77,64.07903225806452,1,2020,4
2020-02-01,57.77,55.927241379310345,2,2020,5
2020-02-02,57.77,55.927241379310345,2,2020,6
2020-02-03,54.0,55.927241379310345,2,2020,0
2020-02-04,53.9,55.927241379310345,2,2020,1
2020-02-05,55.36,55.927241379310345,2,2020,2
2020-02-06,55.18,55.927241379310345,2,2020,3
2020-02-07,54.53,55.927241379310345,2,2020,4
2020-02-08,54.53,55.927241379310345,2,2020,5
2020-02-09,54.53,55.927241379310345,2,2020,6
2020-02-10,53.39,55.927241379310345,2,2020,0
2020-02-11,54.0,55.927241379310345,2,2020,1
2020-02-12,55.54,55.927241379310345,2,2020,2
2020-02-13,56.34,55.927241379310345,2,2020,3
2020-02-14,57.37,55.927241379310345,2,2020,4
2020-02-15,57.37,55.927241379310345,2,2020,5
2020-02-16,57.37,55.927241379310345,2,2020,6
2020-02-17,57.83,55.927241379310345,2,2020,0
2020-02-18,57.35,55.927241379310345,2,2020,1
2020-02-19,59.72,55.927241379310345,2,2020,2
2020-02-20,59.72,55.927241379310345,2,2020,3
2020-02-21,58.6,55.927241379310345,2,2020,4
2020-02-22,58.6,55.927241379310345,2,2020,5
2020-02-23,58.6,55.927241379310345,2,2020,6
2020-02-24,56.04,55.927241379310345,2,2020,0
2020-02-25,56.71,55.927241379310345,2,2020,1
2020-02-26,54.96,55.927241379310345,2,2020,2
2020-02-27,52.19,55.927241379310345,2,2020,3
2020-02-28,51.31,55.927241379310345,2,2020,4
2020-02-29,51.31,55.927241379310345,2,2020,5
2020-03-01,51.31,32.85258064516129,3,2020,6
2020-03-02,52.52,32.85258064516129,3,2020,0
2020-03-03,52.24,32.85258064516129,3,2020,1
2020-03-04,51.86,32.85258064516129,3,2020,2
2020-03-05,51.29,32.85258064516129,3,2020,3
2020-03-06,45.6,32.85258064516129,3,2020,4
2020-03-07,45.6,32.85258064516129,3,2020,5
2020-03-08,45.6,32.85258064516129,3,2020,6
2020-03-09,35.33,32.85258064516129,3,2020,0
2020-03-10,36.66,32.85258064516129,3,2020,1
2020-03-11,34.45,32.85258064516129,3,2020,2
2020-03-12,31.05,32.85258064516129,3,2020,3
2020-03-13,33.0,32.85258064516129,3,2020,4
2020-03-14,33.0,32.85258064516129,3,2020,5
2020-03-15,33.0,32.85258064516129,3,2020,6
2020-03-16,28.04,32.85258064516129,3,2020,0
2020-03-17,28.04,32.85258064516129,3,2020,1
2020-03-18,26.93,32.85258064516129,3,2020,2
2020-03-19,23.3,32.85258064516129,3,2020,3
2020-03-20,25.4,32.85258064516129,3,2020,4
2020-03-21,25.4,32.85258064516129,3,2020,5
2020-03-22,25.4,32.85258064516129,3,2020,6
2020-03-23,25.06,32.85258064516129,3,2020,0
2020-03-24,23.75,32.85258064516129,3,2020,1
2020-03-25,25.62,32.85258064516129,3,2020,2
2020-03-26,23.55,32.85258064516129,3,2020,3
2020-03-27,22.39,32.85258064516129,3,2020,4
2020-03-28,22.39,32.85258064516129,3,2020,5
2020-03-29,22.39,32.85258064516129,3,2020,6
2020-03-30,19.07,32.85258064516129,3,2020,0
2020-03-31,19.19,32.85258064516129,3,2020,1
2020-04-01,14.97,18.94633333333333,4,2020,2
2020-04-02,20.24,18.94633333333333,4,2020,3
2020-04-03,24.33,18.94633333333333,4,2020,4
2020-04-04,24.33,18.94633333333333,4,2020,5
2020-04-05,24.33,18.94633333333333,4,2020,6
2020-04-06,22.58,18.94633333333333,4,2020,0
2020-04-07,22.1,18.94633333333333,4,2020,1
2020-04-08,25.22,18.94633333333333,4,2020,2
2020-04-09,20.23,18.94633333333333,4,2020,3
2020-04-10,20.23,18.94633333333333,4,2020,4
2020-04-11,20.23,18.94633333333333,4,2020,5
2020-04-12,20.23,18.94633333333333,4,2020,6
2020-04-13,20.23,18.94633333333333,4,2020,0
2020-04-14,21.74,18.94633333333333,4,2020,1
2020-04-15,19.8,18.94633333333333,4,2020,2
2020-04-16,18.69,18.94633333333333,4,2020,3
2020-04-17,19.75,18.94633333333333,4,2020,4
2020-04-18,19.75,18.94633333333333,4,2020,5
2020-04-19,19.75,18.94633333333333,4,2020,6
2020-04-20,17.36,18.94633333333333,4,2020,0
2020-04-21,9.12,18.94633333333333,4,2020,1
2020-04-22,13.77,18.94633333333333,4,2020,2
2020-04-23,15.06,18.94633333333333,4,2020,3
2020-04-24,15.87,18.94633333333333,4,2020,4
2020-04-25,15.87,18.94633333333333,4,2020,5
2020-04-26,15.87,18.94633333333333,4,2020,6
2020-04-27,15.17,18.94633333333333,4,2020,0
2020-04-28,15.6,18.94633333333333,4,2020,1
2020-04-29,17.86,18.94633333333333,4,2020,2
2020-04-30,18.11,18.94633333333333,4,2020,3
2020-05-01,18.49,29.01516129032258,5,2020,4
2020-05-02,18.49,29.01516129032258,5,2020,5
2020-05-03,18.49,29.01516129032258,5,2020,6
2020-05-04,20.4,29.01516129032258,5,2020,0
2020-05-05,25.46,29.01516129032258,5,2020,1
2020-05-06,24.2,29.01516129032258,5,2020,2
2020-05-07,24.23,29.01516129032258,5,2020,3
2020-05-08,24.23,29.01516129032258,5,2020,4
2020-05-09,24.23,29.01516129032258,5,2020,5
2020-05-10,24.23,29.01516129032258,5,2020,6
2020-05-11,25.53,29.01516129032258,5,2020,0
2020-05-12,26.67,29.01516129032258,5,2020,1
2020-05-13,27.89,29.01516129032258,5,2020,2
2020-05-14,29.87,29.01516129032258,5,2020,3
2020-05-15,30.95,29.01516129032258,5,2020,4
2020-05-16,30.95,29.01516129032258,5,2020,5
2020-05-17,30.95,29.01516129032258,5,2020,6
2020-05-18,33.3,29.01516129032258,5,2020,0
2020-05-19,33.06,29.01516129032258,5,2020,1
2020-05-20,34.76,29.01516129032258,5,2020,2
2020-05-21,34.78,29.01516129032258,5,2020,3
2020-05-22,33.8,29.01516129032258,5,2020,4
2020-05-23,33.8,29.01516129032258,5,2020,5
2020-05-24,33.8,29.01516129032258,5,2020,6
2020-05-25,33.8,29.01516129032258,5,2020,0
2020-05-26,33.95,29.01516129032258,5,2020,1
2020-05-27,32.73,29.01516129032258,5,2020,2
2020-05-28,33.98,29.01516129032258,5,2020,3
2020-05-29,34.15,29.01516129032258,5,2020,4
2020-05-30,34.15,29.01516129032258,5,2020,5
2020-05-31,34.15,29.01516129032258,5,2020,6
2020-06-01,36.74,40.385,6,2020,0
2020-06-02,37.72,40.385,6,2020,1
2020-06-03,37.98,40.385,6,2020,2
2020-06-04,38.41,40.385,6,2020,3
2020-06-05,41.0,40.385,6,2020,4
2020-06-06,41.0,40.385,6,2020,5
2020-06-07,41.0,40.385,6,2020,6
2020-06-08,39.66,40.385,6,2020,0
2020-06-09,40.45,40.385,6,2020,1
2020-06-10,41.18,40.385,6,2020,2
2020-06-11,37.76,40.385,6,2020,3
2020-06-12,38.54,40.385,6,2020,4
2020-06-13,38.54,40.385,6,2020,5
2020-06-14,38.54,40.385,6,2020,6
2020-06-15,39.44,40.385,6,2020,0
2020-06-16,40.75,40.385,6,2020,1
2020-06-17,40.47,40.385,6,2020,2
2020-06-18,41.75,40.385,6,2020,3
2020-06-19,42.33,40.385,6,2020,4
2020-06-20,42.33,40.385,6,2020,5
2020-06-21,42.33,40.385,6,2020,6
2020-06-22,43.2,40.385,6,2020,0
2020-06-23,42.72,40.385,6,2020,1
2020-06-24,40.4,40.385,6,2020,2
2020-06-25,41.18,40.385,6,2020,3
2020-06-26,40.97,40.385,6,2020,4
2020-06-27,40.97,40.385,6,2020,5
2020-06-28,40.97,40.385,6,2020,6
2020-06-29,41.58,40.385,6,2020,0
2020-06-30,41.64,40.385,6,2020,1
2020-07-01,42.18,43.24483870967742,7,2020,2
2020-07-02,43.19,43.24483870967742,7,2020,3
2020-07-03,42.92,43.24483870967742,7,2020,4
2020-07-04,42.92,43.24483870967742,7,2020,5
2020-07-05,42.92,43.24483870967742,7,2020,6
2020-07-06,42.73,43.24483870967742,7,2020,0
2020-07-07,43.28,43.24483870967742,7,2020,1
2020-07-08,43.67,43.24483870967742,7,2020,2
2020-07-09,42.35,43.24483870967742,7,2020,3
2020-07-10,43.27,43.24483870967742,7,2020,4
2020-07-11,43.27,43.24483870967742,7,2020,5
2020-07-12,43.27,43.24483870967742,7,2020,6
2020-07-13,42.85,43.24483870967742,7,2020,0
2020-07-14,42.97,43.24483870967742,7,2020,1
2020-07-15,43.96,43.24483870967742,7,2020,2
2020-07-16,43.71,43.24483870967742,7,2020,3
2020-07-17,43.53,43.24483870967742,7,2020,4
2020-07-18,43.53,43.24483870967742,7,2020,5
2020-07-19,43.53,43.24483870967742,7,2020,6
2020-07-20,43.3,43.24483870967742,7,2020,0
2020-07-21,44.31,43.24483870967742,7,2020,1
2020-07-22,43.98,43.24483870967742,7,2020,2
2020-07-23,42.96,43.24483870967742,7,2020,3
2020-07-24,43.29,43.24483870967742,7,2020,4
2020-07-25,43.29,43.24483870967742,7,2020,5
2020-07-26,43.29,43.24483870967742,7,2020,6
2020-07-27,43.39,43.24483870967742,7,2020,0
2020-07-28,43.11,43.24483870967742,7,2020,1
2020-07-29,43.51,43.24483870967742,7,2020,2
2020-07-30,42.98,43.24483870967742,7,2020,3
2020-07-31,43.13,43.24483870967742,7,2020,4
2020-08-01,43.13,44.59290322580645,8,2020,5
2020-08-02,43.13,44.59290322580645,8,2020,6
2020-08-03,43.76,44.59290322580645,8,2020,0
2020-08-04,43.99,44.59290322580645,8,2020,1
2020-08-05,44.92,44.59290322580645,8,2020,2
2020-08-06,45.04,44.59290322580645,8,2020,3
2020-08-07,44.07,44.59290322580645,8,2020,4
2020-08-08,44.07,44.59290322580645,8,2020,5
2020-08-09,44.07,44.59290322580645,8,2020,6
2020-08-10,44.19,44.59290322580645,8,2020,0
2020-08-11,43.68,44.59290322580645,8,2020,1
2020-08-12,45.09,44.59290322580645,8,2020,2
2020-08-13,44.87,44.59290322580645,8,2020,3
2020-08-14,44.86,44.59290322580645,8,2020,4
2020-08-15,44.86,44.59290322580645,8,2020,5
2020-08-16,44.86,44.59290322580645,8,2020,6
2020-08-17,44.91,44.59290322580645,8,2020,0
2020-08-18,45.34,44.59290322580645,8,2020,1
2020-08-19,45.21,44.59290322580645,8,2020,2
2020-08-20,44.56,44.59290322580645,8,2020,3
2020-08-21,43.94,44.59290322580645,8,2020,4
2020-08-22,43.94,44.59290322580645,8,2020,5
2020-08-23,43.94,44.59290322580645,8,2020,6
2020-08-24,44.43,44.59290322580645,8,2020,0
2020-08-25,46.01,44.59290322580645,8,2020,1
2020-08-26,45.79,44.59290322580645,8,2020,2
2020-08-27,44.84,44.59290322580645,8,2020,3
2020-08-28,45.22,44.59290322580645,8,2020,4
2020-08-29,45.22,44.59290322580645,8,2020,5
2020-08-30,45.22,44.59290322580645,8,2020,6
2020-08-31,45.22,44.59290322580645,8,2020,0
2020-09-01,45.72,40.865,9,2020,1
2020-09-02,42.7,40.865,9,2020,2
2020-09-03,42.72,40.865,9,2020,3
2020-09-04,41.1,40.865,9,2020,4
2020-09-05,41.1,40.865,9,2020,5
2020-09-06,41.1,40.865,9,2020,6
2020-09-07,40.67,40.865,9,2020,0
2020-09-08,38.53,40.865,9,2020,1
2020-09-09,39.98,40.865,9,2020,2
2020-09-10,39.27,40.865,9,2020,3
2020-09-11,38.8,40.865,9,2020,4
2020-09-12,38.8,40.865,9,2020,5
2020-09-13,38.8,40.865,9,2020,6
2020-09-14,38.57,40.865,9,2020,0
2020-09-15,39.54,40.865,9,2020,1
2020-09-16,41.23,40.865,9,2020,2
2020-09-17,42.35,40.865,9,2020,3
2020-09-18,42.16,40.865,9,2020,4
2020-09-19,42.16,40.865,9,2020,5
2020-09-20,42.16,40.865,9,2020,6
2020-09-21,40.37,40.865,9,2020,0
2020-09-22,40.84,40.865,9,2020,1
2020-09-23,41.09,40.865,9,2020,2
2020-09-24,41.24,40.865,9,2020,3
2020-09-25,40.91,40.865,9,2020,4
2020-09-26,40.91,40.865,9,2020,5
2020-09-27,40.91,40.865,9,2020,6
2020-09-28,41.59,40.865,9,2020,0
2020-09-29,40.33,40.865,9,2020,1
2020-09-30,40.3,40.865,9,2020,2
2020-10-01,39.75,40.124516129032266,10,2020,3
2020-10-02,38.0,40.124516129032266,10,2020,4
2020-10-03,38.0,40.124516129032266,10,2020,5
2020-10-04,38.0,40.124516129032266,10,2020,6
2020-10-05,39.78,40.124516129032266,10,2020,0
2020-10-06,41.27,40.124516129032266,10,2020,1
2020-10-07,40.62,40.124516129032266,10,2020,2
2020-10-08,42.0,40.124516129032266,10,2020,3
2020-10-09,41.63,40.124516129032266,10,2020,4
2020-10-10,41.63,40.124516129032266,10,2020,5
2020-10-11,41.63,40.124516129032266,10,2020,6
2020-10-12,40.5,40.124516129032266,10,2020,0
2020-10-13,41.34,40.124516129032266,10,2020,1
2020-10-14,41.81,40.124516129032266,10,2020,2
2020-10-15,41.61,40.124516129032266,10,2020,3
2020-10-16,41.34,40.124516129032266,10,2020,4
2020-10-17,41.34,40.124516129032266,10,2020,5
2020-10-18,41.34,40.124516129032266,10,2020,6
2020-10-19,41.29,40.124516129032266,10,2020,0
2020-10-20,41.62,40.124516129032266,10,2020,1
2020-10-21,40.09,40.124516129032266,10,2020,2
2020-10-22,41.28,40.124516129032266,10,2020,3
2020-10-23,40.71,40.124516129032266,10,2020,4
2020-10-24,40.71,40.124516129032266,10,2020,5
2020-10-25,40.71,40.124516129032266,10,2020,6
2020-10-26,39.06,40.124516129032266,10,2020,0
2020-10-27,39.72,40.124516129032266,10,2020,1
2020-10-28,37.86,40.124516129032266,10,2020,2
2020-10-29,36.56,40.124516129032266,10,2020,3
2020-10-30,36.33,40.124516129032266,10,2020,4
2020-10-31,36.33,40.124516129032266,10,2020,5
2020-11-01,36.33,42.446333333333335,11,2020,6
2020-11-02,37.78,42.446333333333335,11,2020,0
2020-11-03,38.17,42.446333333333335,11,2020,1
2020-11-04,39.68,42.446333333333335,11,2020,2
2020-11-05,39.47,42.446333333333335,11,2020,3
2020-11-06,38.08,42.446333333333335,11,2020,4
2020-11-07,38.08,42.446333333333335,11,2020,5
2020-11-08,38.08,42.446333333333335,11,2020,6
2020-11-09,40.93,42.446333333333335,11,2020,0
2020-11-10,42.25,42.446333333333335,11,2020,1
2020-11-11,42.5,42.446333333333335,11,2020,2
2020-11-12,42.16,42.446333333333335,11,2020,3
2020-11-13,41.51,42.446333333333335,11,2020,4
2020-11-14,41.51,42.446333333333335,11,2020,5
2020-11-15,41.51,42.446333333333335,11,2020,6
2020-11-16,42.71,42.446333333333335,11,2020,0
2020-11-17,42.54,42.446333333333335,11,2020,1
2020-11-18,42.91,42.446333333333335,11,2020,2
2020-11-19,43.09,42.446333333333335,11,2020,3
2020-11-20,43.79,42.446333333333335,11,2020,4
2020-11-21,43.79,42.446333333333335,11,2020,5
2020-11-22,43.79,42.446333333333335,11,2020,6
2020-11-23,45.0,42.446333333333335,11,2020,0
2020-11-24,46.63,42.446333333333335,11,2020,1
2020-11-25,47.3,42.446333333333335,11,2020,2
2020-11-26,46.32,42.446333333333335,11,2020,3
2020-11-27,46.88,42.446333333333335,11,2020,4
2020-11-28,46.88,42.446333333333335,11,2020,5
2020-11-29,46.88,42.446333333333335,11,2020,6
2020-11-30,46.84,42.446333333333335,11,2020,0
2020-12-01,47.03,50.163225806451614,12,2020,1
2020-12-02,47.8,50.163225806451614,12,2020,2
2020-12-03,48.37,50.163225806451614,12,2020,3
2020-12-04,49.1,50.163225806451614,12,2020,4
2020-12-05,49.1,50.163225806451614,12,2020,5
2020-12-06,49.1,50.163225806451614,12,2020,6
2020-12-07,48.63,50.163225806451614,12,2020,0
2020-12-08,48.84,50.163225806451614,12,2020,1
2020-12-09,48.81,50.163225806451614,12,2020,2
2020-12-10,50.33,50.163225806451614,12,2020,3
2020-12-11,50.01,50.163225806451614,12,2020,4
2020-12-12,50.01,50.163225806451614,12,2020,5
2020-12-13,50.01,50.163225806451614,12,2020,6
2020-12-14,50.27,50.163225806451614,12,2020,0
2020-12-15,50.77,50.163225806451614,12,2020,1
2020-12-16,50.83,50.163225806451614,12,2020,2
2020-12-17,51.2,50.163225806451614,12,2020,3
2020-12-18,52.17,50.163225806451614,12,2020,4
2020-12-19,52.17,50.163225806451614,12,2020,5
2020-12-20,52.17,50.163225806451614,12,2020,6
2020-12-21,50.61,50.163225806451614,12,2020,0
2020-12-22,49.88,50.163225806451614,12,2020,1
2020-12-23,51.05,50.163225806451614,12,2020,2
2020-12-24,50.88,50.163225806451614,12,2020,3
2020-12-25,50.88,50.163225806451614,12,2020,4
2020-12-26,50.88,50.163225806451614,12,2020,5
2020-12-27,50.88,50.163225806451614,12,2020,6
2020-12-28,50.88,50.163225806451614,12,2020,0
2020-12-29,50.44,50.163225806451614,12,2020,1
2020-12-30,50.74,50.163225806451614,12,2020,2
2020-12-31,51.22,50.163225806451614,12,2020,3
2021-01-01,51.22,54.538709677419355,1,2021,4
2021-01-02,51.22,54.538709677419355,1,2021,5
2021-01-03,51.22,54.538709677419355,1,2021,6
2021-01-04,50.37,54.538709677419355,1,2021,0
2021-01-05,53.16,54.538709677419355,1,2021,1
2021-01-06,53.8,54.538709677419355,1,2021,2
2021-01-07,53.7,54.538709677419355,1,2021,3
2021-01-08,55.51,54.538709677419355,1,2021,4
2021-01-09,55.51,54.538709677419355,1,2021,5
2021-01-10,55.51,54.538709677419355,1,2021,6
2021-01-11,54.84,54.538709677419355,1,2021,0
2021-01-12,55.98,54.538709677419355,1,2021,1
2021-01-13,55.52,54.538709677419355,1,2021,2
2021-01-14,55.76,54.538709677419355,1,2021,3
2021-01-15,54.8,54.538709677419355,1,2021,4
2021-01-16,54.8,54.538709677419355,1,2021,5
2021-01-17,54.8,54.538709677419355,1,2021,6
2021-01-18,54.21,54.538709677419355,1,2021,0
2021-01-19,55.38,54.538709677419355,1,2021,1
2021-01-20,55.66,54.538709677419355,1,2021,2
2021-01-21,55.68,54.538709677419355,1,2021,3
2021-01-22,55.22,54.538709677419355,1,2021,4
2021-01-23,55.22,54.538709677419355,1,2021,5
2021-01-24,55.22,54.538709677419355,1,2021,6
2021-01-25,55.44,54.538709677419355,1,2021,0
2021-01-26,55.26,54.538709677419355,1,2021,1
2021-01-27,55.07,54.538709677419355,1,2021,2
2021-01-28,54.87,54.538709677419355,1,2021,3
2021-01-29,55.25,54.538709677419355,1,2021,4
2021-01-30,55.25,54.538709677419355,1,2021,5
2021-01-31,55.25,54.538709677419355,1,2021,6
2021-02-01,56.42,62.386785714285715,2,2021,0
2021-02-02,57.62,62.386785714285715,2,2021,1
2021-02-03,58.61,62.386785714285715,2,2021,2
2021-02-04,58.98,62.386785714285715,2,2021,3
2021-02-05,59.48,62.386785714285715,2,2021,4
2021-02-06,59.48,62.386785714285715,2,2021,5
2021-02-07,59.48,62.386785714285715,2,2021,6
2021-02-08,60.17,62.386785714285715,2,2021,0
2021-02-09,60.74,62.386785714285715,2,2021,1
2021-02-10,61.17,62.386785714285715,2,2021,2
2021-02-11,61.09,62.386785714285715,2,2021,3
2021-02-12,62.47,62.386785714285715,2,2021,4
2021-02-13,62.47,62.386785714285715,2,2021,5
2021-02-14,62.47,62.386785714285715,2,2021,6
2021-02-15,63.58,62.386785714285715,2,2021,0
2021-02-16,63.96,62.386785714285715,2,2021,1
2021-02-17,65.02,62.386785714285715,2,2021,2
2021-02-18,64.09,62.386785714285715,2,2021,3
2021-02-19,62.84,62.386785714285715,2,2021,4
2021-02-20,62.84,62.386785714285715,2,2021,5
2021-02-21,62.84,62.386785714285715,2,2021,6
2021-02-22,64.73,62.386785714285715,2,2021,0
2021-02-23,65.16,62.386785714285715,2,2021,1
2021-02-24,66.85,62.386785714285715,2,2021,2
2021-02-25,66.69,62.386785714285715,2,2021,3
2021-02-26,65.86,62.386785714285715,2,2021,4
2021-02-27,65.86,62.386785714285715,2,2021,5
2021-02-28,65.86,62.386785714285715,2,2021,6
2021-03-01,64.56,65.72935483870968,3,2021,0
2021-03-02,63.17,65.72935483870968,3,2021,1
2021-03-03,64.7,65.72935483870968,3,2021,2
2021-03-04,67.32,65.72935483870968,3,2021,3
2021-03-05,69.95,65.72935483870968,3,2021,4
2021-03-06,69.95,65.72935483870968,3,2021,5
2021-03-07,69.95,65.72935483870968,3,2021,6
2021-03-08,68.0,65.72935483870968,3,2021,0
2021-03-09,67.03,65.72935483870968,3,2021,1
2021-03-10,67.53,65.72935483870968,3,2021,2
2021-03-11,69.34,65.72935483870968,3,2021,3
2021-03-12,68.87,65.72935483870968,3,2021,4
2021-03-13,68.87,65.72935483870968,3,2021,5
2021-03-14,68.87,65.72935483870968,3,2021,6
2021-03-15,68.78,65.72935483870968,3,2021,0
2021-03-16,67.95,65.72935483870968,3,2021,1
2021-03-17,67.73,65.72935483870968,3,2021,2
2021-03-18,62.11,65.72935483870968,3,2021,3
2021-03-19,64.0,65.72935483870968,3,2021,4
2021-03-20,64.0,65.72935483870968,3,2021,5
2021-03-21,64.0,65.72935483870968,3,2021,6
2021-03-22,63.89,65.72935483870968,3,2021,0
2021-03-23,59.96,65.72935483870968,3,2021,1
2021-03-24,63.7,65.72935483870968,3,2021,2
2021-03-25,61.21,65.72935483870968,3,2021,3
2021-03-26,63.77,65.72935483870968,3,2021,4
2021-03-27,63.77,65.72935483870968,3,2021,5
2021-03-28,63.77,65.72935483870968,3,2021,6
2021-03-29,64.06,65.72935483870968,3,2021,0
2021-03-30,63.28,65.72935483870968,3,2021,1
2021-03-31,63.52,65.72935483870968,3,2021,2
2021-04-01,63.85,64.62566666666666,4,2021,3
2021-04-02,63.85,64.62566666666666,4,2021,4
2021-04-03,63.85,64.62566666666666,4,2021,5
2021-04-04,63.85,64.62566666666666,4,2021,6
2021-04-05,63.85,64.62566666666666,4,2021,0
2021-04-06,61.47,64.62566666666666,4,2021,1
2021-04-07,61.86,64.62566666666666,4,2021,2
2021-04-08,62.09,64.62566666666666,4,2021,3
2021-04-09,61.89,64.62566666666666,4,2021,4
2021-04-10,61.89,64.62566666666666,4,2021,5
2021-04-11,61.89,64.62566666666666,4,2021,6
2021-04-12,62.38,64.62566666666666,4,2021,0
2021-04-13,62.83,64.62566666666666,4,2021,1
2021-04-14,66.11,64.62566666666666,4,2021,2
2021-04-15,66.13,64.62566666666666,4,2021,3
2021-04-16,65.98,64.62566666666666,4,2021,4
2021-04-17,65.98,64.62566666666666,4,2021,5
2021-04-18,65.98,64.62566666666666,4,2021,6
2021-04-19,66.54,64.62566666666666,4,2021,0
2021-04-20,65.34,64.62566666666666,4,2021,1
2021-04-21,64.02,64.62566666666666,4,2021,2
2021-04-22,65.07,64.62566666666666,4,2021,3
2021-04-23,65.75,64.62566666666666,4,2021,4
2021-04-24,65.75,64.62566666666666,4,2021,5
2021-04-25,65.75,64.62566666666666,4,2021,6
2021-04-26,65.5,64.62566666666666,4,2021,0
2021-04-27,66.25,64.62566666666666,4,2021,1
2021-04-28,67.08,64.62566666666666,4,2021,2
2021-04-29,68.26,64.62566666666666,4,2021,3
2021-04-30,67.73,64.62566666666666,4,2021,4
2021-05-01,67.73,68.47741935483872,5,2021,5
2021-05-02,67.73,68.47741935483872,5,2021,6
2021-05-03,67.73,68.47741935483872,5,2021,0
2021-05-04,68.91,68.47741935483872,5,2021,1
2021-05-05,69.71,68.47741935483872,5,2021,2
2021-05-06,68.62,68.47741935483872,5,2021,3
2021-05-07,68.73,68.47741935483872,5,2021,4
2021-05-08,68.73,68.47741935483872,5,2021,5
2021-05-09,68.73,68.47741935483872,5,2021,6
2021-05-10,68.61,68.47741935483872,5,2021,0
2021-05-11,68.83,68.47741935483872,5,2021,1
2021-05-12,69.62,68.47741935483872,5,2021,2
2021-05-13,67.36,68.47741935483872,5,2021,3
2021-05-14,69.24,68.47741935483872,5,2021,4
2021-05-15,69.24,68.47741935483872,5,2021,5
2021-05-16,69.24,68.47741935483872,5,2021,6
2021-05-17,69.62,68.47741935483872,5,2021,0
2021-05-18,69.01,68.47741935483872,5,2021,1
2021-05-19,66.88,68.47741935483872,5,2021,2
2021-05-20,65.18,68.47741935483872,5,2021,3
2021-05-21,66.72,68.47741935483872,5,2021,4
2021-05-22,66.72,68.47741935483872,5,2021,5
2021-05-23,66.72,68.47741935483872,5,2021,6
2021-05-24,68.59,68.47741935483872,5,2021,0
2021-05-25,68.8,68.47741935483872,5,2021,1
2021-05-26,68.93,68.47741935483872,5,2021,2
2021-05-27,69.43,68.47741935483872,5,2021,3
2021-05-28,69.36,68.47741935483872,5,2021,4
2021-05-29,69.36,68.47741935483872,5,2021,5
2021-05-30,69.36,68.47741935483872,5,2021,6
2021-05-31,69.36,68.47741935483872,5,2021,0
2021-06-01,70.03,73.18033333333332,6,2021,1
2021-06-02,70.6,73.18033333333332,6,2021,2
2021-06-03,70.71,73.18033333333332,6,2021,3
2021-06-04,71.3,73.18033333333332,6,2021,4
2021-06-05,71.3,73.18033333333332,6,2021,5
2021-06-06,71.3,73.18033333333332,6,2021,6
2021-06-07,70.89,73.18033333333332,6,2021,0
2021-06-08,71.39,73.18033333333332,6,2021,1
2021-06-09,71.31,73.18033333333332,6,2021,2
2021-06-10,71.65,73.18033333333332,6,2021,3
2021-06-11,72.05,73.18033333333332,6,2021,4
2021-06-12,72.05,73.18033333333332,6,2021,5
2021-06-13,72.05,73.18033333333332,6,2021,6
2021-06-14,72.27,73.18033333333332,6,2021,0
2021-06-15,73.38,73.18033333333332,6,2021,1
2021-06-16,73.88,73.18033333333332,6,2021,2
2021-06-17,72.92,73.18033333333332,6,2021,3
2021-06-18,73.1,73.18033333333332,6,2021,4
2021-06-19,73.1,73.18033333333332,6,2021,5
2021-06-20,73.1,73.18033333333332,6,2021,6
2021-06-21,74.49,73.18033333333332,6,2021,0
2021-06-22,74.92,73.18033333333332,6,2021,1
2021-06-23,75.22,73.18033333333332,6,2021,2
2021-06-24,75.95,73.18033333333332,6,2021,3
2021-06-25,76.45,73.18033333333332,6,2021,4
2021-06-26,76.45,73.18033333333332,6,2021,5
2021-06-27,76.45,73.18033333333332,6,2021,6
2021-06-28,74.78,73.18033333333332,6,2021,0
2021-06-29,75.38,73.18033333333332,6,2021,1
2021-06-30,76.94,73.18033333333332,6,2021,2
2021-07-01,76.69,75.4616129032258,7,2021,3
2021-07-02,77.51,75.4616129032258,7,2021,4
2021-07-03,77.51,75.4616129032258,7,2021,5
2021-07-04,77.51,75.4616129032258,7,2021,6
2021-07-05,78.34,75.4616129032258,7,2021,0
2021-07-06,75.81,75.4616129032258,7,2021,1
2021-07-07,74.31,75.4616129032258,7,2021,2
2021-07-08,75.07,75.4616129032258,7,2021,3
2021-07-09,77.14,75.4616129032258,7,2021,4
2021-07-10,77.14,75.4616129032258,7,2021,5
2021-07-11,77.14,75.4616129032258,7,2021,6
2021-07-12,76.77,75.4616129032258,7,2021,0
2021-07-13,77.5,75.4616129032258,7,2021,1
2021-07-14,75.74,75.4616129032258,7,2021,2
2021-07-15,74.53,75.4616129032258,7,2021,3
2021-07-16,74.46,75.4616129032258,7,2021,4
2021-07-17,74.46,75.4616129032258,7,2021,5
2021-07-18,74.46,75.4616129032258,7,2021,6
2021-07-19,69.33,75.4616129032258,7,2021,0
2021-07-20,70.03,75.4616129032258,7,2021,1
2021-07-21,72.54,75.4616129032258,7,2021,2
2021-07-22,74.25,75.4616129032258,7,2021,3
2021-07-23,74.86,75.4616129032258,7,2021,4
2021-07-24,74.86,75.4616129032258,7,2021,5
2021-07-25,74.86,75.4616129032258,7,2021,6
2021-07-26,74.79,75.4616129032258,7,2021,0
2021-07-27,74.87,75.4616129032258,7,2021,1
2021-07-28,75.09,75.4616129032258,7,2021,2
2021-07-29,76.3,75.4616129032258,7,2021,3
2021-07-30,77.72,75.4616129032258,7,2021,4
2021-07-31,77.72,75.4616129032258,7,2021,5
2021-08-01,77.72,70.80806451612904,8,2021,6
2021-08-02,73.91,70.80806451612904,8,2021,0
2021-08-03,73.24,70.80806451612904,8,2021,1
2021-08-04,70.99,70.80806451612904,8,2021,2
2021-08-05,72.14,70.80806451612904,8,2021,3
2021-08-06,71.02,70.80806451612904,8,2021,4
2021-08-07,71.02,70.80806451612904,8,2021,5
2021-08-08,71.02,70.80806451612904,8,2021,6
2021-08-09,69.65,70.80806451612904,8,2021,0
2021-08-10,71.14,70.80806451612904,8,2021,1
2021-08-11,71.99,70.80806451612904,8,2021,2
2021-08-12,71.79,70.80806451612904,8,2021,3
2021-08-13,70.9,70.80806451612904,8,2021,4
2021-08-14,70.9,70.80806451612904,8,2021,5
2021-08-15,70.9,70.80806451612904,8,2021,6
2021-08-16,70.07,70.80806451612904,8,2021,0
2021-08-17,69.4,70.80806451612904,8,2021,1
2021-08-18,68.61,70.80806451612904,8,2021,2
2021-08-19,66.8,70.80806451612904,8,2021,3
2021-08-20,65.51,70.80806451612904,8,2021,4
2021-08-21,65.51,70.80806451612904,8,2021,5
2021-08-22,65.51,70.80806451612904,8,2021,6
2021-08-23,69.07,70.80806451612904,8,2021,0
2021-08-24,71.21,70.80806451612904,8,2021,1
2021-08-25,72.12,70.80806451612904,8,2021,2
2021-08-26,70.42,70.80806451612904,8,2021,3
2021-08-27,72.26,70.80806451612904,8,2021,4
2021-08-28,72.26,70.80806451612904,8,2021,5
2021-08-29,72.26,70.80806451612904,8,2021,6
2021-08-30,72.26,70.80806451612904,8,2021,0
2021-08-31,73.45,70.80806451612904,8,2021,1
2021-09-01,71.99,74.463,9,2021,2
2021-09-02,73.56,74.463,9,2021,3
2021-09-03,73.07,74.463,9,2021,4
2021-09-04,73.07,74.463,9,2021,5
2021-09-05,73.07,74.463,9,2021,6
2021-09-06,72.43,74.463,9,2021,0
2021-09-07,71.52,74.463,9,2021,1
2021-09-08,72.36,74.463,9,2021,2
2021-09-09,71.32,74.463,9,2021,3
2021-09-10,72.44,74.463,9,2021,4
2021-09-11,72.44,74.463,9,2021,5
2021-09-12,72.44,74.463,9,2021,6
2021-09-13,72.97,74.463,9,2021,0
2021-09-14,73.05,74.463,9,2021,1
2021-09-15,74.84,74.463,9,2021,2
2021-09-16,75.14,74.463,9,2021,3
2021-09-17,74.64,74.463,9,2021,4
2021-09-18,74.64,74.463,9,2021,5
2021-09-19,74.64,74.463,9,2021,6
2021-09-20,73.59,74.463,9,2021,0
2021-09-21,73.65,74.463,9,2021,1
2021-09-22,75.5,74.463,9,2021,2
2021-09-23,76.44,74.463,9,2021,3
2021-09-24,77.42,74.463,9,2021,4
2021-09-25,77.42,74.463,9,2021,5
2021-09-26,77.42,74.463,9,2021,6
2021-09-27,78.85,74.463,9,2021,0
2021-09-28,78.3,74.463,9,2021,1
2021-09-29,77.86,74.463,9,2021,2
2021-09-30,77.81,74.463,9,2021,3
2021-10-01,79.4,83.34967741935485,10,2021,4
2021-10-02,79.4,83.34967741935485,10,2021,5
2021-10-03,79.4,83.34967741935485,10,2021,6
2021-10-04,81.44,83.34967741935485,10,2021,0
2021-10-05,82.72,83.34967741935485,10,2021,1
2021-10-06,81.39,83.34967741935485,10,2021,2
2021-10-07,82.34,83.34967741935485,10,2021,3
2021-10-08,82.17,83.34967741935485,10,2021,4
2021-10-09,82.17,83.34967741935485,10,2021,5
2021-10-10,82.17,83.34967741935485,10,2021,6
2021-10-11,83.75,83.34967741935485,10,2021,0
2021-10-12,83.53,83.34967741935485,10,2021,1
2021-10-13,83.53,83.34967741935485,10,2021,2
2021-10-14,83.86,83.34967741935485,10,2021,3
2021-10-15,84.67,83.34967741935485,10,2021,4
2021-10-16,84.67,83.34967741935485,10,2021,5
2021-10-17,84.67,83.34967741935485,10,2021,6
2021-10-18,84.13,83.34967741935485,10,2021,0
2021-10-19,85.02,83.34967741935485,10,2021,1
2021-10-20,85.76,83.34967741935485,10,2021,2
2021-10-21,84.58,83.34967741935485,10,2021,3
2021-10-22,85.43,83.34967741935485,10,2021,4
2021-10-23,85.43,83.34967741935485,10,2021,5
2021-10-24,85.43,83.34967741935485,10,2021,6
2021-10-25,84.85,83.34967741935485,10,2021,0
2021-10-26,85.11,83.34967741935485,10,2021,1
2021-10-27,84.12,83.34967741935485,10,2021,2
2021-10-28,83.4,83.34967741935485,10,2021,3
2021-10-29,83.1,83.34967741935485,10,2021,4
2021-10-30,83.1,83.34967741935485,10,2021,5
2021-10-31,83.1,83.34967741935485,10,2021,6
2021-11-01,84.51,80.63266666666667,11,2021,0
2021-11-02,84.42,80.63266666666667,11,2021,1
2021-11-03,81.1,80.63266666666667,11,2021,2
2021-11-04,80.15,80.63266666666667,11,2021,3
2021-11-05,82.43,80.63266666666667,11,2021,4
2021-11-06,82.43,80.63266666666667,11,2021,5
2021-11-07,82.43,80.63266666666667,11,2021,6
2021-11-08,83.22,80.63266666666667,11,2021,0
2021-11-09,84.52,80.63266666666667,11,2021,1
2021-11-10,82.91,80.63266666666667,11,2021,2
2021-11-11,83.4,80.63266666666667,11,2021,3
2021-11-12,82.9,80.63266666666667,11,2021,4
2021-11-13,82.9,80.63266666666667,11,2021,5
2021-11-14,82.9,80.63266666666667,11,2021,6
2021-11-15,81.94,80.63266666666667,11,2021,0
2021-11-16,82.85,80.63266666666667,11,2021,1
2021-11-17,80.67,80.63266666666667,11,2021,2
2021-11-18,82.45,80.63266666666667,11,2021,3
2021-11-19,80.24,80.63266666666667,11,2021,4
2021-11-20,80.24,80.63266666666667,11,2021,5
2021-11-21,80.24,80.63266666666667,11,2021,6
2021-11-22,80.97,80.63266666666667,11,2021,0
2021-11-23,83.43,80.63266666666667,11,2021,1
2021-11-24,82.37,80.63266666666667,11,2021,2
2021-11-25,82.05,80.63266666666667,11,2021,3
2021-11-26,72.37,80.63266666666667,11,2021,4
2021-11-27,72.37,80.63266666666667,11,2021,5
2021-11-28,72.37,80.63266666666667,11,2021,6
2021-11-29,73.34,80.63266666666667,11,2021,0
2021-11-30,70.86,80.63266666666667,11,2021,1
2021-12-01,69.53,74.06,12,2021,2
2021-12-02,70.56,74.06,12,2021,3
2021-12-03,70.71,74.06,12,2021,4
2021-12-04,70.71,74.06,12,2021,5
2021-12-05,70.71,74.06,12,2021,6
2021-12-06,73.38,74.06,12,2021,0
2021-12-07,75.54,74.06,12,2021,1
2021-12-08,75.94,74.06,12,2021,2
2021-12-09,74.1,74.06,12,2021,3
2021-12-10,74.98,74.06,12,2021,4
2021-12-11,74.98,74.06,12,2021,5
2021-12-12,74.98,74.06,12,2021,6
2021-12-13,74.12,74.06,12,2021,0
2021-12-14,73.37,74.06,12,2021,1
2021-12-15,73.71,74.06,12,2021,2
2021-12-16,74.64,74.06,12,2021,3
2021-12-17,72.97,74.06,12,2021,4
2021-12-18,72.97,74.06,12,2021,5
2021-12-19,72.97,74.06,12,2021,6
2021-12-20,70.51,74.06,12,2021,0
2021-12-21,72.85,74.06,12,2021,1
2021-12-22,74.69,74.06,12,2021,2
2021-12-23,76.26,74.06,12,2021,3
2021-12-24,75.24,74.06,12,2021,4
2021-12-25,75.24,74.06,12,2021,5
2021-12-26,75.24,74.06,12,2021,6
2021-12-27,75.24,74.06,12,2021,0
2021-12-28,75.24,74.06,12,2021,1
2021-12-29,78.63,74.06,12,2021,2
2021-12-30,78.61,74.06,12,2021,3
2021-12-31,77.24,74.06,12,2021,4
2022-01-01,77.24,86.2074193548387,1,2022,5
2022-01-02,77.24,86.2074193548387,1,2022,6
2022-01-03,78.25,86.2074193548387,1,2022,0
2022-01-04,79.39,86.2074193548387,1,2022,1
2022-01-05,80.6,86.2074193548387,1,2022,2
2022-01-06,81.99,86.2074193548387,1,2022,3
2022-01-07,82.28,86.2074193548387,1,2022,4
2022-01-08,82.28,86.2074193548387,1,2022,5
2022-01-09,82.28,86.2074193548387,1,2022,6
2022-01-10,81.56,86.2074193548387,1,2022,0
2022-01-11,84.98,86.2074193548387,1,2022,1
2022-01-12,85.83,86.2074193548387,1,2022,2
2022-01-13,85.8,86.2074193548387,1,2022,3
2022-01-14,87.17,86.2074193548387,1,2022,4
2022-01-15,87.17,86.2074193548387,1,2022,5
2022-01-16,87.17,86.2074193548387,1,2022,6
2022-01-17,87.82,86.2074193548387,1,2022,0
2022-01-18,88.83,86.2074193548387,1,2022,1
2022-01-19,89.64,86.2074193548387,1,2022,2
2022-01-20,89.75,86.2074193548387,1,2022,3
2022-01-21,89.75,86.2074193548387,1,2022,4
2022-01-22,89.75,86.2074193548387,1,2022,5
2022-01-23,89.75,86.2074193548387,1,2022,6
2022-01-24,87.74,86.2074193548387,1,2022,0
2022-01-25,89.49,86.2074193548387,1,2022,1
2022-01-26,91.22,86.2074193548387,1,2022,2
2022-01-27,90.7,86.2074193548387,1,2022,3
2022-01-28,91.47,86.2074193548387,1,2022,4
2022-01-29,91.47,86.2074193548387,1,2022,5
2022-01-30,91.47,86.2074193548387,1,2022,6
2022-01-31,92.35,86.2074193548387,1,2022,0
2022-02-01,90.24,97.1707142857143,2,2022,1
2022-02-02,91.43,97.1707142857143,2,2022,2
2022-02-03,92.99,97.1707142857143,2,2022,3
2022-02-04,96.86,97.1707142857143,2,2022,4
2022-02-05,96.86,97.1707142857143,2,2022,5
2022-02-06,96.86,97.1707142857143,2,2022,6
2022-02-07,97.28,97.1707142857143,2,2022,0
2022-02-08,96.07,97.1707142857143,2,2022,1
2022-02-09,94.95,97.1707142857143,2,2022,2
2022-02-10,96.37,97.1707142857143,2,2022,3
2022-02-11,97.5,97.1707142857143,2,2022,4
2022-02-12,97.5,97.1707142857143,2,2022,5
2022-02-13,97.5,97.1707142857143,2,2022,6
2022-02-14,101.66,97.1707142857143,2,2022,0
2022-02-15,98.43,97.1707142857143,2,2022,1
2022-02-16,97.44,97.1707142857143,2,2022,2
2022-02-17,95.28,97.1707142857143,2,2022,3
2022-02-18,96.18,97.1707142857143,2,2022,4
2022-02-19,96.18,97.1707142857143,2,2022,5
2022-02-20,96.18,97.1707142857143,2,2022,6
2022-02-21,98.95,97.1707142857143,2,2022,0
2022-02-22,98.73,97.1707142857143,2,2022,1
2022-02-23,99.29,97.1707142857143,2,2022,2
2022-02-24,101.29,97.1707142857143,2,2022,3
2022-02-25,98.56,97.1707142857143,2,2022,4
2022-02-26,98.56,97.1707142857143,2,2022,5
2022-02-27,98.56,97.1707142857143,2,2022,6
2022-02-28,103.08,97.1707142857143,2,2022,0
2022-03-01,110.93,117.88903225806452,3,2022,1
2022-03-02,118.94,117.88903225806452,3,2022,2
2022-03-03,115.36,117.88903225806452,3,2022,3
2022-03-04,123.86,117.88903225806452,3,2022,4
2022-03-05,123.86,117.88903225806452,3,2022,5
2022-03-06,123.86,117.88903225806452,3,2022,6
2022-03-07,129.02,117.88903225806452,3,2022,0
2022-03-08,133.18,117.88903225806452,3,2022,1
2022-03-09,116.58,117.88903225806452,3,2022,2
2022-03-10,114.54,117.88903225806452,3,2022,3
2022-03-11,118.11,117.88903225806452,3,2022,4
2022-03-12,118.11,117.88903225806452,3,2022,5
2022-03-13,118.11,117.88903225806452,3,2022,6
2022-03-14,110.39,117.88903225806452,3,2022,0
2022-03-15,105.14,117.88903225806452,3,2022,1
2022-03-16,104.61,117.88903225806452,3,2022,2
2022-03-17,113.5,117.88903225806452,3,2022,3
2022-03-18,114.32,117.88903225806452,3,2022,4
2022-03-19,114.32,117.88903225806452,3,2022,5
2022-03-20,114.32,117.88903225806452,3,2022,6
2022-03-21,122.29,117.88903225806452,3,2022,0
2022-03-22,121.53,117.88903225806452,3,2022,1
2022-03-23,127.52,117.88903225806452,3,2022,2
2022-03-24,123.98,117.88903225806452,3,2022,3
2022-03-25,122.67,117.88903225806452,3,2022,4
2022-03-26,122.67,117.88903225806452,3,2022,5
2022-03-27,122.67,117.88903225806452,3,2022,6
2022-03-28,114.5,117.88903225806452,3,2022,0
2022-03-29,112.79,117.88903225806452,3,2022,1
2022-03-30,115.59,117.88903225806452,3,2022,2
2022-03-31,107.29,117.88903225806452,3,2022,3
2022-04-01,106.13,105.45633333333333,4,2022,4
2022-04-02,106.13,105.45633333333333,4,2022,5
2022-04-03,106.13,105.45633333333333,4,2022,6
2022-04-04,108.15,105.45633333333333,4,2022,0
2022-04-05,106.6,105.45633333333333,4,2022,1
2022-04-06,100.81,105.45633333333333,4,2022,2
2022-04-07,99.83,105.45633333333333,4,2022,3
2022-04-08,101.26,105.45633333333333,4,2022,4
2022-04-09,101.26,105.45633333333333,4,2022,5
2022-04-10,101.26,105.45633333333333,4,2022,6
2022-04-11,97.92,105.45633333333333,4,2022,0
2022-04-12,104.42,105.45633333333333,4,2022,1
2022-04-13,108.49,105.45633333333333,4,2022,2
2022-04-14,110.83,105.45633333333333,4,2022,3
2022-04-15,110.83,105.45633333333333,4,2022,4
2022-04-16,110.83,105.45633333333333,4,2022,5
2022-04-17,110.83,105.45633333333333,4,2022,6
2022-04-18,110.83,105.45633333333333,4,2022,0
2022-04-19,105.49,105.45633333333333,4,2022,1
2022-04-20,105.05,105.45633333333333,4,2022,2
2022-04-21,107.2,105.45633333333333,4,2022,3
2022-04-22,105.15,105.45633333333333,4,2022,4
2022-04-23,105.15,105.45633333333333,4,2022,5
2022-04-24,105.15,105.45633333333333,4,2022,6
2022-04-25,99.27,105.45633333333333,4,2022,0
2022-04-26,102.89,105.45633333333333,4,2022,1
2022-04-27,103.3,105.45633333333333,4,2022,2
2022-04-28,105.78,105.45633333333333,4,2022,3
2022-04-29,108.36,105.45633333333333,4,2022,4
2022-04-30,108.36,105.45633333333333,4,2022,5
2022-05-01,108.36,113.49709677419354,5,2022,6
2022-05-02,108.36,113.49709677419354,5,2022,0
2022-05-03,104.94,113.49709677419354,5,2022,1
2022-05-04,110.53,113.49709677419354,5,2022,2
2022-05-05,112.11,113.49709677419354,5,2022,3
2022-05-06,113.86,113.49709677419354,5,2022,4
2022-05-07,113.86,113.49709677419354,5,2022,5
2022-05-08,113.86,113.49709677419354,5,2022,6
2022-05-09,106.67,113.49709677419354,5,2022,0
2022-05-10,102.61,113.49709677419354,5,2022,1
2022-05-11,107.7,113.49709677419354,5,2022,2
2022-05-12,108.06,113.49709677419354,5,2022,3
2022-05-13,112.12,113.49709677419354,5,2022,4
2022-05-14,112.12,113.49709677419354,5,2022,5
2022-05-15,112.12,113.49709677419354,5,2022,6
2022-05-16,114.86,113.49709677419354,5,2022,0
2022-05-17,112.89,113.49709677419354,5,2022,1
2022-05-18,110.04,113.49709677419354,5,2022,2
2022-05-19,113.22,113.49709677419354,5,2022,3
2022-05-20,113.63,113.49709677419354,5,2022,4
2022-05-21,113.63,113.49709677419354,5,2022,5
2022-05-22,113.63,113.49709677419354,5,2022,6
2022-05-23,115.13,113.49709677419354,5,2022,0
2022-05-24,115.77,113.49709677419354,5,2022,1
2022-05-25,116.41,113.49709677419354,5,2022,2
2022-05-26,119.81,113.49709677419354,5,2022,3
2022-05-27,121.19,113.49709677419354,5,2022,4
2022-05-28,121.19,113.49709677419354,5,2022,5
2022-05-29,121.19,113.49709677419354,5,2022,6
2022-05-30,123.01,113.49709677419354,5,2022,0
2022-05-31,125.53,113.49709677419354,5,2022,1
2022-06-01,122.2,122.61766666666668,6,2022,2
2022-06-02,122.2,122.61766666666668,6,2022,3
2022-06-03,125.68,122.61766666666668,6,2022,4
2022-06-04,125.68,122.61766666666668,6,2022,5
2022-06-05,125.68,122.61766666666668,6,2022,6
2022-06-06,124.99,122.61766666666668,6,2022,0
2022-06-07,126.89,122.61766666666668,6,2022,1
2022-06-08,129.2,122.61766666666668,6,2022,2
2022-06-09,128.47,122.61766666666668,6,2022,3
2022-06-10,127.44,122.61766666666668,6,2022,4
2022-06-11,127.44,122.61766666666668,6,2022,5
2022-06-12,127.44,122.61766666666668,6,2022,6
2022-06-13,128.44,122.61766666666668,6,2022,0
2022-06-14,127.02,122.61766666666668,6,2022,1
2022-06-15,124.96,122.61766666666668,6,2022,2
2022-06-16,125.78,122.61766666666668,6,2022,3
2022-06-17,119.22,122.61766666666668,6,2022,4
2022-06-18,119.22,122.61766666666668,6,2022,5
2022-06-19,119.22,122.61766666666668,6,2022,6
2022-06-20,118.25,122.61766666666668,6,2022,0
2022-06-21,118.51,122.61766666666668,6,2022,1
2022-06-22,115.54,122.61766666666668,6,2022,2
2022-06-23,114.5,122.61766666666668,6,2022,3
2022-06-24,117.36,122.61766666666668,6,2022,4
2022-06-25,117.36,122.61766666666668,6,2022,5
2022-06-26,117.36,122.61766666666668,6,2022,6
2022-06-27,119.69,122.61766666666668,6,2022,0
2022-06-28,122.21,122.61766666666668,6,2022,1
2022-06-29,120.8,122.61766666666668,6,2022,2
2022-06-30,119.78,122.61766666666668,6,2022,3
2022-07-01,119.21,112.18838709677419,7,2022,4
2022-07-02,119.21,112.18838709677419,7,2022,5
2022-07-03,119.21,112.18838709677419,7,2022,6
2022-07-04,121.8,112.18838709677419,7,2022,0
2022-07-05,110.49,112.18838709677419,7,2022,1
2022-07-06,108.54,112.18838709677419,7,2022,2
2022-07-07,113.4,112.18838709677419,7,2022,3
2022-07-08,113.95,112.18838709677419,7,2022,4
2022-07-09,113.95,112.18838709677419,7,2022,5
2022-07-10,113.95,112.18838709677419,7,2022,6
2022-07-11,114.85,112.18838709677419,7,2022,0
2022-07-12,106.98,112.18838709677419,7,2022,1
2022-07-13,107.17,112.18838709677419,7,2022,2
2022-07-14,107.74,112.18838709677419,7,2022,3
2022-07-15,112.26,112.18838709677419,7,2022,4
2022-07-16,112.26,112.18838709677419,7,2022,5
2022-07-17,112.26,112.18838709677419,7,2022,6
2022-07-18,117.27,112.18838709677419,7,2022,0
2022-07-19,114.96,112.18838709677419,7,2022,1
2022-07-20,115.86,112.18838709677419,7,2022,2
2022-07-21,112.81,112.18838709677419,7,2022,3
2022-07-22,106.77,112.18838709677419,7,2022,4
2022-07-23,106.77,112.18838709677419,7,2022,5
2022-07-24,106.77,112.18838709677419,7,2022,6
2022-07-25,108.23,112.18838709677419,7,2022,0
2022-07-26,107.32,112.18838709677419,7,2022,1
2022-07-27,109.64,112.18838709677419,7,2022,2
2022-07-28,109.68,112.18838709677419,7,2022,3
2022-07-29,111.51,112.18838709677419,7,2022,4
2022-07-30,111.51,112.18838709677419,7,2022,5
2022-07-31,111.51,112.18838709677419,7,2022,6
2022-08-01,106.09,100.4558064516129,8,2022,0
2022-08-02,106.51,100.4558064516129,8,2022,1
2022-08-03,101.82,100.4558064516129,8,2022,2
2022-08-04,97.99,100.4558064516129,8,2022,3
2022-08-05,100.31,100.4558064516129,8,2022,4
2022-08-06,100.31,100.4558064516129,8,2022,5
2022-08-07,100.31,100.4558064516129,8,2022,6
2022-08-08,103.46,100.4558064516129,8,2022,0
2022-08-09,103.81,100.4558064516129,8,2022,1
2022-08-10,105.06,100.4558064516129,8,2022,2
2022-08-11,107.19,100.4558064516129,8,2022,3
2022-08-12,103.7,100.4558064516129,8,2022,4
2022-08-13,103.7,100.4558064516129,8,2022,5
2022-08-14,103.7,100.4558064516129,8,2022,6
2022-08-15,98.25,100.4558064516129,8,2022,0
2022-08-16,95.36,100.4558064516129,8,2022,1
2022-08-17,97.22,100.4558064516129,8,2022,2
2022-08-18,96.35,100.4558064516129,8,2022,3
2022-08-19,96.45,100.4558064516129,8,2022,4
2022-08-20,96.45,100.4558064516129,8,2022,5
2022-08-21,96.45,100.4558064516129,8,2022,6
2022-08-22,95.06,100.4558064516129,8,2022,0
2022-08-23,99.49,100.4558064516129,8,2022,1
2022-08-24,99.87,100.4558064516129,8,2022,2
2022-08-25,98.81,100.4558064516129,8,2022,3
2022-08-26,101.13,100.4558064516129,8,2022,4
2022-08-27,101.13,100.4558064516129,8,2022,5
2022-08-28,101.13,100.4558064516129,8,2022,6
2022-08-29,101.13,100.4558064516129,8,2022,0
2022-08-30,99.34,100.4558064516129,8,2022,1
2022-08-31,96.55,100.4558064516129,8,2022,2
2022-09-01,92.24,89.71566666666668,9,2022,3
2022-09-02,93.09,89.71566666666668,9,2022,4
2022-09-03,93.09,89.71566666666668,9,2022,5
2022-09-04,93.09,89.71566666666668,9,2022,6
2022-09-05,94.22,89.71566666666668,9,2022,0
2022-09-06,91.43,89.71566666666668,9,2022,1
2022-09-07,86.83,89.71566666666668,9,2022,2
2022-09-08,87.99,89.71566666666668,9,2022,3
2022-09-09,91.68,89.71566666666668,9,2022,4
2022-09-10,91.68,89.71566666666668,9,2022,5
2022-09-11,91.68,89.71566666666668,9,2022,6
2022-09-12,93.45,89.71566666666668,9,2022,0
2022-09-13,92.04,89.71566666666668,9,2022,1
2022-09-14,92.83,89.71566666666668,9,2022,2
2022-09-15,89.28,89.71566666666668,9,2022,3
2022-09-16,89.43,89.71566666666668,9,2022,4
2022-09-17,89.43,89.71566666666668,9,2022,5
2022-09-18,89.43,89.71566666666668,9,2022,6
2022-09-19,89.43,89.71566666666668,9,2022,0
2022-09-20,89.62,89.71566666666668,9,2022,1
2022-09-21,89.86,89.71566666666668,9,2022,2
2022-09-22,90.4,89.71566666666668,9,2022,3
2022-09-23,84.29,89.71566666666668,9,2022,4
2022-09-24,84.29,89.71566666666668,9,2022,5
2022-09-25,84.29,89.71566666666668,9,2022,6
2022-09-26,82.55,89.71566666666668,9,2022,0
2022-09-27,85.97,89.71566666666668,9,2022,1
2022-09-28,89.55,89.71566666666668,9,2022,2
2022-09-29,89.41,89.71566666666668,9,2022,3
2022-09-30,88.9,89.71566666666668,9,2022,4
2022-10-01,88.9,93.31903225806451,10,2022,5
2022-10-02,88.9,93.31903225806451,10,2022,6
2022-10-03,90.68,93.31903225806451,10,2022,0
2022-10-04,93.74,93.31903225806451,10,2022,1
2022-10-05,94.35,93.31903225806451,10,2022,2
2022-10-06,95.65,93.31903225806451,10,2022,3
2022-10-07,98.88,93.31903225806451,10,2022,4
2022-10-08,98.88,93.31903225806451,10,2022,5
2022-10-09,98.88,93.31903225806451,10,2022,6
2022-10-10,97.13,93.31903225806451,10,2022,0
2022-10-11,95.17,93.31903225806451,10,2022,1
2022-10-12,93.44,93.31903225806451,10,2022,2
2022-10-13,95.16,93.31903225806451,10,2022,3
2022-10-14,92.22,93.31903225806451,10,2022,4
2022-10-15,92.22,93.31903225806451,10,2022,5
2022-10-16,92.22,93.31903225806451,10,2022,6
2022-10-17,91.04,93.31903225806451,10,2022,0
2022-10-18,89.46,93.31903225806451,10,2022,1
2022-10-19,91.34,93.31903225806451,10,2022,2
2022-10-20,91.52,93.31903225806451,10,2022,3
2022-10-21,91.82,93.31903225806451,10,2022,4
2022-10-22,91.82,93.31903225806451,10,2022,5
2022-10-23,91.82,93.31903225806451,10,2022,6
2022-10-24,91.57,93.31903225806451,10,2022,0
2022-10-25,91.76,93.31903225806451,10,2022,1
2022-10-26,92.93,93.31903225806451,10,2022,2
2022-10-27,94.17,93.31903225806451,10,2022,3
2022-10-28,94.64,93.31903225806451,10,2022,4
2022-10-29,94.64,93.31903225806451,10,2022,5
2022-10-30,94.64,93.31903225806451,10,2022,6
2022-10-31,93.3,93.31903225806451,10,2022,0
2022-11-01,95.12,96.55642857142857,11,2022,1
2022-11-02,96.07,96.55642857142857,11,2022,2
2022-11-03,95.29,96.55642857142857,11,2022,3
2022-11-04,99.53,96.55642857142857,11,2022,4
2022-11-05,99.53,96.55642857142857,11,2022,5
2022-11-06,99.53,96.55642857142857,11,2022,6
2022-11-07,99.87,96.55642857142857,11,2022,0
2022-11-08,96.85,96.55642857142857,11,2022,1
2022-11-09,93.05,96.55642857142857,11,2022,2
2022-11-10,94.25,96.55642857142857,11,2022,3
2022-11-11,96.37,96.55642857142857,11,2022,4
2022-11-12,96.37,96.55642857142857,11,2022,5
2022-11-13,96.37,96.55642857142857,11,2022,6
2022-11-14,93.59,96.55642857142857,11,2022,0
