month,port,commodity,bdry,brent,import_volume,export_volume,vessel_calls,has_portwatch_coverage,trade_signal,has_trade_signal,bdry_lag1,bdry_lag2,bdry_lag3,bdry_rolling_3m_avg,brent_lag1,trade_signal_lag1,trade_signal_yoy_growth,month_num,quarter,target_rate,target_delta,target_rate_h1,target_delta_h1,target_rate_h2,target_delta_h2,target_rate_h3,target_delta_h3,_vol_pctile,_shock_pctile,_trend_pctile,_congestion_pctile,_data_uncertainty,risk_score,target_risk
2018-06-01,Chennai,Bulk Minerals & Ores,21.713199869791666,74.354,0.0,0.0,0.0,False,21515.91,1.0,21.552741942867154,21.616866874694825,23.845600128173828,22.338402981911937,76.83967741935484,19897.620000000003,0.0,6,2,23.35909677320911,1.8063548303419559,23.35909677320911,1.8063548303419559,25.203032278245495,3.6502903353783402,23.45619996388753,1.903458021020377,0.06818181818181818,0.06666666666666667,0.045454545454545456,0.5,1.0,0.24401515151515152,low
2018-06-01,Chennai,Coal,21.713199869791666,74.354,0.0,0.0,0.0,False,0.0,0.0,21.552741942867154,21.616866874694825,23.845600128173828,22.338402981911937,76.83967741935484,0.0,0.0,6,2,23.35909677320911,1.8063548303419559,23.35909677320911,1.8063548303419559,25.203032278245495,3.6502903353783402,23.45619996388753,1.903458021020377,0.06818181818181818,0.06666666666666667,0.045454545454545456,0.5,1.0,0.24401515151515152,low
2018-06-01,Chennai,Iron Ore,21.713199869791666,74.354,0.0,0.0,0.0,False,0.0,0.0,21.552741942867154,21.616866874694825,23.845600128173828,22.338402981911937,76.83967741935484,0.0,0.0,6,2,23.35909677320911,1.8063548303419559,23.35909677320911,1.8063548303419559,25.203032278245495,3.6502903353783402,23.45619996388753,1.903458021020377,0.06818181818181818,0.06666666666666667,0.045454545454545456,0.5,1.0,0.24401515151515152,low
2018-06-01,Dhamra,Bulk Minerals & Ores,21.713199869791666,74.354,0.0,0.0,0.0,False,21515.91,1.0,21.552741942867154,21.616866874694825,23.845600128173828,22.338402981911937,76.83967741935484,19897.620000000003,0.0,6,2,23.35909677320911,1.8063548303419559,23.35909677320911,1.8063548303419559,25.203032278245495,3.6502903353783402,23.45619996388753,1.903458021020377,0.06818181818181818,0.06666666666666667,0.045454545454545456,0.5,1.0,0.24401515151515152,low
2018-06-01,Dhamra,Coal,21.713199869791666,74.354,0.0,0.0,0.0,False,0.0,0.0,21.552741942867154,21.616866874694825,23.845600128173828,22.338402981911937,76.83967741935484,0.0,0.0,6,2,23.35909677320911,1.8063548303419559,23.35909677320911,1.8063548303419559,25.203032278245495,3.6502903353783402,23.45619996388753,1.903458021020377,0.06818181818181818,0.06666666666666667,0.045454545454545456,0.5,1.0,0.24401515151515152,low
2018-06-01,Dhamra,Iron Ore,21.713199869791666,74.354,0.0,0.0,0.0,False,0.0,0.0,21.552741942867154,21.616866874694825,23.845600128173828,22.338402981911937,76.83967741935484,0.0,0.0,6,2,23.35909677320911,1.8063548303419559,23.35909677320911,1.8063548303419559,25.203032278245495,3.6502903353783402,23.45619996388753,1.903458021020377,0.06818181818181818,0.06666666666666667,0.045454545454545456,0.5,1.0,0.24401515151515152,low
2018-06-01,Gangavaram,Bulk Minerals & Ores,21.713199869791666,74.354,0.0,0.0,0.0,False,21515.91,1.0,21.552741942867154,21.616866874694825,23.845600128173828,22.338402981911937,76.83967741935484,19897.620000000003,0.0,6,2,23.35909677320911,1.8063548303419559,23.35909677320911,1.8063548303419559,25.203032278245495,3.6502903353783402,23.45619996388753,1.903458021020377,0.06818181818181818,0.06666666666666667,0.045454545454545456,0.5,1.0,0.24401515151515152,low
2018-06-01,Gangavaram,Coal,21.713199869791666,74.354,0.0,0.0,0.0,False,0.0,0.0,21.552741942867154,21.616866874694825,23.845600128173828,22.338402981911937,76.83967741935484,0.0,0.0,6,2,23.35909677320911,1.8063548303419559,23.35909677320911,1.8063548303419559,25.203032278245495,3.6502903353783402,23.45619996388753,1.903458021020377,0.06818181818181818,0.06666666666666667,0.045454545454545456,0.5,1.0,0.24401515151515152,low
2018-06-01,Gangavaram,Iron Ore,21.713199869791666,74.354,0.0,0.0,0.0,False,0.0,0.0,21.552741942867154,21.616866874694825,23.845600128173828,22.338402981911937,76.83967741935484,0.0,0.0,6,2,23.35909677320911,1.8063548303419559,23.35909677320911,1.8063548303419559,25.203032278245495,3.6502903353783402,23.45619996388753,1.903458021020377,0.06818181818181818,0.06666666666666667,0.045454545454545456,0.5,1.0,0.24401515151515152,low
2018-06-01,Gopalpur,Bulk Minerals & Ores,21.713199869791666,74.354,0.0,0.0,0.0,False,21515.91,1.0,21.552741942867154,21.616866874694825,23.845600128173828,22.338402981911937,76.83967741935484,19897.620000000003,0.0,6,2,23.35909677320911,1.8063548303419559,23.35909677320911,1.8063548303419559,25.203032278245495,3.6502903353783402,23.45619996388753,1.903458021020377,0.06818181818181818,0.06666666666666667,0.045454545454545456,0.5,1.0,0.24401515151515152,low
2018-06-01,Gopalpur,Coal,21.713199869791666,74.354,0.0,0.0,0.0,False,0.0,0.0,21.552741942867154,21.616866874694825,23.845600128173828,22.338402981911937,76.83967741935484,0.0,0.0,6,2,23.35909677320911,1.8063548303419559,23.35909677320911,1.8063548303419559,25.203032278245495,3.6502903353783402,23.45619996388753,1.903458021020377,0.06818181818181818,0.06666666666666667,0.045454545454545456,0.5,1.0,0.24401515151515152,low
2018-06-01,Gopalpur,Iron Ore,21.713199869791666,74.354,0.0,0.0,0.0,False,0.0,0.0,21.552741942867154,21.616866874694825,23.845600128173828,22.338402981911937,76.83967741935484,0.0,0.0,6,2,23.35909677320911,1.8063548303419559,23.35909677320911,1.8063548303419559,25.203032278245495,3.6502903353783402,23.45619996388753,1.903458021020377,0.06818181818181818,0.06666666666666667,0.045454545454545456,0.5,1.0,0.24401515151515152,low
2018-06-01,Haldia,Bulk Minerals & Ores,21.713199869791666,74.354,0.0,0.0,0.0,False,21515.91,1.0,21.552741942867154,21.616866874694825,23.845600128173828,22.338402981911937,76.83967741935484,19897.620000000003,0.0,6,2,23.35909677320911,1.8063548303419559,23.35909677320911,1.8063548303419559,25.203032278245495,3.6502903353783402,23.45619996388753,1.903458021020377,0.06818181818181818,0.06666666666666667,0.045454545454545456,0.5,1.0,0.24401515151515152,low
2018-06-01,Haldia,Coal,21.713199869791666,74.354,0.0,0.0,0.0,False,0.0,0.0,21.552741942867154,21.616866874694825,23.845600128173828,22.338402981911937,76.83967741935484,0.0,0.0,6,2,23.35909677320911,1.8063548303419559,23.35909677320911,1.8063548303419559,25.203032278245495,3.6502903353783402,23.45619996388753,1.903458021020377,0.06818181818181818,0.06666666666666667,0.045454545454545456,0.5,1.0,0.24401515151515152,low
2018-06-01,Haldia,Iron Ore,21.713199869791666,74.354,0.0,0.0,0.0,False,0.0,0.0,21.552741942867154,21.616866874694825,23.845600128173828,22.338402981911937,76.83967741935484,0.0,0.0,6,2,23.35909677320911,1.8063548303419559,23.35909677320911,1.8063548303419559,25.203032278245495,3.6502903353783402,23.45619996388753,1.903458021020377,0.06818181818181818,0.06666666666666667,0.045454545454545456,0.5,1.0,0.24401515151515152,low
2018-06-01,Kamarajar,Bulk Minerals & Ores,21.713199869791666,74.354,0.0,0.0,0.0,False,21515.91,1.0,21.552741942867154,21.616866874694825,23.845600128173828,22.338402981911937,76.83967741935484,19897.620000000003,0.0,6,2,23.35909677320911,1.8063548303419559,23.35909677320911,1.8063548303419559,25.203032278245495,3.6502903353783402,23.45619996388753,1.903458021020377,0.06818181818181818,0.06666666666666667,0.045454545454545456,0.5,1.0,0.24401515151515152,low
2018-06-01,Kamarajar,Coal,21.713199869791666,74.354,0.0,0.0,0.0,False,0.0,0.0,21.552741942867154,21.616866874694825,23.845600128173828,22.338402981911937,76.83967741935484,0.0,0.0,6,2,23.35909677320911,1.8063548303419559,23.35909677320911,1.8063548303419559,25.203032278245495,3.6502903353783402,23.45619996388753,1.903458021020377,0.06818181818181818,0.06666666666666667,0.045454545454545456,0.5,1.0,0.24401515151515152,low
2018-06-01,Kamarajar,Iron Ore,21.713199869791666,74.354,0.0,0.0,0.0,False,0.0,0.0,21.552741942867154,21.616866874694825,23.845600128173828,22.338402981911937,76.83967741935484,0.0,0.0,6,2,23.35909677320911,1.8063548303419559,23.35909677320911,1.8063548303419559,25.203032278245495,3.6502903353783402,23.45619996388753,1.903458021020377,0.06818181818181818,0.06666666666666667,0.045454545454545456,0.5,1.0,0.24401515151515152,low
2018-06-01,Paradip,Bulk Minerals & Ores,21.713199869791666,74.354,0.0,0.0,0.0,False,21515.91,1.0,21.552741942867154,21.616866874694825,23.845600128173828,22.338402981911937,76.83967741935484,19897.620000000003,0.0,6,2,23.35909677320911,1.8063548303419559,23.35909677320911,1.8063548303419559,25.203032278245495,3.6502903353783402,23.45619996388753,1.903458021020377,0.06818181818181818,0.06666666666666667,0.045454545454545456,0.5,1.0,0.24401515151515152,low
2018-06-01,Paradip,Coal,21.713199869791666,74.354,0.0,0.0,0.0,False,0.0,0.0,21.552741942867154,21.616866874694825,23.845600128173828,22.338402981911937,76.83967741935484,0.0,0.0,6,2,23.35909677320911,1.8063548303419559,23.35909677320911,1.8063548303419559,25.203032278245495,3.6502903353783402,23.45619996388753,1.903458021020377,0.06818181818181818,0.06666666666666667,0.045454545454545456,0.5,1.0,0.24401515151515152,low
2018-06-01,Paradip,Iron Ore,21.713199869791666,74.354,0.0,0.0,0.0,False,0.0,0.0,21.552741942867154,21.616866874694825,23.845600128173828,22.338402981911937,76.83967741935484,0.0,0.0,6,2,23.35909677320911,1.8063548303419559,23.35909677320911,1.8063548303419559,25.203032278245495,3.6502903353783402,23.45619996388753,1.903458021020377,0.06818181818181818,0.06666666666666667,0.045454545454545456,0.5,1.0,0.24401515151515152,low
2018-06-01,Sagar Sandheads,Bulk Minerals & Ores,21.713199869791666,74.354,0.0,0.0,0.0,False,21515.91,1.0,21.552741942867154,21.616866874694825,23.845600128173828,22.338402981911937,76.83967741935484,19897.620000000003,0.0,6,2,23.35909677320911,1.8063548303419559,23.35909677320911,1.8063548303419559,25.203032278245495,3.6502903353783402,23.45619996388753,1.903458021020377,0.06818181818181818,0.06666666666666667,0.045454545454545456,0.5,1.0,0.24401515151515152,low
2018-06-01,Sagar Sandheads,Coal,21.713199869791666,74.354,0.0,0.0,0.0,False,0.0,0.0,21.552741942867154,21.616866874694825,23.845600128173828,22.338402981911937,76.83967741935484,0.0,0.0,6,2,23.35909677320911,1.8063548303419559,23.35909677320911,1.8063548303419559,25.203032278245495,3.6502903353783402,23.45619996388753,1.903458021020377,0.06818181818181818,0.06666666666666667,0.045454545454545456,0.5,1.0,0.24401515151515152,low
2018-06-01,Sagar Sandheads,Iron Ore,21.713199869791666,74.354,0.0,0.0,0.0,False,0.0,0.0,21.552741942867154,21.616866874694825,23.845600128173828,22.338402981911937,76.83967741935484,0.0,0.0,6,2,23.35909677320911,1.8063548303419559,23.35909677320911,1.8063548303419559,25.203032278245495,3.6502903353783402,23.45619996388753,1.903458021020377,0.06818181818181818,0.06666666666666667,0.045454545454545456,0.5,1.0,0.24401515151515152,low
2018-06-01,Tuticorin,Bulk Minerals & Ores,21.713199869791666,74.354,0.0,0.0,0.0,False,21515.91,1.0,21.552741942867154,21.616866874694825,23.845600128173828,22.338402981911937,76.83967741935484,19897.620000000003,0.0,6,2,23.35909677320911,1.8063548303419559,23.35909677320911,1.8063548303419559,25.203032278245495,3.6502903353783402,23.45619996388753,1.903458021020377,0.06818181818181818,0.06666666666666667,0.045454545454545456,0.5,1.0,0.24401515151515152,low
2018-06-01,Tuticorin,Coal,21.713199869791666,74.354,0.0,0.0,0.0,False,0.0,0.0,21.552741942867154,21.616866874694825,23.845600128173828,22.338402981911937,76.83967741935484,0.0,0.0,6,2,23.35909677320911,1.8063548303419559,23.35909677320911,1.8063548303419559,25.203032278245495,3.6502903353783402,23.45619996388753,1.903458021020377,0.06818181818181818,0.06666666666666667,0.045454545454545456,0.5,1.0,0.24401515151515152,low
2018-06-01,Tuticorin,Iron Ore,21.713199869791666,74.354,0.0,0.0,0.0,False,0.0,0.0,21.552741942867154,21.616866874694825,23.845600128173828,22.338402981911937,76.83967741935484,0.0,0.0,6,2,23.35909677320911,1.8063548303419559,23.35909677320911,1.8063548303419559,25.203032278245495,3.6502903353783402,23.45619996388753,1.903458021020377,0.06818181818181818,0.06666666666666667,0.045454545454545456,0.5,1.0,0.24401515151515152,low
2018-06-01,Visakhapatnam,Bulk Minerals & Ores,21.713199869791666,74.354,0.0,0.0,0.0,False,21515.91,1.0,21.552741942867154,21.616866874694825,23.845600128173828,22.338402981911937,76.83967741935484,19897.620000000003,0.0,6,2,23.35909677320911,1.8063548303419559,23.35909677320911,1.8063548303419559,25.203032278245495,3.6502903353783402,23.45619996388753,1.903458021020377,0.06818181818181818,0.06666666666666667,0.045454545454545456,0.5,1.0,0.24401515151515152,low
2018-06-01,Visakhapatnam,Coal,21.713199869791666,74.354,0.0,0.0,0.0,False,0.0,0.0,21.552741942867154,21.616866874694825,23.845600128173828,22.338402981911937,76.83967741935484,0.0,0.0,6,2,23.35909677320911,1.8063548303419559,23.35909677320911,1.8063548303419559,25.203032278245495,3.6502903353783402,23.45619996388753,1.903458021020377,0.06818181818181818,0.06666666666666667,0.045454545454545456,0.5,1.0,0.24401515151515152,low
2018-06-01,Visakhapatnam,Iron Ore,21.713199869791666,74.354,0.0,0.0,0.0,False,0.0,0.0,21.552741942867154,21.616866874694825,23.845600128173828,22.338402981911937,76.83967741935484,0.0,0.0,6,2,23.35909677320911,1.8063548303419559,23.35909677320911,1.8063548303419559,25.203032278245495,3.6502903353783402,23.45619996388753,1.903458021020377,0.06818181818181818,0.06666666666666667,0.045454545454545456,0.5,1.0,0.24401515151515152,low
2018-07-01,Chennai,Bulk Minerals & Ores,23.35909677320911,74.28612903225806,0.0,0.0,0.0,False,20734.859999999993,1.0,21.713199869791666,21.552741942867154,21.616866874694825,21.62760289578455,74.354,21515.91,0.0,7,3,25.203032278245495,3.489832408453829,25.203032278245495,3.489832408453829,23.45619996388753,1.7430000940958656,22.12141941439721,0.40821954460554366,0.045454545454545456,0.3111111111111111,0.29545454545454547,0.5,1.0,0.32244949494949493,low
2018-07-01,Chennai,Coal,23.35909677320911,74.28612903225806,0.0,0.0,0.0,False,0.0,0.0,21.713199869791666,21.552741942867154,21.616866874694825,21.62760289578455,74.354,0.0,0.0,7,3,25.203032278245495,3.489832408453829,25.203032278245495,3.489832408453829,23.45619996388753,1.7430000940958656,22.12141941439721,0.40821954460554366,0.045454545454545456,0.3111111111111111,0.29545454545454547,0.5,1.0,0.32244949494949493,low
2018-07-01,Chennai,Iron Ore,23.35909677320911,74.28612903225806,0.0,0.0,0.0,False,0.0,0.0,21.713199869791666,21.552741942867154,21.616866874694825,21.62760289578455,74.354,0.0,0.0,7,3,25.203032278245495,3.489832408453829,25.203032278245495,3.489832408453829,23.45619996388753,1.7430000940958656,22.12141941439721,0.40821954460554366,0.045454545454545456,0.3111111111111111,0.29545454545454547,0.5,1.0,0.32244949494949493,low
2018-07-01,Dhamra,Bulk Minerals & Ores,23.35909677320911,74.28612903225806,0.0,0.0,0.0,False,20734.859999999993,1.0,21.713199869791666,21.552741942867154,21.616866874694825,21.62760289578455,74.354,21515.91,0.0,7,3,25.203032278245495,3.489832408453829,25.203032278245495,3.489832408453829,23.45619996388753,1.7430000940958656,22.12141941439721,0.40821954460554366,0.045454545454545456,0.3111111111111111,0.29545454545454547,0.5,1.0,0.32244949494949493,low
2018-07-01,Dhamra,Coal,23.35909677320911,74.28612903225806,0.0,0.0,0.0,False,0.0,0.0,21.713199869791666,21.552741942867154,21.616866874694825,21.62760289578455,74.354,0.0,0.0,7,3,25.203032278245495,3.489832408453829,25.203032278245495,3.489832408453829,23.45619996388753,1.7430000940958656,22.12141941439721,0.40821954460554366,0.045454545454545456,0.3111111111111111,0.29545454545454547,0.5,1.0,0.32244949494949493,low
2018-07-01,Dhamra,Iron Ore,23.35909677320911,74.28612903225806,0.0,0.0,0.0,False,0.0,0.0,21.713199869791666,21.552741942867154,21.616866874694825,21.62760289578455,74.354,0.0,0.0,7,3,25.203032278245495,3.489832408453829,25.203032278245495,3.489832408453829,23.45619996388753,1.7430000940958656,22.12141941439721,0.40821954460554366,0.045454545454545456,0.3111111111111111,0.29545454545454547,0.5,1.0,0.32244949494949493,low
2018-07-01,Gangavaram,Bulk Minerals & Ores,23.35909677320911,74.28612903225806,0.0,0.0,0.0,False,20734.859999999993,1.0,21.713199869791666,21.552741942867154,21.616866874694825,21.62760289578455,74.354,21515.91,0.0,7,3,25.203032278245495,3.489832408453829,25.203032278245495,3.489832408453829,23.45619996388753,1.7430000940958656,22.12141941439721,0.40821954460554366,0.045454545454545456,0.3111111111111111,0.29545454545454547,0.5,1.0,0.32244949494949493,low
2018-07-01,Gangavaram,Coal,23.35909677320911,74.28612903225806,0.0,0.0,0.0,False,0.0,0.0,21.713199869791666,21.552741942867154,21.616866874694825,21.62760289578455,74.354,0.0,0.0,7,3,25.203032278245495,3.489832408453829,25.203032278245495,3.489832408453829,23.45619996388753,1.7430000940958656,22.12141941439721,0.40821954460554366,0.045454545454545456,0.3111111111111111,0.29545454545454547,0.5,1.0,0.32244949494949493,low
2018-07-01,Gangavaram,Iron Ore,23.35909677320911,74.28612903225806,0.0,0.0,0.0,False,0.0,0.0,21.713199869791666,21.552741942867154,21.616866874694825,21.62760289578455,74.354,0.0,0.0,7,3,25.203032278245495,3.489832408453829,25.203032278245495,3.489832408453829,23.45619996388753,1.7430000940958656,22.12141941439721,0.40821954460554366,0.045454545454545456,0.3111111111111111,0.29545454545454547,0.5,1.0,0.32244949494949493,low
2018-07-01,Gopalpur,Bulk Minerals & Ores,23.35909677320911,74.28612903225806,0.0,0.0,0.0,False,20734.859999999993,1.0,21.713199869791666,21.552741942867154,21.616866874694825,21.62760289578455,74.354,21515.91,0.0,7,3,25.203032278245495,3.489832408453829,25.203032278245495,3.489832408453829,23.45619996388753,1.7430000940958656,22.12141941439721,0.40821954460554366,0.045454545454545456,0.3111111111111111,0.29545454545454547,0.5,1.0,0.32244949494949493,low
2018-07-01,Gopalpur,Coal,23.35909677320911,74.28612903225806,0.0,0.0,0.0,False,0.0,0.0,21.713199869791666,21.552741942867154,21.616866874694825,21.62760289578455,74.354,0.0,0.0,7,3,25.203032278245495,3.489832408453829,25.203032278245495,3.489832408453829,23.45619996388753,1.7430000940958656,22.12141941439721,0.40821954460554366,0.045454545454545456,0.3111111111111111,0.29545454545454547,0.5,1.0,0.32244949494949493,low
2018-07-01,Gopalpur,Iron Ore,23.35909677320911,74.28612903225806,0.0,0.0,0.0,False,0.0,0.0,21.713199869791666,21.552741942867154,21.616866874694825,21.62760289578455,74.354,0.0,0.0,7,3,25.203032278245495,3.489832408453829,25.203032278245495,3.489832408453829,23.45619996388753,1.7430000940958656,22.12141941439721,0.40821954460554366,0.045454545454545456,0.3111111111111111,0.29545454545454547,0.5,1.0,0.32244949494949493,low
2018-07-01,Haldia,Bulk Minerals & Ores,23.35909677320911,74.28612903225806,0.0,0.0,0.0,False,20734.859999999993,1.0,21.713199869791666,21.552741942867154,21.616866874694825,21.62760289578455,74.354,21515.91,0.0,7,3,25.203032278245495,3.489832408453829,25.203032278245495,3.489832408453829,23.45619996388753,1.7430000940958656,22.12141941439721,0.40821954460554366,0.045454545454545456,0.3111111111111111,0.29545454545454547,0.5,1.0,0.32244949494949493,low
2018-07-01,Haldia,Coal,23.35909677320911,74.28612903225806,0.0,0.0,0.0,False,0.0,0.0,21.713199869791666,21.552741942867154,21.616866874694825,21.62760289578455,74.354,0.0,0.0,7,3,25.203032278245495,3.489832408453829,25.203032278245495,3.489832408453829,23.45619996388753,1.7430000940958656,22.12141941439721,0.40821954460554366,0.045454545454545456,0.3111111111111111,0.29545454545454547,0.5,1.0,0.32244949494949493,low
2018-07-01,Haldia,Iron Ore,23.35909677320911,74.28612903225806,0.0,0.0,0.0,False,0.0,0.0,21.713199869791666,21.552741942867154,21.616866874694825,21.62760289578455,74.354,0.0,0.0,7,3,25.203032278245495,3.489832408453829,25.203032278245495,3.489832408453829,23.45619996388753,1.7430000940958656,22.12141941439721,0.40821954460554366,0.045454545454545456,0.3111111111111111,0.29545454545454547,0.5,1.0,0.32244949494949493,low
2018-07-01,Kamarajar,Bulk Minerals & Ores,23.35909677320911,74.28612903225806,0.0,0.0,0.0,False,20734.859999999993,1.0,21.713199869791666,21.552741942867154,21.616866874694825,21.62760289578455,74.354,21515.91,0.0,7,3,25.203032278245495,3.489832408453829,25.203032278245495,3.489832408453829,23.45619996388753,1.7430000940958656,22.12141941439721,0.40821954460554366,0.045454545454545456,0.3111111111111111,0.29545454545454547,0.5,1.0,0.32244949494949493,low
2018-07-01,Kamarajar,Coal,23.35909677320911,74.28612903225806,0.0,0.0,0.0,False,0.0,0.0,21.713199869791666,21.552741942867154,21.616866874694825,21.62760289578455,74.354,0.0,0.0,7,3,25.203032278245495,3.489832408453829,25.203032278245495,3.489832408453829,23.45619996388753,1.7430000940958656,22.12141941439721,0.40821954460554366,0.045454545454545456,0.3111111111111111,0.29545454545454547,0.5,1.0,0.32244949494949493,low
2018-07-01,Kamarajar,Iron Ore,23.35909677320911,74.28612903225806,0.0,0.0,0.0,False,0.0,0.0,21.713199869791666,21.552741942867154,21.616866874694825,21.62760289578455,74.354,0.0,0.0,7,3,25.203032278245495,3.489832408453829,25.203032278245495,3.489832408453829,23.45619996388753,1.7430000940958656,22.12141941439721,0.40821954460554366,0.045454545454545456,0.3111111111111111,0.29545454545454547,0.5,1.0,0.32244949494949493,low
2018-07-01,Paradip,Bulk Minerals & Ores,23.35909677320911,74.28612903225806,0.0,0.0,0.0,False,20734.859999999993,1.0,21.713199869791666,21.552741942867154,21.616866874694825,21.62760289578455,74.354,21515.91,0.0,7,3,25.203032278245495,3.489832408453829,25.203032278245495,3.489832408453829,23.45619996388753,1.7430000940958656,22.12141941439721,0.40821954460554366,0.045454545454545456,0.3111111111111111,0.29545454545454547,0.5,1.0,0.32244949494949493,low
2018-07-01,Paradip,Coal,23.35909677320911,74.28612903225806,0.0,0.0,0.0,False,0.0,0.0,21.713199869791666,21.552741942867154,21.616866874694825,21.62760289578455,74.354,0.0,0.0,7,3,25.203032278245495,3.489832408453829,25.203032278245495,3.489832408453829,23.45619996388753,1.7430000940958656,22.12141941439721,0.40821954460554366,0.045454545454545456,0.3111111111111111,0.29545454545454547,0.5,1.0,0.32244949494949493,low
2018-07-01,Paradip,Iron Ore,23.35909677320911,74.28612903225806,0.0,0.0,0.0,False,0.0,0.0,21.713199869791666,21.552741942867154,21.616866874694825,21.62760289578455,74.354,0.0,0.0,7,3,25.203032278245495,3.489832408453829,25.203032278245495,3.489832408453829,23.45619996388753,1.7430000940958656,22.12141941439721,0.40821954460554366,0.045454545454545456,0.3111111111111111,0.29545454545454547,0.5,1.0,0.32244949494949493,low
2018-07-01,Sagar Sandheads,Bulk Minerals & Ores,23.35909677320911,74.28612903225806,0.0,0.0,0.0,False,20734.859999999993,1.0,21.713199869791666,21.552741942867154,21.616866874694825,21.62760289578455,74.354,21515.91,0.0,7,3,25.203032278245495,3.489832408453829,25.203032278245495,3.489832408453829,23.45619996388753,1.7430000940958656,22.12141941439721,0.40821954460554366,0.045454545454545456,0.3111111111111111,0.29545454545454547,0.5,1.0,0.32244949494949493,low
2018-07-01,Sagar Sandheads,Coal,23.35909677320911,74.28612903225806,0.0,0.0,0.0,False,0.0,0.0,21.713199869791666,21.552741942867154,21.616866874694825,21.62760289578455,74.354,0.0,0.0,7,3,25.203032278245495,3.489832408453829,25.203032278245495,3.489832408453829,23.45619996388753,1.7430000940958656,22.12141941439721,0.40821954460554366,0.045454545454545456,0.3111111111111111,0.29545454545454547,0.5,1.0,0.32244949494949493,low
2018-07-01,Sagar Sandheads,Iron Ore,23.35909677320911,74.28612903225806,0.0,0.0,0.0,False,0.0,0.0,21.713199869791666,21.552741942867154,21.616866874694825,21.62760289578455,74.354,0.0,0.0,7,3,25.203032278245495,3.489832408453829,25.203032278245495,3.489832408453829,23.45619996388753,1.7430000940958656,22.12141941439721,0.40821954460554366,0.045454545454545456,0.3111111111111111,0.29545454545454547,0.5,1.0,0.32244949494949493,low
2018-07-01,Tuticorin,Bulk Minerals & Ores,23.35909677320911,74.28612903225806,0.0,0.0,0.0,False,20734.859999999993,1.0,21.713199869791666,21.552741942867154,21.616866874694825,21.62760289578455,74.354,21515.91,0.0,7,3,25.203032278245495,3.489832408453829,25.203032278245495,3.489832408453829,23.45619996388753,1.7430000940958656,22.12141941439721,0.40821954460554366,0.045454545454545456,0.3111111111111111,0.29545454545454547,0.5,1.0,0.32244949494949493,low
2018-07-01,Tuticorin,Coal,23.35909677320911,74.28612903225806,0.0,0.0,0.0,False,0.0,0.0,21.713199869791666,21.552741942867154,21.616866874694825,21.62760289578455,74.354,0.0,0.0,7,3,25.203032278245495,3.489832408453829,25.203032278245495,3.489832408453829,23.45619996388753,1.7430000940958656,22.12141941439721,0.40821954460554366,0.045454545454545456,0.3111111111111111,0.29545454545454547,0.5,1.0,0.32244949494949493,low
2018-07-01,Tuticorin,Iron Ore,23.35909677320911,74.28612903225806,0.0,0.0,0.0,False,0.0,0.0,21.713199869791666,21.552741942867154,21.616866874694825,21.62760289578455,74.354,0.0,0.0,7,3,25.203032278245495,3.489832408453829,25.203032278245495,3.489832408453829,23.45619996388753,1.7430000940958656,22.12141941439721,0.40821954460554366,0.045454545454545456,0.3111111111111111,0.29545454545454547,0.5,1.0,0.32244949494949493,low
2018-07-01,Visakhapatnam,Bulk Minerals & Ores,23.35909677320911,74.28612903225806,0.0,0.0,0.0,False,20734.859999999993,1.0,21.713199869791666,21.552741942867154,21.616866874694825,21.62760289578455,74.354,21515.91,0.0,7,3,25.203032278245495,3.489832408453829,25.203032278245495,3.489832408453829,23.45619996388753,1.7430000940958656,22.12141941439721,0.40821954460554366,0.045454545454545456,0.3111111111111111,0.29545454545454547,0.5,1.0,0.32244949494949493,low
2018-07-01,Visakhapatnam,Coal,23.35909677320911,74.28612903225806,0.0,0.0,0.0,False,0.0,0.0,21.713199869791666,21.552741942867154,21.616866874694825,21.62760289578455,74.354,0.0,0.0,7,3,25.203032278245495,3.489832408453829,25.203032278245495,3.489832408453829,23.45619996388753,1.7430000940958656,22.12141941439721,0.40821954460554366,0.045454545454545456,0.3111111111111111,0.29545454545454547,0.5,1.0,0.32244949494949493,low
2018-07-01,Visakhapatnam,Iron Ore,23.35909677320911,74.28612903225806,0.0,0.0,0.0,False,0.0,0.0,21.713199869791666,21.552741942867154,21.616866874694825,21.62760289578455,74.354,0.0,0.0,7,3,25.203032278245495,3.489832408453829,25.203032278245495,3.489832408453829,23.45619996388753,1.7430000940958656,22.12141941439721,0.40821954460554366,0.045454545454545456,0.3111111111111111,0.29545454545454547,0.5,1.0,0.32244949494949493,low
2018-08-01,Chennai,Bulk Minerals & Ores,25.203032278245495,72.39387096774193,0.0,0.0,0.0,False,21398.90000000001,1.0,23.35909677320911,21.713199869791666,21.552741942867154,22.208346195289312,74.28612903225806,20734.859999999993,0.0,8,3,23.45619996388753,0.09710319067842121,23.45619996388753,0.09710319067842121,22.12141941439721,-1.2376773588119008,17.175799973805745,-6.183296799403365,0.29545454545454547,0.3333333333333333,0.38636363636363635,0.5,1.0,0.428030303030303,low
2018-08-01,Chennai,Coal,25.203032278245495,72.39387096774193,0.0,0.0,0.0,False,0.0,0.0,23.35909677320911,21.713199869791666,21.552741942867154,22.208346195289312,74.28612903225806,0.0,0.0,8,3,23.45619996388753,0.09710319067842121,23.45619996388753,0.09710319067842121,22.12141941439721,-1.2376773588119008,17.175799973805745,-6.183296799403365,0.29545454545454547,0.3333333333333333,0.38636363636363635,0.5,1.0,0.428030303030303,low
2018-08-01,Chennai,Iron Ore,25.203032278245495,72.39387096774193,0.0,0.0,0.0,False,0.0,0.0,23.35909677320911,21.713199869791666,21.552741942867154,22.208346195289312,74.28612903225806,0.0,0.0,8,3,23.45619996388753,0.09710319067842121,23.45619996388753,0.09710319067842121,22.12141941439721,-1.2376773588119008,17.175799973805745,-6.183296799403365,0.29545454545454547,0.3333333333333333,0.38636363636363635,0.5,1.0,0.428030303030303,low
2018-08-01,Dhamra,Bulk Minerals & Ores,25.203032278245495,72.39387096774193,0.0,0.0,0.0,False,21398.90000000001,1.0,23.35909677320911,21.713199869791666,21.552741942867154,22.208346195289312,74.28612903225806,20734.859999999993,0.0,8,3,23.45619996388753,0.09710319067842121,23.45619996388753,0.09710319067842121,22.12141941439721,-1.2376773588119008,17.175799973805745,-6.183296799403365,0.29545454545454547,0.3333333333333333,0.38636363636363635,0.5,1.0,0.428030303030303,low
2018-08-01,Dhamra,Coal,25.203032278245495,72.39387096774193,0.0,0.0,0.0,False,0.0,0.0,23.35909677320911,21.713199869791666,21.552741942867154,22.208346195289312,74.28612903225806,0.0,0.0,8,3,23.45619996388753,0.09710319067842121,23.45619996388753,0.09710319067842121,22.12141941439721,-1.2376773588119008,17.175799973805745,-6.183296799403365,0.29545454545454547,0.3333333333333333,0.38636363636363635,0.5,1.0,0.428030303030303,low
2018-08-01,Dhamra,Iron Ore,25.203032278245495,72.39387096774193,0.0,0.0,0.0,False,0.0,0.0,23.35909677320911,21.713199869791666,21.552741942867154,22.208346195289312,74.28612903225806,0.0,0.0,8,3,23.45619996388753,0.09710319067842121,23.45619996388753,0.09710319067842121,22.12141941439721,-1.2376773588119008,17.175799973805745,-6.183296799403365,0.29545454545454547,0.3333333333333333,0.38636363636363635,0.5,1.0,0.428030303030303,low
2018-08-01,Gangavaram,Bulk Minerals & Ores,25.203032278245495,72.39387096774193,0.0,0.0,0.0,False,21398.90000000001,1.0,23.35909677320911,21.713199869791666,21.552741942867154,22.208346195289312,74.28612903225806,20734.859999999993,0.0,8,3,23.45619996388753,0.09710319067842121,23.45619996388753,0.09710319067842121,22.12141941439721,-1.2376773588119008,17.175799973805745,-6.183296799403365,0.29545454545454547,0.3333333333333333,0.38636363636363635,0.5,1.0,0.428030303030303,low
2018-08-01,Gangavaram,Coal,25.203032278245495,72.39387096774193,0.0,0.0,0.0,False,0.0,0.0,23.35909677320911,21.713199869791666,21.552741942867154,22.208346195289312,74.28612903225806,0.0,0.0,8,3,23.45619996388753,0.09710319067842121,23.45619996388753,0.09710319067842121,22.12141941439721,-1.2376773588119008,17.175799973805745,-6.183296799403365,0.29545454545454547,0.3333333333333333,0.38636363636363635,0.5,1.0,0.428030303030303,low
2018-08-01,Gangavaram,Iron Ore,25.203032278245495,72.39387096774193,0.0,0.0,0.0,False,0.0,0.0,23.35909677320911,21.713199869791666,21.552741942867154,22.208346195289312,74.28612903225806,0.0,0.0,8,3,23.45619996388753,0.09710319067842121,23.45619996388753,0.09710319067842121,22.12141941439721,-1.2376773588119008,17.175799973805745,-6.183296799403365,0.29545454545454547,0.3333333333333333,0.38636363636363635,0.5,1.0,0.428030303030303,low
2018-08-01,Gopalpur,Bulk Minerals & Ores,25.203032278245495,72.39387096774193,0.0,0.0,0.0,False,21398.90000000001,1.0,23.35909677320911,21.713199869791666,21.552741942867154,22.208346195289312,74.28612903225806,20734.859999999993,0.0,8,3,23.45619996388753,0.09710319067842121,23.45619996388753,0.09710319067842121,22.12141941439721,-1.2376773588119008,17.175799973805745,-6.183296799403365,0.29545454545454547,0.3333333333333333,0.38636363636363635,0.5,1.0,0.428030303030303,low
2018-08-01,Gopalpur,Coal,25.203032278245495,72.39387096774193,0.0,0.0,0.0,False,0.0,0.0,23.35909677320911,21.713199869791666,21.552741942867154,22.208346195289312,74.28612903225806,0.0,0.0,8,3,23.45619996388753,0.09710319067842121,23.45619996388753,0.09710319067842121,22.12141941439721,-1.2376773588119008,17.175799973805745,-6.183296799403365,0.29545454545454547,0.3333333333333333,0.38636363636363635,0.5,1.0,0.428030303030303,low
2018-08-01,Gopalpur,Iron Ore,25.203032278245495,72.39387096774193,0.0,0.0,0.0,False,0.0,0.0,23.35909677320911,21.713199869791666,21.552741942867154,22.208346195289312,74.28612903225806,0.0,0.0,8,3,23.45619996388753,0.09710319067842121,23.45619996388753,0.09710319067842121,22.12141941439721,-1.2376773588119008,17.175799973805745,-6.183296799403365,0.29545454545454547,0.3333333333333333,0.38636363636363635,0.5,1.0,0.428030303030303,low
2018-08-01,Haldia,Bulk Minerals & Ores,25.203032278245495,72.39387096774193,0.0,0.0,0.0,False,21398.90000000001,1.0,23.35909677320911,21.713199869791666,21.552741942867154,22.208346195289312,74.28612903225806,20734.859999999993,0.0,8,3,23.45619996388753,0.09710319067842121,23.45619996388753,0.09710319067842121,22.12141941439721,-1.2376773588119008,17.175799973805745,-6.183296799403365,0.29545454545454547,0.3333333333333333,0.38636363636363635,0.5,1.0,0.428030303030303,low
2018-08-01,Haldia,Coal,25.203032278245495,72.39387096774193,0.0,0.0,0.0,False,0.0,0.0,23.35909677320911,21.713199869791666,21.552741942867154,22.208346195289312,74.28612903225806,0.0,0.0,8,3,23.45619996388753,0.09710319067842121,23.45619996388753,0.09710319067842121,22.12141941439721,-1.2376773588119008,17.175799973805745,-6.183296799403365,0.29545454545454547,0.3333333333333333,0.38636363636363635,0.5,1.0,0.428030303030303,low
2018-08-01,Haldia,Iron Ore,25.203032278245495,72.39387096774193,0.0,0.0,0.0,False,0.0,0.0,23.35909677320911,21.713199869791666,21.552741942867154,22.208346195289312,74.28612903225806,0.0,0.0,8,3,23.45619996388753,0.09710319067842121,23.45619996388753,0.09710319067842121,22.12141941439721,-1.2376773588119008,17.175799973805745,-6.183296799403365,0.29545454545454547,0.3333333333333333,0.38636363636363635,0.5,1.0,0.428030303030303,low
2018-08-01,Kamarajar,Bulk Minerals & Ores,25.203032278245495,72.39387096774193,0.0,0.0,0.0,False,21398.90000000001,1.0,23.35909677320911,21.713199869791666,21.552741942867154,22.208346195289312,74.28612903225806,20734.859999999993,0.0,8,3,23.45619996388753,0.09710319067842121,23.45619996388753,0.09710319067842121,22.12141941439721,-1.2376773588119008,17.175799973805745,-6.183296799403365,0.29545454545454547,0.3333333333333333,0.38636363636363635,0.5,1.0,0.428030303030303,low
2018-08-01,Kamarajar,Coal,25.203032278245495,72.39387096774193,0.0,0.0,0.0,False,0.0,0.0,23.35909677320911,21.713199869791666,21.552741942867154,22.208346195289312,74.28612903225806,0.0,0.0,8,3,23.45619996388753,0.09710319067842121,23.45619996388753,0.09710319067842121,22.12141941439721,-1.2376773588119008,17.175799973805745,-6.183296799403365,0.29545454545454547,0.3333333333333333,0.38636363636363635,0.5,1.0,0.428030303030303,low
2018-08-01,Kamarajar,Iron Ore,25.203032278245495,72.39387096774193,0.0,0.0,0.0,False,0.0,0.0,23.35909677320911,21.713199869791666,21.552741942867154,22.208346195289312,74.28612903225806,0.0,0.0,8,3,23.45619996388753,0.09710319067842121,23.45619996388753,0.09710319067842121,22.12141941439721,-1.2376773588119008,17.175799973805745,-6.183296799403365,0.29545454545454547,0.3333333333333333,0.38636363636363635,0.5,1.0,0.428030303030303,low
2018-08-01,Paradip,Bulk Minerals & Ores,25.203032278245495,72.39387096774193,0.0,0.0,0.0,False,21398.90000000001,1.0,23.35909677320911,21.713199869791666,21.552741942867154,22.208346195289312,74.28612903225806,20734.859999999993,0.0,8,3,23.45619996388753,0.09710319067842121,23.45619996388753,0.09710319067842121,22.12141941439721,-1.2376773588119008,17.175799973805745,-6.183296799403365,0.29545454545454547,0.3333333333333333,0.38636363636363635,0.5,1.0,0.428030303030303,low
2018-08-01,Paradip,Coal,25.203032278245495,72.39387096774193,0.0,0.0,0.0,False,0.0,0.0,23.35909677320911,21.713199869791666,21.552741942867154,22.208346195289312,74.28612903225806,0.0,0.0,8,3,23.45619996388753,0.09710319067842121,23.45619996388753,0.09710319067842121,22.12141941439721,-1.2376773588119008,17.175799973805745,-6.183296799403365,0.29545454545454547,0.3333333333333333,0.38636363636363635,0.5,1.0,0.428030303030303,low
2018-08-01,Paradip,Iron Ore,25.203032278245495,72.39387096774193,0.0,0.0,0.0,False,0.0,0.0,23.35909677320911,21.713199869791666,21.552741942867154,22.208346195289312,74.28612903225806,0.0,0.0,8,3,23.45619996388753,0.09710319067842121,23.45619996388753,0.09710319067842121,22.12141941439721,-1.2376773588119008,17.175799973805745,-6.183296799403365,0.29545454545454547,0.3333333333333333,0.38636363636363635,0.5,1.0,0.428030303030303,low
2018-08-01,Sagar Sandheads,Bulk Minerals & Ores,25.203032278245495,72.39387096774193,0.0,0.0,0.0,False,21398.90000000001,1.0,23.35909677320911,21.713199869791666,21.552741942867154,22.208346195289312,74.28612903225806,20734.859999999993,0.0,8,3,23.45619996388753,0.09710319067842121,23.45619996388753,0.09710319067842121,22.12141941439721,-1.2376773588119008,17.175799973805745,-6.183296799403365,0.29545454545454547,0.3333333333333333,0.38636363636363635,0.5,1.0,0.428030303030303,low
2018-08-01,Sagar Sandheads,Coal,25.203032278245495,72.39387096774193,0.0,0.0,0.0,False,0.0,0.0,23.35909677320911,21.713199869791666,21.552741942867154,22.208346195289312,74.28612903225806,0.0,0.0,8,3,23.45619996388753,0.09710319067842121,23.45619996388753,0.09710319067842121,22.12141941439721,-1.2376773588119008,17.175799973805745,-6.183296799403365,0.29545454545454547,0.3333333333333333,0.38636363636363635,0.5,1.0,0.428030303030303,low
2018-08-01,Sagar Sandheads,Iron Ore,25.203032278245495,72.39387096774193,0.0,0.0,0.0,False,0.0,0.0,23.35909677320911,21.713199869791666,21.552741942867154,22.208346195289312,74.28612903225806,0.0,0.0,8,3,23.45619996388753,0.09710319067842121,23.45619996388753,0.09710319067842121,22.12141941439721,-1.2376773588119008,17.175799973805745,-6.183296799403365,0.29545454545454547,0.3333333333333333,0.38636363636363635,0.5,1.0,0.428030303030303,low
2018-08-01,Tuticorin,Bulk Minerals & Ores,25.203032278245495,72.39387096774193,0.0,0.0,0.0,False,21398.90000000001,1.0,23.35909677320911,21.713199869791666,21.552741942867154,22.208346195289312,74.28612903225806,20734.859999999993,0.0,8,3,23.45619996388753,0.09710319067842121,23.45619996388753,0.09710319067842121,22.12141941439721,-1.2376773588119008,17.175799973805745,-6.183296799403365,0.29545454545454547,0.3333333333333333,0.38636363636363635,0.5,1.0,0.428030303030303,low
2018-08-01,Tuticorin,Coal,25.203032278245495,72.39387096774193,0.0,0.0,0.0,False,0.0,0.0,23.35909677320911,21.713199869791666,21.552741942867154,22.208346195289312,74.28612903225806,0.0,0.0,8,3,23.45619996388753,0.09710319067842121,23.45619996388753,0.09710319067842121,22.12141941439721,-1.2376773588119008,17.175799973805745,-6.183296799403365,0.29545454545454547,0.3333333333333333,0.38636363636363635,0.5,1.0,0.428030303030303,low
2018-08-01,Tuticorin,Iron Ore,25.203032278245495,72.39387096774193,0.0,0.0,0.0,False,0.0,0.0,23.35909677320911,21.713199869791666,21.552741942867154,22.208346195289312,74.28612903225806,0.0,0.0,8,3,23.45619996388753,0.09710319067842121,23.45619996388753,0.09710319067842121,22.12141941439721,-1.2376773588119008,17.175799973805745,-6.183296799403365,0.29545454545454547,0.3333333333333333,0.38636363636363635,0.5,1.0,0.428030303030303,low
2018-08-01,Visakhapatnam,Bulk Minerals & Ores,25.203032278245495,72.39387096774193,0.0,0.0,0.0,False,21398.90000000001,1.0,23.35909677320911,21.713199869791666,21.552741942867154,22.208346195289312,74.28612903225806,20734.859999999993,0.0,8,3,23.45619996388753,0.09710319067842121,23.45619996388753,0.09710319067842121,22.12141941439721,-1.2376773588119008,17.175799973805745,-6.183296799403365,0.29545454545454547,0.3333333333333333,0.38636363636363635,0.5,1.0,0.428030303030303,low
2018-08-01,Visakhapatnam,Coal,25.203032278245495,72.39387096774193,0.0,0.0,0.0,False,0.0,0.0,23.35909677320911,21.713199869791666,21.552741942867154,22.208346195289312,74.28612903225806,0.0,0.0,8,3,23.45619996388753,0.09710319067842121,23.45619996388753,0.09710319067842121,22.12141941439721,-1.2376773588119008,17.175799973805745,-6.183296799403365,0.29545454545454547,0.3333333333333333,0.38636363636363635,0.5,1.0,0.428030303030303,low
2018-08-01,Visakhapatnam,Iron Ore,25.203032278245495,72.39387096774193,0.0,0.0,0.0,False,0.0,0.0,23.35909677320911,21.713199869791666,21.552741942867154,22.208346195289312,74.28612903225806,0.0,0.0,8,3,23.45619996388753,0.09710319067842121,23.45619996388753,0.09710319067842121,22.12141941439721,-1.2376773588119008,17.175799973805745,-6.183296799403365,0.29545454545454547,0.3333333333333333,0.38636363636363635,0.5,1.0,0.428030303030303,low
2018-09-01,Chennai,Bulk Minerals & Ores,23.45619996388753,78.72600000000001,0.0,0.0,0.0,False,20846.209999999992,1.0,25.203032278245495,23.35909677320911,21.713199869791666,23.425109640415425,72.39387096774193,21398.90000000001,0.0,9,3,22.12141941439721,-3.081612863848285,22.12141941439721,-3.081612863848285,17.175799973805745,-8.02723230443975,18.187387097266413,-7.015645180979082,0.25,0.26666666666666666,0.09090909090909091,0.5,1.0,0.354469696969697,low
2018-09-01,Chennai,Coal,23.45619996388753,78.72600000000001,0.0,0.0,0.0,False,0.0,0.0,25.203032278245495,23.35909677320911,21.713199869791666,23.425109640415425,72.39387096774193,0.0,0.0,9,3,22.12141941439721,-3.081612863848285,22.12141941439721,-3.081612863848285,17.175799973805745,-8.02723230443975,18.187387097266413,-7.015645180979082,0.25,0.26666666666666666,0.09090909090909091,0.5,1.0,0.354469696969697,low
2018-09-01,Chennai,Iron Ore,23.45619996388753,78.72600000000001,0.0,0.0,0.0,False,0.0,0.0,25.203032278245495,23.35909677320911,21.713199869791666,23.425109640415425,72.39387096774193,0.0,0.0,9,3,22.12141941439721,-3.081612863848285,22.12141941439721,-3.081612863848285,17.175799973805745,-8.02723230443975,18.187387097266413,-7.015645180979082,0.25,0.26666666666666666,0.09090909090909091,0.5,1.0,0.354469696969697,low
2018-09-01,Dhamra,Bulk Minerals & Ores,23.45619996388753,78.72600000000001,0.0,0.0,0.0,False,20846.209999999992,1.0,25.203032278245495,23.35909677320911,21.713199869791666,23.425109640415425,72.39387096774193,21398.90000000001,0.0,9,3,22.12141941439721,-3.081612863848285,22.12141941439721,-3.081612863848285,17.175799973805745,-8.02723230443975,18.187387097266413,-7.015645180979082,0.25,0.26666666666666666,0.09090909090909091,0.5,1.0,0.354469696969697,low
2018-09-01,Dhamra,Coal,23.45619996388753,78.72600000000001,0.0,0.0,0.0,False,0.0,0.0,25.203032278245495,23.35909677320911,21.713199869791666,23.425109640415425,72.39387096774193,0.0,0.0,9,3,22.12141941439721,-3.081612863848285,22.12141941439721,-3.081612863848285,17.175799973805745,-8.02723230443975,18.187387097266413,-7.015645180979082,0.25,0.26666666666666666,0.09090909090909091,0.5,1.0,0.354469696969697,low
2018-09-01,Dhamra,Iron Ore,23.45619996388753,78.72600000000001,0.0,0.0,0.0,False,0.0,0.0,25.203032278245495,23.35909677320911,21.713199869791666,23.425109640415425,72.39387096774193,0.0,0.0,9,3,22.12141941439721,-3.081612863848285,22.12141941439721,-3.081612863848285,17.175799973805745,-8.02723230443975,18.187387097266413,-7.015645180979082,0.25,0.26666666666666666,0.09090909090909091,0.5,1.0,0.354469696969697,low
2018-09-01,Gangavaram,Bulk Minerals & Ores,23.45619996388753,78.72600000000001,0.0,0.0,0.0,False,20846.209999999992,1.0,25.203032278245495,23.35909677320911,21.713199869791666,23.425109640415425,72.39387096774193,21398.90000000001,0.0,9,3,22.12141941439721,-3.081612863848285,22.12141941439721,-3.081612863848285,17.175799973805745,-8.02723230443975,18.187387097266413,-7.015645180979082,0.25,0.26666666666666666,0.09090909090909091,0.5,1.0,0.354469696969697,low
2018-09-01,Gangavaram,Coal,23.45619996388753,78.72600000000001,0.0,0.0,0.0,False,0.0,0.0,25.203032278245495,23.35909677320911,21.713199869791666,23.425109640415425,72.39387096774193,0.0,0.0,9,3,22.12141941439721,-3.081612863848285,22.12141941439721,-3.081612863848285,17.175799973805745,-8.02723230443975,18.187387097266413,-7.015645180979082,0.25,0.26666666666666666,0.09090909090909091,0.5,1.0,0.354469696969697,low
2018-09-01,Gangavaram,Iron Ore,23.45619996388753,78.72600000000001,0.0,0.0,0.0,False,0.0,0.0,25.203032278245495,23.35909677320911,21.713199869791666,23.425109640415425,72.39387096774193,0.0,0.0,9,3,22.12141941439721,-3.081612863848285,22.12141941439721,-3.081612863848285,17.175799973805745,-8.02723230443975,18.187387097266413,-7.015645180979082,0.25,0.26666666666666666,0.09090909090909091,0.5,1.0,0.354469696969697,low
2018-09-01,Gopalpur,Bulk Minerals & Ores,23.45619996388753,78.72600000000001,0.0,0.0,0.0,False,20846.209999999992,1.0,25.203032278245495,23.35909677320911,21.713199869791666,23.425109640415425,72.39387096774193,21398.90000000001,0.0,9,3,22.12141941439721,-3.081612863848285,22.12141941439721,-3.081612863848285,17.175799973805745,-8.02723230443975,18.187387097266413,-7.015645180979082,0.25,0.26666666666666666,0.09090909090909091,0.5,1.0,0.354469696969697,low
2018-09-01,Gopalpur,Coal,23.45619996388753,78.72600000000001,0.0,0.0,0.0,False,0.0,0.0,25.203032278245495,23.35909677320911,21.713199869791666,23.425109640415425,72.39387096774193,0.0,0.0,9,3,22.12141941439721,-3.081612863848285,22.12141941439721,-3.081612863848285,17.175799973805745,-8.02723230443975,18.187387097266413,-7.015645180979082,0.25,0.26666666666666666,0.09090909090909091,0.5,1.0,0.354469696969697,low
2018-09-01,Gopalpur,Iron Ore,23.45619996388753,78.72600000000001,0.0,0.0,0.0,False,0.0,0.0,25.203032278245495,23.35909677320911,21.713199869791666,23.425109640415425,72.39387096774193,0.0,0.0,9,3,22.12141941439721,-3.081612863848285,22.12141941439721,-3.081612863848285,17.175799973805745,-8.02723230443975,18.187387097266413,-7.015645180979082,0.25,0.26666666666666666,0.09090909090909091,0.5,1.0,0.354469696969697,low
2018-09-01,Haldia,Bulk Minerals & Ores,23.45619996388753,78.72600000000001,0.0,0.0,0.0,False,20846.209999999992,1.0,25.203032278245495,23.35909677320911,21.713199869791666,23.425109640415425,72.39387096774193,21398.90000000001,0.0,9,3,22.12141941439721,-3.081612863848285,22.12141941439721,-3.081612863848285,17.175799973805745,-8.02723230443975,18.187387097266413,-7.015645180979082,0.25,0.26666666666666666,0.09090909090909091,0.5,1.0,0.354469696969697,low
2018-09-01,Haldia,Coal,23.45619996388753,78.72600000000001,0.0,0.0,0.0,False,0.0,0.0,25.203032278245495,23.35909677320911,21.713199869791666,23.425109640415425,72.39387096774193,0.0,0.0,9,3,22.12141941439721,-3.081612863848285,22.12141941439721,-3.081612863848285,17.175799973805745,-8.02723230443975,18.187387097266413,-7.015645180979082,0.25,0.26666666666666666,0.09090909090909091,0.5,1.0,0.354469696969697,low
2018-09-01,Haldia,Iron Ore,23.45619996388753,78.72600000000001,0.0,0.0,0.0,False,0.0,0.0,25.203032278245495,23.35909677320911,21.713199869791666,23.425109640415425,72.39387096774193,0.0,0.0,9,3,22.12141941439721,-3.081612863848285,22.12141941439721,-3.081612863848285,17.175799973805745,-8.02723230443975,18.187387097266413,-7.015645180979082,0.25,0.26666666666666666,0.09090909090909091,0.5,1.0,0.354469696969697,low
2018-09-01,Kamarajar,Bulk Minerals & Ores,23.45619996388753,78.72600000000001,0.0,0.0,0.0,False,20846.209999999992,1.0,25.203032278245495,23.35909677320911,21.713199869791666,23.425109640415425,72.39387096774193,21398.90000000001,0.0,9,3,22.12141941439721,-3.081612863848285,22.12141941439721,-3.081612863848285,17.175799973805745,-8.02723230443975,18.187387097266413,-7.015645180979082,0.25,0.26666666666666666,0.09090909090909091,0.5,1.0,0.354469696969697,low
2018-09-01,Kamarajar,Coal,23.45619996388753,78.72600000000001,0.0,0.0,0.0,False,0.0,0.0,25.203032278245495,23.35909677320911,21.713199869791666,23.425109640415425,72.39387096774193,0.0,0.0,9,3,22.12141941439721,-3.081612863848285,22.12141941439721,-3.081612863848285,17.175799973805745,-8.02723230443975,18.187387097266413,-7.015645180979082,0.25,0.26666666666666666,0.09090909090909091,0.5,1.0,0.354469696969697,low
2018-09-01,Kamarajar,Iron Ore,23.45619996388753,78.72600000000001,0.0,0.0,0.0,False,0.0,0.0,25.203032278245495,23.35909677320911,21.713199869791666,23.425109640415425,72.39387096774193,0.0,0.0,9,3,22.12141941439721,-3.081612863848285,22.12141941439721,-3.081612863848285,17.175799973805745,-8.02723230443975,18.187387097266413,-7.015645180979082,0.25,0.26666666666666666,0.09090909090909091,0.5,1.0,0.354469696969697,low
2018-09-01,Paradip,Bulk Minerals & Ores,23.45619996388753,78.72600000000001,0.0,0.0,0.0,False,20846.209999999992,1.0,25.203032278245495,23.35909677320911,21.713199869791666,23.425109640415425,72.39387096774193,21398.90000000001,0.0,9,3,22.12141941439721,-3.081612863848285,22.12141941439721,-3.081612863848285,17.175799973805745,-8.02723230443975,18.187387097266413,-7.015645180979082,0.25,0.26666666666666666,0.09090909090909091,0.5,1.0,0.354469696969697,low
2018-09-01,Paradip,Coal,23.45619996388753,78.72600000000001,0.0,0.0,0.0,False,0.0,0.0,25.203032278245495,23.35909677320911,21.713199869791666,23.425109640415425,72.39387096774193,0.0,0.0,9,3,22.12141941439721,-3.081612863848285,22.12141941439721,-3.081612863848285,17.175799973805745,-8.02723230443975,18.187387097266413,-7.015645180979082,0.25,0.26666666666666666,0.09090909090909091,0.5,1.0,0.354469696969697,low
2018-09-01,Paradip,Iron Ore,23.45619996388753,78.72600000000001,0.0,0.0,0.0,False,0.0,0.0,25.203032278245495,23.35909677320911,21.713199869791666,23.425109640415425,72.39387096774193,0.0,0.0,9,3,22.12141941439721,-3.081612863848285,22.12141941439721,-3.081612863848285,17.175799973805745,-8.02723230443975,18.187387097266413,-7.015645180979082,0.25,0.26666666666666666,0.09090909090909091,0.5,1.0,0.354469696969697,low
2018-09-01,Sagar Sandheads,Bulk Minerals & Ores,23.45619996388753,78.72600000000001,0.0,0.0,0.0,False,20846.209999999992,1.0,25.203032278245495,23.35909677320911,21.713199869791666,23.425109640415425,72.39387096774193,21398.90000000001,0.0,9,3,22.12141941439721,-3.081612863848285,22.12141941439721,-3.081612863848285,17.175799973805745,-8.02723230443975,18.187387097266413,-7.015645180979082,0.25,0.26666666666666666,0.09090909090909091,0.5,1.0,0.354469696969697,low
2018-09-01,Sagar Sandheads,Coal,23.45619996388753,78.72600000000001,0.0,0.0,0.0,False,0.0,0.0,25.203032278245495,23.35909677320911,21.713199869791666,23.425109640415425,72.39387096774193,0.0,0.0,9,3,22.12141941439721,-3.081612863848285,22.12141941439721,-3.081612863848285,17.175799973805745,-8.02723230443975,18.187387097266413,-7.015645180979082,0.25,0.26666666666666666,0.09090909090909091,0.5,1.0,0.354469696969697,low
2018-09-01,Sagar Sandheads,Iron Ore,23.45619996388753,78.72600000000001,0.0,0.0,0.0,False,0.0,0.0,25.203032278245495,23.35909677320911,21.713199869791666,23.425109640415425,72.39387096774193,0.0,0.0,9,3,22.12141941439721,-3.081612863848285,22.12141941439721,-3.081612863848285,17.175799973805745,-8.02723230443975,18.187387097266413,-7.015645180979082,0.25,0.26666666666666666,0.09090909090909091,0.5,1.0,0.354469696969697,low
2018-09-01,Tuticorin,Bulk Minerals & Ores,23.45619996388753,78.72600000000001,0.0,0.0,0.0,False,20846.209999999992,1.0,25.203032278245495,23.35909677320911,21.713199869791666,23.425109640415425,72.39387096774193,21398.90000000001,0.0,9,3,22.12141941439721,-3.081612863848285,22.12141941439721,-3.081612863848285,17.175799973805745,-8.02723230443975,18.187387097266413,-7.015645180979082,0.25,0.26666666666666666,0.09090909090909091,0.5,1.0,0.354469696969697,low
2018-09-01,Tuticorin,Coal,23.45619996388753,78.72600000000001,0.0,0.0,0.0,False,0.0,0.0,25.203032278245495,23.35909677320911,21.713199869791666,23.425109640415425,72.39387096774193,0.0,0.0,9,3,22.12141941439721,-3.081612863848285,22.12141941439721,-3.081612863848285,17.175799973805745,-8.02723230443975,18.187387097266413,-7.015645180979082,0.25,0.26666666666666666,0.09090909090909091,0.5,1.0,0.354469696969697,low
2018-09-01,Tuticorin,Iron Ore,23.45619996388753,78.72600000000001,0.0,0.0,0.0,False,0.0,0.0,25.203032278245495,23.35909677320911,21.713199869791666,23.425109640415425,72.39387096774193,0.0,0.0,9,3,22.12141941439721,-3.081612863848285,22.12141941439721,-3.081612863848285,17.175799973805745,-8.02723230443975,18.187387097266413,-7.015645180979082,0.25,0.26666666666666666,0.09090909090909091,0.5,1.0,0.354469696969697,low
2018-09-01,Visakhapatnam,Bulk Minerals & Ores,23.45619996388753,78.72600000000001,0.0,0.0,0.0,False,20846.209999999992,1.0,25.203032278245495,23.35909677320911,21.713199869791666,23.425109640415425,72.39387096774193,21398.90000000001,0.0,9,3,22.12141941439721,-3.081612863848285,22.12141941439721,-3.081612863848285,17.175799973805745,-8.02723230443975,18.187387097266413,-7.015645180979082,0.25,0.26666666666666666,0.09090909090909091,0.5,1.0,0.354469696969697,low
2018-09-01,Visakhapatnam,Coal,23.45619996388753,78.72600000000001,0.0,0.0,0.0,False,0.0,0.0,25.203032278245495,23.35909677320911,21.713199869791666,23.425109640415425,72.39387096774193,0.0,0.0,9,3,22.12141941439721,-3.081612863848285,22.12141941439721,-3.081612863848285,17.175799973805745,-8.02723230443975,18.187387097266413,-7.015645180979082,0.25,0.26666666666666666,0.09090909090909091,0.5,1.0,0.354469696969697,low
2018-09-01,Visakhapatnam,Iron Ore,23.45619996388753,78.72600000000001,0.0,0.0,0.0,False,0.0,0.0,25.203032278245495,23.35909677320911,21.713199869791666,23.425109640415425,72.39387096774193,0.0,0.0,9,3,22.12141941439721,-3.081612863848285,22.12141941439721,-3.081612863848285,17.175799973805745,-8.02723230443975,18.187387097266413,-7.015645180979082,0.25,0.26666666666666666,0.09090909090909091,0.5,1.0,0.354469696969697,low
2018-10-01,Chennai,Bulk Minerals & Ores,22.12141941439721,80.99870967741936,0.0,0.0,0.0,False,23998.84000000002,1.0,23.45619996388753,25.203032278245495,23.35909677320911,24.00610967178071,78.72600000000001,20846.209999999992,0.0,10,4,17.175799973805745,-6.280399990081786,17.175799973805745,-6.280399990081786,18.187387097266413,-5.2688128666211185,16.44935509466356,-7.006844869223972,0.36363636363636365,0.2222222222222222,0.3409090909090909,0.5,1.0,0.4228535353535353,low
2018-10-01,Chennai,Coal,22.12141941439721,80.99870967741936,0.0,0.0,0.0,False,0.0,0.0,23.45619996388753,25.203032278245495,23.35909677320911,24.00610967178071,78.72600000000001,0.0,0.0,10,4,17.175799973805745,-6.280399990081786,17.175799973805745,-6.280399990081786,18.187387097266413,-5.2688128666211185,16.44935509466356,-7.006844869223972,0.36363636363636365,0.2222222222222222,0.3409090909090909,0.5,1.0,0.4228535353535353,low
2018-10-01,Chennai,Iron Ore,22.12141941439721,80.99870967741936,0.0,0.0,0.0,False,0.0,0.0,23.45619996388753,25.203032278245495,23.35909677320911,24.00610967178071,78.72600000000001,0.0,0.0,10,4,17.175799973805745,-6.280399990081786,17.175799973805745,-6.280399990081786,18.187387097266413,-5.2688128666211185,16.44935509466356,-7.006844869223972,0.36363636363636365,0.2222222222222222,0.3409090909090909,0.5,1.0,0.4228535353535353,low
2018-10-01,Dhamra,Bulk Minerals & Ores,22.12141941439721,80.99870967741936,0.0,0.0,0.0,False,23998.84000000002,1.0,23.45619996388753,25.203032278245495,23.35909677320911,24.00610967178071,78.72600000000001,20846.209999999992,0.0,10,4,17.175799973805745,-6.280399990081786,17.175799973805745,-6.280399990081786,18.187387097266413,-5.2688128666211185,16.44935509466356,-7.006844869223972,0.36363636363636365,0.2222222222222222,0.3409090909090909,0.5,1.0,0.4228535353535353,low
2018-10-01,Dhamra,Coal,22.12141941439721,80.99870967741936,0.0,0.0,0.0,False,0.0,0.0,23.45619996388753,25.203032278245495,23.35909677320911,24.00610967178071,78.72600000000001,0.0,0.0,10,4,17.175799973805745,-6.280399990081786,17.175799973805745,-6.280399990081786,18.187387097266413,-5.2688128666211185,16.44935509466356,-7.006844869223972,0.36363636363636365,0.2222222222222222,0.3409090909090909,0.5,1.0,0.4228535353535353,low
2018-10-01,Dhamra,Iron Ore,22.12141941439721,80.99870967741936,0.0,0.0,0.0,False,0.0,0.0,23.45619996388753,25.203032278245495,23.35909677320911,24.00610967178071,78.72600000000001,0.0,0.0,10,4,17.175799973805745,-6.280399990081786,17.175799973805745,-6.280399990081786,18.187387097266413,-5.2688128666211185,16.44935509466356,-7.006844869223972,0.36363636363636365,0.2222222222222222,0.3409090909090909,0.5,1.0,0.4228535353535353,low
2018-10-01,Gangavaram,Bulk Minerals & Ores,22.12141941439721,80.99870967741936,0.0,0.0,0.0,False,23998.84000000002,1.0,23.45619996388753,25.203032278245495,23.35909677320911,24.00610967178071,78.72600000000001,20846.209999999992,0.0,10,4,17.175799973805745,-6.280399990081786,17.175799973805745,-6.280399990081786,18.187387097266413,-5.2688128666211185,16.44935509466356,-7.006844869223972,0.36363636363636365,0.2222222222222222,0.3409090909090909,0.5,1.0,0.4228535353535353,low
2018-10-01,Gangavaram,Coal,22.12141941439721,80.99870967741936,0.0,0.0,0.0,False,0.0,0.0,23.45619996388753,25.203032278245495,23.35909677320911,24.00610967178071,78.72600000000001,0.0,0.0,10,4,17.175799973805745,-6.280399990081786,17.175799973805745,-6.280399990081786,18.187387097266413,-5.2688128666211185,16.44935509466356,-7.006844869223972,0.36363636363636365,0.2222222222222222,0.3409090909090909,0.5,1.0,0.4228535353535353,low
2018-10-01,Gangavaram,Iron Ore,22.12141941439721,80.99870967741936,0.0,0.0,0.0,False,0.0,0.0,23.45619996388753,25.203032278245495,23.35909677320911,24.00610967178071,78.72600000000001,0.0,0.0,10,4,17.175799973805745,-6.280399990081786,17.175799973805745,-6.280399990081786,18.187387097266413,-5.2688128666211185,16.44935509466356,-7.006844869223972,0.36363636363636365,0.2222222222222222,0.3409090909090909,0.5,1.0,0.4228535353535353,low
2018-10-01,Gopalpur,Bulk Minerals & Ores,22.12141941439721,80.99870967741936,0.0,0.0,0.0,False,23998.84000000002,1.0,23.45619996388753,25.203032278245495,23.35909677320911,24.00610967178071,78.72600000000001,20846.209999999992,0.0,10,4,17.175799973805745,-6.280399990081786,17.175799973805745,-6.280399990081786,18.187387097266413,-5.2688128666211185,16.44935509466356,-7.006844869223972,0.36363636363636365,0.2222222222222222,0.3409090909090909,0.5,1.0,0.4228535353535353,low
2018-10-01,Gopalpur,Coal,22.12141941439721,80.99870967741936,0.0,0.0,0.0,False,0.0,0.0,23.45619996388753,25.203032278245495,23.35909677320911,24.00610967178071,78.72600000000001,0.0,0.0,10,4,17.175799973805745,-6.280399990081786,17.175799973805745,-6.280399990081786,18.187387097266413,-5.2688128666211185,16.44935509466356,-7.006844869223972,0.36363636363636365,0.2222222222222222,0.3409090909090909,0.5,1.0,0.4228535353535353,low
2018-10-01,Gopalpur,Iron Ore,22.12141941439721,80.99870967741936,0.0,0.0,0.0,False,0.0,0.0,23.45619996388753,25.203032278245495,23.35909677320911,24.00610967178071,78.72600000000001,0.0,0.0,10,4,17.175799973805745,-6.280399990081786,17.175799973805745,-6.280399990081786,18.187387097266413,-5.2688128666211185,16.44935509466356,-7.006844869223972,0.36363636363636365,0.2222222222222222,0.3409090909090909,0.5,1.0,0.4228535353535353,low
2018-10-01,Haldia,Bulk Minerals & Ores,22.12141941439721,80.99870967741936,0.0,0.0,0.0,False,23998.84000000002,1.0,23.45619996388753,25.203032278245495,23.35909677320911,24.00610967178071,78.72600000000001,20846.209999999992,0.0,10,4,17.175799973805745,-6.280399990081786,17.175799973805745,-6.280399990081786,18.187387097266413,-5.2688128666211185,16.44935509466356,-7.006844869223972,0.36363636363636365,0.2222222222222222,0.3409090909090909,0.5,1.0,0.4228535353535353,low
2018-10-01,Haldia,Coal,22.12141941439721,80.99870967741936,0.0,0.0,0.0,False,0.0,0.0,23.45619996388753,25.203032278245495,23.35909677320911,24.00610967178071,78.72600000000001,0.0,0.0,10,4,17.175799973805745,-6.280399990081786,17.175799973805745,-6.280399990081786,18.187387097266413,-5.2688128666211185,16.44935509466356,-7.006844869223972,0.36363636363636365,0.2222222222222222,0.3409090909090909,0.5,1.0,0.4228535353535353,low
2018-10-01,Haldia,Iron Ore,22.12141941439721,80.99870967741936,0.0,0.0,0.0,False,0.0,0.0,23.45619996388753,25.203032278245495,23.35909677320911,24.00610967178071,78.72600000000001,0.0,0.0,10,4,17.175799973805745,-6.280399990081786,17.175799973805745,-6.280399990081786,18.187387097266413,-5.2688128666211185,16.44935509466356,-7.006844869223972,0.36363636363636365,0.2222222222222222,0.3409090909090909,0.5,1.0,0.4228535353535353,low
2018-10-01,Kamarajar,Bulk Minerals & Ores,22.12141941439721,80.99870967741936,0.0,0.0,0.0,False,23998.84000000002,1.0,23.45619996388753,25.203032278245495,23.35909677320911,24.00610967178071,78.72600000000001,20846.209999999992,0.0,10,4,17.175799973805745,-6.280399990081786,17.175799973805745,-6.280399990081786,18.187387097266413,-5.2688128666211185,16.44935509466356,-7.006844869223972,0.36363636363636365,0.2222222222222222,0.3409090909090909,0.5,1.0,0.4228535353535353,low
2018-10-01,Kamarajar,Coal,22.12141941439721,80.99870967741936,0.0,0.0,0.0,False,0.0,0.0,23.45619996388753,25.203032278245495,23.35909677320911,24.00610967178071,78.72600000000001,0.0,0.0,10,4,17.175799973805745,-6.280399990081786,17.175799973805745,-6.280399990081786,18.187387097266413,-5.2688128666211185,16.44935509466356,-7.006844869223972,0.36363636363636365,0.2222222222222222,0.3409090909090909,0.5,1.0,0.4228535353535353,low
2018-10-01,Kamarajar,Iron Ore,22.12141941439721,80.99870967741936,0.0,0.0,0.0,False,0.0,0.0,23.45619996388753,25.203032278245495,23.35909677320911,24.00610967178071,78.72600000000001,0.0,0.0,10,4,17.175799973805745,-6.280399990081786,17.175799973805745,-6.280399990081786,18.187387097266413,-5.2688128666211185,16.44935509466356,-7.006844869223972,0.36363636363636365,0.2222222222222222,0.3409090909090909,0.5,1.0,0.4228535353535353,low
2018-10-01,Paradip,Bulk Minerals & Ores,22.12141941439721,80.99870967741936,0.0,0.0,0.0,False,23998.84000000002,1.0,23.45619996388753,25.203032278245495,23.35909677320911,24.00610967178071,78.72600000000001,20846.209999999992,0.0,10,4,17.175799973805745,-6.280399990081786,17.175799973805745,-6.280399990081786,18.187387097266413,-5.2688128666211185,16.44935509466356,-7.006844869223972,0.36363636363636365,0.2222222222222222,0.3409090909090909,0.5,1.0,0.4228535353535353,low
2018-10-01,Paradip,Coal,22.12141941439721,80.99870967741936,0.0,0.0,0.0,False,0.0,0.0,23.45619996388753,25.203032278245495,23.35909677320911,24.00610967178071,78.72600000000001,0.0,0.0,10,4,17.175799973805745,-6.280399990081786,17.175799973805745,-6.280399990081786,18.187387097266413,-5.2688128666211185,16.44935509466356,-7.006844869223972,0.36363636363636365,0.2222222222222222,0.3409090909090909,0.5,1.0,0.4228535353535353,low
2018-10-01,Paradip,Iron Ore,22.12141941439721,80.99870967741936,0.0,0.0,0.0,False,0.0,0.0,23.45619996388753,25.203032278245495,23.35909677320911,24.00610967178071,78.72600000000001,0.0,0.0,10,4,17.175799973805745,-6.280399990081786,17.175799973805745,-6.280399990081786,18.187387097266413,-5.2688128666211185,16.44935509466356,-7.006844869223972,0.36363636363636365,0.2222222222222222,0.3409090909090909,0.5,1.0,0.4228535353535353,low
2018-10-01,Sagar Sandheads,Bulk Minerals & Ores,22.12141941439721,80.99870967741936,0.0,0.0,0.0,False,23998.84000000002,1.0,23.45619996388753,25.203032278245495,23.35909677320911,24.00610967178071,78.72600000000001,20846.209999999992,0.0,10,4,17.175799973805745,-6.280399990081786,17.175799973805745,-6.280399990081786,18.187387097266413,-5.2688128666211185,16.44935509466356,-7.006844869223972,0.36363636363636365,0.2222222222222222,0.3409090909090909,0.5,1.0,0.4228535353535353,low
2018-10-01,Sagar Sandheads,Coal,22.12141941439721,80.99870967741936,0.0,0.0,0.0,False,0.0,0.0,23.45619996388753,25.203032278245495,23.35909677320911,24.00610967178071,78.72600000000001,0.0,0.0,10,4,17.175799973805745,-6.280399990081786,17.175799973805745,-6.280399990081786,18.187387097266413,-5.2688128666211185,16.44935509466356,-7.006844869223972,0.36363636363636365,0.2222222222222222,0.3409090909090909,0.5,1.0,0.4228535353535353,low
2018-10-01,Sagar Sandheads,Iron Ore,22.12141941439721,80.99870967741936,0.0,0.0,0.0,False,0.0,0.0,23.45619996388753,25.203032278245495,23.35909677320911,24.00610967178071,78.72600000000001,0.0,0.0,10,4,17.175799973805745,-6.280399990081786,17.175799973805745,-6.280399990081786,18.187387097266413,-5.2688128666211185,16.44935509466356,-7.006844869223972,0.36363636363636365,0.2222222222222222,0.3409090909090909,0.5,1.0,0.4228535353535353,low
2018-10-01,Tuticorin,Bulk Minerals & Ores,22.12141941439721,80.99870967741936,0.0,0.0,0.0,False,23998.84000000002,1.0,23.45619996388753,25.203032278245495,23.35909677320911,24.00610967178071,78.72600000000001,20846.209999999992,0.0,10,4,17.175799973805745,-6.280399990081786,17.175799973805745,-6.280399990081786,18.187387097266413,-5.2688128666211185,16.44935509466356,-7.006844869223972,0.36363636363636365,0.2222222222222222,0.3409090909090909,0.5,1.0,0.4228535353535353,low
2018-10-01,Tuticorin,Coal,22.12141941439721,80.99870967741936,0.0,0.0,0.0,False,0.0,0.0,23.45619996388753,25.203032278245495,23.35909677320911,24.00610967178071,78.72600000000001,0.0,0.0,10,4,17.175799973805745,-6.280399990081786,17.175799973805745,-6.280399990081786,18.187387097266413,-5.2688128666211185,16.44935509466356,-7.006844869223972,0.36363636363636365,0.2222222222222222,0.3409090909090909,0.5,1.0,0.4228535353535353,low
2018-10-01,Tuticorin,Iron Ore,22.12141941439721,80.99870967741936,0.0,0.0,0.0,False,0.0,0.0,23.45619996388753,25.203032278245495,23.35909677320911,24.00610967178071,78.72600000000001,0.0,0.0,10,4,17.175799973805745,-6.280399990081786,17.175799973805745,-6.280399990081786,18.187387097266413,-5.2688128666211185,16.44935509466356,-7.006844869223972,0.36363636363636365,0.2222222222222222,0.3409090909090909,0.5,1.0,0.4228535353535353,low
2018-10-01,Visakhapatnam,Bulk Minerals & Ores,22.12141941439721,80.99870967741936,0.0,0.0,0.0,False,23998.84000000002,1.0,23.45619996388753,25.203032278245495,23.35909677320911,24.00610967178071,78.72600000000001,20846.209999999992,0.0,10,4,17.175799973805745,-6.280399990081786,17.175799973805745,-6.280399990081786,18.187387097266413,-5.2688128666211185,16.44935509466356,-7.006844869223972,0.36363636363636365,0.2222222222222222,0.3409090909090909,0.5,1.0,0.4228535353535353,low
2018-10-01,Visakhapatnam,Coal,22.12141941439721,80.99870967741936,0.0,0.0,0.0,False,0.0,0.0,23.45619996388753,25.203032278245495,23.35909677320911,24.00610967178071,78.72600000000001,0.0,0.0,10,4,17.175799973805745,-6.280399990081786,17.175799973805745,-6.280399990081786,18.187387097266413,-5.2688128666211185,16.44935509466356,-7.006844869223972,0.36363636363636365,0.2222222222222222,0.3409090909090909,0.5,1.0,0.4228535353535353,low
2018-10-01,Visakhapatnam,Iron Ore,22.12141941439721,80.99870967741936,0.0,0.0,0.0,False,0.0,0.0,23.45619996388753,25.203032278245495,23.35909677320911,24.00610967178071,78.72600000000001,0.0,0.0,10,4,17.175799973805745,-6.280399990081786,17.175799973805745,-6.280399990081786,18.187387097266413,-5.2688128666211185,16.44935509466356,-7.006844869223972,0.36363636363636365,0.2222222222222222,0.3409090909090909,0.5,1.0,0.4228535353535353,low
2018-11-01,Chennai,Bulk Minerals & Ores,17.175799973805745,65.022,0.0,0.0,0.0,False,22773.619999999977,1.0,22.12141941439721,23.45619996388753,25.203032278245495,23.593550552176747,80.99870967741936,23998.84000000002,0.0,11,4,18.187387097266413,-3.9340323171307965,18.187387097266413,-3.9340323171307965,16.44935509466356,-5.67206431973365,11.408642836979457,-10.712776577417753,0.6818181818181818,0.7555555555555555,0.6818181818181818,0.5,1.0,0.692020202020202,high
2018-11-01,Chennai,Coal,17.175799973805745,65.022,0.0,0.0,0.0,False,0.0,0.0,22.12141941439721,23.45619996388753,25.203032278245495,23.593550552176747,80.99870967741936,0.0,0.0,11,4,18.187387097266413,-3.9340323171307965,18.187387097266413,-3.9340323171307965,16.44935509466356,-5.67206431973365,11.408642836979457,-10.712776577417753,0.6818181818181818,0.7555555555555555,0.6818181818181818,0.5,1.0,0.692020202020202,high
2018-11-01,Chennai,Iron Ore,17.175799973805745,65.022,0.0,0.0,0.0,False,0.0,0.0,22.12141941439721,23.45619996388753,25.203032278245495,23.593550552176747,80.99870967741936,0.0,0.0,11,4,18.187387097266413,-3.9340323171307965,18.187387097266413,-3.9340323171307965,16.44935509466356,-5.67206431973365,11.408642836979457,-10.712776577417753,0.6818181818181818,0.7555555555555555,0.6818181818181818,0.5,1.0,0.692020202020202,high
2018-11-01,Dhamra,Bulk Minerals & Ores,17.175799973805745,65.022,0.0,0.0,0.0,False,22773.619999999977,1.0,22.12141941439721,23.45619996388753,25.203032278245495,23.593550552176747,80.99870967741936,23998.84000000002,0.0,11,4,18.187387097266413,-3.9340323171307965,18.187387097266413,-3.9340323171307965,16.44935509466356,-5.67206431973365,11.408642836979457,-10.712776577417753,0.6818181818181818,0.7555555555555555,0.6818181818181818,0.5,1.0,0.692020202020202,high
2018-11-01,Dhamra,Coal,17.175799973805745,65.022,0.0,0.0,0.0,False,0.0,0.0,22.12141941439721,23.45619996388753,25.203032278245495,23.593550552176747,80.99870967741936,0.0,0.0,11,4,18.187387097266413,-3.9340323171307965,18.187387097266413,-3.9340323171307965,16.44935509466356,-5.67206431973365,11.408642836979457,-10.712776577417753,0.6818181818181818,0.7555555555555555,0.6818181818181818,0.5,1.0,0.692020202020202,high
2018-11-01,Dhamra,Iron Ore,17.175799973805745,65.022,0.0,0.0,0.0,False,0.0,0.0,22.12141941439721,23.45619996388753,25.203032278245495,23.593550552176747,80.99870967741936,0.0,0.0,11,4,18.187387097266413,-3.9340323171307965,18.187387097266413,-3.9340323171307965,16.44935509466356,-5.67206431973365,11.408642836979457,-10.712776577417753,0.6818181818181818,0.7555555555555555,0.6818181818181818,0.5,1.0,0.692020202020202,high
2018-11-01,Gangavaram,Bulk Minerals & Ores,17.175799973805745,65.022,0.0,0.0,0.0,False,22773.619999999977,1.0,22.12141941439721,23.45619996388753,25.203032278245495,23.593550552176747,80.99870967741936,23998.84000000002,0.0,11,4,18.187387097266413,-3.9340323171307965,18.187387097266413,-3.9340323171307965,16.44935509466356,-5.67206431973365,11.408642836979457,-10.712776577417753,0.6818181818181818,0.7555555555555555,0.6818181818181818,0.5,1.0,0.692020202020202,high
2018-11-01,Gangavaram,Coal,17.175799973805745,65.022,0.0,0.0,0.0,False,0.0,0.0,22.12141941439721,23.45619996388753,25.203032278245495,23.593550552176747,80.99870967741936,0.0,0.0,11,4,18.187387097266413,-3.9340323171307965,18.187387097266413,-3.9340323171307965,16.44935509466356,-5.67206431973365,11.408642836979457,-10.712776577417753,0.6818181818181818,0.7555555555555555,0.6818181818181818,0.5,1.0,0.692020202020202,high
2018-11-01,Gangavaram,Iron Ore,17.175799973805745,65.022,0.0,0.0,0.0,False,0.0,0.0,22.12141941439721,23.45619996388753,25.203032278245495,23.593550552176747,80.99870967741936,0.0,0.0,11,4,18.187387097266413,-3.9340323171307965,18.187387097266413,-3.9340323171307965,16.44935509466356,-5.67206431973365,11.408642836979457,-10.712776577417753,0.6818181818181818,0.7555555555555555,0.6818181818181818,0.5,1.0,0.692020202020202,high
2018-11-01,Gopalpur,Bulk Minerals & Ores,17.175799973805745,65.022,0.0,0.0,0.0,False,22773.619999999977,1.0,22.12141941439721,23.45619996388753,25.203032278245495,23.593550552176747,80.99870967741936,23998.84000000002,0.0,11,4,18.187387097266413,-3.9340323171307965,18.187387097266413,-3.9340323171307965,16.44935509466356,-5.67206431973365,11.408642836979457,-10.712776577417753,0.6818181818181818,0.7555555555555555,0.6818181818181818,0.5,1.0,0.692020202020202,high
2018-11-01,Gopalpur,Coal,17.175799973805745,65.022,0.0,0.0,0.0,False,0.0,0.0,22.12141941439721,23.45619996388753,25.203032278245495,23.593550552176747,80.99870967741936,0.0,0.0,11,4,18.187387097266413,-3.9340323171307965,18.187387097266413,-3.9340323171307965,16.44935509466356,-5.67206431973365,11.408642836979457,-10.712776577417753,0.6818181818181818,0.7555555555555555,0.6818181818181818,0.5,1.0,0.692020202020202,high
2018-11-01,Gopalpur,Iron Ore,17.175799973805745,65.022,0.0,0.0,0.0,False,0.0,0.0,22.12141941439721,23.45619996388753,25.203032278245495,23.593550552176747,80.99870967741936,0.0,0.0,11,4,18.187387097266413,-3.9340323171307965,18.187387097266413,-3.9340323171307965,16.44935509466356,-5.67206431973365,11.408642836979457,-10.712776577417753,0.6818181818181818,0.7555555555555555,0.6818181818181818,0.5,1.0,0.692020202020202,high
2018-11-01,Haldia,Bulk Minerals & Ores,17.175799973805745,65.022,0.0,0.0,0.0,False,22773.619999999977,1.0,22.12141941439721,23.45619996388753,25.203032278245495,23.593550552176747,80.99870967741936,23998.84000000002,0.0,11,4,18.187387097266413,-3.9340323171307965,18.187387097266413,-3.9340323171307965,16.44935509466356,-5.67206431973365,11.408642836979457,-10.712776577417753,0.6818181818181818,0.7555555555555555,0.6818181818181818,0.5,1.0,0.692020202020202,high
2018-11-01,Haldia,Coal,17.175799973805745,65.022,0.0,0.0,0.0,False,0.0,0.0,22.12141941439721,23.45619996388753,25.203032278245495,23.593550552176747,80.99870967741936,0.0,0.0,11,4,18.187387097266413,-3.9340323171307965,18.187387097266413,-3.9340323171307965,16.44935509466356,-5.67206431973365,11.408642836979457,-10.712776577417753,0.6818181818181818,0.7555555555555555,0.6818181818181818,0.5,1.0,0.692020202020202,high
2018-11-01,Haldia,Iron Ore,17.175799973805745,65.022,0.0,0.0,0.0,False,0.0,0.0,22.12141941439721,23.45619996388753,25.203032278245495,23.593550552176747,80.99870967741936,0.0,0.0,11,4,18.187387097266413,-3.9340323171307965,18.187387097266413,-3.9340323171307965,16.44935509466356,-5.67206431973365,11.408642836979457,-10.712776577417753,0.6818181818181818,0.7555555555555555,0.6818181818181818,0.5,1.0,0.692020202020202,high
2018-11-01,Kamarajar,Bulk Minerals & Ores,17.175799973805745,65.022,0.0,0.0,0.0,False,22773.619999999977,1.0,22.12141941439721,23.45619996388753,25.203032278245495,23.593550552176747,80.99870967741936,23998.84000000002,0.0,11,4,18.187387097266413,-3.9340323171307965,18.187387097266413,-3.9340323171307965,16.44935509466356,-5.67206431973365,11.408642836979457,-10.712776577417753,0.6818181818181818,0.7555555555555555,0.6818181818181818,0.5,1.0,0.692020202020202,high
2018-11-01,Kamarajar,Coal,17.175799973805745,65.022,0.0,0.0,0.0,False,0.0,0.0,22.12141941439721,23.45619996388753,25.203032278245495,23.593550552176747,80.99870967741936,0.0,0.0,11,4,18.187387097266413,-3.9340323171307965,18.187387097266413,-3.9340323171307965,16.44935509466356,-5.67206431973365,11.408642836979457,-10.712776577417753,0.6818181818181818,0.7555555555555555,0.6818181818181818,0.5,1.0,0.692020202020202,high
2018-11-01,Kamarajar,Iron Ore,17.175799973805745,65.022,0.0,0.0,0.0,False,0.0,0.0,22.12141941439721,23.45619996388753,25.203032278245495,23.593550552176747,80.99870967741936,0.0,0.0,11,4,18.187387097266413,-3.9340323171307965,18.187387097266413,-3.9340323171307965,16.44935509466356,-5.67206431973365,11.408642836979457,-10.712776577417753,0.6818181818181818,0.7555555555555555,0.6818181818181818,0.5,1.0,0.692020202020202,high
2018-11-01,Paradip,Bulk Minerals & Ores,17.175799973805745,65.022,0.0,0.0,0.0,False,22773.619999999977,1.0,22.12141941439721,23.45619996388753,25.203032278245495,23.593550552176747,80.99870967741936,23998.84000000002,0.0,11,4,18.187387097266413,-3.9340323171307965,18.187387097266413,-3.9340323171307965,16.44935509466356,-5.67206431973365,11.408642836979457,-10.712776577417753,0.6818181818181818,0.7555555555555555,0.6818181818181818,0.5,1.0,0.692020202020202,high
2018-11-01,Paradip,Coal,17.175799973805745,65.022,0.0,0.0,0.0,False,0.0,0.0,22.12141941439721,23.45619996388753,25.203032278245495,23.593550552176747,80.99870967741936,0.0,0.0,11,4,18.187387097266413,-3.9340323171307965,18.187387097266413,-3.9340323171307965,16.44935509466356,-5.67206431973365,11.408642836979457,-10.712776577417753,0.6818181818181818,0.7555555555555555,0.6818181818181818,0.5,1.0,0.692020202020202,high
2018-11-01,Paradip,Iron Ore,17.175799973805745,65.022,0.0,0.0,0.0,False,0.0,0.0,22.12141941439721,23.45619996388753,25.203032278245495,23.593550552176747,80.99870967741936,0.0,0.0,11,4,18.187387097266413,-3.9340323171307965,18.187387097266413,-3.9340323171307965,16.44935509466356,-5.67206431973365,11.408642836979457,-10.712776577417753,0.6818181818181818,0.7555555555555555,0.6818181818181818,0.5,1.0,0.692020202020202,high
2018-11-01,Sagar Sandheads,Bulk Minerals & Ores,17.175799973805745,65.022,0.0,0.0,0.0,False,22773.619999999977,1.0,22.12141941439721,23.45619996388753,25.203032278245495,23.593550552176747,80.99870967741936,23998.84000000002,0.0,11,4,18.187387097266413,-3.9340323171307965,18.187387097266413,-3.9340323171307965,16.44935509466356,-5.67206431973365,11.408642836979457,-10.712776577417753,0.6818181818181818,0.7555555555555555,0.6818181818181818,0.5,1.0,0.692020202020202,high
2018-11-01,Sagar Sandheads,Coal,17.175799973805745,65.022,0.0,0.0,0.0,False,0.0,0.0,22.12141941439721,23.45619996388753,25.203032278245495,23.593550552176747,80.99870967741936,0.0,0.0,11,4,18.187387097266413,-3.9340323171307965,18.187387097266413,-3.9340323171307965,16.44935509466356,-5.67206431973365,11.408642836979457,-10.712776577417753,0.6818181818181818,0.7555555555555555,0.6818181818181818,0.5,1.0,0.692020202020202,high
2018-11-01,Sagar Sandheads,Iron Ore,17.175799973805745,65.022,0.0,0.0,0.0,False,0.0,0.0,22.12141941439721,23.45619996388753,25.203032278245495,23.593550552176747,80.99870967741936,0.0,0.0,11,4,18.187387097266413,-3.9340323171307965,18.187387097266413,-3.9340323171307965,16.44935509466356,-5.67206431973365,11.408642836979457,-10.712776577417753,0.6818181818181818,0.7555555555555555,0.6818181818181818,0.5,1.0,0.692020202020202,high
2018-11-01,Tuticorin,Bulk Minerals & Ores,17.175799973805745,65.022,0.0,0.0,0.0,False,22773.619999999977,1.0,22.12141941439721,23.45619996388753,25.203032278245495,23.593550552176747,80.99870967741936,23998.84000000002,0.0,11,4,18.187387097266413,-3.9340323171307965,18.187387097266413,-3.9340323171307965,16.44935509466356,-5.67206431973365,11.408642836979457,-10.712776577417753,0.6818181818181818,0.7555555555555555,0.6818181818181818,0.5,1.0,0.692020202020202,high
2018-11-01,Tuticorin,Coal,17.175799973805745,65.022,0.0,0.0,0.0,False,0.0,0.0,22.12141941439721,23.45619996388753,25.203032278245495,23.593550552176747,80.99870967741936,0.0,0.0,11,4,18.187387097266413,-3.9340323171307965,18.187387097266413,-3.9340323171307965,16.44935509466356,-5.67206431973365,11.408642836979457,-10.712776577417753,0.6818181818181818,0.7555555555555555,0.6818181818181818,0.5,1.0,0.692020202020202,high
2018-11-01,Tuticorin,Iron Ore,17.175799973805745,65.022,0.0,0.0,0.0,False,0.0,0.0,22.12141941439721,23.45619996388753,25.203032278245495,23.593550552176747,80.99870967741936,0.0,0.0,11,4,18.187387097266413,-3.9340323171307965,18.187387097266413,-3.9340323171307965,16.44935509466356,-5.67206431973365,11.408642836979457,-10.712776577417753,0.6818181818181818,0.7555555555555555,0.6818181818181818,0.5,1.0,0.692020202020202,high
2018-11-01,Visakhapatnam,Bulk Minerals & Ores,17.175799973805745,65.022,0.0,0.0,0.0,False,22773.619999999977,1.0,22.12141941439721,23.45619996388753,25.203032278245495,23.593550552176747,80.99870967741936,23998.84000000002,0.0,11,4,18.187387097266413,-3.9340323171307965,18.187387097266413,-3.9340323171307965,16.44935509466356,-5.67206431973365,11.408642836979457,-10.712776577417753,0.6818181818181818,0.7555555555555555,0.6818181818181818,0.5,1.0,0.692020202020202,high
2018-11-01,Visakhapatnam,Coal,17.175799973805745,65.022,0.0,0.0,0.0,False,0.0,0.0,22.12141941439721,23.45619996388753,25.203032278245495,23.593550552176747,80.99870967741936,0.0,0.0,11,4,18.187387097266413,-3.9340323171307965,18.187387097266413,-3.9340323171307965,16.44935509466356,-5.67206431973365,11.408642836979457,-10.712776577417753,0.6818181818181818,0.7555555555555555,0.6818181818181818,0.5,1.0,0.692020202020202,high
2018-11-01,Visakhapatnam,Iron Ore,17.175799973805745,65.022,0.0,0.0,0.0,False,0.0,0.0,22.12141941439721,23.45619996388753,25.203032278245495,23.593550552176747,80.99870967741936,0.0,0.0,11,4,18.187387097266413,-3.9340323171307965,18.187387097266413,-3.9340323171307965,16.44935509466356,-5.67206431973365,11.408642836979457,-10.712776577417753,0.6818181818181818,0.7555555555555555,0.6818181818181818,0.5,1.0,0.692020202020202,high
2018-12-01,Chennai,Bulk Minerals & Ores,18.187387097266413,56.20903225806452,0.0,0.0,0.0,False,23274.410000000003,1.0,17.175799973805745,22.12141941439721,23.45619996388753,20.91780645069683,65.022,22773.619999999977,0.0,12,4,16.44935509466356,-0.7264448791421856,16.44935509466356,-0.7264448791421856,11.408642836979457,-5.767157136826288,10.189129091078236,-6.986670882727509,0.6590909090909091,0.24444444444444444,0.25,0.5,1.0,0.517070707070707,medium
2018-12-01,Chennai,Coal,18.187387097266413,56.20903225806452,0.0,0.0,0.0,False,0.0,0.0,17.175799973805745,22.12141941439721,23.45619996388753,20.91780645069683,65.022,0.0,0.0,12,4,16.44935509466356,-0.7264448791421856,16.44935509466356,-0.7264448791421856,11.408642836979457,-5.767157136826288,10.189129091078236,-6.986670882727509,0.6590909090909091,0.24444444444444444,0.25,0.5,1.0,0.517070707070707,medium
2018-12-01,Chennai,Iron Ore,18.187387097266413,56.20903225806452,0.0,0.0,0.0,False,0.0,0.0,17.175799973805745,22.12141941439721,23.45619996388753,20.91780645069683,65.022,0.0,0.0,12,4,16.44935509466356,-0.7264448791421856,16.44935509466356,-0.7264448791421856,11.408642836979457,-5.767157136826288,10.189129091078236,-6.986670882727509,0.6590909090909091,0.24444444444444444,0.25,0.5,1.0,0.517070707070707,medium
2018-12-01,Dhamra,Bulk Minerals & Ores,18.187387097266413,56.20903225806452,0.0,0.0,0.0,False,23274.410000000003,1.0,17.175799973805745,22.12141941439721,23.45619996388753,20.91780645069683,65.022,22773.619999999977,0.0,12,4,16.44935509466356,-0.7264448791421856,16.44935509466356,-0.7264448791421856,11.408642836979457,-5.767157136826288,10.189129091078236,-6.986670882727509,0.6590909090909091,0.24444444444444444,0.25,0.5,1.0,0.517070707070707,medium
2018-12-01,Dhamra,Coal,18.187387097266413,56.20903225806452,0.0,0.0,0.0,False,0.0,0.0,17.175799973805745,22.12141941439721,23.45619996388753,20.91780645069683,65.022,0.0,0.0,12,4,16.44935509466356,-0.7264448791421856,16.44935509466356,-0.7264448791421856,11.408642836979457,-5.767157136826288,10.189129091078236,-6.986670882727509,0.6590909090909091,0.24444444444444444,0.25,0.5,1.0,0.517070707070707,medium
2018-12-01,Dhamra,Iron Ore,18.187387097266413,56.20903225806452,0.0,0.0,0.0,False,0.0,0.0,17.175799973805745,22.12141941439721,23.45619996388753,20.91780645069683,65.022,0.0,0.0,12,4,16.44935509466356,-0.7264448791421856,16.44935509466356,-0.7264448791421856,11.408642836979457,-5.767157136826288,10.189129091078236,-6.986670882727509,0.6590909090909091,0.24444444444444444,0.25,0.5,1.0,0.517070707070707,medium
2018-12-01,Gangavaram,Bulk Minerals & Ores,18.187387097266413,56.20903225806452,0.0,0.0,0.0,False,23274.410000000003,1.0,17.175799973805745,22.12141941439721,23.45619996388753,20.91780645069683,65.022,22773.619999999977,0.0,12,4,16.44935509466356,-0.7264448791421856,16.44935509466356,-0.7264448791421856,11.408642836979457,-5.767157136826288,10.189129091078236,-6.986670882727509,0.6590909090909091,0.24444444444444444,0.25,0.5,1.0,0.517070707070707,medium
2018-12-01,Gangavaram,Coal,18.187387097266413,56.20903225806452,0.0,0.0,0.0,False,0.0,0.0,17.175799973805745,22.12141941439721,23.45619996388753,20.91780645069683,65.022,0.0,0.0,12,4,16.44935509466356,-0.7264448791421856,16.44935509466356,-0.7264448791421856,11.408642836979457,-5.767157136826288,10.189129091078236,-6.986670882727509,0.6590909090909091,0.24444444444444444,0.25,0.5,1.0,0.517070707070707,medium
2018-12-01,Gangavaram,Iron Ore,18.187387097266413,56.20903225806452,0.0,0.0,0.0,False,0.0,0.0,17.175799973805745,22.12141941439721,23.45619996388753,20.91780645069683,65.022,0.0,0.0,12,4,16.44935509466356,-0.7264448791421856,16.44935509466356,-0.7264448791421856,11.408642836979457,-5.767157136826288,10.189129091078236,-6.986670882727509,0.6590909090909091,0.24444444444444444,0.25,0.5,1.0,0.517070707070707,medium
2018-12-01,Gopalpur,Bulk Minerals & Ores,18.187387097266413,56.20903225806452,0.0,0.0,0.0,False,23274.410000000003,1.0,17.175799973805745,22.12141941439721,23.45619996388753,20.91780645069683,65.022,22773.619999999977,0.0,12,4,16.44935509466356,-0.7264448791421856,16.44935509466356,-0.7264448791421856,11.408642836979457,-5.767157136826288,10.189129091078236,-6.986670882727509,0.6590909090909091,0.24444444444444444,0.25,0.5,1.0,0.517070707070707,medium
2018-12-01,Gopalpur,Coal,18.187387097266413,56.20903225806452,0.0,0.0,0.0,False,0.0,0.0,17.175799973805745,22.12141941439721,23.45619996388753,20.91780645069683,65.022,0.0,0.0,12,4,16.44935509466356,-0.7264448791421856,16.44935509466356,-0.7264448791421856,11.408642836979457,-5.767157136826288,10.189129091078236,-6.986670882727509,0.6590909090909091,0.24444444444444444,0.25,0.5,1.0,0.517070707070707,medium
2018-12-01,Gopalpur,Iron Ore,18.187387097266413,56.20903225806452,0.0,0.0,0.0,False,0.0,0.0,17.175799973805745,22.12141941439721,23.45619996388753,20.91780645069683,65.022,0.0,0.0,12,4,16.44935509466356,-0.7264448791421856,16.44935509466356,-0.7264448791421856,11.408642836979457,-5.767157136826288,10.189129091078236,-6.986670882727509,0.6590909090909091,0.24444444444444444,0.25,0.5,1.0,0.517070707070707,medium
2018-12-01,Haldia,Bulk Minerals & Ores,18.187387097266413,56.20903225806452,0.0,0.0,0.0,False,23274.410000000003,1.0,17.175799973805745,22.12141941439721,23.45619996388753,20.91780645069683,65.022,22773.619999999977,0.0,12,4,16.44935509466356,-0.7264448791421856,16.44935509466356,-0.7264448791421856,11.408642836979457,-5.767157136826288,10.189129091078236,-6.986670882727509,0.6590909090909091,0.24444444444444444,0.25,0.5,1.0,0.517070707070707,medium
2018-12-01,Haldia,Coal,18.187387097266413,56.20903225806452,0.0,0.0,0.0,False,0.0,0.0,17.175799973805745,22.12141941439721,23.45619996388753,20.91780645069683,65.022,0.0,0.0,12,4,16.44935509466356,-0.7264448791421856,16.44935509466356,-0.7264448791421856,11.408642836979457,-5.767157136826288,10.189129091078236,-6.986670882727509,0.6590909090909091,0.24444444444444444,0.25,0.5,1.0,0.517070707070707,medium
2018-12-01,Haldia,Iron Ore,18.187387097266413,56.20903225806452,0.0,0.0,0.0,False,0.0,0.0,17.175799973805745,22.12141941439721,23.45619996388753,20.91780645069683,65.022,0.0,0.0,12,4,16.44935509466356,-0.7264448791421856,16.44935509466356,-0.7264448791421856,11.408642836979457,-5.767157136826288,10.189129091078236,-6.986670882727509,0.6590909090909091,0.24444444444444444,0.25,0.5,1.0,0.517070707070707,medium
2018-12-01,Kamarajar,Bulk Minerals & Ores,18.187387097266413,56.20903225806452,0.0,0.0,0.0,False,23274.410000000003,1.0,17.175799973805745,22.12141941439721,23.45619996388753,20.91780645069683,65.022,22773.619999999977,0.0,12,4,16.44935509466356,-0.7264448791421856,16.44935509466356,-0.7264448791421856,11.408642836979457,-5.767157136826288,10.189129091078236,-6.986670882727509,0.6590909090909091,0.24444444444444444,0.25,0.5,1.0,0.517070707070707,medium
2018-12-01,Kamarajar,Coal,18.187387097266413,56.20903225806452,0.0,0.0,0.0,False,0.0,0.0,17.175799973805745,22.12141941439721,23.45619996388753,20.91780645069683,65.022,0.0,0.0,12,4,16.44935509466356,-0.7264448791421856,16.44935509466356,-0.7264448791421856,11.408642836979457,-5.767157136826288,10.189129091078236,-6.986670882727509,0.6590909090909091,0.24444444444444444,0.25,0.5,1.0,0.517070707070707,medium
2018-12-01,Kamarajar,Iron Ore,18.187387097266413,56.20903225806452,0.0,0.0,0.0,False,0.0,0.0,17.175799973805745,22.12141941439721,23.45619996388753,20.91780645069683,65.022,0.0,0.0,12,4,16.44935509466356,-0.7264448791421856,16.44935509466356,-0.7264448791421856,11.408642836979457,-5.767157136826288,10.189129091078236,-6.986670882727509,0.6590909090909091,0.24444444444444444,0.25,0.5,1.0,0.517070707070707,medium
2018-12-01,Paradip,Bulk Minerals & Ores,18.187387097266413,56.20903225806452,0.0,0.0,0.0,False,23274.410000000003,1.0,17.175799973805745,22.12141941439721,23.45619996388753,20.91780645069683,65.022,22773.619999999977,0.0,12,4,16.44935509466356,-0.7264448791421856,16.44935509466356,-0.7264448791421856,11.408642836979457,-5.767157136826288,10.189129091078236,-6.986670882727509,0.6590909090909091,0.24444444444444444,0.25,0.5,1.0,0.517070707070707,medium
2018-12-01,Paradip,Coal,18.187387097266413,56.20903225806452,0.0,0.0,0.0,False,0.0,0.0,17.175799973805745,22.12141941439721,23.45619996388753,20.91780645069683,65.022,0.0,0.0,12,4,16.44935509466356,-0.7264448791421856,16.44935509466356,-0.7264448791421856,11.408642836979457,-5.767157136826288,10.189129091078236,-6.986670882727509,0.6590909090909091,0.24444444444444444,0.25,0.5,1.0,0.517070707070707,medium
2018-12-01,Paradip,Iron Ore,18.187387097266413,56.20903225806452,0.0,0.0,0.0,False,0.0,0.0,17.175799973805745,22.12141941439721,23.45619996388753,20.91780645069683,65.022,0.0,0.0,12,4,16.44935509466356,-0.7264448791421856,16.44935509466356,-0.7264448791421856,11.408642836979457,-5.767157136826288,10.189129091078236,-6.986670882727509,0.6590909090909091,0.24444444444444444,0.25,0.5,1.0,0.517070707070707,medium
2018-12-01,Sagar Sandheads,Bulk Minerals & Ores,18.187387097266413,56.20903225806452,0.0,0.0,0.0,False,23274.410000000003,1.0,17.175799973805745,22.12141941439721,23.45619996388753,20.91780645069683,65.022,22773.619999999977,0.0,12,4,16.44935509466356,-0.7264448791421856,16.44935509466356,-0.7264448791421856,11.408642836979457,-5.767157136826288,10.189129091078236,-6.986670882727509,0.6590909090909091,0.24444444444444444,0.25,0.5,1.0,0.517070707070707,medium
2018-12-01,Sagar Sandheads,Coal,18.187387097266413,56.20903225806452,0.0,0.0,0.0,False,0.0,0.0,17.175799973805745,22.12141941439721,23.45619996388753,20.91780645069683,65.022,0.0,0.0,12,4,16.44935509466356,-0.7264448791421856,16.44935509466356,-0.7264448791421856,11.408642836979457,-5.767157136826288,10.189129091078236,-6.986670882727509,0.6590909090909091,0.24444444444444444,0.25,0.5,1.0,0.517070707070707,medium
2018-12-01,Sagar Sandheads,Iron Ore,18.187387097266413,56.20903225806452,0.0,0.0,0.0,False,0.0,0.0,17.175799973805745,22.12141941439721,23.45619996388753,20.91780645069683,65.022,0.0,0.0,12,4,16.44935509466356,-0.7264448791421856,16.44935509466356,-0.7264448791421856,11.408642836979457,-5.767157136826288,10.189129091078236,-6.986670882727509,0.6590909090909091,0.24444444444444444,0.25,0.5,1.0,0.517070707070707,medium
2018-12-01,Tuticorin,Bulk Minerals & Ores,18.187387097266413,56.20903225806452,0.0,0.0,0.0,False,23274.410000000003,1.0,17.175799973805745,22.12141941439721,23.45619996388753,20.91780645069683,65.022,22773.619999999977,0.0,12,4,16.44935509466356,-0.7264448791421856,16.44935509466356,-0.7264448791421856,11.408642836979457,-5.767157136826288,10.189129091078236,-6.986670882727509,0.6590909090909091,0.24444444444444444,0.25,0.5,1.0,0.517070707070707,medium
2018-12-01,Tuticorin,Coal,18.187387097266413,56.20903225806452,0.0,0.0,0.0,False,0.0,0.0,17.175799973805745,22.12141941439721,23.45619996388753,20.91780645069683,65.022,0.0,0.0,12,4,16.44935509466356,-0.7264448791421856,16.44935509466356,-0.7264448791421856,11.408642836979457,-5.767157136826288,10.189129091078236,-6.986670882727509,0.6590909090909091,0.24444444444444444,0.25,0.5,1.0,0.517070707070707,medium
2018-12-01,Tuticorin,Iron Ore,18.187387097266413,56.20903225806452,0.0,0.0,0.0,False,0.0,0.0,17.175799973805745,22.12141941439721,23.45619996388753,20.91780645069683,65.022,0.0,0.0,12,4,16.44935509466356,-0.7264448791421856,16.44935509466356,-0.7264448791421856,11.408642836979457,-5.767157136826288,10.189129091078236,-6.986670882727509,0.6590909090909091,0.24444444444444444,0.25,0.5,1.0,0.517070707070707,medium
2018-12-01,Visakhapatnam,Bulk Minerals & Ores,18.187387097266413,56.20903225806452,0.0,0.0,0.0,False,23274.410000000003,1.0,17.175799973805745,22.12141941439721,23.45619996388753,20.91780645069683,65.022,22773.619999999977,0.0,12,4,16.44935509466356,-0.7264448791421856,16.44935509466356,-0.7264448791421856,11.408642836979457,-5.767157136826288,10.189129091078236,-6.986670882727509,0.6590909090909091,0.24444444444444444,0.25,0.5,1.0,0.517070707070707,medium
2018-12-01,Visakhapatnam,Coal,18.187387097266413,56.20903225806452,0.0,0.0,0.0,False,0.0,0.0,17.175799973805745,22.12141941439721,23.45619996388753,20.91780645069683,65.022,0.0,0.0,12,4,16.44935509466356,-0.7264448791421856,16.44935509466356,-0.7264448791421856,11.408642836979457,-5.767157136826288,10.189129091078236,-6.986670882727509,0.6590909090909091,0.24444444444444444,0.25,0.5,1.0,0.517070707070707,medium
2018-12-01,Visakhapatnam,Iron Ore,18.187387097266413,56.20903225806452,0.0,0.0,0.0,False,0.0,0.0,17.175799973805745,22.12141941439721,23.45619996388753,20.91780645069683,65.022,0.0,0.0,12,4,16.44935509466356,-0.7264448791421856,16.44935509466356,-0.7264448791421856,11.408642836979457,-5.767157136826288,10.189129091078236,-6.986670882727509,0.6590909090909091,0.24444444444444444,0.25,0.5,1.0,0.517070707070707,medium
2019-01-01,Chennai,Bulk Minerals & Ores,16.44935509466356,59.1741935483871,0.0,0.0,0.45161290322580644,True,21814.150000000012,1.0,18.187387097266413,17.175799973805745,22.12141941439721,19.161535495156457,56.20903225806452,23274.410000000003,0.0,1,1,11.408642836979457,-6.778744260286956,11.408642836979457,-6.778744260286956,10.189129091078236,-7.998258006188177,10.329200172424317,-7.858186924842096,0.8636363636363636,0.4444444444444444,0.20454545454545456,0.12037037037037036,0.0,0.44591750841750843,medium
2019-01-01,Chennai,Coal,16.44935509466356,59.1741935483871,0.0,0.0,0.45161290322580644,True,0.0,0.0,18.187387097266413,17.175799973805745,22.12141941439721,19.161535495156457,56.20903225806452,0.0,0.0,1,1,11.408642836979457,-6.778744260286956,11.408642836979457,-6.778744260286956,10.189129091078236,-7.998258006188177,10.329200172424317,-7.858186924842096,0.8636363636363636,0.4444444444444444,0.20454545454545456,0.12037037037037036,0.0,0.44591750841750843,medium
2019-01-01,Chennai,Iron Ore,16.44935509466356,59.1741935483871,0.0,0.0,0.45161290322580644,True,0.0,0.0,18.187387097266413,17.175799973805745,22.12141941439721,19.161535495156457,56.20903225806452,0.0,0.0,1,1,11.408642836979457,-6.778744260286956,11.408642836979457,-6.778744260286956,10.189129091078236,-7.998258006188177,10.329200172424317,-7.858186924842096,0.8636363636363636,0.4444444444444444,0.20454545454545456,0.12037037037037036,0.0,0.44591750841750843,medium
2019-01-01,Dhamra,Bulk Minerals & Ores,16.44935509466356,59.1741935483871,0.0,0.0,0.0,False,21814.150000000012,1.0,18.187387097266413,17.175799973805745,22.12141941439721,19.161535495156457,56.20903225806452,23274.410000000003,0.0,1,1,11.408642836979457,-6.778744260286956,11.408642836979457,-6.778744260286956,10.189129091078236,-7.998258006188177,10.329200172424317,-7.858186924842096,0.8636363636363636,0.4444444444444444,0.20454545454545456,0.5,1.0,0.6218434343434344,high
2019-01-01,Dhamra,Coal,16.44935509466356,59.1741935483871,0.0,0.0,0.0,False,0.0,0.0,18.187387097266413,17.175799973805745,22.12141941439721,19.161535495156457,56.20903225806452,0.0,0.0,1,1,11.408642836979457,-6.778744260286956,11.408642836979457,-6.778744260286956,10.189129091078236,-7.998258006188177,10.329200172424317,-7.858186924842096,0.8636363636363636,0.4444444444444444,0.20454545454545456,0.5,1.0,0.6218434343434344,high
2019-01-01,Dhamra,Iron Ore,16.44935509466356,59.1741935483871,0.0,0.0,0.0,False,0.0,0.0,18.187387097266413,17.175799973805745,22.12141941439721,19.161535495156457,56.20903225806452,0.0,0.0,1,1,11.408642836979457,-6.778744260286956,11.408642836979457,-6.778744260286956,10.189129091078236,-7.998258006188177,10.329200172424317,-7.858186924842096,0.8636363636363636,0.4444444444444444,0.20454545454545456,0.5,1.0,0.6218434343434344,high
2019-01-01,Gangavaram,Bulk Minerals & Ores,16.44935509466356,59.1741935483871,0.0,0.0,0.0,False,21814.150000000012,1.0,18.187387097266413,17.175799973805745,22.12141941439721,19.161535495156457,56.20903225806452,23274.410000000003,0.0,1,1,11.408642836979457,-6.778744260286956,11.408642836979457,-6.778744260286956,10.189129091078236,-7.998258006188177,10.329200172424317,-7.858186924842096,0.8636363636363636,0.4444444444444444,0.20454545454545456,0.5,1.0,0.6218434343434344,high
2019-01-01,Gangavaram,Coal,16.44935509466356,59.1741935483871,0.0,0.0,0.0,False,0.0,0.0,18.187387097266413,17.175799973805745,22.12141941439721,19.161535495156457,56.20903225806452,0.0,0.0,1,1,11.408642836979457,-6.778744260286956,11.408642836979457,-6.778744260286956,10.189129091078236,-7.998258006188177,10.329200172424317,-7.858186924842096,0.8636363636363636,0.4444444444444444,0.20454545454545456,0.5,1.0,0.6218434343434344,high
2019-01-01,Gangavaram,Iron Ore,16.44935509466356,59.1741935483871,0.0,0.0,0.0,False,0.0,0.0,18.187387097266413,17.175799973805745,22.12141941439721,19.161535495156457,56.20903225806452,0.0,0.0,1,1,11.408642836979457,-6.778744260286956,11.408642836979457,-6.778744260286956,10.189129091078236,-7.998258006188177,10.329200172424317,-7.858186924842096,0.8636363636363636,0.4444444444444444,0.20454545454545456,0.5,1.0,0.6218434343434344,high
2019-01-01,Gopalpur,Bulk Minerals & Ores,16.44935509466356,59.1741935483871,0.0,0.0,0.0,False,21814.150000000012,1.0,18.187387097266413,17.175799973805745,22.12141941439721,19.161535495156457,56.20903225806452,23274.410000000003,0.0,1,1,11.408642836979457,-6.778744260286956,11.408642836979457,-6.778744260286956,10.189129091078236,-7.998258006188177,10.329200172424317,-7.858186924842096,0.8636363636363636,0.4444444444444444,0.20454545454545456,0.5,1.0,0.6218434343434344,high
2019-01-01,Gopalpur,Coal,16.44935509466356,59.1741935483871,0.0,0.0,0.0,False,0.0,0.0,18.187387097266413,17.175799973805745,22.12141941439721,19.161535495156457,56.20903225806452,0.0,0.0,1,1,11.408642836979457,-6.778744260286956,11.408642836979457,-6.778744260286956,10.189129091078236,-7.998258006188177,10.329200172424317,-7.858186924842096,0.8636363636363636,0.4444444444444444,0.20454545454545456,0.5,1.0,0.6218434343434344,high
2019-01-01,Gopalpur,Iron Ore,16.44935509466356,59.1741935483871,0.0,0.0,0.0,False,0.0,0.0,18.187387097266413,17.175799973805745,22.12141941439721,19.161535495156457,56.20903225806452,0.0,0.0,1,1,11.408642836979457,-6.778744260286956,11.408642836979457,-6.778744260286956,10.189129091078236,-7.998258006188177,10.329200172424317,-7.858186924842096,0.8636363636363636,0.4444444444444444,0.20454545454545456,0.5,1.0,0.6218434343434344,high
2019-01-01,Haldia,Bulk Minerals & Ores,16.44935509466356,59.1741935483871,18691.418314752187,3934.0060311486595,2.2903225806451615,True,21814.150000000012,1.0,18.187387097266413,17.175799973805745,22.12141941439721,19.161535495156457,56.20903225806452,23274.410000000003,0.0,1,1,11.408642836979457,-6.778744260286956,11.408642836979457,-6.778744260286956,10.189129091078236,-7.998258006188177,10.329200172424317,-7.858186924842096,0.8636363636363636,0.4444444444444444,0.20454545454545456,0.6435185185185185,0.0,0.5505471380471381,medium
2019-01-01,Haldia,Coal,16.44935509466356,59.1741935483871,18691.418314752187,3934.0060311486595,2.2903225806451615,True,0.0,0.0,18.187387097266413,17.175799973805745,22.12141941439721,19.161535495156457,56.20903225806452,0.0,0.0,1,1,11.408642836979457,-6.778744260286956,11.408642836979457,-6.778744260286956,10.189129091078236,-7.998258006188177,10.329200172424317,-7.858186924842096,0.8636363636363636,0.4444444444444444,0.20454545454545456,0.6435185185185185,0.0,0.5505471380471381,medium
2019-01-01,Haldia,Iron Ore,16.44935509466356,59.1741935483871,18691.418314752187,3934.0060311486595,2.2903225806451615,True,0.0,0.0,18.187387097266413,17.175799973805745,22.12141941439721,19.161535495156457,56.20903225806452,0.0,0.0,1,1,11.408642836979457,-6.778744260286956,11.408642836979457,-6.778744260286956,10.189129091078236,-7.998258006188177,10.329200172424317,-7.858186924842096,0.8636363636363636,0.4444444444444444,0.20454545454545456,0.6435185185185185,0.0,0.5505471380471381,medium
2019-01-01,Kamarajar,Bulk Minerals & Ores,16.44935509466356,59.1741935483871,33948.39407677823,0.0,1.032258064516129,True,21814.150000000012,1.0,18.187387097266413,17.175799973805745,22.12141941439721,19.161535495156457,56.20903225806452,23274.410000000003,0.0,1,1,11.408642836979457,-6.778744260286956,11.408642836979457,-6.778744260286956,10.189129091078236,-7.998258006188177,10.329200172424317,-7.858186924842096,0.8636363636363636,0.4444444444444444,0.20454545454545456,0.4444444444444444,0.0,0.5107323232323232,medium
2019-01-01,Kamarajar,Coal,16.44935509466356,59.1741935483871,33948.39407677823,0.0,1.032258064516129,True,0.0,0.0,18.187387097266413,17.175799973805745,22.12141941439721,19.161535495156457,56.20903225806452,0.0,0.0,1,1,11.408642836979457,-6.778744260286956,11.408642836979457,-6.778744260286956,10.189129091078236,-7.998258006188177,10.329200172424317,-7.858186924842096,0.8636363636363636,0.4444444444444444,0.20454545454545456,0.4444444444444444,0.0,0.5107323232323232,medium
2019-01-01,Kamarajar,Iron Ore,16.44935509466356,59.1741935483871,33948.39407677823,0.0,1.032258064516129,True,0.0,0.0,18.187387097266413,17.175799973805745,22.12141941439721,19.161535495156457,56.20903225806452,0.0,0.0,1,1,11.408642836979457,-6.778744260286956,11.408642836979457,-6.778744260286956,10.189129091078236,-7.998258006188177,10.329200172424317,-7.858186924842096,0.8636363636363636,0.4444444444444444,0.20454545454545456,0.4444444444444444,0.0,0.5107323232323232,medium
2019-01-01,Paradip,Bulk Minerals & Ores,16.44935509466356,59.1741935483871,27518.94441277934,27725.150160801004,2.129032258064516,True,21814.150000000012,1.0,18.187387097266413,17.175799973805745,22.12141941439721,19.161535495156457,56.20903225806452,23274.410000000003,0.0,1,1,11.408642836979457,-6.778744260286956,11.408642836979457,-6.778744260286956,10.189129091078236,-7.998258006188177,10.329200172424317,-7.858186924842096,0.8636363636363636,0.4444444444444444,0.20454545454545456,0.6018518518518519,0.0,0.5422138047138048,medium
2019-01-01,Paradip,Coal,16.44935509466356,59.1741935483871,27518.94441277934,27725.150160801004,2.129032258064516,True,0.0,0.0,18.187387097266413,17.175799973805745,22.12141941439721,19.161535495156457,56.20903225806452,0.0,0.0,1,1,11.408642836979457,-6.778744260286956,11.408642836979457,-6.778744260286956,10.189129091078236,-7.998258006188177,10.329200172424317,-7.858186924842096,0.8636363636363636,0.4444444444444444,0.20454545454545456,0.6018518518518519,0.0,0.5422138047138048,medium
2019-01-01,Paradip,Iron Ore,16.44935509466356,59.1741935483871,27518.94441277934,27725.150160801004,2.129032258064516,True,0.0,0.0,18.187387097266413,17.175799973805745,22.12141941439721,19.161535495156457,56.20903225806452,0.0,0.0,1,1,11.408642836979457,-6.778744260286956,11.408642836979457,-6.778744260286956,10.189129091078236,-7.998258006188177,10.329200172424317,-7.858186924842096,0.8636363636363636,0.4444444444444444,0.20454545454545456,0.6018518518518519,0.0,0.5422138047138048,medium
2019-01-01,Sagar Sandheads,Bulk Minerals & Ores,16.44935509466356,59.1741935483871,0.0,0.0,0.0,False,21814.150000000012,1.0,18.187387097266413,17.175799973805745,22.12141941439721,19.161535495156457,56.20903225806452,23274.410000000003,0.0,1,1,11.408642836979457,-6.778744260286956,11.408642836979457,-6.778744260286956,10.189129091078236,-7.998258006188177,10.329200172424317,-7.858186924842096,0.8636363636363636,0.4444444444444444,0.20454545454545456,0.5,1.0,0.6218434343434344,high
2019-01-01,Sagar Sandheads,Coal,16.44935509466356,59.1741935483871,0.0,0.0,0.0,False,0.0,0.0,18.187387097266413,17.175799973805745,22.12141941439721,19.161535495156457,56.20903225806452,0.0,0.0,1,1,11.408642836979457,-6.778744260286956,11.408642836979457,-6.778744260286956,10.189129091078236,-7.998258006188177,10.329200172424317,-7.858186924842096,0.8636363636363636,0.4444444444444444,0.20454545454545456,0.5,1.0,0.6218434343434344,high
2019-01-01,Sagar Sandheads,Iron Ore,16.44935509466356,59.1741935483871,0.0,0.0,0.0,False,0.0,0.0,18.187387097266413,17.175799973805745,22.12141941439721,19.161535495156457,56.20903225806452,0.0,0.0,1,1,11.408642836979457,-6.778744260286956,11.408642836979457,-6.778744260286956,10.189129091078236,-7.998258006188177,10.329200172424317,-7.858186924842096,0.8636363636363636,0.4444444444444444,0.20454545454545456,0.5,1.0,0.6218434343434344,high
2019-01-01,Tuticorin,Bulk Minerals & Ores,16.44935509466356,59.1741935483871,28815.208049049725,0.0,1.1290322580645162,True,21814.150000000012,1.0,18.187387097266413,17.175799973805745,22.12141941439721,19.161535495156457,56.20903225806452,23274.410000000003,0.0,1,1,11.408642836979457,-6.778744260286956,11.408642836979457,-6.778744260286956,10.189129091078236,-7.998258006188177,10.329200172424317,-7.858186924842096,0.8636363636363636,0.4444444444444444,0.20454545454545456,0.49074074074074076,0.0,0.5199915824915825,medium
2019-01-01,Tuticorin,Coal,16.44935509466356,59.1741935483871,28815.208049049725,0.0,1.1290322580645162,True,0.0,0.0,18.187387097266413,17.175799973805745,22.12141941439721,19.161535495156457,56.20903225806452,0.0,0.0,1,1,11.408642836979457,-6.778744260286956,11.408642836979457,-6.778744260286956,10.189129091078236,-7.998258006188177,10.329200172424317,-7.858186924842096,0.8636363636363636,0.4444444444444444,0.20454545454545456,0.49074074074074076,0.0,0.5199915824915825,medium
2019-01-01,Tuticorin,Iron Ore,16.44935509466356,59.1741935483871,28815.208049049725,0.0,1.1290322580645162,True,0.0,0.0,18.187387097266413,17.175799973805745,22.12141941439721,19.161535495156457,56.20903225806452,0.0,0.0,1,1,11.408642836979457,-6.778744260286956,11.408642836979457,-6.778744260286956,10.189129091078236,-7.998258006188177,10.329200172424317,-7.858186924842096,0.8636363636363636,0.4444444444444444,0.20454545454545456,0.49074074074074076,0.0,0.5199915824915825,medium
2019-01-01,Visakhapatnam,Bulk Minerals & Ores,16.44935509466356,59.1741935483871,78905.59950365956,15488.795173437049,3.193548387096774,True,21814.150000000012,1.0,18.187387097266413,17.175799973805745,22.12141941439721,19.161535495156457,56.20903225806452,23274.410000000003,0.0,1,1,11.408642836979457,-6.778744260286956,11.408642836979457,-6.778744260286956,10.189129091078236,-7.998258006188177,10.329200172424317,-7.858186924842096,0.8636363636363636,0.4444444444444444,0.20454545454545456,0.9027777777777778,0.0,0.6023989898989899,high
2019-01-01,Visakhapatnam,Coal,16.44935509466356,59.1741935483871,78905.59950365956,15488.795173437049,3.193548387096774,True,0.0,0.0,18.187387097266413,17.175799973805745,22.12141941439721,19.161535495156457,56.20903225806452,0.0,0.0,1,1,11.408642836979457,-6.778744260286956,11.408642836979457,-6.778744260286956,10.189129091078236,-7.998258006188177,10.329200172424317,-7.858186924842096,0.8636363636363636,0.4444444444444444,0.20454545454545456,0.9027777777777778,0.0,0.6023989898989899,high
2019-01-01,Visakhapatnam,Iron Ore,16.44935509466356,59.1741935483871,78905.59950365956,15488.795173437049,3.193548387096774,True,0.0,0.0,18.187387097266413,17.175799973805745,22.12141941439721,19.161535495156457,56.20903225806452,0.0,0.0,1,1,11.408642836979457,-6.778744260286956,11.408642836979457,-6.778744260286956,10.189129091078236,-7.998258006188177,10.329200172424317,-7.858186924842096,0.8636363636363636,0.4444444444444444,0.20454545454545456,0.9027777777777778,0.0,0.6023989898989899,high
2019-02-01,Chennai,Bulk Minerals & Ores,11.408642836979457,63.956785714285715,0.0,0.0,0.35714285714285715,True,20048.78999999999,1.0,16.44935509466356,18.187387097266413,17.175799973805745,17.270847388578574,59.1741935483871,21814.150000000012,0.0,2,1,10.189129091078236,-6.260226003585323,10.189129091078236,-6.260226003585323,10.329200172424317,-6.120154922239243,12.071354835264144,-4.378000259399416,0.4772727272727273,0.9111111111111111,0.9090909090909091,0.10185185185185185,0.0,0.5060016835016835,medium
2019-02-01,Chennai,Coal,11.408642836979457,63.956785714285715,0.0,0.0,0.35714285714285715,True,0.0,0.0,16.44935509466356,18.187387097266413,17.175799973805745,17.270847388578574,59.1741935483871,0.0,0.0,2,1,10.189129091078236,-6.260226003585323,10.189129091078236,-6.260226003585323,10.329200172424317,-6.120154922239243,12.071354835264144,-4.378000259399416,0.4772727272727273,0.9111111111111111,0.9090909090909091,0.10185185185185185,0.0,0.5060016835016835,medium
2019-02-01,Chennai,Iron Ore,11.408642836979457,63.956785714285715,0.0,0.0,0.35714285714285715,True,0.0,0.0,16.44935509466356,18.187387097266413,17.175799973805745,17.270847388578574,59.1741935483871,0.0,0.0,2,1,10.189129091078236,-6.260226003585323,10.189129091078236,-6.260226003585323,10.329200172424317,-6.120154922239243,12.071354835264144,-4.378000259399416,0.4772727272727273,0.9111111111111111,0.9090909090909091,0.10185185185185185,0.0,0.5060016835016835,medium
2019-02-01,Dhamra,Bulk Minerals & Ores,11.408642836979457,63.956785714285715,0.0,0.0,0.0,False,20048.78999999999,1.0,16.44935509466356,18.187387097266413,17.175799973805745,17.270847388578574,59.1741935483871,21814.150000000012,0.0,2,1,10.189129091078236,-6.260226003585323,10.189129091078236,-6.260226003585323,10.329200172424317,-6.120154922239243,12.071354835264144,-4.378000259399416,0.4772727272727273,0.9111111111111111,0.9090909090909091,0.5,1.0,0.6856313131313131,high
2019-02-01,Dhamra,Coal,11.408642836979457,63.956785714285715,0.0,0.0,0.0,False,0.0,0.0,16.44935509466356,18.187387097266413,17.175799973805745,17.270847388578574,59.1741935483871,0.0,0.0,2,1,10.189129091078236,-6.260226003585323,10.189129091078236,-6.260226003585323,10.329200172424317,-6.120154922239243,12.071354835264144,-4.378000259399416,0.4772727272727273,0.9111111111111111,0.9090909090909091,0.5,1.0,0.6856313131313131,high
2019-02-01,Dhamra,Iron Ore,11.408642836979457,63.956785714285715,0.0,0.0,0.0,False,0.0,0.0,16.44935509466356,18.187387097266413,17.175799973805745,17.270847388578574,59.1741935483871,0.0,0.0,2,1,10.189129091078236,-6.260226003585323,10.189129091078236,-6.260226003585323,10.329200172424317,-6.120154922239243,12.071354835264144,-4.378000259399416,0.4772727272727273,0.9111111111111111,0.9090909090909091,0.5,1.0,0.6856313131313131,high
2019-02-01,Gangavaram,Bulk Minerals & Ores,11.408642836979457,63.956785714285715,0.0,0.0,0.0,False,20048.78999999999,1.0,16.44935509466356,18.187387097266413,17.175799973805745,17.270847388578574,59.1741935483871,21814.150000000012,0.0,2,1,10.189129091078236,-6.260226003585323,10.189129091078236,-6.260226003585323,10.329200172424317,-6.120154922239243,12.071354835264144,-4.378000259399416,0.4772727272727273,0.9111111111111111,0.9090909090909091,0.5,1.0,0.6856313131313131,high
2019-02-01,Gangavaram,Coal,11.408642836979457,63.956785714285715,0.0,0.0,0.0,False,0.0,0.0,16.44935509466356,18.187387097266413,17.175799973805745,17.270847388578574,59.1741935483871,0.0,0.0,2,1,10.189129091078236,-6.260226003585323,10.189129091078236,-6.260226003585323,10.329200172424317,-6.120154922239243,12.071354835264144,-4.378000259399416,0.4772727272727273,0.9111111111111111,0.9090909090909091,0.5,1.0,0.6856313131313131,high
2019-02-01,Gangavaram,Iron Ore,11.408642836979457,63.956785714285715,0.0,0.0,0.0,False,0.0,0.0,16.44935509466356,18.187387097266413,17.175799973805745,17.270847388578574,59.1741935483871,0.0,0.0,2,1,10.189129091078236,-6.260226003585323,10.189129091078236,-6.260226003585323,10.329200172424317,-6.120154922239243,12.071354835264144,-4.378000259399416,0.4772727272727273,0.9111111111111111,0.9090909090909091,0.5,1.0,0.6856313131313131,high
2019-02-01,Gopalpur,Bulk Minerals & Ores,11.408642836979457,63.956785714285715,0.0,0.0,0.0,False,20048.78999999999,1.0,16.44935509466356,18.187387097266413,17.175799973805745,17.270847388578574,59.1741935483871,21814.150000000012,0.0,2,1,10.189129091078236,-6.260226003585323,10.189129091078236,-6.260226003585323,10.329200172424317,-6.120154922239243,12.071354835264144,-4.378000259399416,0.4772727272727273,0.9111111111111111,0.9090909090909091,0.5,1.0,0.6856313131313131,high
2019-02-01,Gopalpur,Coal,11.408642836979457,63.956785714285715,0.0,0.0,0.0,False,0.0,0.0,16.44935509466356,18.187387097266413,17.175799973805745,17.270847388578574,59.1741935483871,0.0,0.0,2,1,10.189129091078236,-6.260226003585323,10.189129091078236,-6.260226003585323,10.329200172424317,-6.120154922239243,12.071354835264144,-4.378000259399416,0.4772727272727273,0.9111111111111111,0.9090909090909091,0.5,1.0,0.6856313131313131,high
2019-02-01,Gopalpur,Iron Ore,11.408642836979457,63.956785714285715,0.0,0.0,0.0,False,0.0,0.0,16.44935509466356,18.187387097266413,17.175799973805745,17.270847388578574,59.1741935483871,0.0,0.0,2,1,10.189129091078236,-6.260226003585323,10.189129091078236,-6.260226003585323,10.329200172424317,-6.120154922239243,12.071354835264144,-4.378000259399416,0.4772727272727273,0.9111111111111111,0.9090909090909091,0.5,1.0,0.6856313131313131,high
2019-02-01,Haldia,Bulk Minerals & Ores,11.408642836979457,63.956785714285715,33963.67776295079,4262.564492315386,2.857142857142857,True,20048.78999999999,1.0,16.44935509466356,18.187387097266413,17.175799973805745,17.270847388578574,59.1741935483871,21814.150000000012,0.0,2,1,10.189129091078236,-6.260226003585323,10.189129091078236,-6.260226003585323,10.329200172424317,-6.120154922239243,12.071354835264144,-4.378000259399416,0.4772727272727273,0.9111111111111111,0.9090909090909091,0.8101851851851852,0.0,0.6476683501683502,high
2019-02-01,Haldia,Coal,11.408642836979457,63.956785714285715,33963.67776295079,4262.564492315386,2.857142857142857,True,0.0,0.0,16.44935509466356,18.187387097266413,17.175799973805745,17.270847388578574,59.1741935483871,0.0,0.0,2,1,10.189129091078236,-6.260226003585323,10.189129091078236,-6.260226003585323,10.329200172424317,-6.120154922239243,12.071354835264144,-4.378000259399416,0.4772727272727273,0.9111111111111111,0.9090909090909091,0.8101851851851852,0.0,0.6476683501683502,high
2019-02-01,Haldia,Iron Ore,11.408642836979457,63.956785714285715,33963.67776295079,4262.564492315386,2.857142857142857,True,0.0,0.0,16.44935509466356,18.187387097266413,17.175799973805745,17.270847388578574,59.1741935483871,0.0,0.0,2,1,10.189129091078236,-6.260226003585323,10.189129091078236,-6.260226003585323,10.329200172424317,-6.120154922239243,12.071354835264144,-4.378000259399416,0.4772727272727273,0.9111111111111111,0.9090909090909091,0.8101851851851852,0.0,0.6476683501683502,high
2019-02-01,Kamarajar,Bulk Minerals & Ores,11.408642836979457,63.956785714285715,34236.92765551507,0.0,1.0,True,20048.78999999999,1.0,16.44935509466356,18.187387097266413,17.175799973805745,17.270847388578574,59.1741935483871,21814.150000000012,0.0,2,1,10.189129091078236,-6.260226003585323,10.189129091078236,-6.260226003585323,10.329200172424317,-6.120154922239243,12.071354835264144,-4.378000259399416,0.4772727272727273,0.9111111111111111,0.9090909090909091,0.4398148148148148,0.0,0.573594276094276,medium
2019-02-01,Kamarajar,Coal,11.408642836979457,63.956785714285715,34236.92765551507,0.0,1.0,True,0.0,0.0,16.44935509466356,18.187387097266413,17.175799973805745,17.270847388578574,59.1741935483871,0.0,0.0,2,1,10.189129091078236,-6.260226003585323,10.189129091078236,-6.260226003585323,10.329200172424317,-6.120154922239243,12.071354835264144,-4.378000259399416,0.4772727272727273,0.9111111111111111,0.9090909090909091,0.4398148148148148,0.0,0.573594276094276,medium
2019-02-01,Kamarajar,Iron Ore,11.408642836979457,63.956785714285715,34236.92765551507,0.0,1.0,True,0.0,0.0,16.44935509466356,18.187387097266413,17.175799973805745,17.270847388578574,59.1741935483871,0.0,0.0,2,1,10.189129091078236,-6.260226003585323,10.189129091078236,-6.260226003585323,10.329200172424317,-6.120154922239243,12.071354835264144,-4.378000259399416,0.4772727272727273,0.9111111111111111,0.9090909090909091,0.4398148148148148,0.0,0.573594276094276,medium
2019-02-01,Paradip,Bulk Minerals & Ores,11.408642836979457,63.956785714285715,28317.249057340603,35744.34088632221,2.392857142857143,True,20048.78999999999,1.0,16.44935509466356,18.187387097266413,17.175799973805745,17.270847388578574,59.1741935483871,21814.150000000012,0.0,2,1,10.189129091078236,-6.260226003585323,10.189129091078236,-6.260226003585323,10.329200172424317,-6.120154922239243,12.071354835264144,-4.378000259399416,0.4772727272727273,0.9111111111111111,0.9090909090909091,0.6851851851851852,0.0,0.6226683501683502,high
2019-02-01,Paradip,Coal,11.408642836979457,63.956785714285715,28317.249057340603,35744.34088632221,2.392857142857143,True,0.0,0.0,16.44935509466356,18.187387097266413,17.175799973805745,17.270847388578574,59.1741935483871,0.0,0.0,2,1,10.189129091078236,-6.260226003585323,10.189129091078236,-6.260226003585323,10.329200172424317,-6.120154922239243,12.071354835264144,-4.378000259399416,0.4772727272727273,0.9111111111111111,0.9090909090909091,0.6851851851851852,0.0,0.6226683501683502,high
2019-02-01,Paradip,Iron Ore,11.408642836979457,63.956785714285715,28317.249057340603,35744.34088632221,2.392857142857143,True,0.0,0.0,16.44935509466356,18.187387097266413,17.175799973805745,17.270847388578574,59.1741935483871,0.0,0.0,2,1,10.189129091078236,-6.260226003585323,10.189129091078236,-6.260226003585323,10.329200172424317,-6.120154922239243,12.071354835264144,-4.378000259399416,0.4772727272727273,0.9111111111111111,0.9090909090909091,0.6851851851851852,0.0,0.6226683501683502,high
2019-02-01,Sagar Sandheads,Bulk Minerals & Ores,11.408642836979457,63.956785714285715,0.0,0.0,0.0,False,20048.78999999999,1.0,16.44935509466356,18.187387097266413,17.175799973805745,17.270847388578574,59.1741935483871,21814.150000000012,0.0,2,1,10.189129091078236,-6.260226003585323,10.189129091078236,-6.260226003585323,10.329200172424317,-6.120154922239243,12.071354835264144,-4.378000259399416,0.4772727272727273,0.9111111111111111,0.9090909090909091,0.5,1.0,0.6856313131313131,high
2019-02-01,Sagar Sandheads,Coal,11.408642836979457,63.956785714285715,0.0,0.0,0.0,False,0.0,0.0,16.44935509466356,18.187387097266413,17.175799973805745,17.270847388578574,59.1741935483871,0.0,0.0,2,1,10.189129091078236,-6.260226003585323,10.189129091078236,-6.260226003585323,10.329200172424317,-6.120154922239243,12.071354835264144,-4.378000259399416,0.4772727272727273,0.9111111111111111,0.9090909090909091,0.5,1.0,0.6856313131313131,high
2019-02-01,Sagar Sandheads,Iron Ore,11.408642836979457,63.956785714285715,0.0,0.0,0.0,False,0.0,0.0,16.44935509466356,18.187387097266413,17.175799973805745,17.270847388578574,59.1741935483871,0.0,0.0,2,1,10.189129091078236,-6.260226003585323,10.189129091078236,-6.260226003585323,10.329200172424317,-6.120154922239243,12.071354835264144,-4.378000259399416,0.4772727272727273,0.9111111111111111,0.9090909090909091,0.5,1.0,0.6856313131313131,high
2019-02-01,Tuticorin,Bulk Minerals & Ores,11.408642836979457,63.956785714285715,25613.24609498229,0.0,0.8571428571428571,True,20048.78999999999,1.0,16.44935509466356,18.187387097266413,17.175799973805745,17.270847388578574,59.1741935483871,21814.150000000012,0.0,2,1,10.189129091078236,-6.260226003585323,10.189129091078236,-6.260226003585323,10.329200172424317,-6.120154922239243,12.071354835264144,-4.378000259399416,0.4772727272727273,0.9111111111111111,0.9090909090909091,0.3148148148148148,0.0,0.5485942760942761,medium
2019-02-01,Tuticorin,Coal,11.408642836979457,63.956785714285715,25613.24609498229,0.0,0.8571428571428571,True,0.0,0.0,16.44935509466356,18.187387097266413,17.175799973805745,17.270847388578574,59.1741935483871,0.0,0.0,2,1,10.189129091078236,-6.260226003585323,10.189129091078236,-6.260226003585323,10.329200172424317,-6.120154922239243,12.071354835264144,-4.378000259399416,0.4772727272727273,0.9111111111111111,0.9090909090909091,0.3148148148148148,0.0,0.5485942760942761,medium
2019-02-01,Tuticorin,Iron Ore,11.408642836979457,63.956785714285715,25613.24609498229,0.0,0.8571428571428571,True,0.0,0.0,16.44935509466356,18.187387097266413,17.175799973805745,17.270847388578574,59.1741935483871,0.0,0.0,2,1,10.189129091078236,-6.260226003585323,10.189129091078236,-6.260226003585323,10.329200172424317,-6.120154922239243,12.071354835264144,-4.378000259399416,0.4772727272727273,0.9111111111111111,0.9090909090909091,0.3148148148148148,0.0,0.5485942760942761,medium
2019-02-01,Visakhapatnam,Bulk Minerals & Ores,11.408642836979457,63.956785714285715,50428.316236349354,19414.857806006134,2.392857142857143,True,20048.78999999999,1.0,16.44935509466356,18.187387097266413,17.175799973805745,17.270847388578574,59.1741935483871,21814.150000000012,0.0,2,1,10.189129091078236,-6.260226003585323,10.189129091078236,-6.260226003585323,10.329200172424317,-6.120154922239243,12.071354835264144,-4.378000259399416,0.4772727272727273,0.9111111111111111,0.9090909090909091,0.6851851851851852,0.0,0.6226683501683502,high
2019-02-01,Visakhapatnam,Coal,11.408642836979457,63.956785714285715,50428.316236349354,19414.857806006134,2.392857142857143,True,0.0,0.0,16.44935509466356,18.187387097266413,17.175799973805745,17.270847388578574,59.1741935483871,0.0,0.0,2,1,10.189129091078236,-6.260226003585323,10.189129091078236,-6.260226003585323,10.329200172424317,-6.120154922239243,12.071354835264144,-4.378000259399416,0.4772727272727273,0.9111111111111111,0.9090909090909091,0.6851851851851852,0.0,0.6226683501683502,high
2019-02-01,Visakhapatnam,Iron Ore,11.408642836979457,63.956785714285715,50428.316236349354,19414.857806006134,2.392857142857143,True,0.0,0.0,16.44935509466356,18.187387097266413,17.175799973805745,17.270847388578574,59.1741935483871,0.0,0.0,2,1,10.189129091078236,-6.260226003585323,10.189129091078236,-6.260226003585323,10.329200172424317,-6.120154922239243,12.071354835264144,-4.378000259399416,0.4772727272727273,0.9111111111111111,0.9090909090909091,0.6851851851851852,0.0,0.6226683501683502,high
2019-03-01,Chennai,Bulk Minerals & Ores,10.189129091078236,66.07451612903226,0.0,0.0,0.2903225806451613,True,43412.77,1.0,11.408642836979457,16.44935509466356,18.187387097266413,15.34846167630314,63.956785714285715,20048.78999999999,0.7970594846274497,3,1,10.329200172424317,-1.07944266455514,10.329200172424317,-1.07944266455514,12.071354835264144,0.6627119982846867,12.515166600545248,1.1065237635657912,0.7954545454545454,0.5111111111111111,0.7272727272727273,0.05092592592592592,0.0,0.49990740740740736,medium
2019-03-01,Chennai,Coal,10.189129091078236,66.07451612903226,0.0,0.0,0.2903225806451613,True,0.0,0.0,11.408642836979457,16.44935509466356,18.187387097266413,15.34846167630314,63.956785714285715,0.0,0.0,3,1,10.329200172424317,-1.07944266455514,10.329200172424317,-1.07944266455514,12.071354835264144,0.6627119982846867,12.515166600545248,1.1065237635657912,0.7954545454545454,0.5111111111111111,0.7272727272727273,0.05092592592592592,0.0,0.49990740740740736,medium
2019-03-01,Chennai,Iron Ore,10.189129091078236,66.07451612903226,0.0,0.0,0.2903225806451613,True,0.0,0.0,11.408642836979457,16.44935509466356,18.187387097266413,15.34846167630314,63.956785714285715,0.0,0.0,3,1,10.329200172424317,-1.07944266455514,10.329200172424317,-1.07944266455514,12.071354835264144,0.6627119982846867,12.515166600545248,1.1065237635657912,0.7954545454545454,0.5111111111111111,0.7272727272727273,0.05092592592592592,0.0,0.49990740740740736,medium
2019-03-01,Dhamra,Bulk Minerals & Ores,10.189129091078236,66.07451612903226,0.0,0.0,0.0,False,43412.77,1.0,11.408642836979457,16.44935509466356,18.187387097266413,15.34846167630314,63.956785714285715,20048.78999999999,0.7970594846274497,3,1,10.329200172424317,-1.07944266455514,10.329200172424317,-1.07944266455514,12.071354835264144,0.6627119982846867,12.515166600545248,1.1065237635657912,0.7954545454545454,0.5111111111111111,0.7272727272727273,0.5,1.0,0.6897222222222221,high
2019-03-01,Dhamra,Coal,10.189129091078236,66.07451612903226,0.0,0.0,0.0,False,0.0,0.0,11.408642836979457,16.44935509466356,18.187387097266413,15.34846167630314,63.956785714285715,0.0,0.0,3,1,10.329200172424317,-1.07944266455514,10.329200172424317,-1.07944266455514,12.071354835264144,0.6627119982846867,12.515166600545248,1.1065237635657912,0.7954545454545454,0.5111111111111111,0.7272727272727273,0.5,1.0,0.6897222222222221,high
2019-03-01,Dhamra,Iron Ore,10.189129091078236,66.07451612903226,0.0,0.0,0.0,False,0.0,0.0,11.408642836979457,16.44935509466356,18.187387097266413,15.34846167630314,63.956785714285715,0.0,0.0,3,1,10.329200172424317,-1.07944266455514,10.329200172424317,-1.07944266455514,12.071354835264144,0.6627119982846867,12.515166600545248,1.1065237635657912,0.7954545454545454,0.5111111111111111,0.7272727272727273,0.5,1.0,0.6897222222222221,high
2019-03-01,Gangavaram,Bulk Minerals & Ores,10.189129091078236,66.07451612903226,0.0,0.0,0.0,False,43412.77,1.0,11.408642836979457,16.44935509466356,18.187387097266413,15.34846167630314,63.956785714285715,20048.78999999999,0.7970594846274497,3,1,10.329200172424317,-1.07944266455514,10.329200172424317,-1.07944266455514,12.071354835264144,0.6627119982846867,12.515166600545248,1.1065237635657912,0.7954545454545454,0.5111111111111111,0.7272727272727273,0.5,1.0,0.6897222222222221,high
2019-03-01,Gangavaram,Coal,10.189129091078236,66.07451612903226,0.0,0.0,0.0,False,0.0,0.0,11.408642836979457,16.44935509466356,18.187387097266413,15.34846167630314,63.956785714285715,0.0,0.0,3,1,10.329200172424317,-1.07944266455514,10.329200172424317,-1.07944266455514,12.071354835264144,0.6627119982846867,12.515166600545248,1.1065237635657912,0.7954545454545454,0.5111111111111111,0.7272727272727273,0.5,1.0,0.6897222222222221,high
2019-03-01,Gangavaram,Iron Ore,10.189129091078236,66.07451612903226,0.0,0.0,0.0,False,0.0,0.0,11.408642836979457,16.44935509466356,18.187387097266413,15.34846167630314,63.956785714285715,0.0,0.0,3,1,10.329200172424317,-1.07944266455514,10.329200172424317,-1.07944266455514,12.071354835264144,0.6627119982846867,12.515166600545248,1.1065237635657912,0.7954545454545454,0.5111111111111111,0.7272727272727273,0.5,1.0,0.6897222222222221,high
2019-03-01,Gopalpur,Bulk Minerals & Ores,10.189129091078236,66.07451612903226,0.0,0.0,0.0,False,43412.77,1.0,11.408642836979457,16.44935509466356,18.187387097266413,15.34846167630314,63.956785714285715,20048.78999999999,0.7970594846274497,3,1,10.329200172424317,-1.07944266455514,10.329200172424317,-1.07944266455514,12.071354835264144,0.6627119982846867,12.515166600545248,1.1065237635657912,0.7954545454545454,0.5111111111111111,0.7272727272727273,0.5,1.0,0.6897222222222221,high
2019-03-01,Gopalpur,Coal,10.189129091078236,66.07451612903226,0.0,0.0,0.0,False,0.0,0.0,11.408642836979457,16.44935509466356,18.187387097266413,15.34846167630314,63.956785714285715,0.0,0.0,3,1,10.329200172424317,-1.07944266455514,10.329200172424317,-1.07944266455514,12.071354835264144,0.6627119982846867,12.515166600545248,1.1065237635657912,0.7954545454545454,0.5111111111111111,0.7272727272727273,0.5,1.0,0.6897222222222221,high
2019-03-01,Gopalpur,Iron Ore,10.189129091078236,66.07451612903226,0.0,0.0,0.0,False,0.0,0.0,11.408642836979457,16.44935509466356,18.187387097266413,15.34846167630314,63.956785714285715,0.0,0.0,3,1,10.329200172424317,-1.07944266455514,10.329200172424317,-1.07944266455514,12.071354835264144,0.6627119982846867,12.515166600545248,1.1065237635657912,0.7954545454545454,0.5111111111111111,0.7272727272727273,0.5,1.0,0.6897222222222221,high
2019-03-01,Haldia,Bulk Minerals & Ores,10.189129091078236,66.07451612903226,27969.529725552668,2426.0139898449493,2.225806451612903,True,43412.77,1.0,11.408642836979457,16.44935509466356,18.187387097266413,15.34846167630314,63.956785714285715,20048.78999999999,0.7970594846274497,3,1,10.329200172424317,-1.07944266455514,10.329200172424317,-1.07944266455514,12.071354835264144,0.6627119982846867,12.515166600545248,1.1065237635657912,0.7954545454545454,0.5111111111111111,0.7272727272727273,0.625,0.0,0.6147222222222222,high
2019-03-01,Haldia,Coal,10.189129091078236,66.07451612903226,27969.529725552668,2426.0139898449493,2.225806451612903,True,0.0,0.0,11.408642836979457,16.44935509466356,18.187387097266413,15.34846167630314,63.956785714285715,0.0,0.0,3,1,10.329200172424317,-1.07944266455514,10.329200172424317,-1.07944266455514,12.071354835264144,0.6627119982846867,12.515166600545248,1.1065237635657912,0.7954545454545454,0.5111111111111111,0.7272727272727273,0.625,0.0,0.6147222222222222,high
2019-03-01,Haldia,Iron Ore,10.189129091078236,66.07451612903226,27969.529725552668,2426.0139898449493,2.225806451612903,True,0.0,0.0,11.408642836979457,16.44935509466356,18.187387097266413,15.34846167630314,63.956785714285715,0.0,0.0,3,1,10.329200172424317,-1.07944266455514,10.329200172424317,-1.07944266455514,12.071354835264144,0.6627119982846867,12.515166600545248,1.1065237635657912,0.7954545454545454,0.5111111111111111,0.7272727272727273,0.625,0.0,0.6147222222222222,high
2019-03-01,Kamarajar,Bulk Minerals & Ores,10.189129091078236,66.07451612903226,35580.56544459729,0.0,1.064516129032258,True,43412.77,1.0,11.408642836979457,16.44935509466356,18.187387097266413,15.34846167630314,63.956785714285715,20048.78999999999,0.7970594846274497,3,1,10.329200172424317,-1.07944266455514,10.329200172424317,-1.07944266455514,12.071354835264144,0.6627119982846867,12.515166600545248,1.1065237635657912,0.7954545454545454,0.5111111111111111,0.7272727272727273,0.4583333333333333,0.0,0.5813888888888888,medium
2019-03-01,Kamarajar,Coal,10.189129091078236,66.07451612903226,35580.56544459729,0.0,1.064516129032258,True,0.0,0.0,11.408642836979457,16.44935509466356,18.187387097266413,15.34846167630314,63.956785714285715,0.0,0.0,3,1,10.329200172424317,-1.07944266455514,10.329200172424317,-1.07944266455514,12.071354835264144,0.6627119982846867,12.515166600545248,1.1065237635657912,0.7954545454545454,0.5111111111111111,0.7272727272727273,0.4583333333333333,0.0,0.5813888888888888,medium
2019-03-01,Kamarajar,Iron Ore,10.189129091078236,66.07451612903226,35580.56544459729,0.0,1.064516129032258,True,0.0,0.0,11.408642836979457,16.44935509466356,18.187387097266413,15.34846167630314,63.956785714285715,0.0,0.0,3,1,10.329200172424317,-1.07944266455514,10.329200172424317,-1.07944266455514,12.071354835264144,0.6627119982846867,12.515166600545248,1.1065237635657912,0.7954545454545454,0.5111111111111111,0.7272727272727273,0.4583333333333333,0.0,0.5813888888888888,medium
2019-03-01,Paradip,Bulk Minerals & Ores,10.189129091078236,66.07451612903226,33098.11295923745,40009.48181182759,2.5161290322580645,True,43412.77,1.0,11.408642836979457,16.44935509466356,18.187387097266413,15.34846167630314,63.956785714285715,20048.78999999999,0.7970594846274497,3,1,10.329200172424317,-1.07944266455514,10.329200172424317,-1.07944266455514,12.071354835264144,0.6627119982846867,12.515166600545248,1.1065237635657912,0.7954545454545454,0.5111111111111111,0.7272727272727273,0.7268518518518519,0.0,0.6350925925925925,high
2019-03-01,Paradip,Coal,10.189129091078236,66.07451612903226,33098.11295923745,40009.48181182759,2.5161290322580645,True,0.0,0.0,11.408642836979457,16.44935509466356,18.187387097266413,15.34846167630314,63.956785714285715,0.0,0.0,3,1,10.329200172424317,-1.07944266455514,10.329200172424317,-1.07944266455514,12.071354835264144,0.6627119982846867,12.515166600545248,1.1065237635657912,0.7954545454545454,0.5111111111111111,0.7272727272727273,0.7268518518518519,0.0,0.6350925925925925,high
2019-03-01,Paradip,Iron Ore,10.189129091078236,66.07451612903226,33098.11295923745,40009.48181182759,2.5161290322580645,True,0.0,0.0,11.408642836979457,16.44935509466356,18.187387097266413,15.34846167630314,63.956785714285715,0.0,0.0,3,1,10.329200172424317,-1.07944266455514,10.329200172424317,-1.07944266455514,12.071354835264144,0.6627119982846867,12.515166600545248,1.1065237635657912,0.7954545454545454,0.5111111111111111,0.7272727272727273,0.7268518518518519,0.0,0.6350925925925925,high
2019-03-01,Sagar Sandheads,Bulk Minerals & Ores,10.189129091078236,66.07451612903226,0.0,0.0,0.0,False,43412.77,1.0,11.408642836979457,16.44935509466356,18.187387097266413,15.34846167630314,63.956785714285715,20048.78999999999,0.7970594846274497,3,1,10.329200172424317,-1.07944266455514,10.329200172424317,-1.07944266455514,12.071354835264144,0.6627119982846867,12.515166600545248,1.1065237635657912,0.7954545454545454,0.5111111111111111,0.7272727272727273,0.5,1.0,0.6897222222222221,high
2019-03-01,Sagar Sandheads,Coal,10.189129091078236,66.07451612903226,0.0,0.0,0.0,False,0.0,0.0,11.408642836979457,16.44935509466356,18.187387097266413,15.34846167630314,63.956785714285715,0.0,0.0,3,1,10.329200172424317,-1.07944266455514,10.329200172424317,-1.07944266455514,12.071354835264144,0.6627119982846867,12.515166600545248,1.1065237635657912,0.7954545454545454,0.5111111111111111,0.7272727272727273,0.5,1.0,0.6897222222222221,high
2019-03-01,Sagar Sandheads,Iron Ore,10.189129091078236,66.07451612903226,0.0,0.0,0.0,False,0.0,0.0,11.408642836979457,16.44935509466356,18.187387097266413,15.34846167630314,63.956785714285715,0.0,0.0,3,1,10.329200172424317,-1.07944266455514,10.329200172424317,-1.07944266455514,12.071354835264144,0.6627119982846867,12.515166600545248,1.1065237635657912,0.7954545454545454,0.5111111111111111,0.7272727272727273,0.5,1.0,0.6897222222222221,high
2019-03-01,Tuticorin,Bulk Minerals & Ores,10.189129091078236,66.07451612903226,24202.76031762196,0.0,0.967741935483871,True,43412.77,1.0,11.408642836979457,16.44935509466356,18.187387097266413,15.34846167630314,63.956785714285715,20048.78999999999,0.7970594846274497,3,1,10.329200172424317,-1.07944266455514,10.329200172424317,-1.07944266455514,12.071354835264144,0.6627119982846867,12.515166600545248,1.1065237635657912,0.7954545454545454,0.5111111111111111,0.7272727272727273,0.41203703703703703,0.0,0.5721296296296295,medium
2019-03-01,Tuticorin,Coal,10.189129091078236,66.07451612903226,24202.76031762196,0.0,0.967741935483871,True,0.0,0.0,11.408642836979457,16.44935509466356,18.187387097266413,15.34846167630314,63.956785714285715,0.0,0.0,3,1,10.329200172424317,-1.07944266455514,10.329200172424317,-1.07944266455514,12.071354835264144,0.6627119982846867,12.515166600545248,1.1065237635657912,0.7954545454545454,0.5111111111111111,0.7272727272727273,0.41203703703703703,0.0,0.5721296296296295,medium
2019-03-01,Tuticorin,Iron Ore,10.189129091078236,66.07451612903226,24202.76031762196,0.0,0.967741935483871,True,0.0,0.0,11.408642836979457,16.44935509466356,18.187387097266413,15.34846167630314,63.956785714285715,0.0,0.0,3,1,10.329200172424317,-1.07944266455514,10.329200172424317,-1.07944266455514,12.071354835264144,0.6627119982846867,12.515166600545248,1.1065237635657912,0.7954545454545454,0.5111111111111111,0.7272727272727273,0.41203703703703703,0.0,0.5721296296296295,medium
2019-03-01,Visakhapatnam,Bulk Minerals & Ores,10.189129091078236,66.07451612903226,70330.66004471165,28340.22882415695,3.3548387096774195,True,43412.77,1.0,11.408642836979457,16.44935509466356,18.187387097266413,15.34846167630314,63.956785714285715,20048.78999999999,0.7970594846274497,3,1,10.329200172424317,-1.07944266455514,10.329200172424317,-1.07944266455514,12.071354835264144,0.6627119982846867,12.515166600545248,1.1065237635657912,0.7954545454545454,0.5111111111111111,0.7272727272727273,0.9166666666666666,0.0,0.6730555555555555,high
2019-03-01,Visakhapatnam,Coal,10.189129091078236,66.07451612903226,70330.66004471165,28340.22882415695,3.3548387096774195,True,0.0,0.0,11.408642836979457,16.44935509466356,18.187387097266413,15.34846167630314,63.956785714285715,0.0,0.0,3,1,10.329200172424317,-1.07944266455514,10.329200172424317,-1.07944266455514,12.071354835264144,0.6627119982846867,12.515166600545248,1.1065237635657912,0.7954545454545454,0.5111111111111111,0.7272727272727273,0.9166666666666666,0.0,0.6730555555555555,high
2019-03-01,Visakhapatnam,Iron Ore,10.189129091078236,66.07451612903226,70330.66004471165,28340.22882415695,3.3548387096774195,True,0.0,0.0,11.408642836979457,16.44935509466356,18.187387097266413,15.34846167630314,63.956785714285715,0.0,0.0,3,1,10.329200172424317,-1.07944266455514,10.329200172424317,-1.07944266455514,12.071354835264144,0.6627119982846867,12.515166600545248,1.1065237635657912,0.7954545454545454,0.5111111111111111,0.7272727272727273,0.9166666666666666,0.0,0.6730555555555555,high
2019-04-01,Chennai,Bulk Minerals & Ores,10.329200172424317,71.10300000000001,0.0,0.0,0.23333333333333334,True,21860.97,1.0,10.189129091078236,11.408642836979457,16.44935509466356,12.682375674240419,66.07451612903226,43412.77,-0.046261673068994535,4,2,12.071354835264144,1.8822257441859076,12.071354835264144,1.8822257441859076,12.515166600545248,2.326037509467012,16.211483893855924,6.022354802777688,0.6136363636363636,0.08888888888888889,0.11363636363636363,0.009259259259259259,0.0,0.2514478114478114,low
2019-04-01,Chennai,Coal,10.329200172424317,71.10300000000001,0.0,0.0,0.23333333333333334,True,0.0,0.0,10.189129091078236,11.408642836979457,16.44935509466356,12.682375674240419,66.07451612903226,0.0,0.0,4,2,12.071354835264144,1.8822257441859076,12.071354835264144,1.8822257441859076,12.515166600545248,2.326037509467012,16.211483893855924,6.022354802777688,0.6136363636363636,0.08888888888888889,0.11363636363636363,0.009259259259259259,0.0,0.2514478114478114,low
2019-04-01,Chennai,Iron Ore,10.329200172424317,71.10300000000001,0.0,0.0,0.23333333333333334,True,0.0,0.0,10.189129091078236,11.408642836979457,16.44935509466356,12.682375674240419,66.07451612903226,0.0,0.0,4,2,12.071354835264144,1.8822257441859076,12.071354835264144,1.8822257441859076,12.515166600545248,2.326037509467012,16.211483893855924,6.022354802777688,0.6136363636363636,0.08888888888888889,0.11363636363636363,0.009259259259259259,0.0,0.2514478114478114,low
2019-04-01,Dhamra,Bulk Minerals & Ores,10.329200172424317,71.10300000000001,0.0,0.0,0.0,False,21860.97,1.0,10.189129091078236,11.408642836979457,16.44935509466356,12.682375674240419,66.07451612903226,43412.77,-0.046261673068994535,4,2,12.071354835264144,1.8822257441859076,12.071354835264144,1.8822257441859076,12.515166600545248,2.326037509467012,16.211483893855924,6.022354802777688,0.6136363636363636,0.08888888888888889,0.11363636363636363,0.5,1.0,0.44959595959595955,medium
2019-04-01,Dhamra,Coal,10.329200172424317,71.10300000000001,0.0,0.0,0.0,False,0.0,0.0,10.189129091078236,11.408642836979457,16.44935509466356,12.682375674240419,66.07451612903226,0.0,0.0,4,2,12.071354835264144,1.8822257441859076,12.071354835264144,1.8822257441859076,12.515166600545248,2.326037509467012,16.211483893855924,6.022354802777688,0.6136363636363636,0.08888888888888889,0.11363636363636363,0.5,1.0,0.44959595959595955,medium
2019-04-01,Dhamra,Iron Ore,10.329200172424317,71.10300000000001,0.0,0.0,0.0,False,0.0,0.0,10.189129091078236,11.408642836979457,16.44935509466356,12.682375674240419,66.07451612903226,0.0,0.0,4,2,12.071354835264144,1.8822257441859076,12.071354835264144,1.8822257441859076,12.515166600545248,2.326037509467012,16.211483893855924,6.022354802777688,0.6136363636363636,0.08888888888888889,0.11363636363636363,0.5,1.0,0.44959595959595955,medium
2019-04-01,Gangavaram,Bulk Minerals & Ores,10.329200172424317,71.10300000000001,0.0,0.0,0.0,False,21860.97,1.0,10.189129091078236,11.408642836979457,16.44935509466356,12.682375674240419,66.07451612903226,43412.77,-0.046261673068994535,4,2,12.071354835264144,1.8822257441859076,12.071354835264144,1.8822257441859076,12.515166600545248,2.326037509467012,16.211483893855924,6.022354802777688,0.6136363636363636,0.08888888888888889,0.11363636363636363,0.5,1.0,0.44959595959595955,medium
2019-04-01,Gangavaram,Coal,10.329200172424317,71.10300000000001,0.0,0.0,0.0,False,0.0,0.0,10.189129091078236,11.408642836979457,16.44935509466356,12.682375674240419,66.07451612903226,0.0,0.0,4,2,12.071354835264144,1.8822257441859076,12.071354835264144,1.8822257441859076,12.515166600545248,2.326037509467012,16.211483893855924,6.022354802777688,0.6136363636363636,0.08888888888888889,0.11363636363636363,0.5,1.0,0.44959595959595955,medium
2019-04-01,Gangavaram,Iron Ore,10.329200172424317,71.10300000000001,0.0,0.0,0.0,False,0.0,0.0,10.189129091078236,11.408642836979457,16.44935509466356,12.682375674240419,66.07451612903226,0.0,0.0,4,2,12.071354835264144,1.8822257441859076,12.071354835264144,1.8822257441859076,12.515166600545248,2.326037509467012,16.211483893855924,6.022354802777688,0.6136363636363636,0.08888888888888889,0.11363636363636363,0.5,1.0,0.44959595959595955,medium
2019-04-01,Gopalpur,Bulk Minerals & Ores,10.329200172424317,71.10300000000001,0.0,0.0,0.0,False,21860.97,1.0,10.189129091078236,11.408642836979457,16.44935509466356,12.682375674240419,66.07451612903226,43412.77,-0.046261673068994535,4,2,12.071354835264144,1.8822257441859076,12.071354835264144,1.8822257441859076,12.515166600545248,2.326037509467012,16.211483893855924,6.022354802777688,0.6136363636363636,0.08888888888888889,0.11363636363636363,0.5,1.0,0.44959595959595955,medium
2019-04-01,Gopalpur,Coal,10.329200172424317,71.10300000000001,0.0,0.0,0.0,False,0.0,0.0,10.189129091078236,11.408642836979457,16.44935509466356,12.682375674240419,66.07451612903226,0.0,0.0,4,2,12.071354835264144,1.8822257441859076,12.071354835264144,1.8822257441859076,12.515166600545248,2.326037509467012,16.211483893855924,6.022354802777688,0.6136363636363636,0.08888888888888889,0.11363636363636363,0.5,1.0,0.44959595959595955,medium
2019-04-01,Gopalpur,Iron Ore,10.329200172424317,71.10300000000001,0.0,0.0,0.0,False,0.0,0.0,10.189129091078236,11.408642836979457,16.44935509466356,12.682375674240419,66.07451612903226,0.0,0.0,4,2,12.071354835264144,1.8822257441859076,12.071354835264144,1.8822257441859076,12.515166600545248,2.326037509467012,16.211483893855924,6.022354802777688,0.6136363636363636,0.08888888888888889,0.11363636363636363,0.5,1.0,0.44959595959595955,medium
2019-04-01,Haldia,Bulk Minerals & Ores,10.329200172424317,71.10300000000001,25498.110208526075,3494.910656903101,2.3333333333333335,True,21860.97,1.0,10.189129091078236,11.408642836979457,16.44935509466356,12.682375674240419,66.07451612903226,43412.77,-0.046261673068994535,4,2,12.071354835264144,1.8822257441859076,12.071354835264144,1.8822257441859076,12.515166600545248,2.326037509467012,16.211483893855924,6.022354802777688,0.6136363636363636,0.08888888888888889,0.11363636363636363,0.6620370370370371,0.0,0.382003367003367,low
2019-04-01,Haldia,Coal,10.329200172424317,71.10300000000001,25498.110208526075,3494.910656903101,2.3333333333333335,True,0.0,0.0,10.189129091078236,11.408642836979457,16.44935509466356,12.682375674240419,66.07451612903226,0.0,0.0,4,2,12.071354835264144,1.8822257441859076,12.071354835264144,1.8822257441859076,12.515166600545248,2.326037509467012,16.211483893855924,6.022354802777688,0.6136363636363636,0.08888888888888889,0.11363636363636363,0.6620370370370371,0.0,0.382003367003367,low
2019-04-01,Haldia,Iron Ore,10.329200172424317,71.10300000000001,25498.110208526075,3494.910656903101,2.3333333333333335,True,0.0,0.0,10.189129091078236,11.408642836979457,16.44935509466356,12.682375674240419,66.07451612903226,0.0,0.0,4,2,12.071354835264144,1.8822257441859076,12.071354835264144,1.8822257441859076,12.515166600545248,2.326037509467012,16.211483893855924,6.022354802777688,0.6136363636363636,0.08888888888888889,0.11363636363636363,0.6620370370370371,0.0,0.382003367003367,low
2019-04-01,Kamarajar,Bulk Minerals & Ores,10.329200172424317,71.10300000000001,43283.36040098962,0.0,1.0666666666666667,True,21860.97,1.0,10.189129091078236,11.408642836979457,16.44935509466356,12.682375674240419,66.07451612903226,43412.77,-0.046261673068994535,4,2,12.071354835264144,1.8822257441859076,12.071354835264144,1.8822257441859076,12.515166600545248,2.326037509467012,16.211483893855924,6.022354802777688,0.6136363636363636,0.08888888888888889,0.11363636363636363,0.4722222222222222,0.0,0.34404040404040404,low
2019-04-01,Kamarajar,Coal,10.329200172424317,71.10300000000001,43283.36040098962,0.0,1.0666666666666667,True,0.0,0.0,10.189129091078236,11.408642836979457,16.44935509466356,12.682375674240419,66.07451612903226,0.0,0.0,4,2,12.071354835264144,1.8822257441859076,12.071354835264144,1.8822257441859076,12.515166600545248,2.326037509467012,16.211483893855924,6.022354802777688,0.6136363636363636,0.08888888888888889,0.11363636363636363,0.4722222222222222,0.0,0.34404040404040404,low
2019-04-01,Kamarajar,Iron Ore,10.329200172424317,71.10300000000001,43283.36040098962,0.0,1.0666666666666667,True,0.0,0.0,10.189129091078236,11.408642836979457,16.44935509466356,12.682375674240419,66.07451612903226,0.0,0.0,4,2,12.071354835264144,1.8822257441859076,12.071354835264144,1.8822257441859076,12.515166600545248,2.326037509467012,16.211483893855924,6.022354802777688,0.6136363636363636,0.08888888888888889,0.11363636363636363,0.4722222222222222,0.0,0.34404040404040404,low
2019-04-01,Paradip,Bulk Minerals & Ores,10.329200172424317,71.10300000000001,30371.676830030432,36201.89663335424,2.1333333333333333,True,21860.97,1.0,10.189129091078236,11.408642836979457,16.44935509466356,12.682375674240419,66.07451612903226,43412.77,-0.046261673068994535,4,2,12.071354835264144,1.8822257441859076,12.071354835264144,1.8822257441859076,12.515166600545248,2.326037509467012,16.211483893855924,6.022354802777688,0.6136363636363636,0.08888888888888889,0.11363636363636363,0.6111111111111112,0.0,0.3718181818181818,low
2019-04-01,Paradip,Coal,10.329200172424317,71.10300000000001,30371.676830030432,36201.89663335424,2.1333333333333333,True,0.0,0.0,10.189129091078236,11.408642836979457,16.44935509466356,12.682375674240419,66.07451612903226,0.0,0.0,4,2,12.071354835264144,1.8822257441859076,12.071354835264144,1.8822257441859076,12.515166600545248,2.326037509467012,16.211483893855924,6.022354802777688,0.6136363636363636,0.08888888888888889,0.11363636363636363,0.6111111111111112,0.0,0.3718181818181818,low
2019-04-01,Paradip,Iron Ore,10.329200172424317,71.10300000000001,30371.676830030432,36201.89663335424,2.1333333333333333,True,0.0,0.0,10.189129091078236,11.408642836979457,16.44935509466356,12.682375674240419,66.07451612903226,0.0,0.0,4,2,12.071354835264144,1.8822257441859076,12.071354835264144,1.8822257441859076,12.515166600545248,2.326037509467012,16.211483893855924,6.022354802777688,0.6136363636363636,0.08888888888888889,0.11363636363636363,0.6111111111111112,0.0,0.3718181818181818,low
2019-04-01,Sagar Sandheads,Bulk Minerals & Ores,10.329200172424317,71.10300000000001,0.0,0.0,0.0,False,21860.97,1.0,10.189129091078236,11.408642836979457,16.44935509466356,12.682375674240419,66.07451612903226,43412.77,-0.046261673068994535,4,2,12.071354835264144,1.8822257441859076,12.071354835264144,1.8822257441859076,12.515166600545248,2.326037509467012,16.211483893855924,6.022354802777688,0.6136363636363636,0.08888888888888889,0.11363636363636363,0.5,1.0,0.44959595959595955,medium
2019-04-01,Sagar Sandheads,Coal,10.329200172424317,71.10300000000001,0.0,0.0,0.0,False,0.0,0.0,10.189129091078236,11.408642836979457,16.44935509466356,12.682375674240419,66.07451612903226,0.0,0.0,4,2,12.071354835264144,1.8822257441859076,12.071354835264144,1.8822257441859076,12.515166600545248,2.326037509467012,16.211483893855924,6.022354802777688,0.6136363636363636,0.08888888888888889,0.11363636363636363,0.5,1.0,0.44959595959595955,medium
2019-04-01,Sagar Sandheads,Iron Ore,10.329200172424317,71.10300000000001,0.0,0.0,0.0,False,0.0,0.0,10.189129091078236,11.408642836979457,16.44935509466356,12.682375674240419,66.07451612903226,0.0,0.0,4,2,12.071354835264144,1.8822257441859076,12.071354835264144,1.8822257441859076,12.515166600545248,2.326037509467012,16.211483893855924,6.022354802777688,0.6136363636363636,0.08888888888888889,0.11363636363636363,0.5,1.0,0.44959595959595955,medium
2019-04-01,Tuticorin,Bulk Minerals & Ores,10.329200172424317,71.10300000000001,29014.10199702824,0.0,1.0666666666666667,True,21860.97,1.0,10.189129091078236,11.408642836979457,16.44935509466356,12.682375674240419,66.07451612903226,43412.77,-0.046261673068994535,4,2,12.071354835264144,1.8822257441859076,12.071354835264144,1.8822257441859076,12.515166600545248,2.326037509467012,16.211483893855924,6.022354802777688,0.6136363636363636,0.08888888888888889,0.11363636363636363,0.4722222222222222,0.0,0.34404040404040404,low
2019-04-01,Tuticorin,Coal,10.329200172424317,71.10300000000001,29014.10199702824,0.0,1.0666666666666667,True,0.0,0.0,10.189129091078236,11.408642836979457,16.44935509466356,12.682375674240419,66.07451612903226,0.0,0.0,4,2,12.071354835264144,1.8822257441859076,12.071354835264144,1.8822257441859076,12.515166600545248,2.326037509467012,16.211483893855924,6.022354802777688,0.6136363636363636,0.08888888888888889,0.11363636363636363,0.4722222222222222,0.0,0.34404040404040404,low
2019-04-01,Tuticorin,Iron Ore,10.329200172424317,71.10300000000001,29014.10199702824,0.0,1.0666666666666667,True,0.0,0.0,10.189129091078236,11.408642836979457,16.44935509466356,12.682375674240419,66.07451612903226,0.0,0.0,4,2,12.071354835264144,1.8822257441859076,12.071354835264144,1.8822257441859076,12.515166600545248,2.326037509467012,16.211483893855924,6.022354802777688,0.6136363636363636,0.08888888888888889,0.11363636363636363,0.4722222222222222,0.0,0.34404040404040404,low
2019-04-01,Visakhapatnam,Bulk Minerals & Ores,10.329200172424317,71.10300000000001,76253.96487946181,34392.84546323288,3.2666666666666666,True,21860.97,1.0,10.189129091078236,11.408642836979457,16.44935509466356,12.682375674240419,66.07451612903226,43412.77,-0.046261673068994535,4,2,12.071354835264144,1.8822257441859076,12.071354835264144,1.8822257441859076,12.515166600545248,2.326037509467012,16.211483893855924,6.022354802777688,0.6136363636363636,0.08888888888888889,0.11363636363636363,0.9120370370370371,0.0,0.43200336700336706,low
2019-04-01,Visakhapatnam,Coal,10.329200172424317,71.10300000000001,76253.96487946181,34392.84546323288,3.2666666666666666,True,0.0,0.0,10.189129091078236,11.408642836979457,16.44935509466356,12.682375674240419,66.07451612903226,0.0,0.0,4,2,12.071354835264144,1.8822257441859076,12.071354835264144,1.8822257441859076,12.515166600545248,2.326037509467012,16.211483893855924,6.022354802777688,0.6136363636363636,0.08888888888888889,0.11363636363636363,0.9120370370370371,0.0,0.43200336700336706,low
2019-04-01,Visakhapatnam,Iron Ore,10.329200172424317,71.10300000000001,76253.96487946181,34392.84546323288,3.2666666666666666,True,0.0,0.0,10.189129091078236,11.408642836979457,16.44935509466356,12.682375674240419,66.07451612903226,0.0,0.0,4,2,12.071354835264144,1.8822257441859076,12.071354835264144,1.8822257441859076,12.515166600545248,2.326037509467012,16.211483893855924,6.022354802777688,0.6136363636363636,0.08888888888888889,0.11363636363636363,0.9120370370370371,0.0,0.43200336700336706,low
2019-05-01,Chennai,Bulk Minerals & Ores,12.071354835264144,71.22483870967741,0.0,0.0,0.5161290322580645,True,23368.370000000003,1.0,10.329200172424317,10.189129091078236,11.408642836979457,10.642324033494004,71.10300000000001,21860.97,0.17443040926502773,5,2,12.515166600545248,2.1859664281209312,12.515166600545248,2.1859664281209312,16.211483893855924,5.882283721431607,18.00706438864431,7.677864216219993,0.2727272727272727,0.6888888888888889,0.5227272727272727,0.16666666666666666,0.0,0.34497474747474743,low
2019-05-01,Chennai,Coal,12.071354835264144,71.22483870967741,0.0,0.0,0.5161290322580645,True,0.0,0.0,10.329200172424317,10.189129091078236,11.408642836979457,10.642324033494004,71.10300000000001,0.0,0.0,5,2,12.515166600545248,2.1859664281209312,12.515166600545248,2.1859664281209312,16.211483893855924,5.882283721431607,18.00706438864431,7.677864216219993,0.2727272727272727,0.6888888888888889,0.5227272727272727,0.16666666666666666,0.0,0.34497474747474743,low
2019-05-01,Chennai,Iron Ore,12.071354835264144,71.22483870967741,0.0,0.0,0.5161290322580645,True,0.0,0.0,10.329200172424317,10.189129091078236,11.408642836979457,10.642324033494004,71.10300000000001,0.0,0.0,5,2,12.515166600545248,2.1859664281209312,12.515166600545248,2.1859664281209312,16.211483893855924,5.882283721431607,18.00706438864431,7.677864216219993,0.2727272727272727,0.6888888888888889,0.5227272727272727,0.16666666666666666,0.0,0.34497474747474743,low
2019-05-01,Dhamra,Bulk Minerals & Ores,12.071354835264144,71.22483870967741,0.0,0.0,0.0,False,23368.370000000003,1.0,10.329200172424317,10.189129091078236,11.408642836979457,10.642324033494004,71.10300000000001,21860.97,0.17443040926502773,5,2,12.515166600545248,2.1859664281209312,12.515166600545248,2.1859664281209312,16.211483893855924,5.882283721431607,18.00706438864431,7.677864216219993,0.2727272727272727,0.6888888888888889,0.5227272727272727,0.5,1.0,0.5116414141414141,medium
2019-05-01,Dhamra,Coal,12.071354835264144,71.22483870967741,0.0,0.0,0.0,False,0.0,0.0,10.329200172424317,10.189129091078236,11.408642836979457,10.642324033494004,71.10300000000001,0.0,0.0,5,2,12.515166600545248,2.1859664281209312,12.515166600545248,2.1859664281209312,16.211483893855924,5.882283721431607,18.00706438864431,7.677864216219993,0.2727272727272727,0.6888888888888889,0.5227272727272727,0.5,1.0,0.5116414141414141,medium
2019-05-01,Dhamra,Iron Ore,12.071354835264144,71.22483870967741,0.0,0.0,0.0,False,0.0,0.0,10.329200172424317,10.189129091078236,11.408642836979457,10.642324033494004,71.10300000000001,0.0,0.0,5,2,12.515166600545248,2.1859664281209312,12.515166600545248,2.1859664281209312,16.211483893855924,5.882283721431607,18.00706438864431,7.677864216219993,0.2727272727272727,0.6888888888888889,0.5227272727272727,0.5,1.0,0.5116414141414141,medium
2019-05-01,Gangavaram,Bulk Minerals & Ores,12.071354835264144,71.22483870967741,0.0,0.0,0.0,False,23368.370000000003,1.0,10.329200172424317,10.189129091078236,11.408642836979457,10.642324033494004,71.10300000000001,21860.97,0.17443040926502773,5,2,12.515166600545248,2.1859664281209312,12.515166600545248,2.1859664281209312,16.211483893855924,5.882283721431607,18.00706438864431,7.677864216219993,0.2727272727272727,0.6888888888888889,0.5227272727272727,0.5,1.0,0.5116414141414141,medium
2019-05-01,Gangavaram,Coal,12.071354835264144,71.22483870967741,0.0,0.0,0.0,False,0.0,0.0,10.329200172424317,10.189129091078236,11.408642836979457,10.642324033494004,71.10300000000001,0.0,0.0,5,2,12.515166600545248,2.1859664281209312,12.515166600545248,2.1859664281209312,16.211483893855924,5.882283721431607,18.00706438864431,7.677864216219993,0.2727272727272727,0.6888888888888889,0.5227272727272727,0.5,1.0,0.5116414141414141,medium
2019-05-01,Gangavaram,Iron Ore,12.071354835264144,71.22483870967741,0.0,0.0,0.0,False,0.0,0.0,10.329200172424317,10.189129091078236,11.408642836979457,10.642324033494004,71.10300000000001,0.0,0.0,5,2,12.515166600545248,2.1859664281209312,12.515166600545248,2.1859664281209312,16.211483893855924,5.882283721431607,18.00706438864431,7.677864216219993,0.2727272727272727,0.6888888888888889,0.5227272727272727,0.5,1.0,0.5116414141414141,medium
2019-05-01,Gopalpur,Bulk Minerals & Ores,12.071354835264144,71.22483870967741,0.0,0.0,0.0,False,23368.370000000003,1.0,10.329200172424317,10.189129091078236,11.408642836979457,10.642324033494004,71.10300000000001,21860.97,0.17443040926502773,5,2,12.515166600545248,2.1859664281209312,12.515166600545248,2.1859664281209312,16.211483893855924,5.882283721431607,18.00706438864431,7.677864216219993,0.2727272727272727,0.6888888888888889,0.5227272727272727,0.5,1.0,0.5116414141414141,medium
2019-05-01,Gopalpur,Coal,12.071354835264144,71.22483870967741,0.0,0.0,0.0,False,0.0,0.0,10.329200172424317,10.189129091078236,11.408642836979457,10.642324033494004,71.10300000000001,0.0,0.0,5,2,12.515166600545248,2.1859664281209312,12.515166600545248,2.1859664281209312,16.211483893855924,5.882283721431607,18.00706438864431,7.677864216219993,0.2727272727272727,0.6888888888888889,0.5227272727272727,0.5,1.0,0.5116414141414141,medium
2019-05-01,Gopalpur,Iron Ore,12.071354835264144,71.22483870967741,0.0,0.0,0.0,False,0.0,0.0,10.329200172424317,10.189129091078236,11.408642836979457,10.642324033494004,71.10300000000001,0.0,0.0,5,2,12.515166600545248,2.1859664281209312,12.515166600545248,2.1859664281209312,16.211483893855924,5.882283721431607,18.00706438864431,7.677864216219993,0.2727272727272727,0.6888888888888889,0.5227272727272727,0.5,1.0,0.5116414141414141,medium
2019-05-01,Haldia,Bulk Minerals & Ores,12.071354835264144,71.22483870967741,16393.458836782036,4406.729260767588,2.3870967741935485,True,23368.370000000003,1.0,10.329200172424317,10.189129091078236,11.408642836979457,10.642324033494004,71.10300000000001,21860.97,0.17443040926502773,5,2,12.515166600545248,2.1859664281209312,12.515166600545248,2.1859664281209312,16.211483893855924,5.882283721431607,18.00706438864431,7.677864216219993,0.2727272727272727,0.6888888888888889,0.5227272727272727,0.6759259259259259,0.0,0.4468265993265993,medium
2019-05-01,Haldia,Coal,12.071354835264144,71.22483870967741,16393.458836782036,4406.729260767588,2.3870967741935485,True,0.0,0.0,10.329200172424317,10.189129091078236,11.408642836979457,10.642324033494004,71.10300000000001,0.0,0.0,5,2,12.515166600545248,2.1859664281209312,12.515166600545248,2.1859664281209312,16.211483893855924,5.882283721431607,18.00706438864431,7.677864216219993,0.2727272727272727,0.6888888888888889,0.5227272727272727,0.6759259259259259,0.0,0.4468265993265993,medium
2019-05-01,Haldia,Iron Ore,12.071354835264144,71.22483870967741,16393.458836782036,4406.729260767588,2.3870967741935485,True,0.0,0.0,10.329200172424317,10.189129091078236,11.408642836979457,10.642324033494004,71.10300000000001,0.0,0.0,5,2,12.515166600545248,2.1859664281209312,12.515166600545248,2.1859664281209312,16.211483893855924,5.882283721431607,18.00706438864431,7.677864216219993,0.2727272727272727,0.6888888888888889,0.5227272727272727,0.6759259259259259,0.0,0.4468265993265993,medium
2019-05-01,Kamarajar,Bulk Minerals & Ores,12.071354835264144,71.22483870967741,42381.74906279574,0.0,1.064516129032258,True,23368.370000000003,1.0,10.329200172424317,10.189129091078236,11.408642836979457,10.642324033494004,71.10300000000001,21860.97,0.17443040926502773,5,2,12.515166600545248,2.1859664281209312,12.515166600545248,2.1859664281209312,16.211483893855924,5.882283721431607,18.00706438864431,7.677864216219993,0.2727272727272727,0.6888888888888889,0.5227272727272727,0.4583333333333333,0.0,0.4033080808080808,low
2019-05-01,Kamarajar,Coal,12.071354835264144,71.22483870967741,42381.74906279574,0.0,1.064516129032258,True,0.0,0.0,10.329200172424317,10.189129091078236,11.408642836979457,10.642324033494004,71.10300000000001,0.0,0.0,5,2,12.515166600545248,2.1859664281209312,12.515166600545248,2.1859664281209312,16.211483893855924,5.882283721431607,18.00706438864431,7.677864216219993,0.2727272727272727,0.6888888888888889,0.5227272727272727,0.4583333333333333,0.0,0.4033080808080808,low
2019-05-01,Kamarajar,Iron Ore,12.071354835264144,71.22483870967741,42381.74906279574,0.0,1.064516129032258,True,0.0,0.0,10.329200172424317,10.189129091078236,11.408642836979457,10.642324033494004,71.10300000000001,0.0,0.0,5,2,12.515166600545248,2.1859664281209312,12.515166600545248,2.1859664281209312,16.211483893855924,5.882283721431607,18.00706438864431,7.677864216219993,0.2727272727272727,0.6888888888888889,0.5227272727272727,0.4583333333333333,0.0,0.4033080808080808,low
2019-05-01,Paradip,Bulk Minerals & Ores,12.071354835264144,71.22483870967741,29028.259488750373,39973.4214671432,2.3225806451612905,True,23368.370000000003,1.0,10.329200172424317,10.189129091078236,11.408642836979457,10.642324033494004,71.10300000000001,21860.97,0.17443040926502773,5,2,12.515166600545248,2.1859664281209312,12.515166600545248,2.1859664281209312,16.211483893855924,5.882283721431607,18.00706438864431,7.677864216219993,0.2727272727272727,0.6888888888888889,0.5227272727272727,0.6527777777777778,0.0,0.44219696969696964,medium
2019-05-01,Paradip,Coal,12.071354835264144,71.22483870967741,29028.259488750373,39973.4214671432,2.3225806451612905,True,0.0,0.0,10.329200172424317,10.189129091078236,11.408642836979457,10.642324033494004,71.10300000000001,0.0,0.0,5,2,12.515166600545248,2.1859664281209312,12.515166600545248,2.1859664281209312,16.211483893855924,5.882283721431607,18.00706438864431,7.677864216219993,0.2727272727272727,0.6888888888888889,0.5227272727272727,0.6527777777777778,0.0,0.44219696969696964,medium
2019-05-01,Paradip,Iron Ore,12.071354835264144,71.22483870967741,29028.259488750373,39973.4214671432,2.3225806451612905,True,0.0,0.0,10.329200172424317,10.189129091078236,11.408642836979457,10.642324033494004,71.10300000000001,0.0,0.0,5,2,12.515166600545248,2.1859664281209312,12.515166600545248,2.1859664281209312,16.211483893855924,5.882283721431607,18.00706438864431,7.677864216219993,0.2727272727272727,0.6888888888888889,0.5227272727272727,0.6527777777777778,0.0,0.44219696969696964,medium
2019-05-01,Sagar Sandheads,Bulk Minerals & Ores,12.071354835264144,71.22483870967741,0.0,0.0,0.0,False,23368.370000000003,1.0,10.329200172424317,10.189129091078236,11.408642836979457,10.642324033494004,71.10300000000001,21860.97,0.17443040926502773,5,2,12.515166600545248,2.1859664281209312,12.515166600545248,2.1859664281209312,16.211483893855924,5.882283721431607,18.00706438864431,7.677864216219993,0.2727272727272727,0.6888888888888889,0.5227272727272727,0.5,1.0,0.5116414141414141,medium
2019-05-01,Sagar Sandheads,Coal,12.071354835264144,71.22483870967741,0.0,0.0,0.0,False,0.0,0.0,10.329200172424317,10.189129091078236,11.408642836979457,10.642324033494004,71.10300000000001,0.0,0.0,5,2,12.515166600545248,2.1859664281209312,12.515166600545248,2.1859664281209312,16.211483893855924,5.882283721431607,18.00706438864431,7.677864216219993,0.2727272727272727,0.6888888888888889,0.5227272727272727,0.5,1.0,0.5116414141414141,medium
2019-05-01,Sagar Sandheads,Iron Ore,12.071354835264144,71.22483870967741,0.0,0.0,0.0,False,0.0,0.0,10.329200172424317,10.189129091078236,11.408642836979457,10.642324033494004,71.10300000000001,0.0,0.0,5,2,12.515166600545248,2.1859664281209312,12.515166600545248,2.1859664281209312,16.211483893855924,5.882283721431607,18.00706438864431,7.677864216219993,0.2727272727272727,0.6888888888888889,0.5227272727272727,0.5,1.0,0.5116414141414141,medium
2019-05-01,Tuticorin,Bulk Minerals & Ores,12.071354835264144,71.22483870967741,21364.675084007868,0.0,0.9032258064516129,True,23368.370000000003,1.0,10.329200172424317,10.189129091078236,11.408642836979457,10.642324033494004,71.10300000000001,21860.97,0.17443040926502773,5,2,12.515166600545248,2.1859664281209312,12.515166600545248,2.1859664281209312,16.211483893855924,5.882283721431607,18.00706438864431,7.677864216219993,0.2727272727272727,0.6888888888888889,0.5227272727272727,0.36574074074074076,0.0,0.3847895622895623,low
2019-05-01,Tuticorin,Coal,12.071354835264144,71.22483870967741,21364.675084007868,0.0,0.9032258064516129,True,0.0,0.0,10.329200172424317,10.189129091078236,11.408642836979457,10.642324033494004,71.10300000000001,0.0,0.0,5,2,12.515166600545248,2.1859664281209312,12.515166600545248,2.1859664281209312,16.211483893855924,5.882283721431607,18.00706438864431,7.677864216219993,0.2727272727272727,0.6888888888888889,0.5227272727272727,0.36574074074074076,0.0,0.3847895622895623,low
2019-05-01,Tuticorin,Iron Ore,12.071354835264144,71.22483870967741,21364.675084007868,0.0,0.9032258064516129,True,0.0,0.0,10.329200172424317,10.189129091078236,11.408642836979457,10.642324033494004,71.10300000000001,0.0,0.0,5,2,12.515166600545248,2.1859664281209312,12.515166600545248,2.1859664281209312,16.211483893855924,5.882283721431607,18.00706438864431,7.677864216219993,0.2727272727272727,0.6888888888888889,0.5227272727272727,0.36574074074074076,0.0,0.3847895622895623,low
2019-05-01,Visakhapatnam,Bulk Minerals & Ores,12.071354835264144,71.22483870967741,66654.42589071642,18525.323467683404,2.806451612903226,True,23368.370000000003,1.0,10.329200172424317,10.189129091078236,11.408642836979457,10.642324033494004,71.10300000000001,21860.97,0.17443040926502773,5,2,12.515166600545248,2.1859664281209312,12.515166600545248,2.1859664281209312,16.211483893855924,5.882283721431607,18.00706438864431,7.677864216219993,0.2727272727272727,0.6888888888888889,0.5227272727272727,0.8009259259259259,0.0,0.4718265993265993,medium
2019-05-01,Visakhapatnam,Coal,12.071354835264144,71.22483870967741,66654.42589071642,18525.323467683404,2.806451612903226,True,0.0,0.0,10.329200172424317,10.189129091078236,11.408642836979457,10.642324033494004,71.10300000000001,0.0,0.0,5,2,12.515166600545248,2.1859664281209312,12.515166600545248,2.1859664281209312,16.211483893855924,5.882283721431607,18.00706438864431,7.677864216219993,0.2727272727272727,0.6888888888888889,0.5227272727272727,0.8009259259259259,0.0,0.4718265993265993,medium
2019-05-01,Visakhapatnam,Iron Ore,12.071354835264144,71.22483870967741,66654.42589071642,18525.323467683404,2.806451612903226,True,0.0,0.0,10.329200172424317,10.189129091078236,11.408642836979457,10.642324033494004,71.10300000000001,0.0,0.0,5,2,12.515166600545248,2.1859664281209312,12.515166600545248,2.1859664281209312,16.211483893855924,5.882283721431607,18.00706438864431,7.677864216219993,0.2727272727272727,0.6888888888888889,0.5227272727272727,0.8009259259259259,0.0,0.4718265993265993,medium
2019-06-01,Chennai,Bulk Minerals & Ores,12.515166600545248,64.64833333333334,0.0,0.0,0.3333333333333333,True,19669.350000000006,1.0,12.071354835264144,10.329200172424317,10.189129091078236,10.863228032922231,71.22483870967741,23368.370000000003,-0.0858230026059783,6,2,16.211483893855924,4.14012905859178,16.211483893855924,4.14012905859178,18.00706438864431,5.935709553380166,20.325533294677733,8.25417845941359,0.5,0.2,0.36363636363636365,0.08333333333333333,0.0,0.2862121212121212,low
2019-06-01,Chennai,Coal,12.515166600545248,64.64833333333334,0.0,0.0,0.3333333333333333,True,0.0,0.0,12.071354835264144,10.329200172424317,10.189129091078236,10.863228032922231,71.22483870967741,0.0,0.0,6,2,16.211483893855924,4.14012905859178,16.211483893855924,4.14012905859178,18.00706438864431,5.935709553380166,20.325533294677733,8.25417845941359,0.5,0.2,0.36363636363636365,0.08333333333333333,0.0,0.2862121212121212,low
2019-06-01,Chennai,Iron Ore,12.515166600545248,64.64833333333334,0.0,0.0,0.3333333333333333,True,0.0,0.0,12.071354835264144,10.329200172424317,10.189129091078236,10.863228032922231,71.22483870967741,0.0,0.0,6,2,16.211483893855924,4.14012905859178,16.211483893855924,4.14012905859178,18.00706438864431,5.935709553380166,20.325533294677733,8.25417845941359,0.5,0.2,0.36363636363636365,0.08333333333333333,0.0,0.2862121212121212,low
2019-06-01,Dhamra,Bulk Minerals & Ores,12.515166600545248,64.64833333333334,0.0,0.0,0.0,False,19669.350000000006,1.0,12.071354835264144,10.329200172424317,10.189129091078236,10.863228032922231,71.22483870967741,23368.370000000003,-0.0858230026059783,6,2,16.211483893855924,4.14012905859178,16.211483893855924,4.14012905859178,18.00706438864431,5.935709553380166,20.325533294677733,8.25417845941359,0.5,0.2,0.36363636363636365,0.5,1.0,0.4695454545454545,medium
2019-06-01,Dhamra,Coal,12.515166600545248,64.64833333333334,0.0,0.0,0.0,False,0.0,0.0,12.071354835264144,10.329200172424317,10.189129091078236,10.863228032922231,71.22483870967741,0.0,0.0,6,2,16.211483893855924,4.14012905859178,16.211483893855924,4.14012905859178,18.00706438864431,5.935709553380166,20.325533294677733,8.25417845941359,0.5,0.2,0.36363636363636365,0.5,1.0,0.4695454545454545,medium
2019-06-01,Dhamra,Iron Ore,12.515166600545248,64.64833333333334,0.0,0.0,0.0,False,0.0,0.0,12.071354835264144,10.329200172424317,10.189129091078236,10.863228032922231,71.22483870967741,0.0,0.0,6,2,16.211483893855924,4.14012905859178,16.211483893855924,4.14012905859178,18.00706438864431,5.935709553380166,20.325533294677733,8.25417845941359,0.5,0.2,0.36363636363636365,0.5,1.0,0.4695454545454545,medium
2019-06-01,Gangavaram,Bulk Minerals & Ores,12.515166600545248,64.64833333333334,0.0,0.0,0.0,False,19669.350000000006,1.0,12.071354835264144,10.329200172424317,10.189129091078236,10.863228032922231,71.22483870967741,23368.370000000003,-0.0858230026059783,6,2,16.211483893855924,4.14012905859178,16.211483893855924,4.14012905859178,18.00706438864431,5.935709553380166,20.325533294677733,8.25417845941359,0.5,0.2,0.36363636363636365,0.5,1.0,0.4695454545454545,medium
2019-06-01,Gangavaram,Coal,12.515166600545248,64.64833333333334,0.0,0.0,0.0,False,0.0,0.0,12.071354835264144,10.329200172424317,10.189129091078236,10.863228032922231,71.22483870967741,0.0,0.0,6,2,16.211483893855924,4.14012905859178,16.211483893855924,4.14012905859178,18.00706438864431,5.935709553380166,20.325533294677733,8.25417845941359,0.5,0.2,0.36363636363636365,0.5,1.0,0.4695454545454545,medium
2019-06-01,Gangavaram,Iron Ore,12.515166600545248,64.64833333333334,0.0,0.0,0.0,False,0.0,0.0,12.071354835264144,10.329200172424317,10.189129091078236,10.863228032922231,71.22483870967741,0.0,0.0,6,2,16.211483893855924,4.14012905859178,16.211483893855924,4.14012905859178,18.00706438864431,5.935709553380166,20.325533294677733,8.25417845941359,0.5,0.2,0.36363636363636365,0.5,1.0,0.4695454545454545,medium
2019-06-01,Gopalpur,Bulk Minerals & Ores,12.515166600545248,64.64833333333334,0.0,0.0,0.0,False,19669.350000000006,1.0,12.071354835264144,10.329200172424317,10.189129091078236,10.863228032922231,71.22483870967741,23368.370000000003,-0.0858230026059783,6,2,16.211483893855924,4.14012905859178,16.211483893855924,4.14012905859178,18.00706438864431,5.935709553380166,20.325533294677733,8.25417845941359,0.5,0.2,0.36363636363636365,0.5,1.0,0.4695454545454545,medium
2019-06-01,Gopalpur,Coal,12.515166600545248,64.64833333333334,0.0,0.0,0.0,False,0.0,0.0,12.071354835264144,10.329200172424317,10.189129091078236,10.863228032922231,71.22483870967741,0.0,0.0,6,2,16.211483893855924,4.14012905859178,16.211483893855924,4.14012905859178,18.00706438864431,5.935709553380166,20.325533294677733,8.25417845941359,0.5,0.2,0.36363636363636365,0.5,1.0,0.4695454545454545,medium
2019-06-01,Gopalpur,Iron Ore,12.515166600545248,64.64833333333334,0.0,0.0,0.0,False,0.0,0.0,12.071354835264144,10.329200172424317,10.189129091078236,10.863228032922231,71.22483870967741,0.0,0.0,6,2,16.211483893855924,4.14012905859178,16.211483893855924,4.14012905859178,18.00706438864431,5.935709553380166,20.325533294677733,8.25417845941359,0.5,0.2,0.36363636363636365,0.5,1.0,0.4695454545454545,medium
2019-06-01,Haldia,Bulk Minerals & Ores,12.515166600545248,64.64833333333334,25781.141961833862,4282.601493178107,2.7,True,19669.350000000006,1.0,12.071354835264144,10.329200172424317,10.189129091078236,10.863228032922231,71.22483870967741,23368.370000000003,-0.0858230026059783,6,2,16.211483893855924,4.14012905859178,16.211483893855924,4.14012905859178,18.00706438864431,5.935709553380166,20.325533294677733,8.25417845941359,0.5,0.2,0.36363636363636365,0.7777777777777778,0.0,0.4251010101010101,low
2019-06-01,Haldia,Coal,12.515166600545248,64.64833333333334,25781.141961833862,4282.601493178107,2.7,True,0.0,0.0,12.071354835264144,10.329200172424317,10.189129091078236,10.863228032922231,71.22483870967741,0.0,0.0,6,2,16.211483893855924,4.14012905859178,16.211483893855924,4.14012905859178,18.00706438864431,5.935709553380166,20.325533294677733,8.25417845941359,0.5,0.2,0.36363636363636365,0.7777777777777778,0.0,0.4251010101010101,low
2019-06-01,Haldia,Iron Ore,12.515166600545248,64.64833333333334,25781.141961833862,4282.601493178107,2.7,True,0.0,0.0,12.071354835264144,10.329200172424317,10.189129091078236,10.863228032922231,71.22483870967741,0.0,0.0,6,2,16.211483893855924,4.14012905859178,16.211483893855924,4.14012905859178,18.00706438864431,5.935709553380166,20.325533294677733,8.25417845941359,0.5,0.2,0.36363636363636365,0.7777777777777778,0.0,0.4251010101010101,low
2019-06-01,Kamarajar,Bulk Minerals & Ores,12.515166600545248,64.64833333333334,30002.628291436275,0.0,0.9666666666666667,True,19669.350000000006,1.0,12.071354835264144,10.329200172424317,10.189129091078236,10.863228032922231,71.22483870967741,23368.370000000003,-0.0858230026059783,6,2,16.211483893855924,4.14012905859178,16.211483893855924,4.14012905859178,18.00706438864431,5.935709553380166,20.325533294677733,8.25417845941359,0.5,0.2,0.36363636363636365,0.39351851851851855,0.0,0.34824915824915825,low
2019-06-01,Kamarajar,Coal,12.515166600545248,64.64833333333334,30002.628291436275,0.0,0.9666666666666667,True,0.0,0.0,12.071354835264144,10.329200172424317,10.189129091078236,10.863228032922231,71.22483870967741,0.0,0.0,6,2,16.211483893855924,4.14012905859178,16.211483893855924,4.14012905859178,18.00706438864431,5.935709553380166,20.325533294677733,8.25417845941359,0.5,0.2,0.36363636363636365,0.39351851851851855,0.0,0.34824915824915825,low
2019-06-01,Kamarajar,Iron Ore,12.515166600545248,64.64833333333334,30002.628291436275,0.0,0.9666666666666667,True,0.0,0.0,12.071354835264144,10.329200172424317,10.189129091078236,10.863228032922231,71.22483870967741,0.0,0.0,6,2,16.211483893855924,4.14012905859178,16.211483893855924,4.14012905859178,18.00706438864431,5.935709553380166,20.325533294677733,8.25417845941359,0.5,0.2,0.36363636363636365,0.39351851851851855,0.0,0.34824915824915825,low
2019-06-01,Paradip,Bulk Minerals & Ores,12.515166600545248,64.64833333333334,33234.39761291075,42281.25815745167,3.033333333333333,True,19669.350000000006,1.0,12.071354835264144,10.329200172424317,10.189129091078236,10.863228032922231,71.22483870967741,23368.370000000003,-0.0858230026059783,6,2,16.211483893855924,4.14012905859178,16.211483893855924,4.14012905859178,18.00706438864431,5.935709553380166,20.325533294677733,8.25417845941359,0.5,0.2,0.36363636363636365,0.8657407407407407,0.0,0.4426936026936027,medium
2019-06-01,Paradip,Coal,12.515166600545248,64.64833333333334,33234.39761291075,42281.25815745167,3.033333333333333,True,0.0,0.0,12.071354835264144,10.329200172424317,10.189129091078236,10.863228032922231,71.22483870967741,0.0,0.0,6,2,16.211483893855924,4.14012905859178,16.211483893855924,4.14012905859178,18.00706438864431,5.935709553380166,20.325533294677733,8.25417845941359,0.5,0.2,0.36363636363636365,0.8657407407407407,0.0,0.4426936026936027,medium
2019-06-01,Paradip,Iron Ore,12.515166600545248,64.64833333333334,33234.39761291075,42281.25815745167,3.033333333333333,True,0.0,0.0,12.071354835264144,10.329200172424317,10.189129091078236,10.863228032922231,71.22483870967741,0.0,0.0,6,2,16.211483893855924,4.14012905859178,16.211483893855924,4.14012905859178,18.00706438864431,5.935709553380166,20.325533294677733,8.25417845941359,0.5,0.2,0.36363636363636365,0.8657407407407407,0.0,0.4426936026936027,medium
2019-06-01,Sagar Sandheads,Bulk Minerals & Ores,12.515166600545248,64.64833333333334,0.0,0.0,0.0,False,19669.350000000006,1.0,12.071354835264144,10.329200172424317,10.189129091078236,10.863228032922231,71.22483870967741,23368.370000000003,-0.0858230026059783,6,2,16.211483893855924,4.14012905859178,16.211483893855924,4.14012905859178,18.00706438864431,5.935709553380166,20.325533294677733,8.25417845941359,0.5,0.2,0.36363636363636365,0.5,1.0,0.4695454545454545,medium
2019-06-01,Sagar Sandheads,Coal,12.515166600545248,64.64833333333334,0.0,0.0,0.0,False,0.0,0.0,12.071354835264144,10.329200172424317,10.189129091078236,10.863228032922231,71.22483870967741,0.0,0.0,6,2,16.211483893855924,4.14012905859178,16.211483893855924,4.14012905859178,18.00706438864431,5.935709553380166,20.325533294677733,8.25417845941359,0.5,0.2,0.36363636363636365,0.5,1.0,0.4695454545454545,medium
2019-06-01,Sagar Sandheads,Iron Ore,12.515166600545248,64.64833333333334,0.0,0.0,0.0,False,0.0,0.0,12.071354835264144,10.329200172424317,10.189129091078236,10.863228032922231,71.22483870967741,0.0,0.0,6,2,16.211483893855924,4.14012905859178,16.211483893855924,4.14012905859178,18.00706438864431,5.935709553380166,20.325533294677733,8.25417845941359,0.5,0.2,0.36363636363636365,0.5,1.0,0.4695454545454545,medium
2019-06-01,Tuticorin,Bulk Minerals & Ores,12.515166600545248,64.64833333333334,26400.281479451998,0.0,0.9666666666666667,True,19669.350000000006,1.0,12.071354835264144,10.329200172424317,10.189129091078236,10.863228032922231,71.22483870967741,23368.370000000003,-0.0858230026059783,6,2,16.211483893855924,4.14012905859178,16.211483893855924,4.14012905859178,18.00706438864431,5.935709553380166,20.325533294677733,8.25417845941359,0.5,0.2,0.36363636363636365,0.39351851851851855,0.0,0.34824915824915825,low
2019-06-01,Tuticorin,Coal,12.515166600545248,64.64833333333334,26400.281479451998,0.0,0.9666666666666667,True,0.0,0.0,12.071354835264144,10.329200172424317,10.189129091078236,10.863228032922231,71.22483870967741,0.0,0.0,6,2,16.211483893855924,4.14012905859178,16.211483893855924,4.14012905859178,18.00706438864431,5.935709553380166,20.325533294677733,8.25417845941359,0.5,0.2,0.36363636363636365,0.39351851851851855,0.0,0.34824915824915825,low
2019-06-01,Tuticorin,Iron Ore,12.515166600545248,64.64833333333334,26400.281479451998,0.0,0.9666666666666667,True,0.0,0.0,12.071354835264144,10.329200172424317,10.189129091078236,10.863228032922231,71.22483870967741,0.0,0.0,6,2,16.211483893855924,4.14012905859178,16.211483893855924,4.14012905859178,18.00706438864431,5.935709553380166,20.325533294677733,8.25417845941359,0.5,0.2,0.36363636363636365,0.39351851851851855,0.0,0.34824915824915825,low
2019-06-01,Visakhapatnam,Bulk Minerals & Ores,12.515166600545248,64.64833333333334,74311.16493430175,28420.610501221076,3.1666666666666665,True,19669.350000000006,1.0,12.071354835264144,10.329200172424317,10.189129091078236,10.863228032922231,71.22483870967741,23368.370000000003,-0.0858230026059783,6,2,16.211483893855924,4.14012905859178,16.211483893855924,4.14012905859178,18.00706438864431,5.935709553380166,20.325533294677733,8.25417845941359,0.5,0.2,0.36363636363636365,0.8981481481481481,0.0,0.44917508417508417,medium
2019-06-01,Visakhapatnam,Coal,12.515166600545248,64.64833333333334,74311.16493430175,28420.610501221076,3.1666666666666665,True,0.0,0.0,12.071354835264144,10.329200172424317,10.189129091078236,10.863228032922231,71.22483870967741,0.0,0.0,6,2,16.211483893855924,4.14012905859178,16.211483893855924,4.14012905859178,18.00706438864431,5.935709553380166,20.325533294677733,8.25417845941359,0.5,0.2,0.36363636363636365,0.8981481481481481,0.0,0.44917508417508417,medium
2019-06-01,Visakhapatnam,Iron Ore,12.515166600545248,64.64833333333334,74311.16493430175,28420.610501221076,3.1666666666666665,True,0.0,0.0,12.071354835264144,10.329200172424317,10.189129091078236,10.863228032922231,71.22483870967741,0.0,0.0,6,2,16.211483893855924,4.14012905859178,16.211483893855924,4.14012905859178,18.00706438864431,5.935709553380166,20.325533294677733,8.25417845941359,0.5,0.2,0.36363636363636365,0.8981481481481481,0.0,0.44917508417508417,medium
2019-07-01,Chennai,Bulk Minerals & Ores,16.211483893855924,63.83548387096774,0.0,0.0,0.3225806451612903,True,20542.889999999992,1.0,12.515166600545248,12.071354835264144,10.329200172424317,11.638573869411237,64.64833333333334,19669.350000000006,-0.009258321493369248,7,3,18.00706438864431,5.491897788099061,18.00706438864431,5.491897788099061,20.325533294677733,7.810366694132485,20.197322722404234,7.682156121858986,0.5454545454545454,0.8888888888888888,0.7045454545454546,0.07407407407407407,0.0,0.48918350168350166,medium
2019-07-01,Chennai,Coal,16.211483893855924,63.83548387096774,0.0,0.0,0.3225806451612903,True,0.0,0.0,12.515166600545248,12.071354835264144,10.329200172424317,11.638573869411237,64.64833333333334,0.0,0.0,7,3,18.00706438864431,5.491897788099061,18.00706438864431,5.491897788099061,20.325533294677733,7.810366694132485,20.197322722404234,7.682156121858986,0.5454545454545454,0.8888888888888888,0.7045454545454546,0.07407407407407407,0.0,0.48918350168350166,medium
2019-07-01,Chennai,Iron Ore,16.211483893855924,63.83548387096774,0.0,0.0,0.3225806451612903,True,0.0,0.0,12.515166600545248,12.071354835264144,10.329200172424317,11.638573869411237,64.64833333333334,0.0,0.0,7,3,18.00706438864431,5.491897788099061,18.00706438864431,5.491897788099061,20.325533294677733,7.810366694132485,20.197322722404234,7.682156121858986,0.5454545454545454,0.8888888888888888,0.7045454545454546,0.07407407407407407,0.0,0.48918350168350166,medium
2019-07-01,Dhamra,Bulk Minerals & Ores,16.211483893855924,63.83548387096774,0.0,0.0,0.0,False,20542.889999999992,1.0,12.515166600545248,12.071354835264144,10.329200172424317,11.638573869411237,64.64833333333334,19669.350000000006,-0.009258321493369248,7,3,18.00706438864431,5.491897788099061,18.00706438864431,5.491897788099061,20.325533294677733,7.810366694132485,20.197322722404234,7.682156121858986,0.5454545454545454,0.8888888888888888,0.7045454545454546,0.5,1.0,0.6743686868686868,high
2019-07-01,Dhamra,Coal,16.211483893855924,63.83548387096774,0.0,0.0,0.0,False,0.0,0.0,12.515166600545248,12.071354835264144,10.329200172424317,11.638573869411237,64.64833333333334,0.0,0.0,7,3,18.00706438864431,5.491897788099061,18.00706438864431,5.491897788099061,20.325533294677733,7.810366694132485,20.197322722404234,7.682156121858986,0.5454545454545454,0.8888888888888888,0.7045454545454546,0.5,1.0,0.6743686868686868,high
2019-07-01,Dhamra,Iron Ore,16.211483893855924,63.83548387096774,0.0,0.0,0.0,False,0.0,0.0,12.515166600545248,12.071354835264144,10.329200172424317,11.638573869411237,64.64833333333334,0.0,0.0,7,3,18.00706438864431,5.491897788099061,18.00706438864431,5.491897788099061,20.325533294677733,7.810366694132485,20.197322722404234,7.682156121858986,0.5454545454545454,0.8888888888888888,0.7045454545454546,0.5,1.0,0.6743686868686868,high
2019-07-01,Gangavaram,Bulk Minerals & Ores,16.211483893855924,63.83548387096774,0.0,0.0,0.0,False,20542.889999999992,1.0,12.515166600545248,12.071354835264144,10.329200172424317,11.638573869411237,64.64833333333334,19669.350000000006,-0.009258321493369248,7,3,18.00706438864431,5.491897788099061,18.00706438864431,5.491897788099061,20.325533294677733,7.810366694132485,20.197322722404234,7.682156121858986,0.5454545454545454,0.8888888888888888,0.7045454545454546,0.5,1.0,0.6743686868686868,high
2019-07-01,Gangavaram,Coal,16.211483893855924,63.83548387096774,0.0,0.0,0.0,False,0.0,0.0,12.515166600545248,12.071354835264144,10.329200172424317,11.638573869411237,64.64833333333334,0.0,0.0,7,3,18.00706438864431,5.491897788099061,18.00706438864431,5.491897788099061,20.325533294677733,7.810366694132485,20.197322722404234,7.682156121858986,0.5454545454545454,0.8888888888888888,0.7045454545454546,0.5,1.0,0.6743686868686868,high
2019-07-01,Gangavaram,Iron Ore,16.211483893855924,63.83548387096774,0.0,0.0,0.0,False,0.0,0.0,12.515166600545248,12.071354835264144,10.329200172424317,11.638573869411237,64.64833333333334,0.0,0.0,7,3,18.00706438864431,5.491897788099061,18.00706438864431,5.491897788099061,20.325533294677733,7.810366694132485,20.197322722404234,7.682156121858986,0.5454545454545454,0.8888888888888888,0.7045454545454546,0.5,1.0,0.6743686868686868,high
2019-07-01,Gopalpur,Bulk Minerals & Ores,16.211483893855924,63.83548387096774,0.0,0.0,0.0,False,20542.889999999992,1.0,12.515166600545248,12.071354835264144,10.329200172424317,11.638573869411237,64.64833333333334,19669.350000000006,-0.009258321493369248,7,3,18.00706438864431,5.491897788099061,18.00706438864431,5.491897788099061,20.325533294677733,7.810366694132485,20.197322722404234,7.682156121858986,0.5454545454545454,0.8888888888888888,0.7045454545454546,0.5,1.0,0.6743686868686868,high
2019-07-01,Gopalpur,Coal,16.211483893855924,63.83548387096774,0.0,0.0,0.0,False,0.0,0.0,12.515166600545248,12.071354835264144,10.329200172424317,11.638573869411237,64.64833333333334,0.0,0.0,7,3,18.00706438864431,5.491897788099061,18.00706438864431,5.491897788099061,20.325533294677733,7.810366694132485,20.197322722404234,7.682156121858986,0.5454545454545454,0.8888888888888888,0.7045454545454546,0.5,1.0,0.6743686868686868,high
2019-07-01,Gopalpur,Iron Ore,16.211483893855924,63.83548387096774,0.0,0.0,0.0,False,0.0,0.0,12.515166600545248,12.071354835264144,10.329200172424317,11.638573869411237,64.64833333333334,0.0,0.0,7,3,18.00706438864431,5.491897788099061,18.00706438864431,5.491897788099061,20.325533294677733,7.810366694132485,20.197322722404234,7.682156121858986,0.5454545454545454,0.8888888888888888,0.7045454545454546,0.5,1.0,0.6743686868686868,high
2019-07-01,Haldia,Bulk Minerals & Ores,16.211483893855924,63.83548387096774,33848.22814662369,4391.9991056578165,2.5161290322580645,True,20542.889999999992,1.0,12.515166600545248,12.071354835264144,10.329200172424317,11.638573869411237,64.64833333333334,19669.350000000006,-0.009258321493369248,7,3,18.00706438864431,5.491897788099061,18.00706438864431,5.491897788099061,20.325533294677733,7.810366694132485,20.197322722404234,7.682156121858986,0.5454545454545454,0.8888888888888888,0.7045454545454546,0.7268518518518519,0.0,0.6197390572390572,high
2019-07-01,Haldia,Coal,16.211483893855924,63.83548387096774,33848.22814662369,4391.9991056578165,2.5161290322580645,True,0.0,0.0,12.515166600545248,12.071354835264144,10.329200172424317,11.638573869411237,64.64833333333334,0.0,0.0,7,3,18.00706438864431,5.491897788099061,18.00706438864431,5.491897788099061,20.325533294677733,7.810366694132485,20.197322722404234,7.682156121858986,0.5454545454545454,0.8888888888888888,0.7045454545454546,0.7268518518518519,0.0,0.6197390572390572,high
2019-07-01,Haldia,Iron Ore,16.211483893855924,63.83548387096774,33848.22814662369,4391.9991056578165,2.5161290322580645,True,0.0,0.0,12.515166600545248,12.071354835264144,10.329200172424317,11.638573869411237,64.64833333333334,0.0,0.0,7,3,18.00706438864431,5.491897788099061,18.00706438864431,5.491897788099061,20.325533294677733,7.810366694132485,20.197322722404234,7.682156121858986,0.5454545454545454,0.8888888888888888,0.7045454545454546,0.7268518518518519,0.0,0.6197390572390572,high
2019-07-01,Kamarajar,Bulk Minerals & Ores,16.211483893855924,63.83548387096774,24170.06934989345,0.0,0.6774193548387096,True,20542.889999999992,1.0,12.515166600545248,12.071354835264144,10.329200172424317,11.638573869411237,64.64833333333334,19669.350000000006,-0.009258321493369248,7,3,18.00706438864431,5.491897788099061,18.00706438864431,5.491897788099061,20.325533294677733,7.810366694132485,20.197322722404234,7.682156121858986,0.5454545454545454,0.8888888888888888,0.7045454545454546,0.22685185185185186,0.0,0.5197390572390572,medium
2019-07-01,Kamarajar,Coal,16.211483893855924,63.83548387096774,24170.06934989345,0.0,0.6774193548387096,True,0.0,0.0,12.515166600545248,12.071354835264144,10.329200172424317,11.638573869411237,64.64833333333334,0.0,0.0,7,3,18.00706438864431,5.491897788099061,18.00706438864431,5.491897788099061,20.325533294677733,7.810366694132485,20.197322722404234,7.682156121858986,0.5454545454545454,0.8888888888888888,0.7045454545454546,0.22685185185185186,0.0,0.5197390572390572,medium
2019-07-01,Kamarajar,Iron Ore,16.211483893855924,63.83548387096774,24170.06934989345,0.0,0.6774193548387096,True,0.0,0.0,12.515166600545248,12.071354835264144,10.329200172424317,11.638573869411237,64.64833333333334,0.0,0.0,7,3,18.00706438864431,5.491897788099061,18.00706438864431,5.491897788099061,20.325533294677733,7.810366694132485,20.197322722404234,7.682156121858986,0.5454545454545454,0.8888888888888888,0.7045454545454546,0.22685185185185186,0.0,0.5197390572390572,medium
2019-07-01,Paradip,Bulk Minerals & Ores,16.211483893855924,63.83548387096774,36230.70983149543,34763.59947925514,2.4193548387096775,True,20542.889999999992,1.0,12.515166600545248,12.071354835264144,10.329200172424317,11.638573869411237,64.64833333333334,19669.350000000006,-0.009258321493369248,7,3,18.00706438864431,5.491897788099061,18.00706438864431,5.491897788099061,20.325533294677733,7.810366694132485,20.197322722404234,7.682156121858986,0.5454545454545454,0.8888888888888888,0.7045454545454546,0.6944444444444444,0.0,0.6132575757575758,high
2019-07-01,Paradip,Coal,16.211483893855924,63.83548387096774,36230.70983149543,34763.59947925514,2.4193548387096775,True,0.0,0.0,12.515166600545248,12.071354835264144,10.329200172424317,11.638573869411237,64.64833333333334,0.0,0.0,7,3,18.00706438864431,5.491897788099061,18.00706438864431,5.491897788099061,20.325533294677733,7.810366694132485,20.197322722404234,7.682156121858986,0.5454545454545454,0.8888888888888888,0.7045454545454546,0.6944444444444444,0.0,0.6132575757575758,high
2019-07-01,Paradip,Iron Ore,16.211483893855924,63.83548387096774,36230.70983149543,34763.59947925514,2.4193548387096775,True,0.0,0.0,12.515166600545248,12.071354835264144,10.329200172424317,11.638573869411237,64.64833333333334,0.0,0.0,7,3,18.00706438864431,5.491897788099061,18.00706438864431,5.491897788099061,20.325533294677733,7.810366694132485,20.197322722404234,7.682156121858986,0.5454545454545454,0.8888888888888888,0.7045454545454546,0.6944444444444444,0.0,0.6132575757575758,high
2019-07-01,Sagar Sandheads,Bulk Minerals & Ores,16.211483893855924,63.83548387096774,0.0,0.0,0.0,False,20542.889999999992,1.0,12.515166600545248,12.071354835264144,10.329200172424317,11.638573869411237,64.64833333333334,19669.350000000006,-0.009258321493369248,7,3,18.00706438864431,5.491897788099061,18.00706438864431,5.491897788099061,20.325533294677733,7.810366694132485,20.197322722404234,7.682156121858986,0.5454545454545454,0.8888888888888888,0.7045454545454546,0.5,1.0,0.6743686868686868,high
2019-07-01,Sagar Sandheads,Coal,16.211483893855924,63.83548387096774,0.0,0.0,0.0,False,0.0,0.0,12.515166600545248,12.071354835264144,10.329200172424317,11.638573869411237,64.64833333333334,0.0,0.0,7,3,18.00706438864431,5.491897788099061,18.00706438864431,5.491897788099061,20.325533294677733,7.810366694132485,20.197322722404234,7.682156121858986,0.5454545454545454,0.8888888888888888,0.7045454545454546,0.5,1.0,0.6743686868686868,high
2019-07-01,Sagar Sandheads,Iron Ore,16.211483893855924,63.83548387096774,0.0,0.0,0.0,False,0.0,0.0,12.515166600545248,12.071354835264144,10.329200172424317,11.638573869411237,64.64833333333334,0.0,0.0,7,3,18.00706438864431,5.491897788099061,18.00706438864431,5.491897788099061,20.325533294677733,7.810366694132485,20.197322722404234,7.682156121858986,0.5454545454545454,0.8888888888888888,0.7045454545454546,0.5,1.0,0.6743686868686868,high
2019-07-01,Tuticorin,Bulk Minerals & Ores,16.211483893855924,63.83548387096774,16970.700620872114,0.0,0.8064516129032258,True,20542.889999999992,1.0,12.515166600545248,12.071354835264144,10.329200172424317,11.638573869411237,64.64833333333334,19669.350000000006,-0.009258321493369248,7,3,18.00706438864431,5.491897788099061,18.00706438864431,5.491897788099061,20.325533294677733,7.810366694132485,20.197322722404234,7.682156121858986,0.5454545454545454,0.8888888888888888,0.7045454545454546,0.3055555555555556,0.0,0.535479797979798,medium
2019-07-01,Tuticorin,Coal,16.211483893855924,63.83548387096774,16970.700620872114,0.0,0.8064516129032258,True,0.0,0.0,12.515166600545248,12.071354835264144,10.329200172424317,11.638573869411237,64.64833333333334,0.0,0.0,7,3,18.00706438864431,5.491897788099061,18.00706438864431,5.491897788099061,20.325533294677733,7.810366694132485,20.197322722404234,7.682156121858986,0.5454545454545454,0.8888888888888888,0.7045454545454546,0.3055555555555556,0.0,0.535479797979798,medium
2019-07-01,Tuticorin,Iron Ore,16.211483893855924,63.83548387096774,16970.700620872114,0.0,0.8064516129032258,True,0.0,0.0,12.515166600545248,12.071354835264144,10.329200172424317,11.638573869411237,64.64833333333334,0.0,0.0,7,3,18.00706438864431,5.491897788099061,18.00706438864431,5.491897788099061,20.325533294677733,7.810366694132485,20.197322722404234,7.682156121858986,0.5454545454545454,0.8888888888888888,0.7045454545454546,0.3055555555555556,0.0,0.535479797979798,medium
2019-07-01,Visakhapatnam,Bulk Minerals & Ores,16.211483893855924,63.83548387096774,76719.04215005258,28178.335588455728,3.6774193548387095,True,20542.889999999992,1.0,12.515166600545248,12.071354835264144,10.329200172424317,11.638573869411237,64.64833333333334,19669.350000000006,-0.009258321493369248,7,3,18.00706438864431,5.491897788099061,18.00706438864431,5.491897788099061,20.325533294677733,7.810366694132485,20.197322722404234,7.682156121858986,0.5454545454545454,0.8888888888888888,0.7045454545454546,0.9444444444444444,0.0,0.6632575757575757,high
2019-07-01,Visakhapatnam,Coal,16.211483893855924,63.83548387096774,76719.04215005258,28178.335588455728,3.6774193548387095,True,0.0,0.0,12.515166600545248,12.071354835264144,10.329200172424317,11.638573869411237,64.64833333333334,0.0,0.0,7,3,18.00706438864431,5.491897788099061,18.00706438864431,5.491897788099061,20.325533294677733,7.810366694132485,20.197322722404234,7.682156121858986,0.5454545454545454,0.8888888888888888,0.7045454545454546,0.9444444444444444,0.0,0.6632575757575757,high
2019-07-01,Visakhapatnam,Iron Ore,16.211483893855924,63.83548387096774,76719.04215005258,28178.335588455728,3.6774193548387095,True,0.0,0.0,12.515166600545248,12.071354835264144,10.329200172424317,11.638573869411237,64.64833333333334,0.0,0.0,7,3,18.00706438864431,5.491897788099061,18.00706438864431,5.491897788099061,20.325533294677733,7.810366694132485,20.197322722404234,7.682156121858986,0.5454545454545454,0.8888888888888888,0.7045454545454546,0.9444444444444444,0.0,0.6632575757575757,high
2019-08-01,Chennai,Bulk Minerals & Ores,18.00706438864431,59.10387096774193,0.0,0.0,0.4838709677419355,True,18281.30000000001,1.0,16.211483893855924,12.515166600545248,12.071354835264144,13.599335109888438,63.83548387096774,20542.889999999992,-0.14568973171518151,8,3,20.325533294677733,4.114049400821809,20.325533294677733,4.114049400821809,20.197322722404234,3.98583882854831,17.1775665918986,0.9660826980426762,0.38636363636363635,0.5333333333333333,0.6590909090909091,0.13425925925925927,0.0,0.3676094276094276,low
2019-08-01,Chennai,Coal,18.00706438864431,59.10387096774193,0.0,0.0,0.4838709677419355,True,0.0,0.0,16.211483893855924,12.515166600545248,12.071354835264144,13.599335109888438,63.83548387096774,0.0,0.0,8,3,20.325533294677733,4.114049400821809,20.325533294677733,4.114049400821809,20.197322722404234,3.98583882854831,17.1775665918986,0.9660826980426762,0.38636363636363635,0.5333333333333333,0.6590909090909091,0.13425925925925927,0.0,0.3676094276094276,low
2019-08-01,Chennai,Iron Ore,18.00706438864431,59.10387096774193,0.0,0.0,0.4838709677419355,True,0.0,0.0,16.211483893855924,12.515166600545248,12.071354835264144,13.599335109888438,63.83548387096774,0.0,0.0,8,3,20.325533294677733,4.114049400821809,20.325533294677733,4.114049400821809,20.197322722404234,3.98583882854831,17.1775665918986,0.9660826980426762,0.38636363636363635,0.5333333333333333,0.6590909090909091,0.13425925925925927,0.0,0.3676094276094276,low
2019-08-01,Dhamra,Bulk Minerals & Ores,18.00706438864431,59.10387096774193,0.0,0.0,0.0,False,18281.30000000001,1.0,16.211483893855924,12.515166600545248,12.071354835264144,13.599335109888438,63.83548387096774,20542.889999999992,-0.14568973171518151,8,3,20.325533294677733,4.114049400821809,20.325533294677733,4.114049400821809,20.197322722404234,3.98583882854831,17.1775665918986,0.9660826980426762,0.38636363636363635,0.5333333333333333,0.6590909090909091,0.5,1.0,0.5407575757575758,medium
2019-08-01,Dhamra,Coal,18.00706438864431,59.10387096774193,0.0,0.0,0.0,False,0.0,0.0,16.211483893855924,12.515166600545248,12.071354835264144,13.599335109888438,63.83548387096774,0.0,0.0,8,3,20.325533294677733,4.114049400821809,20.325533294677733,4.114049400821809,20.197322722404234,3.98583882854831,17.1775665918986,0.9660826980426762,0.38636363636363635,0.5333333333333333,0.6590909090909091,0.5,1.0,0.5407575757575758,medium
2019-08-01,Dhamra,Iron Ore,18.00706438864431,59.10387096774193,0.0,0.0,0.0,False,0.0,0.0,16.211483893855924,12.515166600545248,12.071354835264144,13.599335109888438,63.83548387096774,0.0,0.0,8,3,20.325533294677733,4.114049400821809,20.325533294677733,4.114049400821809,20.197322722404234,3.98583882854831,17.1775665918986,0.9660826980426762,0.38636363636363635,0.5333333333333333,0.6590909090909091,0.5,1.0,0.5407575757575758,medium
2019-08-01,Gangavaram,Bulk Minerals & Ores,18.00706438864431,59.10387096774193,0.0,0.0,0.0,False,18281.30000000001,1.0,16.211483893855924,12.515166600545248,12.071354835264144,13.599335109888438,63.83548387096774,20542.889999999992,-0.14568973171518151,8,3,20.325533294677733,4.114049400821809,20.325533294677733,4.114049400821809,20.197322722404234,3.98583882854831,17.1775665918986,0.9660826980426762,0.38636363636363635,0.5333333333333333,0.6590909090909091,0.5,1.0,0.5407575757575758,medium
2019-08-01,Gangavaram,Coal,18.00706438864431,59.10387096774193,0.0,0.0,0.0,False,0.0,0.0,16.211483893855924,12.515166600545248,12.071354835264144,13.599335109888438,63.83548387096774,0.0,0.0,8,3,20.325533294677733,4.114049400821809,20.325533294677733,4.114049400821809,20.197322722404234,3.98583882854831,17.1775665918986,0.9660826980426762,0.38636363636363635,0.5333333333333333,0.6590909090909091,0.5,1.0,0.5407575757575758,medium
2019-08-01,Gangavaram,Iron Ore,18.00706438864431,59.10387096774193,0.0,0.0,0.0,False,0.0,0.0,16.211483893855924,12.515166600545248,12.071354835264144,13.599335109888438,63.83548387096774,0.0,0.0,8,3,20.325533294677733,4.114049400821809,20.325533294677733,4.114049400821809,20.197322722404234,3.98583882854831,17.1775665918986,0.9660826980426762,0.38636363636363635,0.5333333333333333,0.6590909090909091,0.5,1.0,0.5407575757575758,medium
2019-08-01,Gopalpur,Bulk Minerals & Ores,18.00706438864431,59.10387096774193,0.0,0.0,0.0,False,18281.30000000001,1.0,16.211483893855924,12.515166600545248,12.071354835264144,13.599335109888438,63.83548387096774,20542.889999999992,-0.14568973171518151,8,3,20.325533294677733,4.114049400821809,20.325533294677733,4.114049400821809,20.197322722404234,3.98583882854831,17.1775665918986,0.9660826980426762,0.38636363636363635,0.5333333333333333,0.6590909090909091,0.5,1.0,0.5407575757575758,medium
2019-08-01,Gopalpur,Coal,18.00706438864431,59.10387096774193,0.0,0.0,0.0,False,0.0,0.0,16.211483893855924,12.515166600545248,12.071354835264144,13.599335109888438,63.83548387096774,0.0,0.0,8,3,20.325533294677733,4.114049400821809,20.325533294677733,4.114049400821809,20.197322722404234,3.98583882854831,17.1775665918986,0.9660826980426762,0.38636363636363635,0.5333333333333333,0.6590909090909091,0.5,1.0,0.5407575757575758,medium
2019-08-01,Gopalpur,Iron Ore,18.00706438864431,59.10387096774193,0.0,0.0,0.0,False,0.0,0.0,16.211483893855924,12.515166600545248,12.071354835264144,13.599335109888438,63.83548387096774,0.0,0.0,8,3,20.325533294677733,4.114049400821809,20.325533294677733,4.114049400821809,20.197322722404234,3.98583882854831,17.1775665918986,0.9660826980426762,0.38636363636363635,0.5333333333333333,0.6590909090909091,0.5,1.0,0.5407575757575758,medium
2019-08-01,Haldia,Bulk Minerals & Ores,18.00706438864431,59.10387096774193,31155.851919887766,2449.4158862970467,1.967741935483871,True,18281.30000000001,1.0,16.211483893855924,12.515166600545248,12.071354835264144,13.599335109888438,63.83548387096774,20542.889999999992,-0.14568973171518151,8,3,20.325533294677733,4.114049400821809,20.325533294677733,4.114049400821809,20.197322722404234,3.98583882854831,17.1775665918986,0.9660826980426762,0.38636363636363635,0.5333333333333333,0.6590909090909091,0.5694444444444444,0.0,0.45464646464646463,medium
2019-08-01,Haldia,Coal,18.00706438864431,59.10387096774193,31155.851919887766,2449.4158862970467,1.967741935483871,True,0.0,0.0,16.211483893855924,12.515166600545248,12.071354835264144,13.599335109888438,63.83548387096774,0.0,0.0,8,3,20.325533294677733,4.114049400821809,20.325533294677733,4.114049400821809,20.197322722404234,3.98583882854831,17.1775665918986,0.9660826980426762,0.38636363636363635,0.5333333333333333,0.6590909090909091,0.5694444444444444,0.0,0.45464646464646463,medium
2019-08-01,Haldia,Iron Ore,18.00706438864431,59.10387096774193,31155.851919887766,2449.4158862970467,1.967741935483871,True,0.0,0.0,16.211483893855924,12.515166600545248,12.071354835264144,13.599335109888438,63.83548387096774,0.0,0.0,8,3,20.325533294677733,4.114049400821809,20.325533294677733,4.114049400821809,20.197322722404234,3.98583882854831,17.1775665918986,0.9660826980426762,0.38636363636363635,0.5333333333333333,0.6590909090909091,0.5694444444444444,0.0,0.45464646464646463,medium
2019-08-01,Kamarajar,Bulk Minerals & Ores,18.00706438864431,59.10387096774193,19094.394408254975,0.0,0.8064516129032258,True,18281.30000000001,1.0,16.211483893855924,12.515166600545248,12.071354835264144,13.599335109888438,63.83548387096774,20542.889999999992,-0.14568973171518151,8,3,20.325533294677733,4.114049400821809,20.325533294677733,4.114049400821809,20.197322722404234,3.98583882854831,17.1775665918986,0.9660826980426762,0.38636363636363635,0.5333333333333333,0.6590909090909091,0.3055555555555556,0.0,0.4018686868686869,low
2019-08-01,Kamarajar,Coal,18.00706438864431,59.10387096774193,19094.394408254975,0.0,0.8064516129032258,True,0.0,0.0,16.211483893855924,12.515166600545248,12.071354835264144,13.599335109888438,63.83548387096774,0.0,0.0,8,3,20.325533294677733,4.114049400821809,20.325533294677733,4.114049400821809,20.197322722404234,3.98583882854831,17.1775665918986,0.9660826980426762,0.38636363636363635,0.5333333333333333,0.6590909090909091,0.3055555555555556,0.0,0.4018686868686869,low
2019-08-01,Kamarajar,Iron Ore,18.00706438864431,59.10387096774193,19094.394408254975,0.0,0.8064516129032258,True,0.0,0.0,16.211483893855924,12.515166600545248,12.071354835264144,13.599335109888438,63.83548387096774,0.0,0.0,8,3,20.325533294677733,4.114049400821809,20.325533294677733,4.114049400821809,20.197322722404234,3.98583882854831,17.1775665918986,0.9660826980426762,0.38636363636363635,0.5333333333333333,0.6590909090909091,0.3055555555555556,0.0,0.4018686868686869,low
2019-08-01,Paradip,Bulk Minerals & Ores,18.00706438864431,59.10387096774193,27872.3017285851,40261.610427032916,2.4193548387096775,True,18281.30000000001,1.0,16.211483893855924,12.515166600545248,12.071354835264144,13.599335109888438,63.83548387096774,20542.889999999992,-0.14568973171518151,8,3,20.325533294677733,4.114049400821809,20.325533294677733,4.114049400821809,20.197322722404234,3.98583882854831,17.1775665918986,0.9660826980426762,0.38636363636363635,0.5333333333333333,0.6590909090909091,0.6944444444444444,0.0,0.47964646464646465,medium
2019-08-01,Paradip,Coal,18.00706438864431,59.10387096774193,27872.3017285851,40261.610427032916,2.4193548387096775,True,0.0,0.0,16.211483893855924,12.515166600545248,12.071354835264144,13.599335109888438,63.83548387096774,0.0,0.0,8,3,20.325533294677733,4.114049400821809,20.325533294677733,4.114049400821809,20.197322722404234,3.98583882854831,17.1775665918986,0.9660826980426762,0.38636363636363635,0.5333333333333333,0.6590909090909091,0.6944444444444444,0.0,0.47964646464646465,medium
2019-08-01,Paradip,Iron Ore,18.00706438864431,59.10387096774193,27872.3017285851,40261.610427032916,2.4193548387096775,True,0.0,0.0,16.211483893855924,12.515166600545248,12.071354835264144,13.599335109888438,63.83548387096774,0.0,0.0,8,3,20.325533294677733,4.114049400821809,20.325533294677733,4.114049400821809,20.197322722404234,3.98583882854831,17.1775665918986,0.9660826980426762,0.38636363636363635,0.5333333333333333,0.6590909090909091,0.6944444444444444,0.0,0.47964646464646465,medium
2019-08-01,Sagar Sandheads,Bulk Minerals & Ores,18.00706438864431,59.10387096774193,0.0,0.0,0.0,False,18281.30000000001,1.0,16.211483893855924,12.515166600545248,12.071354835264144,13.599335109888438,63.83548387096774,20542.889999999992,-0.14568973171518151,8,3,20.325533294677733,4.114049400821809,20.325533294677733,4.114049400821809,20.197322722404234,3.98583882854831,17.1775665918986,0.9660826980426762,0.38636363636363635,0.5333333333333333,0.6590909090909091,0.5,1.0,0.5407575757575758,medium
2019-08-01,Sagar Sandheads,Coal,18.00706438864431,59.10387096774193,0.0,0.0,0.0,False,0.0,0.0,16.211483893855924,12.515166600545248,12.071354835264144,13.599335109888438,63.83548387096774,0.0,0.0,8,3,20.325533294677733,4.114049400821809,20.325533294677733,4.114049400821809,20.197322722404234,3.98583882854831,17.1775665918986,0.9660826980426762,0.38636363636363635,0.5333333333333333,0.6590909090909091,0.5,1.0,0.5407575757575758,medium
2019-08-01,Sagar Sandheads,Iron Ore,18.00706438864431,59.10387096774193,0.0,0.0,0.0,False,0.0,0.0,16.211483893855924,12.515166600545248,12.071354835264144,13.599335109888438,63.83548387096774,0.0,0.0,8,3,20.325533294677733,4.114049400821809,20.325533294677733,4.114049400821809,20.197322722404234,3.98583882854831,17.1775665918986,0.9660826980426762,0.38636363636363635,0.5333333333333333,0.6590909090909091,0.5,1.0,0.5407575757575758,medium
2019-08-01,Tuticorin,Bulk Minerals & Ores,18.00706438864431,59.10387096774193,26687.61498688181,0.0,1.2903225806451613,True,18281.30000000001,1.0,16.211483893855924,12.515166600545248,12.071354835264144,13.599335109888438,63.83548387096774,20542.889999999992,-0.14568973171518151,8,3,20.325533294677733,4.114049400821809,20.325533294677733,4.114049400821809,20.197322722404234,3.98583882854831,17.1775665918986,0.9660826980426762,0.38636363636363635,0.5333333333333333,0.6590909090909091,0.5,0.0,0.4407575757575758,medium
2019-08-01,Tuticorin,Coal,18.00706438864431,59.10387096774193,26687.61498688181,0.0,1.2903225806451613,True,0.0,0.0,16.211483893855924,12.515166600545248,12.071354835264144,13.599335109888438,63.83548387096774,0.0,0.0,8,3,20.325533294677733,4.114049400821809,20.325533294677733,4.114049400821809,20.197322722404234,3.98583882854831,17.1775665918986,0.9660826980426762,0.38636363636363635,0.5333333333333333,0.6590909090909091,0.5,0.0,0.4407575757575758,medium
2019-08-01,Tuticorin,Iron Ore,18.00706438864431,59.10387096774193,26687.61498688181,0.0,1.2903225806451613,True,0.0,0.0,16.211483893855924,12.515166600545248,12.071354835264144,13.599335109888438,63.83548387096774,0.0,0.0,8,3,20.325533294677733,4.114049400821809,20.325533294677733,4.114049400821809,20.197322722404234,3.98583882854831,17.1775665918986,0.9660826980426762,0.38636363636363635,0.5333333333333333,0.6590909090909091,0.5,0.0,0.4407575757575758,medium
2019-08-01,Visakhapatnam,Bulk Minerals & Ores,18.00706438864431,59.10387096774193,43523.96505655259,19709.035102444155,2.2903225806451615,True,18281.30000000001,1.0,16.211483893855924,12.515166600545248,12.071354835264144,13.599335109888438,63.83548387096774,20542.889999999992,-0.14568973171518151,8,3,20.325533294677733,4.114049400821809,20.325533294677733,4.114049400821809,20.197322722404234,3.98583882854831,17.1775665918986,0.9660826980426762,0.38636363636363635,0.5333333333333333,0.6590909090909091,0.6435185185185185,0.0,0.46946127946127947,medium
2019-08-01,Visakhapatnam,Coal,18.00706438864431,59.10387096774193,43523.96505655259,19709.035102444155,2.2903225806451615,True,0.0,0.0,16.211483893855924,12.515166600545248,12.071354835264144,13.599335109888438,63.83548387096774,0.0,0.0,8,3,20.325533294677733,4.114049400821809,20.325533294677733,4.114049400821809,20.197322722404234,3.98583882854831,17.1775665918986,0.9660826980426762,0.38636363636363635,0.5333333333333333,0.6590909090909091,0.6435185185185185,0.0,0.46946127946127947,medium
2019-08-01,Visakhapatnam,Iron Ore,18.00706438864431,59.10387096774193,43523.96505655259,19709.035102444155,2.2903225806451615,True,0.0,0.0,16.211483893855924,12.515166600545248,12.071354835264144,13.599335109888438,63.83548387096774,0.0,0.0,8,3,20.325533294677733,4.114049400821809,20.325533294677733,4.114049400821809,20.197322722404234,3.98583882854831,17.1775665918986,0.9660826980426762,0.38636363636363635,0.5333333333333333,0.6590909090909091,0.6435185185185185,0.0,0.46946127946127947,medium
2019-09-01,Chennai,Bulk Minerals & Ores,20.325533294677733,62.696000000000005,0.0,0.0,0.7333333333333333,True,16632.53999999999,1.0,18.00706438864431,16.211483893855924,12.515166600545248,15.57790496101516,59.10387096774193,18281.30000000001,-0.20213122673138206,9,3,20.197322722404234,2.1902583337599246,20.197322722404234,2.1902583337599246,17.1775665918986,-0.8294977967457093,16.589645262687437,-1.4174191259568723,0.20454545454545456,0.5555555555555556,0.5909090909090909,0.26851851851851855,0.0,0.3250420875420875,low
2019-09-01,Chennai,Coal,20.325533294677733,62.696000000000005,0.0,0.0,0.7333333333333333,True,0.0,0.0,18.00706438864431,16.211483893855924,12.515166600545248,15.57790496101516,59.10387096774193,0.0,0.0,9,3,20.197322722404234,2.1902583337599246,20.197322722404234,2.1902583337599246,17.1775665918986,-0.8294977967457093,16.589645262687437,-1.4174191259568723,0.20454545454545456,0.5555555555555556,0.5909090909090909,0.26851851851851855,0.0,0.3250420875420875,low
2019-09-01,Chennai,Iron Ore,20.325533294677733,62.696000000000005,0.0,0.0,0.7333333333333333,True,0.0,0.0,18.00706438864431,16.211483893855924,12.515166600545248,15.57790496101516,59.10387096774193,0.0,0.0,9,3,20.197322722404234,2.1902583337599246,20.197322722404234,2.1902583337599246,17.1775665918986,-0.8294977967457093,16.589645262687437,-1.4174191259568723,0.20454545454545456,0.5555555555555556,0.5909090909090909,0.26851851851851855,0.0,0.3250420875420875,low
2019-09-01,Dhamra,Bulk Minerals & Ores,20.325533294677733,62.696000000000005,0.0,0.0,0.0,False,16632.53999999999,1.0,18.00706438864431,16.211483893855924,12.515166600545248,15.57790496101516,59.10387096774193,18281.30000000001,-0.20213122673138206,9,3,20.197322722404234,2.1902583337599246,20.197322722404234,2.1902583337599246,17.1775665918986,-0.8294977967457093,16.589645262687437,-1.4174191259568723,0.20454545454545456,0.5555555555555556,0.5909090909090909,0.5,1.0,0.4713383838383838,medium
2019-09-01,Dhamra,Coal,20.325533294677733,62.696000000000005,0.0,0.0,0.0,False,0.0,0.0,18.00706438864431,16.211483893855924,12.515166600545248,15.57790496101516,59.10387096774193,0.0,0.0,9,3,20.197322722404234,2.1902583337599246,20.197322722404234,2.1902583337599246,17.1775665918986,-0.8294977967457093,16.589645262687437,-1.4174191259568723,0.20454545454545456,0.5555555555555556,0.5909090909090909,0.5,1.0,0.4713383838383838,medium
2019-09-01,Dhamra,Iron Ore,20.325533294677733,62.696000000000005,0.0,0.0,0.0,False,0.0,0.0,18.00706438864431,16.211483893855924,12.515166600545248,15.57790496101516,59.10387096774193,0.0,0.0,9,3,20.197322722404234,2.1902583337599246,20.197322722404234,2.1902583337599246,17.1775665918986,-0.8294977967457093,16.589645262687437,-1.4174191259568723,0.20454545454545456,0.5555555555555556,0.5909090909090909,0.5,1.0,0.4713383838383838,medium
2019-09-01,Gangavaram,Bulk Minerals & Ores,20.325533294677733,62.696000000000005,0.0,0.0,0.0,False,16632.53999999999,1.0,18.00706438864431,16.211483893855924,12.515166600545248,15.57790496101516,59.10387096774193,18281.30000000001,-0.20213122673138206,9,3,20.197322722404234,2.1902583337599246,20.197322722404234,2.1902583337599246,17.1775665918986,-0.8294977967457093,16.589645262687437,-1.4174191259568723,0.20454545454545456,0.5555555555555556,0.5909090909090909,0.5,1.0,0.4713383838383838,medium
2019-09-01,Gangavaram,Coal,20.325533294677733,62.696000000000005,0.0,0.0,0.0,False,0.0,0.0,18.00706438864431,16.211483893855924,12.515166600545248,15.57790496101516,59.10387096774193,0.0,0.0,9,3,20.197322722404234,2.1902583337599246,20.197322722404234,2.1902583337599246,17.1775665918986,-0.8294977967457093,16.589645262687437,-1.4174191259568723,0.20454545454545456,0.5555555555555556,0.5909090909090909,0.5,1.0,0.4713383838383838,medium
2019-09-01,Gangavaram,Iron Ore,20.325533294677733,62.696000000000005,0.0,0.0,0.0,False,0.0,0.0,18.00706438864431,16.211483893855924,12.515166600545248,15.57790496101516,59.10387096774193,0.0,0.0,9,3,20.197322722404234,2.1902583337599246,20.197322722404234,2.1902583337599246,17.1775665918986,-0.8294977967457093,16.589645262687437,-1.4174191259568723,0.20454545454545456,0.5555555555555556,0.5909090909090909,0.5,1.0,0.4713383838383838,medium
2019-09-01,Gopalpur,Bulk Minerals & Ores,20.325533294677733,62.696000000000005,0.0,0.0,0.0,False,16632.53999999999,1.0,18.00706438864431,16.211483893855924,12.515166600545248,15.57790496101516,59.10387096774193,18281.30000000001,-0.20213122673138206,9,3,20.197322722404234,2.1902583337599246,20.197322722404234,2.1902583337599246,17.1775665918986,-0.8294977967457093,16.589645262687437,-1.4174191259568723,0.20454545454545456,0.5555555555555556,0.5909090909090909,0.5,1.0,0.4713383838383838,medium
2019-09-01,Gopalpur,Coal,20.325533294677733,62.696000000000005,0.0,0.0,0.0,False,0.0,0.0,18.00706438864431,16.211483893855924,12.515166600545248,15.57790496101516,59.10387096774193,0.0,0.0,9,3,20.197322722404234,2.1902583337599246,20.197322722404234,2.1902583337599246,17.1775665918986,-0.8294977967457093,16.589645262687437,-1.4174191259568723,0.20454545454545456,0.5555555555555556,0.5909090909090909,0.5,1.0,0.4713383838383838,medium
2019-09-01,Gopalpur,Iron Ore,20.325533294677733,62.696000000000005,0.0,0.0,0.0,False,0.0,0.0,18.00706438864431,16.211483893855924,12.515166600545248,15.57790496101516,59.10387096774193,0.0,0.0,9,3,20.197322722404234,2.1902583337599246,20.197322722404234,2.1902583337599246,17.1775665918986,-0.8294977967457093,16.589645262687437,-1.4174191259568723,0.20454545454545456,0.5555555555555556,0.5909090909090909,0.5,1.0,0.4713383838383838,medium
2019-09-01,Haldia,Bulk Minerals & Ores,20.325533294677733,62.696000000000005,36771.912179595936,1202.4195511224318,1.5666666666666667,True,16632.53999999999,1.0,18.00706438864431,16.211483893855924,12.515166600545248,15.57790496101516,59.10387096774193,18281.30000000001,-0.20213122673138206,9,3,20.197322722404234,2.1902583337599246,20.197322722404234,2.1902583337599246,17.1775665918986,-0.8294977967457093,16.589645262687437,-1.4174191259568723,0.20454545454545456,0.5555555555555556,0.5909090909090909,0.5231481481481481,0.0,0.37596801346801345,low
2019-09-01,Haldia,Coal,20.325533294677733,62.696000000000005,36771.912179595936,1202.4195511224318,1.5666666666666667,True,0.0,0.0,18.00706438864431,16.211483893855924,12.515166600545248,15.57790496101516,59.10387096774193,0.0,0.0,9,3,20.197322722404234,2.1902583337599246,20.197322722404234,2.1902583337599246,17.1775665918986,-0.8294977967457093,16.589645262687437,-1.4174191259568723,0.20454545454545456,0.5555555555555556,0.5909090909090909,0.5231481481481481,0.0,0.37596801346801345,low
2019-09-01,Haldia,Iron Ore,20.325533294677733,62.696000000000005,36771.912179595936,1202.4195511224318,1.5666666666666667,True,0.0,0.0,18.00706438864431,16.211483893855924,12.515166600545248,15.57790496101516,59.10387096774193,0.0,0.0,9,3,20.197322722404234,2.1902583337599246,20.197322722404234,2.1902583337599246,17.1775665918986,-0.8294977967457093,16.589645262687437,-1.4174191259568723,0.20454545454545456,0.5555555555555556,0.5909090909090909,0.5231481481481481,0.0,0.37596801346801345,low
2019-09-01,Kamarajar,Bulk Minerals & Ores,20.325533294677733,62.696000000000005,26148.0097491012,0.0,0.8,True,16632.53999999999,1.0,18.00706438864431,16.211483893855924,12.515166600545248,15.57790496101516,59.10387096774193,18281.30000000001,-0.20213122673138206,9,3,20.197322722404234,2.1902583337599246,20.197322722404234,2.1902583337599246,17.1775665918986,-0.8294977967457093,16.589645262687437,-1.4174191259568723,0.20454545454545456,0.5555555555555556,0.5909090909090909,0.28703703703703703,0.0,0.32874579124579123,low
2019-09-01,Kamarajar,Coal,20.325533294677733,62.696000000000005,26148.0097491012,0.0,0.8,True,0.0,0.0,18.00706438864431,16.211483893855924,12.515166600545248,15.57790496101516,59.10387096774193,0.0,0.0,9,3,20.197322722404234,2.1902583337599246,20.197322722404234,2.1902583337599246,17.1775665918986,-0.8294977967457093,16.589645262687437,-1.4174191259568723,0.20454545454545456,0.5555555555555556,0.5909090909090909,0.28703703703703703,0.0,0.32874579124579123,low
2019-09-01,Kamarajar,Iron Ore,20.325533294677733,62.696000000000005,26148.0097491012,0.0,0.8,True,0.0,0.0,18.00706438864431,16.211483893855924,12.515166600545248,15.57790496101516,59.10387096774193,0.0,0.0,9,3,20.197322722404234,2.1902583337599246,20.197322722404234,2.1902583337599246,17.1775665918986,-0.8294977967457093,16.589645262687437,-1.4174191259568723,0.20454545454545456,0.5555555555555556,0.5909090909090909,0.28703703703703703,0.0,0.32874579124579123,low
2019-09-01,Paradip,Bulk Minerals & Ores,20.325533294677733,62.696000000000005,29687.294291827428,20518.744864367825,2.033333333333333,True,16632.53999999999,1.0,18.00706438864431,16.211483893855924,12.515166600545248,15.57790496101516,59.10387096774193,18281.30000000001,-0.20213122673138206,9,3,20.197322722404234,2.1902583337599246,20.197322722404234,2.1902583337599246,17.1775665918986,-0.8294977967457093,16.589645262687437,-1.4174191259568723,0.20454545454545456,0.5555555555555556,0.5909090909090909,0.5879629629629629,0.0,0.3889309764309764,low
2019-09-01,Paradip,Coal,20.325533294677733,62.696000000000005,29687.294291827428,20518.744864367825,2.033333333333333,True,0.0,0.0,18.00706438864431,16.211483893855924,12.515166600545248,15.57790496101516,59.10387096774193,0.0,0.0,9,3,20.197322722404234,2.1902583337599246,20.197322722404234,2.1902583337599246,17.1775665918986,-0.8294977967457093,16.589645262687437,-1.4174191259568723,0.20454545454545456,0.5555555555555556,0.5909090909090909,0.5879629629629629,0.0,0.3889309764309764,low
2019-09-01,Paradip,Iron Ore,20.325533294677733,62.696000000000005,29687.294291827428,20518.744864367825,2.033333333333333,True,0.0,0.0,18.00706438864431,16.211483893855924,12.515166600545248,15.57790496101516,59.10387096774193,0.0,0.0,9,3,20.197322722404234,2.1902583337599246,20.197322722404234,2.1902583337599246,17.1775665918986,-0.8294977967457093,16.589645262687437,-1.4174191259568723,0.20454545454545456,0.5555555555555556,0.5909090909090909,0.5879629629629629,0.0,0.3889309764309764,low
2019-09-01,Sagar Sandheads,Bulk Minerals & Ores,20.325533294677733,62.696000000000005,0.0,0.0,0.0,False,16632.53999999999,1.0,18.00706438864431,16.211483893855924,12.515166600545248,15.57790496101516,59.10387096774193,18281.30000000001,-0.20213122673138206,9,3,20.197322722404234,2.1902583337599246,20.197322722404234,2.1902583337599246,17.1775665918986,-0.8294977967457093,16.589645262687437,-1.4174191259568723,0.20454545454545456,0.5555555555555556,0.5909090909090909,0.5,1.0,0.4713383838383838,medium
2019-09-01,Sagar Sandheads,Coal,20.325533294677733,62.696000000000005,0.0,0.0,0.0,False,0.0,0.0,18.00706438864431,16.211483893855924,12.515166600545248,15.57790496101516,59.10387096774193,0.0,0.0,9,3,20.197322722404234,2.1902583337599246,20.197322722404234,2.1902583337599246,17.1775665918986,-0.8294977967457093,16.589645262687437,-1.4174191259568723,0.20454545454545456,0.5555555555555556,0.5909090909090909,0.5,1.0,0.4713383838383838,medium
2019-09-01,Sagar Sandheads,Iron Ore,20.325533294677733,62.696000000000005,0.0,0.0,0.0,False,0.0,0.0,18.00706438864431,16.211483893855924,12.515166600545248,15.57790496101516,59.10387096774193,0.0,0.0,9,3,20.197322722404234,2.1902583337599246,20.197322722404234,2.1902583337599246,17.1775665918986,-0.8294977967457093,16.589645262687437,-1.4174191259568723,0.20454545454545456,0.5555555555555556,0.5909090909090909,0.5,1.0,0.4713383838383838,medium
2019-09-01,Tuticorin,Bulk Minerals & Ores,20.325533294677733,62.696000000000005,25632.330401381423,0.0,0.9333333333333333,True,16632.53999999999,1.0,18.00706438864431,16.211483893855924,12.515166600545248,15.57790496101516,59.10387096774193,18281.30000000001,-0.20213122673138206,9,3,20.197322722404234,2.1902583337599246,20.197322722404234,2.1902583337599246,17.1775665918986,-0.8294977967457093,16.589645262687437,-1.4174191259568723,0.20454545454545456,0.5555555555555556,0.5909090909090909,0.37037037037037035,0.0,0.3454124579124579,low
2019-09-01,Tuticorin,Coal,20.325533294677733,62.696000000000005,25632.330401381423,0.0,0.9333333333333333,True,0.0,0.0,18.00706438864431,16.211483893855924,12.515166600545248,15.57790496101516,59.10387096774193,0.0,0.0,9,3,20.197322722404234,2.1902583337599246,20.197322722404234,2.1902583337599246,17.1775665918986,-0.8294977967457093,16.589645262687437,-1.4174191259568723,0.20454545454545456,0.5555555555555556,0.5909090909090909,0.37037037037037035,0.0,0.3454124579124579,low
2019-09-01,Tuticorin,Iron Ore,20.325533294677733,62.696000000000005,25632.330401381423,0.0,0.9333333333333333,True,0.0,0.0,18.00706438864431,16.211483893855924,12.515166600545248,15.57790496101516,59.10387096774193,0.0,0.0,9,3,20.197322722404234,2.1902583337599246,20.197322722404234,2.1902583337599246,17.1775665918986,-0.8294977967457093,16.589645262687437,-1.4174191259568723,0.20454545454545456,0.5555555555555556,0.5909090909090909,0.37037037037037035,0.0,0.3454124579124579,low
2019-09-01,Visakhapatnam,Bulk Minerals & Ores,20.325533294677733,62.696000000000005,54512.53055936649,13160.04027610794,3.1333333333333333,True,16632.53999999999,1.0,18.00706438864431,16.211483893855924,12.515166600545248,15.57790496101516,59.10387096774193,18281.30000000001,-0.20213122673138206,9,3,20.197322722404234,2.1902583337599246,20.197322722404234,2.1902583337599246,17.1775665918986,-0.8294977967457093,16.589645262687437,-1.4174191259568723,0.20454545454545456,0.5555555555555556,0.5909090909090909,0.8888888888888888,0.0,0.44911616161616164,medium
2019-09-01,Visakhapatnam,Coal,20.325533294677733,62.696000000000005,54512.53055936649,13160.04027610794,3.1333333333333333,True,0.0,0.0,18.00706438864431,16.211483893855924,12.515166600545248,15.57790496101516,59.10387096774193,0.0,0.0,9,3,20.197322722404234,2.1902583337599246,20.197322722404234,2.1902583337599246,17.1775665918986,-0.8294977967457093,16.589645262687437,-1.4174191259568723,0.20454545454545456,0.5555555555555556,0.5909090909090909,0.8888888888888888,0.0,0.44911616161616164,medium
2019-09-01,Visakhapatnam,Iron Ore,20.325533294677733,62.696000000000005,54512.53055936649,13160.04027610794,3.1333333333333333,True,0.0,0.0,18.00706438864431,16.211483893855924,12.515166600545248,15.57790496101516,59.10387096774193,0.0,0.0,9,3,20.197322722404234,2.1902583337599246,20.197322722404234,2.1902583337599246,17.1775665918986,-0.8294977967457093,16.589645262687437,-1.4174191259568723,0.20454545454545456,0.5555555555555556,0.5909090909090909,0.8888888888888888,0.0,0.44911616161616164,medium
2019-10-01,Chennai,Bulk Minerals & Ores,20.197322722404234,59.899354838709684,0.0,0.0,0.41935483870967744,True,16477.03,1.0,20.325533294677733,18.00706438864431,16.211483893855924,18.18136052572599,62.696000000000005,16632.53999999999,-0.313423898821777,10,4,17.1775665918986,-3.147966702779133,17.1775665918986,-3.147966702779133,16.589645262687437,-3.735888031990296,12.224612912824076,-8.100920381853657,0.6363636363636364,0.044444444444444446,0.1590909090909091,0.1111111111111111,0.0,0.27770202020202017,low
2019-10-01,Chennai,Coal,20.197322722404234,59.899354838709684,0.0,0.0,0.41935483870967744,True,0.0,0.0,20.325533294677733,18.00706438864431,16.211483893855924,18.18136052572599,62.696000000000005,0.0,0.0,10,4,17.1775665918986,-3.147966702779133,17.1775665918986,-3.147966702779133,16.589645262687437,-3.735888031990296,12.224612912824076,-8.100920381853657,0.6363636363636364,0.044444444444444446,0.1590909090909091,0.1111111111111111,0.0,0.27770202020202017,low
2019-10-01,Chennai,Iron Ore,20.197322722404234,59.899354838709684,0.0,0.0,0.41935483870967744,True,0.0,0.0,20.325533294677733,18.00706438864431,16.211483893855924,18.18136052572599,62.696000000000005,0.0,0.0,10,4,17.1775665918986,-3.147966702779133,17.1775665918986,-3.147966702779133,16.589645262687437,-3.735888031990296,12.224612912824076,-8.100920381853657,0.6363636363636364,0.044444444444444446,0.1590909090909091,0.1111111111111111,0.0,0.27770202020202017,low
2019-10-01,Dhamra,Bulk Minerals & Ores,20.197322722404234,59.899354838709684,0.0,0.0,0.0,False,16477.03,1.0,20.325533294677733,18.00706438864431,16.211483893855924,18.18136052572599,62.696000000000005,16632.53999999999,-0.313423898821777,10,4,17.1775665918986,-3.147966702779133,17.1775665918986,-3.147966702779133,16.589645262687437,-3.735888031990296,12.224612912824076,-8.100920381853657,0.6363636363636364,0.044444444444444446,0.1590909090909091,0.5,1.0,0.455479797979798,medium
2019-10-01,Dhamra,Coal,20.197322722404234,59.899354838709684,0.0,0.0,0.0,False,0.0,0.0,20.325533294677733,18.00706438864431,16.211483893855924,18.18136052572599,62.696000000000005,0.0,0.0,10,4,17.1775665918986,-3.147966702779133,17.1775665918986,-3.147966702779133,16.589645262687437,-3.735888031990296,12.224612912824076,-8.100920381853657,0.6363636363636364,0.044444444444444446,0.1590909090909091,0.5,1.0,0.455479797979798,medium
2019-10-01,Dhamra,Iron Ore,20.197322722404234,59.899354838709684,0.0,0.0,0.0,False,0.0,0.0,20.325533294677733,18.00706438864431,16.211483893855924,18.18136052572599,62.696000000000005,0.0,0.0,10,4,17.1775665918986,-3.147966702779133,17.1775665918986,-3.147966702779133,16.589645262687437,-3.735888031990296,12.224612912824076,-8.100920381853657,0.6363636363636364,0.044444444444444446,0.1590909090909091,0.5,1.0,0.455479797979798,medium
2019-10-01,Gangavaram,Bulk Minerals & Ores,20.197322722404234,59.899354838709684,0.0,0.0,0.0,False,16477.03,1.0,20.325533294677733,18.00706438864431,16.211483893855924,18.18136052572599,62.696000000000005,16632.53999999999,-0.313423898821777,10,4,17.1775665918986,-3.147966702779133,17.1775665918986,-3.147966702779133,16.589645262687437,-3.735888031990296,12.224612912824076,-8.100920381853657,0.6363636363636364,0.044444444444444446,0.1590909090909091,0.5,1.0,0.455479797979798,medium
2019-10-01,Gangavaram,Coal,20.197322722404234,59.899354838709684,0.0,0.0,0.0,False,0.0,0.0,20.325533294677733,18.00706438864431,16.211483893855924,18.18136052572599,62.696000000000005,0.0,0.0,10,4,17.1775665918986,-3.147966702779133,17.1775665918986,-3.147966702779133,16.589645262687437,-3.735888031990296,12.224612912824076,-8.100920381853657,0.6363636363636364,0.044444444444444446,0.1590909090909091,0.5,1.0,0.455479797979798,medium
2019-10-01,Gangavaram,Iron Ore,20.197322722404234,59.899354838709684,0.0,0.0,0.0,False,0.0,0.0,20.325533294677733,18.00706438864431,16.211483893855924,18.18136052572599,62.696000000000005,0.0,0.0,10,4,17.1775665918986,-3.147966702779133,17.1775665918986,-3.147966702779133,16.589645262687437,-3.735888031990296,12.224612912824076,-8.100920381853657,0.6363636363636364,0.044444444444444446,0.1590909090909091,0.5,1.0,0.455479797979798,medium
2019-10-01,Gopalpur,Bulk Minerals & Ores,20.197322722404234,59.899354838709684,0.0,0.0,0.0,False,16477.03,1.0,20.325533294677733,18.00706438864431,16.211483893855924,18.18136052572599,62.696000000000005,16632.53999999999,-0.313423898821777,10,4,17.1775665918986,-3.147966702779133,17.1775665918986,-3.147966702779133,16.589645262687437,-3.735888031990296,12.224612912824076,-8.100920381853657,0.6363636363636364,0.044444444444444446,0.1590909090909091,0.5,1.0,0.455479797979798,medium
2019-10-01,Gopalpur,Coal,20.197322722404234,59.899354838709684,0.0,0.0,0.0,False,0.0,0.0,20.325533294677733,18.00706438864431,16.211483893855924,18.18136052572599,62.696000000000005,0.0,0.0,10,4,17.1775665918986,-3.147966702779133,17.1775665918986,-3.147966702779133,16.589645262687437,-3.735888031990296,12.224612912824076,-8.100920381853657,0.6363636363636364,0.044444444444444446,0.1590909090909091,0.5,1.0,0.455479797979798,medium
2019-10-01,Gopalpur,Iron Ore,20.197322722404234,59.899354838709684,0.0,0.0,0.0,False,0.0,0.0,20.325533294677733,18.00706438864431,16.211483893855924,18.18136052572599,62.696000000000005,0.0,0.0,10,4,17.1775665918986,-3.147966702779133,17.1775665918986,-3.147966702779133,16.589645262687437,-3.735888031990296,12.224612912824076,-8.100920381853657,0.6363636363636364,0.044444444444444446,0.1590909090909091,0.5,1.0,0.455479797979798,medium
2019-10-01,Haldia,Bulk Minerals & Ores,20.197322722404234,59.899354838709684,23610.147054950572,2671.6889057364956,1.4838709677419355,True,16477.03,1.0,20.325533294677733,18.00706438864431,16.211483893855924,18.18136052572599,62.696000000000005,16632.53999999999,-0.313423898821777,10,4,17.1775665918986,-3.147966702779133,17.1775665918986,-3.147966702779133,16.589645262687437,-3.735888031990296,12.224612912824076,-8.100920381853657,0.6363636363636364,0.044444444444444446,0.1590909090909091,0.5185185185185185,0.0,0.35918350168350166,low
2019-10-01,Haldia,Coal,20.197322722404234,59.899354838709684,23610.147054950572,2671.6889057364956,1.4838709677419355,True,0.0,0.0,20.325533294677733,18.00706438864431,16.211483893855924,18.18136052572599,62.696000000000005,0.0,0.0,10,4,17.1775665918986,-3.147966702779133,17.1775665918986,-3.147966702779133,16.589645262687437,-3.735888031990296,12.224612912824076,-8.100920381853657,0.6363636363636364,0.044444444444444446,0.1590909090909091,0.5185185185185185,0.0,0.35918350168350166,low
2019-10-01,Haldia,Iron Ore,20.197322722404234,59.899354838709684,23610.147054950572,2671.6889057364956,1.4838709677419355,True,0.0,0.0,20.325533294677733,18.00706438864431,16.211483893855924,18.18136052572599,62.696000000000005,0.0,0.0,10,4,17.1775665918986,-3.147966702779133,17.1775665918986,-3.147966702779133,16.589645262687437,-3.735888031990296,12.224612912824076,-8.100920381853657,0.6363636363636364,0.044444444444444446,0.1590909090909091,0.5185185185185185,0.0,0.35918350168350166,low
2019-10-01,Kamarajar,Bulk Minerals & Ores,20.197322722404234,59.899354838709684,23917.663131636375,0.0,0.7096774193548387,True,16477.03,1.0,20.325533294677733,18.00706438864431,16.211483893855924,18.18136052572599,62.696000000000005,16632.53999999999,-0.313423898821777,10,4,17.1775665918986,-3.147966702779133,17.1775665918986,-3.147966702779133,16.589645262687437,-3.735888031990296,12.224612912824076,-8.100920381853657,0.6363636363636364,0.044444444444444446,0.1590909090909091,0.25,0.0,0.30547979797979796,low
2019-10-01,Kamarajar,Coal,20.197322722404234,59.899354838709684,23917.663131636375,0.0,0.7096774193548387,True,0.0,0.0,20.325533294677733,18.00706438864431,16.211483893855924,18.18136052572599,62.696000000000005,0.0,0.0,10,4,17.1775665918986,-3.147966702779133,17.1775665918986,-3.147966702779133,16.589645262687437,-3.735888031990296,12.224612912824076,-8.100920381853657,0.6363636363636364,0.044444444444444446,0.1590909090909091,0.25,0.0,0.30547979797979796,low
2019-10-01,Kamarajar,Iron Ore,20.197322722404234,59.899354838709684,23917.663131636375,0.0,0.7096774193548387,True,0.0,0.0,20.325533294677733,18.00706438864431,16.211483893855924,18.18136052572599,62.696000000000005,0.0,0.0,10,4,17.1775665918986,-3.147966702779133,17.1775665918986,-3.147966702779133,16.589645262687437,-3.735888031990296,12.224612912824076,-8.100920381853657,0.6363636363636364,0.044444444444444446,0.1590909090909091,0.25,0.0,0.30547979797979796,low
2019-10-01,Paradip,Bulk Minerals & Ores,20.197322722404234,59.899354838709684,17092.414082232048,29632.322905911387,1.935483870967742,True,16477.03,1.0,20.325533294677733,18.00706438864431,16.211483893855924,18.18136052572599,62.696000000000005,16632.53999999999,-0.313423898821777,10,4,17.1775665918986,-3.147966702779133,17.1775665918986,-3.147966702779133,16.589645262687437,-3.735888031990296,12.224612912824076,-8.100920381853657,0.6363636363636364,0.044444444444444446,0.1590909090909091,0.5648148148148148,0.0,0.36844276094276096,low
2019-10-01,Paradip,Coal,20.197322722404234,59.899354838709684,17092.414082232048,29632.322905911387,1.935483870967742,True,0.0,0.0,20.325533294677733,18.00706438864431,16.211483893855924,18.18136052572599,62.696000000000005,0.0,0.0,10,4,17.1775665918986,-3.147966702779133,17.1775665918986,-3.147966702779133,16.589645262687437,-3.735888031990296,12.224612912824076,-8.100920381853657,0.6363636363636364,0.044444444444444446,0.1590909090909091,0.5648148148148148,0.0,0.36844276094276096,low
2019-10-01,Paradip,Iron Ore,20.197322722404234,59.899354838709684,17092.414082232048,29632.322905911387,1.935483870967742,True,0.0,0.0,20.325533294677733,18.00706438864431,16.211483893855924,18.18136052572599,62.696000000000005,0.0,0.0,10,4,17.1775665918986,-3.147966702779133,17.1775665918986,-3.147966702779133,16.589645262687437,-3.735888031990296,12.224612912824076,-8.100920381853657,0.6363636363636364,0.044444444444444446,0.1590909090909091,0.5648148148148148,0.0,0.36844276094276096,low
2019-10-01,Sagar Sandheads,Bulk Minerals & Ores,20.197322722404234,59.899354838709684,0.0,0.0,0.0,False,16477.03,1.0,20.325533294677733,18.00706438864431,16.211483893855924,18.18136052572599,62.696000000000005,16632.53999999999,-0.313423898821777,10,4,17.1775665918986,-3.147966702779133,17.1775665918986,-3.147966702779133,16.589645262687437,-3.735888031990296,12.224612912824076,-8.100920381853657,0.6363636363636364,0.044444444444444446,0.1590909090909091,0.5,1.0,0.455479797979798,medium
2019-10-01,Sagar Sandheads,Coal,20.197322722404234,59.899354838709684,0.0,0.0,0.0,False,0.0,0.0,20.325533294677733,18.00706438864431,16.211483893855924,18.18136052572599,62.696000000000005,0.0,0.0,10,4,17.1775665918986,-3.147966702779133,17.1775665918986,-3.147966702779133,16.589645262687437,-3.735888031990296,12.224612912824076,-8.100920381853657,0.6363636363636364,0.044444444444444446,0.1590909090909091,0.5,1.0,0.455479797979798,medium
2019-10-01,Sagar Sandheads,Iron Ore,20.197322722404234,59.899354838709684,0.0,0.0,0.0,False,0.0,0.0,20.325533294677733,18.00706438864431,16.211483893855924,18.18136052572599,62.696000000000005,0.0,0.0,10,4,17.1775665918986,-3.147966702779133,17.1775665918986,-3.147966702779133,16.589645262687437,-3.735888031990296,12.224612912824076,-8.100920381853657,0.6363636363636364,0.044444444444444446,0.1590909090909091,0.5,1.0,0.455479797979798,medium
2019-10-01,Tuticorin,Bulk Minerals & Ores,20.197322722404234,59.899354838709684,27810.904261072206,0.0,1.0,True,16477.03,1.0,20.325533294677733,18.00706438864431,16.211483893855924,18.18136052572599,62.696000000000005,16632.53999999999,-0.313423898821777,10,4,17.1775665918986,-3.147966702779133,17.1775665918986,-3.147966702779133,16.589645262687437,-3.735888031990296,12.224612912824076,-8.100920381853657,0.6363636363636364,0.044444444444444446,0.1590909090909091,0.4398148148148148,0.0,0.34344276094276094,low
2019-10-01,Tuticorin,Coal,20.197322722404234,59.899354838709684,27810.904261072206,0.0,1.0,True,0.0,0.0,20.325533294677733,18.00706438864431,16.211483893855924,18.18136052572599,62.696000000000005,0.0,0.0,10,4,17.1775665918986,-3.147966702779133,17.1775665918986,-3.147966702779133,16.589645262687437,-3.735888031990296,12.224612912824076,-8.100920381853657,0.6363636363636364,0.044444444444444446,0.1590909090909091,0.4398148148148148,0.0,0.34344276094276094,low
2019-10-01,Tuticorin,Iron Ore,20.197322722404234,59.899354838709684,27810.904261072206,0.0,1.0,True,0.0,0.0,20.325533294677733,18.00706438864431,16.211483893855924,18.18136052572599,62.696000000000005,0.0,0.0,10,4,17.1775665918986,-3.147966702779133,17.1775665918986,-3.147966702779133,16.589645262687437,-3.735888031990296,12.224612912824076,-8.100920381853657,0.6363636363636364,0.044444444444444446,0.1590909090909091,0.4398148148148148,0.0,0.34344276094276094,low
2019-10-01,Visakhapatnam,Bulk Minerals & Ores,20.197322722404234,59.899354838709684,43153.67049377521,11743.354761099059,2.4516129032258065,True,16477.03,1.0,20.325533294677733,18.00706438864431,16.211483893855924,18.18136052572599,62.696000000000005,16632.53999999999,-0.313423898821777,10,4,17.1775665918986,-3.147966702779133,17.1775665918986,-3.147966702779133,16.589645262687437,-3.735888031990296,12.224612912824076,-8.100920381853657,0.6363636363636364,0.044444444444444446,0.1590909090909091,0.7037037037037037,0.0,0.39622053872053875,low
2019-10-01,Visakhapatnam,Coal,20.197322722404234,59.899354838709684,43153.67049377521,11743.354761099059,2.4516129032258065,True,0.0,0.0,20.325533294677733,18.00706438864431,16.211483893855924,18.18136052572599,62.696000000000005,0.0,0.0,10,4,17.1775665918986,-3.147966702779133,17.1775665918986,-3.147966702779133,16.589645262687437,-3.735888031990296,12.224612912824076,-8.100920381853657,0.6363636363636364,0.044444444444444446,0.1590909090909091,0.7037037037037037,0.0,0.39622053872053875,low
2019-10-01,Visakhapatnam,Iron Ore,20.197322722404234,59.899354838709684,43153.67049377521,11743.354761099059,2.4516129032258065,True,0.0,0.0,20.325533294677733,18.00706438864431,16.211483893855924,18.18136052572599,62.696000000000005,0.0,0.0,10,4,17.1775665918986,-3.147966702779133,17.1775665918986,-3.147966702779133,16.589645262687437,-3.735888031990296,12.224612912824076,-8.100920381853657,0.6363636363636364,0.044444444444444446,0.1590909090909091,0.7037037037037037,0.0,0.39622053872053875,low
2019-11-01,Chennai,Bulk Minerals & Ores,17.1775665918986,63.08633333333333,0.0,0.0,0.3,True,17659.650000000005,1.0,20.197322722404234,20.325533294677733,18.00706438864431,19.509973468575424,59.899354838709684,16477.03,-0.22455674591918096,11,4,16.589645262687437,-3.607677459716797,16.589645262687437,-3.607677459716797,12.224612912824076,-7.972709809580158,9.047517381865402,-11.149805340538832,0.22727272727272727,0.6222222222222222,0.5,0.06481481481481481,0.0,0.29195286195286196,low
2019-11-01,Chennai,Coal,17.1775665918986,63.08633333333333,0.0,0.0,0.3,True,0.0,0.0,20.197322722404234,20.325533294677733,18.00706438864431,19.509973468575424,59.899354838709684,0.0,0.0,11,4,16.589645262687437,-3.607677459716797,16.589645262687437,-3.607677459716797,12.224612912824076,-7.972709809580158,9.047517381865402,-11.149805340538832,0.22727272727272727,0.6222222222222222,0.5,0.06481481481481481,0.0,0.29195286195286196,low
2019-11-01,Chennai,Iron Ore,17.1775665918986,63.08633333333333,0.0,0.0,0.3,True,0.0,0.0,20.197322722404234,20.325533294677733,18.00706438864431,19.509973468575424,59.899354838709684,0.0,0.0,11,4,16.589645262687437,-3.607677459716797,16.589645262687437,-3.607677459716797,12.224612912824076,-7.972709809580158,9.047517381865402,-11.149805340538832,0.22727272727272727,0.6222222222222222,0.5,0.06481481481481481,0.0,0.29195286195286196,low
2019-11-01,Dhamra,Bulk Minerals & Ores,17.1775665918986,63.08633333333333,0.0,0.0,0.0,False,17659.650000000005,1.0,20.197322722404234,20.325533294677733,18.00706438864431,19.509973468575424,59.899354838709684,16477.03,-0.22455674591918096,11,4,16.589645262687437,-3.607677459716797,16.589645262687437,-3.607677459716797,12.224612912824076,-7.972709809580158,9.047517381865402,-11.149805340538832,0.22727272727272727,0.6222222222222222,0.5,0.5,1.0,0.47898989898989897,medium
2019-11-01,Dhamra,Coal,17.1775665918986,63.08633333333333,0.0,0.0,0.0,False,0.0,0.0,20.197322722404234,20.325533294677733,18.00706438864431,19.509973468575424,59.899354838709684,0.0,0.0,11,4,16.589645262687437,-3.607677459716797,16.589645262687437,-3.607677459716797,12.224612912824076,-7.972709809580158,9.047517381865402,-11.149805340538832,0.22727272727272727,0.6222222222222222,0.5,0.5,1.0,0.47898989898989897,medium
2019-11-01,Dhamra,Iron Ore,17.1775665918986,63.08633333333333,0.0,0.0,0.0,False,0.0,0.0,20.197322722404234,20.325533294677733,18.00706438864431,19.509973468575424,59.899354838709684,0.0,0.0,11,4,16.589645262687437,-3.607677459716797,16.589645262687437,-3.607677459716797,12.224612912824076,-7.972709809580158,9.047517381865402,-11.149805340538832,0.22727272727272727,0.6222222222222222,0.5,0.5,1.0,0.47898989898989897,medium
2019-11-01,Gangavaram,Bulk Minerals & Ores,17.1775665918986,63.08633333333333,0.0,0.0,0.0,False,17659.650000000005,1.0,20.197322722404234,20.325533294677733,18.00706438864431,19.509973468575424,59.899354838709684,16477.03,-0.22455674591918096,11,4,16.589645262687437,-3.607677459716797,16.589645262687437,-3.607677459716797,12.224612912824076,-7.972709809580158,9.047517381865402,-11.149805340538832,0.22727272727272727,0.6222222222222222,0.5,0.5,1.0,0.47898989898989897,medium
2019-11-01,Gangavaram,Coal,17.1775665918986,63.08633333333333,0.0,0.0,0.0,False,0.0,0.0,20.197322722404234,20.325533294677733,18.00706438864431,19.509973468575424,59.899354838709684,0.0,0.0,11,4,16.589645262687437,-3.607677459716797,16.589645262687437,-3.607677459716797,12.224612912824076,-7.972709809580158,9.047517381865402,-11.149805340538832,0.22727272727272727,0.6222222222222222,0.5,0.5,1.0,0.47898989898989897,medium
2019-11-01,Gangavaram,Iron Ore,17.1775665918986,63.08633333333333,0.0,0.0,0.0,False,0.0,0.0,20.197322722404234,20.325533294677733,18.00706438864431,19.509973468575424,59.899354838709684,0.0,0.0,11,4,16.589645262687437,-3.607677459716797,16.589645262687437,-3.607677459716797,12.224612912824076,-7.972709809580158,9.047517381865402,-11.149805340538832,0.22727272727272727,0.6222222222222222,0.5,0.5,1.0,0.47898989898989897,medium
2019-11-01,Gopalpur,Bulk Minerals & Ores,17.1775665918986,63.08633333333333,0.0,0.0,0.0,False,17659.650000000005,1.0,20.197322722404234,20.325533294677733,18.00706438864431,19.509973468575424,59.899354838709684,16477.03,-0.22455674591918096,11,4,16.589645262687437,-3.607677459716797,16.589645262687437,-3.607677459716797,12.224612912824076,-7.972709809580158,9.047517381865402,-11.149805340538832,0.22727272727272727,0.6222222222222222,0.5,0.5,1.0,0.47898989898989897,medium
2019-11-01,Gopalpur,Coal,17.1775665918986,63.08633333333333,0.0,0.0,0.0,False,0.0,0.0,20.197322722404234,20.325533294677733,18.00706438864431,19.509973468575424,59.899354838709684,0.0,0.0,11,4,16.589645262687437,-3.607677459716797,16.589645262687437,-3.607677459716797,12.224612912824076,-7.972709809580158,9.047517381865402,-11.149805340538832,0.22727272727272727,0.6222222222222222,0.5,0.5,1.0,0.47898989898989897,medium
2019-11-01,Gopalpur,Iron Ore,17.1775665918986,63.08633333333333,0.0,0.0,0.0,False,0.0,0.0,20.197322722404234,20.325533294677733,18.00706438864431,19.509973468575424,59.899354838709684,0.0,0.0,11,4,16.589645262687437,-3.607677459716797,16.589645262687437,-3.607677459716797,12.224612912824076,-7.972709809580158,9.047517381865402,-11.149805340538832,0.22727272727272727,0.6222222222222222,0.5,0.5,1.0,0.47898989898989897,medium
2019-11-01,Haldia,Bulk Minerals & Ores,17.1775665918986,63.08633333333333,26329.713688428168,2916.5381555999675,1.9,True,17659.650000000005,1.0,20.197322722404234,20.325533294677733,18.00706438864431,19.509973468575424,59.899354838709684,16477.03,-0.22455674591918096,11,4,16.589645262687437,-3.607677459716797,16.589645262687437,-3.607677459716797,12.224612912824076,-7.972709809580158,9.047517381865402,-11.149805340538832,0.22727272727272727,0.6222222222222222,0.5,0.5555555555555556,0.0,0.3901010101010101,low
2019-11-01,Haldia,Coal,17.1775665918986,63.08633333333333,26329.713688428168,2916.5381555999675,1.9,True,0.0,0.0,20.197322722404234,20.325533294677733,18.00706438864431,19.509973468575424,59.899354838709684,0.0,0.0,11,4,16.589645262687437,-3.607677459716797,16.589645262687437,-3.607677459716797,12.224612912824076,-7.972709809580158,9.047517381865402,-11.149805340538832,0.22727272727272727,0.6222222222222222,0.5,0.5555555555555556,0.0,0.3901010101010101,low
2019-11-01,Haldia,Iron Ore,17.1775665918986,63.08633333333333,26329.713688428168,2916.5381555999675,1.9,True,0.0,0.0,20.197322722404234,20.325533294677733,18.00706438864431,19.509973468575424,59.899354838709684,0.0,0.0,11,4,16.589645262687437,-3.607677459716797,16.589645262687437,-3.607677459716797,12.224612912824076,-7.972709809580158,9.047517381865402,-11.149805340538832,0.22727272727272727,0.6222222222222222,0.5,0.5555555555555556,0.0,0.3901010101010101,low
2019-11-01,Kamarajar,Bulk Minerals & Ores,17.1775665918986,63.08633333333333,11381.311561704373,0.0,0.5333333333333333,True,17659.650000000005,1.0,20.197322722404234,20.325533294677733,18.00706438864431,19.509973468575424,59.899354838709684,16477.03,-0.22455674591918096,11,4,16.589645262687437,-3.607677459716797,16.589645262687437,-3.607677459716797,12.224612912824076,-7.972709809580158,9.047517381865402,-11.149805340538832,0.22727272727272727,0.6222222222222222,0.5,0.17592592592592593,0.0,0.3141750841750842,low
2019-11-01,Kamarajar,Coal,17.1775665918986,63.08633333333333,11381.311561704373,0.0,0.5333333333333333,True,0.0,0.0,20.197322722404234,20.325533294677733,18.00706438864431,19.509973468575424,59.899354838709684,0.0,0.0,11,4,16.589645262687437,-3.607677459716797,16.589645262687437,-3.607677459716797,12.224612912824076,-7.972709809580158,9.047517381865402,-11.149805340538832,0.22727272727272727,0.6222222222222222,0.5,0.17592592592592593,0.0,0.3141750841750842,low
2019-11-01,Kamarajar,Iron Ore,17.1775665918986,63.08633333333333,11381.311561704373,0.0,0.5333333333333333,True,0.0,0.0,20.197322722404234,20.325533294677733,18.00706438864431,19.509973468575424,59.899354838709684,0.0,0.0,11,4,16.589645262687437,-3.607677459716797,16.589645262687437,-3.607677459716797,12.224612912824076,-7.972709809580158,9.047517381865402,-11.149805340538832,0.22727272727272727,0.6222222222222222,0.5,0.17592592592592593,0.0,0.3141750841750842,low
2019-11-01,Paradip,Bulk Minerals & Ores,17.1775665918986,63.08633333333333,22758.036213278632,33413.145693169165,2.3,True,17659.650000000005,1.0,20.197322722404234,20.325533294677733,18.00706438864431,19.509973468575424,59.899354838709684,16477.03,-0.22455674591918096,11,4,16.589645262687437,-3.607677459716797,16.589645262687437,-3.607677459716797,12.224612912824076,-7.972709809580158,9.047517381865402,-11.149805340538832,0.22727272727272727,0.6222222222222222,0.5,0.6481481481481481,0.0,0.40861952861952866,low
2019-11-01,Paradip,Coal,17.1775665918986,63.08633333333333,22758.036213278632,33413.145693169165,2.3,True,0.0,0.0,20.197322722404234,20.325533294677733,18.00706438864431,19.509973468575424,59.899354838709684,0.0,0.0,11,4,16.589645262687437,-3.607677459716797,16.589645262687437,-3.607677459716797,12.224612912824076,-7.972709809580158,9.047517381865402,-11.149805340538832,0.22727272727272727,0.6222222222222222,0.5,0.6481481481481481,0.0,0.40861952861952866,low
2019-11-01,Paradip,Iron Ore,17.1775665918986,63.08633333333333,22758.036213278632,33413.145693169165,2.3,True,0.0,0.0,20.197322722404234,20.325533294677733,18.00706438864431,19.509973468575424,59.899354838709684,0.0,0.0,11,4,16.589645262687437,-3.607677459716797,16.589645262687437,-3.607677459716797,12.224612912824076,-7.972709809580158,9.047517381865402,-11.149805340538832,0.22727272727272727,0.6222222222222222,0.5,0.6481481481481481,0.0,0.40861952861952866,low
2019-11-01,Sagar Sandheads,Bulk Minerals & Ores,17.1775665918986,63.08633333333333,0.0,0.0,0.0,False,17659.650000000005,1.0,20.197322722404234,20.325533294677733,18.00706438864431,19.509973468575424,59.899354838709684,16477.03,-0.22455674591918096,11,4,16.589645262687437,-3.607677459716797,16.589645262687437,-3.607677459716797,12.224612912824076,-7.972709809580158,9.047517381865402,-11.149805340538832,0.22727272727272727,0.6222222222222222,0.5,0.5,1.0,0.47898989898989897,medium
2019-11-01,Sagar Sandheads,Coal,17.1775665918986,63.08633333333333,0.0,0.0,0.0,False,0.0,0.0,20.197322722404234,20.325533294677733,18.00706438864431,19.509973468575424,59.899354838709684,0.0,0.0,11,4,16.589645262687437,-3.607677459716797,16.589645262687437,-3.607677459716797,12.224612912824076,-7.972709809580158,9.047517381865402,-11.149805340538832,0.22727272727272727,0.6222222222222222,0.5,0.5,1.0,0.47898989898989897,medium
2019-11-01,Sagar Sandheads,Iron Ore,17.1775665918986,63.08633333333333,0.0,0.0,0.0,False,0.0,0.0,20.197322722404234,20.325533294677733,18.00706438864431,19.509973468575424,59.899354838709684,0.0,0.0,11,4,16.589645262687437,-3.607677459716797,16.589645262687437,-3.607677459716797,12.224612912824076,-7.972709809580158,9.047517381865402,-11.149805340538832,0.22727272727272727,0.6222222222222222,0.5,0.5,1.0,0.47898989898989897,medium
2019-11-01,Tuticorin,Bulk Minerals & Ores,17.1775665918986,63.08633333333333,24738.425772188482,0.0,1.0333333333333334,True,17659.650000000005,1.0,20.197322722404234,20.325533294677733,18.00706438864431,19.509973468575424,59.899354838709684,16477.03,-0.22455674591918096,11,4,16.589645262687437,-3.607677459716797,16.589645262687437,-3.607677459716797,12.224612912824076,-7.972709809580158,9.047517381865402,-11.149805340538832,0.22727272727272727,0.6222222222222222,0.5,0.44907407407407407,0.0,0.3688047138047138,low
2019-11-01,Tuticorin,Coal,17.1775665918986,63.08633333333333,24738.425772188482,0.0,1.0333333333333334,True,0.0,0.0,20.197322722404234,20.325533294677733,18.00706438864431,19.509973468575424,59.899354838709684,0.0,0.0,11,4,16.589645262687437,-3.607677459716797,16.589645262687437,-3.607677459716797,12.224612912824076,-7.972709809580158,9.047517381865402,-11.149805340538832,0.22727272727272727,0.6222222222222222,0.5,0.44907407407407407,0.0,0.3688047138047138,low
2019-11-01,Tuticorin,Iron Ore,17.1775665918986,63.08633333333333,24738.425772188482,0.0,1.0333333333333334,True,0.0,0.0,20.197322722404234,20.325533294677733,18.00706438864431,19.509973468575424,59.899354838709684,0.0,0.0,11,4,16.589645262687437,-3.607677459716797,16.589645262687437,-3.607677459716797,12.224612912824076,-7.972709809580158,9.047517381865402,-11.149805340538832,0.22727272727272727,0.6222222222222222,0.5,0.44907407407407407,0.0,0.3688047138047138,low
2019-11-01,Visakhapatnam,Bulk Minerals & Ores,17.1775665918986,63.08633333333333,45962.50858643824,11635.908176709463,2.1333333333333333,True,17659.650000000005,1.0,20.197322722404234,20.325533294677733,18.00706438864431,19.509973468575424,59.899354838709684,16477.03,-0.22455674591918096,11,4,16.589645262687437,-3.607677459716797,16.589645262687437,-3.607677459716797,12.224612912824076,-7.972709809580158,9.047517381865402,-11.149805340538832,0.22727272727272727,0.6222222222222222,0.5,0.6111111111111112,0.0,0.40121212121212124,low
2019-11-01,Visakhapatnam,Coal,17.1775665918986,63.08633333333333,45962.50858643824,11635.908176709463,2.1333333333333333,True,0.0,0.0,20.197322722404234,20.325533294677733,18.00706438864431,19.509973468575424,59.899354838709684,0.0,0.0,11,4,16.589645262687437,-3.607677459716797,16.589645262687437,-3.607677459716797,12.224612912824076,-7.972709809580158,9.047517381865402,-11.149805340538832,0.22727272727272727,0.6222222222222222,0.5,0.6111111111111112,0.0,0.40121212121212124,low
2019-11-01,Visakhapatnam,Iron Ore,17.1775665918986,63.08633333333333,45962.50858643824,11635.908176709463,2.1333333333333333,True,0.0,0.0,20.197322722404234,20.325533294677733,18.00706438864431,19.509973468575424,59.899354838709684,0.0,0.0,11,4,16.589645262687437,-3.607677459716797,16.589645262687437,-3.607677459716797,12.224612912824076,-7.972709809580158,9.047517381865402,-11.149805340538832,0.22727272727272727,0.6222222222222222,0.5,0.6111111111111112,0.0,0.40121212121212124,low
2019-12-01,Chennai,Bulk Minerals & Ores,16.589645262687437,67.36580645161291,0.0,0.0,0.22580645161290322,True,18997.070000000003,1.0,17.1775665918986,20.197322722404234,20.325533294677733,19.233474202993524,63.08633333333333,17659.650000000005,-0.18377866506605323,12,4,12.224612912824076,-4.952953679074524,12.224612912824076,-4.952953679074524,9.047517381865402,-8.130049210033198,6.656935491869526,-10.520631100029075,0.4318181818181818,0.17777777777777778,0.4090909090909091,0.004629629629629629,0.0,0.24898148148148147,low
2019-12-01,Chennai,Coal,16.589645262687437,67.36580645161291,0.0,0.0,0.22580645161290322,True,0.0,0.0,17.1775665918986,20.197322722404234,20.325533294677733,19.233474202993524,63.08633333333333,0.0,0.0,12,4,12.224612912824076,-4.952953679074524,12.224612912824076,-4.952953679074524,9.047517381865402,-8.130049210033198,6.656935491869526,-10.520631100029075,0.4318181818181818,0.17777777777777778,0.4090909090909091,0.004629629629629629,0.0,0.24898148148148147,low
2019-12-01,Chennai,Iron Ore,16.589645262687437,67.36580645161291,0.0,0.0,0.22580645161290322,True,0.0,0.0,17.1775665918986,20.197322722404234,20.325533294677733,19.233474202993524,63.08633333333333,0.0,0.0,12,4,12.224612912824076,-4.952953679074524,12.224612912824076,-4.952953679074524,9.047517381865402,-8.130049210033198,6.656935491869526,-10.520631100029075,0.4318181818181818,0.17777777777777778,0.4090909090909091,0.004629629629629629,0.0,0.24898148148148147,low
2019-12-01,Dhamra,Bulk Minerals & Ores,16.589645262687437,67.36580645161291,0.0,0.0,0.0,False,18997.070000000003,1.0,17.1775665918986,20.197322722404234,20.325533294677733,19.233474202993524,63.08633333333333,17659.650000000005,-0.18377866506605323,12,4,12.224612912824076,-4.952953679074524,12.224612912824076,-4.952953679074524,9.047517381865402,-8.130049210033198,6.656935491869526,-10.520631100029075,0.4318181818181818,0.17777777777777778,0.4090909090909091,0.5,1.0,0.44805555555555554,medium
2019-12-01,Dhamra,Coal,16.589645262687437,67.36580645161291,0.0,0.0,0.0,False,0.0,0.0,17.1775665918986,20.197322722404234,20.325533294677733,19.233474202993524,63.08633333333333,0.0,0.0,12,4,12.224612912824076,-4.952953679074524,12.224612912824076,-4.952953679074524,9.047517381865402,-8.130049210033198,6.656935491869526,-10.520631100029075,0.4318181818181818,0.17777777777777778,0.4090909090909091,0.5,1.0,0.44805555555555554,medium
2019-12-01,Dhamra,Iron Ore,16.589645262687437,67.36580645161291,0.0,0.0,0.0,False,0.0,0.0,17.1775665918986,20.197322722404234,20.325533294677733,19.233474202993524,63.08633333333333,0.0,0.0,12,4,12.224612912824076,-4.952953679074524,12.224612912824076,-4.952953679074524,9.047517381865402,-8.130049210033198,6.656935491869526,-10.520631100029075,0.4318181818181818,0.17777777777777778,0.4090909090909091,0.5,1.0,0.44805555555555554,medium
2019-12-01,Gangavaram,Bulk Minerals & Ores,16.589645262687437,67.36580645161291,0.0,0.0,0.0,False,18997.070000000003,1.0,17.1775665918986,20.197322722404234,20.325533294677733,19.233474202993524,63.08633333333333,17659.650000000005,-0.18377866506605323,12,4,12.224612912824076,-4.952953679074524,12.224612912824076,-4.952953679074524,9.047517381865402,-8.130049210033198,6.656935491869526,-10.520631100029075,0.4318181818181818,0.17777777777777778,0.4090909090909091,0.5,1.0,0.44805555555555554,medium
2019-12-01,Gangavaram,Coal,16.589645262687437,67.36580645161291,0.0,0.0,0.0,False,0.0,0.0,17.1775665918986,20.197322722404234,20.325533294677733,19.233474202993524,63.08633333333333,0.0,0.0,12,4,12.224612912824076,-4.952953679074524,12.224612912824076,-4.952953679074524,9.047517381865402,-8.130049210033198,6.656935491869526,-10.520631100029075,0.4318181818181818,0.17777777777777778,0.4090909090909091,0.5,1.0,0.44805555555555554,medium
2019-12-01,Gangavaram,Iron Ore,16.589645262687437,67.36580645161291,0.0,0.0,0.0,False,0.0,0.0,17.1775665918986,20.197322722404234,20.325533294677733,19.233474202993524,63.08633333333333,0.0,0.0,12,4,12.224612912824076,-4.952953679074524,12.224612912824076,-4.952953679074524,9.047517381865402,-8.130049210033198,6.656935491869526,-10.520631100029075,0.4318181818181818,0.17777777777777778,0.4090909090909091,0.5,1.0,0.44805555555555554,medium
2019-12-01,Gopalpur,Bulk Minerals & Ores,16.589645262687437,67.36580645161291,0.0,0.0,0.0,False,18997.070000000003,1.0,17.1775665918986,20.197322722404234,20.325533294677733,19.233474202993524,63.08633333333333,17659.650000000005,-0.18377866506605323,12,4,12.224612912824076,-4.952953679074524,12.224612912824076,-4.952953679074524,9.047517381865402,-8.130049210033198,6.656935491869526,-10.520631100029075,0.4318181818181818,0.17777777777777778,0.4090909090909091,0.5,1.0,0.44805555555555554,medium
2019-12-01,Gopalpur,Coal,16.589645262687437,67.36580645161291,0.0,0.0,0.0,False,0.0,0.0,17.1775665918986,20.197322722404234,20.325533294677733,19.233474202993524,63.08633333333333,0.0,0.0,12,4,12.224612912824076,-4.952953679074524,12.224612912824076,-4.952953679074524,9.047517381865402,-8.130049210033198,6.656935491869526,-10.520631100029075,0.4318181818181818,0.17777777777777778,0.4090909090909091,0.5,1.0,0.44805555555555554,medium
2019-12-01,Gopalpur,Iron Ore,16.589645262687437,67.36580645161291,0.0,0.0,0.0,False,0.0,0.0,17.1775665918986,20.197322722404234,20.325533294677733,19.233474202993524,63.08633333333333,0.0,0.0,12,4,12.224612912824076,-4.952953679074524,12.224612912824076,-4.952953679074524,9.047517381865402,-8.130049210033198,6.656935491869526,-10.520631100029075,0.4318181818181818,0.17777777777777778,0.4090909090909091,0.5,1.0,0.44805555555555554,medium
2019-12-01,Haldia,Bulk Minerals & Ores,16.589645262687437,67.36580645161291,22989.47575344287,3337.739273946533,2.0,True,18997.070000000003,1.0,17.1775665918986,20.197322722404234,20.325533294677733,19.233474202993524,63.08633333333333,17659.650000000005,-0.18377866506605323,12,4,12.224612912824076,-4.952953679074524,12.224612912824076,-4.952953679074524,9.047517381865402,-8.130049210033198,6.656935491869526,-10.520631100029075,0.4318181818181818,0.17777777777777778,0.4090909090909091,0.5833333333333334,0.0,0.3647222222222222,low
2019-12-01,Haldia,Coal,16.589645262687437,67.36580645161291,22989.47575344287,3337.739273946533,2.0,True,0.0,0.0,17.1775665918986,20.197322722404234,20.325533294677733,19.233474202993524,63.08633333333333,0.0,0.0,12,4,12.224612912824076,-4.952953679074524,12.224612912824076,-4.952953679074524,9.047517381865402,-8.130049210033198,6.656935491869526,-10.520631100029075,0.4318181818181818,0.17777777777777778,0.4090909090909091,0.5833333333333334,0.0,0.3647222222222222,low
2019-12-01,Haldia,Iron Ore,16.589645262687437,67.36580645161291,22989.47575344287,3337.739273946533,2.0,True,0.0,0.0,17.1775665918986,20.197322722404234,20.325533294677733,19.233474202993524,63.08633333333333,0.0,0.0,12,4,12.224612912824076,-4.952953679074524,12.224612912824076,-4.952953679074524,9.047517381865402,-8.130049210033198,6.656935491869526,-10.520631100029075,0.4318181818181818,0.17777777777777778,0.4090909090909091,0.5833333333333334,0.0,0.3647222222222222,low
2019-12-01,Kamarajar,Bulk Minerals & Ores,16.589645262687437,67.36580645161291,22209.033732954307,0.0,0.8064516129032258,True,18997.070000000003,1.0,17.1775665918986,20.197322722404234,20.325533294677733,19.233474202993524,63.08633333333333,17659.650000000005,-0.18377866506605323,12,4,12.224612912824076,-4.952953679074524,12.224612912824076,-4.952953679074524,9.047517381865402,-8.130049210033198,6.656935491869526,-10.520631100029075,0.4318181818181818,0.17777777777777778,0.4090909090909091,0.3055555555555556,0.0,0.3091666666666667,low
2019-12-01,Kamarajar,Coal,16.589645262687437,67.36580645161291,22209.033732954307,0.0,0.8064516129032258,True,0.0,0.0,17.1775665918986,20.197322722404234,20.325533294677733,19.233474202993524,63.08633333333333,0.0,0.0,12,4,12.224612912824076,-4.952953679074524,12.224612912824076,-4.952953679074524,9.047517381865402,-8.130049210033198,6.656935491869526,-10.520631100029075,0.4318181818181818,0.17777777777777778,0.4090909090909091,0.3055555555555556,0.0,0.3091666666666667,low
2019-12-01,Kamarajar,Iron Ore,16.589645262687437,67.36580645161291,22209.033732954307,0.0,0.8064516129032258,True,0.0,0.0,17.1775665918986,20.197322722404234,20.325533294677733,19.233474202993524,63.08633333333333,0.0,0.0,12,4,12.224612912824076,-4.952953679074524,12.224612912824076,-4.952953679074524,9.047517381865402,-8.130049210033198,6.656935491869526,-10.520631100029075,0.4318181818181818,0.17777777777777778,0.4090909090909091,0.3055555555555556,0.0,0.3091666666666667,low
2019-12-01,Paradip,Bulk Minerals & Ores,16.589645262687437,67.36580645161291,36124.10497801528,28935.46083290747,2.193548387096774,True,18997.070000000003,1.0,17.1775665918986,20.197322722404234,20.325533294677733,19.233474202993524,63.08633333333333,17659.650000000005,-0.18377866506605323,12,4,12.224612912824076,-4.952953679074524,12.224612912824076,-4.952953679074524,9.047517381865402,-8.130049210033198,6.656935491869526,-10.520631100029075,0.4318181818181818,0.17777777777777778,0.4090909090909091,0.6203703703703703,0.0,0.37212962962962964,low
2019-12-01,Paradip,Coal,16.589645262687437,67.36580645161291,36124.10497801528,28935.46083290747,2.193548387096774,True,0.0,0.0,17.1775665918986,20.197322722404234,20.325533294677733,19.233474202993524,63.08633333333333,0.0,0.0,12,4,12.224612912824076,-4.952953679074524,12.224612912824076,-4.952953679074524,9.047517381865402,-8.130049210033198,6.656935491869526,-10.520631100029075,0.4318181818181818,0.17777777777777778,0.4090909090909091,0.6203703703703703,0.0,0.37212962962962964,low
2019-12-01,Paradip,Iron Ore,16.589645262687437,67.36580645161291,36124.10497801528,28935.46083290747,2.193548387096774,True,0.0,0.0,17.1775665918986,20.197322722404234,20.325533294677733,19.233474202993524,63.08633333333333,0.0,0.0,12,4,12.224612912824076,-4.952953679074524,12.224612912824076,-4.952953679074524,9.047517381865402,-8.130049210033198,6.656935491869526,-10.520631100029075,0.4318181818181818,0.17777777777777778,0.4090909090909091,0.6203703703703703,0.0,0.37212962962962964,low
2019-12-01,Sagar Sandheads,Bulk Minerals & Ores,16.589645262687437,67.36580645161291,0.0,0.0,0.0,False,18997.070000000003,1.0,17.1775665918986,20.197322722404234,20.325533294677733,19.233474202993524,63.08633333333333,17659.650000000005,-0.18377866506605323,12,4,12.224612912824076,-4.952953679074524,12.224612912824076,-4.952953679074524,9.047517381865402,-8.130049210033198,6.656935491869526,-10.520631100029075,0.4318181818181818,0.17777777777777778,0.4090909090909091,0.5,1.0,0.44805555555555554,medium
2019-12-01,Sagar Sandheads,Coal,16.589645262687437,67.36580645161291,0.0,0.0,0.0,False,0.0,0.0,17.1775665918986,20.197322722404234,20.325533294677733,19.233474202993524,63.08633333333333,0.0,0.0,12,4,12.224612912824076,-4.952953679074524,12.224612912824076,-4.952953679074524,9.047517381865402,-8.130049210033198,6.656935491869526,-10.520631100029075,0.4318181818181818,0.17777777777777778,0.4090909090909091,0.5,1.0,0.44805555555555554,medium
2019-12-01,Sagar Sandheads,Iron Ore,16.589645262687437,67.36580645161291,0.0,0.0,0.0,False,0.0,0.0,17.1775665918986,20.197322722404234,20.325533294677733,19.233474202993524,63.08633333333333,0.0,0.0,12,4,12.224612912824076,-4.952953679074524,12.224612912824076,-4.952953679074524,9.047517381865402,-8.130049210033198,6.656935491869526,-10.520631100029075,0.4318181818181818,0.17777777777777778,0.4090909090909091,0.5,1.0,0.44805555555555554,medium
2019-12-01,Tuticorin,Bulk Minerals & Ores,16.589645262687437,67.36580645161291,17452.00839981668,0.0,0.8709677419354839,True,18997.070000000003,1.0,17.1775665918986,20.197322722404234,20.325533294677733,19.233474202993524,63.08633333333333,17659.650000000005,-0.18377866506605323,12,4,12.224612912824076,-4.952953679074524,12.224612912824076,-4.952953679074524,9.047517381865402,-8.130049210033198,6.656935491869526,-10.520631100029075,0.4318181818181818,0.17777777777777778,0.4090909090909091,0.3425925925925926,0.0,0.31657407407407406,low
2019-12-01,Tuticorin,Coal,16.589645262687437,67.36580645161291,17452.00839981668,0.0,0.8709677419354839,True,0.0,0.0,17.1775665918986,20.197322722404234,20.325533294677733,19.233474202993524,63.08633333333333,0.0,0.0,12,4,12.224612912824076,-4.952953679074524,12.224612912824076,-4.952953679074524,9.047517381865402,-8.130049210033198,6.656935491869526,-10.520631100029075,0.4318181818181818,0.17777777777777778,0.4090909090909091,0.3425925925925926,0.0,0.31657407407407406,low
2019-12-01,Tuticorin,Iron Ore,16.589645262687437,67.36580645161291,17452.00839981668,0.0,0.8709677419354839,True,0.0,0.0,17.1775665918986,20.197322722404234,20.325533294677733,19.233474202993524,63.08633333333333,0.0,0.0,12,4,12.224612912824076,-4.952953679074524,12.224612912824076,-4.952953679074524,9.047517381865402,-8.130049210033198,6.656935491869526,-10.520631100029075,0.4318181818181818,0.17777777777777778,0.4090909090909091,0.3425925925925926,0.0,0.31657407407407406,low
2019-12-01,Visakhapatnam,Bulk Minerals & Ores,16.589645262687437,67.36580645161291,45841.56382749221,17090.739973665834,2.6451612903225805,True,18997.070000000003,1.0,17.1775665918986,20.197322722404234,20.325533294677733,19.233474202993524,63.08633333333333,17659.650000000005,-0.18377866506605323,12,4,12.224612912824076,-4.952953679074524,12.224612912824076,-4.952953679074524,9.047517381865402,-8.130049210033198,6.656935491869526,-10.520631100029075,0.4318181818181818,0.17777777777777778,0.4090909090909091,0.7731481481481481,0.0,0.4026851851851852,low
2019-12-01,Visakhapatnam,Coal,16.589645262687437,67.36580645161291,45841.56382749221,17090.739973665834,2.6451612903225805,True,0.0,0.0,17.1775665918986,20.197322722404234,20.325533294677733,19.233474202993524,63.08633333333333,0.0,0.0,12,4,12.224612912824076,-4.952953679074524,12.224612912824076,-4.952953679074524,9.047517381865402,-8.130049210033198,6.656935491869526,-10.520631100029075,0.4318181818181818,0.17777777777777778,0.4090909090909091,0.7731481481481481,0.0,0.4026851851851852,low
2019-12-01,Visakhapatnam,Iron Ore,16.589645262687437,67.36580645161291,45841.56382749221,17090.739973665834,2.6451612903225805,True,0.0,0.0,17.1775665918986,20.197322722404234,20.325533294677733,19.233474202993524,63.08633333333333,0.0,0.0,12,4,12.224612912824076,-4.952953679074524,12.224612912824076,-4.952953679074524,9.047517381865402,-8.130049210033198,6.656935491869526,-10.520631100029075,0.4318181818181818,0.17777777777777778,0.4090909090909091,0.7731481481481481,0.0,0.4026851851851852,low
2020-01-01,Chennai,Bulk Minerals & Ores,12.224612912824076,64.07903225806452,0.0,0.0,0.25806451612903225,True,18309.869999999988,1.0,16.589645262687437,17.1775665918986,20.197322722404234,17.988178192330093,67.36580645161291,18997.070000000003,-0.16064251873210844,1,1,9.047517381865402,-7.542127880822035,9.047517381865402,-7.542127880822035,6.656935491869526,-9.932709770817912,6.556333303451538,-10.033311959235899,0.5227272727272727,0.8222222222222222,0.7727272727272727,0.018518518518518517,0.0,0.4670117845117845,medium
2020-01-01,Chennai,Coal,12.224612912824076,64.07903225806452,0.0,0.0,0.25806451612903225,True,0.0,0.0,16.589645262687437,17.1775665918986,20.197322722404234,17.988178192330093,67.36580645161291,0.0,0.0,1,1,9.047517381865402,-7.542127880822035,9.047517381865402,-7.542127880822035,6.656935491869526,-9.932709770817912,6.556333303451538,-10.033311959235899,0.5227272727272727,0.8222222222222222,0.7727272727272727,0.018518518518518517,0.0,0.4670117845117845,medium
2020-01-01,Chennai,Iron Ore,12.224612912824076,64.07903225806452,0.0,0.0,0.25806451612903225,True,0.0,0.0,16.589645262687437,17.1775665918986,20.197322722404234,17.988178192330093,67.36580645161291,0.0,0.0,1,1,9.047517381865402,-7.542127880822035,9.047517381865402,-7.542127880822035,6.656935491869526,-9.932709770817912,6.556333303451538,-10.033311959235899,0.5227272727272727,0.8222222222222222,0.7727272727272727,0.018518518518518517,0.0,0.4670117845117845,medium
2020-01-01,Dhamra,Bulk Minerals & Ores,12.224612912824076,64.07903225806452,0.0,0.0,0.0,False,18309.869999999988,1.0,16.589645262687437,17.1775665918986,20.197322722404234,17.988178192330093,67.36580645161291,18997.070000000003,-0.16064251873210844,1,1,9.047517381865402,-7.542127880822035,9.047517381865402,-7.542127880822035,6.656935491869526,-9.932709770817912,6.556333303451538,-10.033311959235899,0.5227272727272727,0.8222222222222222,0.7727272727272727,0.5,1.0,0.6633080808080808,high
2020-01-01,Dhamra,Coal,12.224612912824076,64.07903225806452,0.0,0.0,0.0,False,0.0,0.0,16.589645262687437,17.1775665918986,20.197322722404234,17.988178192330093,67.36580645161291,0.0,0.0,1,1,9.047517381865402,-7.542127880822035,9.047517381865402,-7.542127880822035,6.656935491869526,-9.932709770817912,6.556333303451538,-10.033311959235899,0.5227272727272727,0.8222222222222222,0.7727272727272727,0.5,1.0,0.6633080808080808,high
2020-01-01,Dhamra,Iron Ore,12.224612912824076,64.07903225806452,0.0,0.0,0.0,False,0.0,0.0,16.589645262687437,17.1775665918986,20.197322722404234,17.988178192330093,67.36580645161291,0.0,0.0,1,1,9.047517381865402,-7.542127880822035,9.047517381865402,-7.542127880822035,6.656935491869526,-9.932709770817912,6.556333303451538,-10.033311959235899,0.5227272727272727,0.8222222222222222,0.7727272727272727,0.5,1.0,0.6633080808080808,high
2020-01-01,Gangavaram,Bulk Minerals & Ores,12.224612912824076,64.07903225806452,0.0,0.0,0.0,False,18309.869999999988,1.0,16.589645262687437,17.1775665918986,20.197322722404234,17.988178192330093,67.36580645161291,18997.070000000003,-0.16064251873210844,1,1,9.047517381865402,-7.542127880822035,9.047517381865402,-7.542127880822035,6.656935491869526,-9.932709770817912,6.556333303451538,-10.033311959235899,0.5227272727272727,0.8222222222222222,0.7727272727272727,0.5,1.0,0.6633080808080808,high
2020-01-01,Gangavaram,Coal,12.224612912824076,64.07903225806452,0.0,0.0,0.0,False,0.0,0.0,16.589645262687437,17.1775665918986,20.197322722404234,17.988178192330093,67.36580645161291,0.0,0.0,1,1,9.047517381865402,-7.542127880822035,9.047517381865402,-7.542127880822035,6.656935491869526,-9.932709770817912,6.556333303451538,-10.033311959235899,0.5227272727272727,0.8222222222222222,0.7727272727272727,0.5,1.0,0.6633080808080808,high
2020-01-01,Gangavaram,Iron Ore,12.224612912824076,64.07903225806452,0.0,0.0,0.0,False,0.0,0.0,16.589645262687437,17.1775665918986,20.197322722404234,17.988178192330093,67.36580645161291,0.0,0.0,1,1,9.047517381865402,-7.542127880822035,9.047517381865402,-7.542127880822035,6.656935491869526,-9.932709770817912,6.556333303451538,-10.033311959235899,0.5227272727272727,0.8222222222222222,0.7727272727272727,0.5,1.0,0.6633080808080808,high
2020-01-01,Gopalpur,Bulk Minerals & Ores,12.224612912824076,64.07903225806452,0.0,0.0,0.0,False,18309.869999999988,1.0,16.589645262687437,17.1775665918986,20.197322722404234,17.988178192330093,67.36580645161291,18997.070000000003,-0.16064251873210844,1,1,9.047517381865402,-7.542127880822035,9.047517381865402,-7.542127880822035,6.656935491869526,-9.932709770817912,6.556333303451538,-10.033311959235899,0.5227272727272727,0.8222222222222222,0.7727272727272727,0.5,1.0,0.6633080808080808,high
2020-01-01,Gopalpur,Coal,12.224612912824076,64.07903225806452,0.0,0.0,0.0,False,0.0,0.0,16.589645262687437,17.1775665918986,20.197322722404234,17.988178192330093,67.36580645161291,0.0,0.0,1,1,9.047517381865402,-7.542127880822035,9.047517381865402,-7.542127880822035,6.656935491869526,-9.932709770817912,6.556333303451538,-10.033311959235899,0.5227272727272727,0.8222222222222222,0.7727272727272727,0.5,1.0,0.6633080808080808,high
2020-01-01,Gopalpur,Iron Ore,12.224612912824076,64.07903225806452,0.0,0.0,0.0,False,0.0,0.0,16.589645262687437,17.1775665918986,20.197322722404234,17.988178192330093,67.36580645161291,0.0,0.0,1,1,9.047517381865402,-7.542127880822035,9.047517381865402,-7.542127880822035,6.656935491869526,-9.932709770817912,6.556333303451538,-10.033311959235899,0.5227272727272727,0.8222222222222222,0.7727272727272727,0.5,1.0,0.6633080808080808,high
2020-01-01,Haldia,Bulk Minerals & Ores,12.224612912824076,64.07903225806452,39618.21592203898,4492.825864288665,2.6451612903225805,True,18309.869999999988,1.0,16.589645262687437,17.1775665918986,20.197322722404234,17.988178192330093,67.36580645161291,18997.070000000003,-0.16064251873210844,1,1,9.047517381865402,-7.542127880822035,9.047517381865402,-7.542127880822035,6.656935491869526,-9.932709770817912,6.556333303451538,-10.033311959235899,0.5227272727272727,0.8222222222222222,0.7727272727272727,0.7731481481481481,0.0,0.6179377104377104,high
2020-01-01,Haldia,Coal,12.224612912824076,64.07903225806452,39618.21592203898,4492.825864288665,2.6451612903225805,True,0.0,0.0,16.589645262687437,17.1775665918986,20.197322722404234,17.988178192330093,67.36580645161291,0.0,0.0,1,1,9.047517381865402,-7.542127880822035,9.047517381865402,-7.542127880822035,6.656935491869526,-9.932709770817912,6.556333303451538,-10.033311959235899,0.5227272727272727,0.8222222222222222,0.7727272727272727,0.7731481481481481,0.0,0.6179377104377104,high
2020-01-01,Haldia,Iron Ore,12.224612912824076,64.07903225806452,39618.21592203898,4492.825864288665,2.6451612903225805,True,0.0,0.0,16.589645262687437,17.1775665918986,20.197322722404234,17.988178192330093,67.36580645161291,0.0,0.0,1,1,9.047517381865402,-7.542127880822035,9.047517381865402,-7.542127880822035,6.656935491869526,-9.932709770817912,6.556333303451538,-10.033311959235899,0.5227272727272727,0.8222222222222222,0.7727272727272727,0.7731481481481481,0.0,0.6179377104377104,high
2020-01-01,Kamarajar,Bulk Minerals & Ores,12.224612912824076,64.07903225806452,41871.76161477541,0.0,1.1935483870967742,True,18309.869999999988,1.0,16.589645262687437,17.1775665918986,20.197322722404234,17.988178192330093,67.36580645161291,18997.070000000003,-0.16064251873210844,1,1,9.047517381865402,-7.542127880822035,9.047517381865402,-7.542127880822035,6.656935491869526,-9.932709770817912,6.556333303451538,-10.033311959235899,0.5227272727272727,0.8222222222222222,0.7727272727272727,0.49537037037037035,0.0,0.5623821548821548,medium
2020-01-01,Kamarajar,Coal,12.224612912824076,64.07903225806452,41871.76161477541,0.0,1.1935483870967742,True,0.0,0.0,16.589645262687437,17.1775665918986,20.197322722404234,17.988178192330093,67.36580645161291,0.0,0.0,1,1,9.047517381865402,-7.542127880822035,9.047517381865402,-7.542127880822035,6.656935491869526,-9.932709770817912,6.556333303451538,-10.033311959235899,0.5227272727272727,0.8222222222222222,0.7727272727272727,0.49537037037037035,0.0,0.5623821548821548,medium
2020-01-01,Kamarajar,Iron Ore,12.224612912824076,64.07903225806452,41871.76161477541,0.0,1.1935483870967742,True,0.0,0.0,16.589645262687437,17.1775665918986,20.197322722404234,17.988178192330093,67.36580645161291,0.0,0.0,1,1,9.047517381865402,-7.542127880822035,9.047517381865402,-7.542127880822035,6.656935491869526,-9.932709770817912,6.556333303451538,-10.033311959235899,0.5227272727272727,0.8222222222222222,0.7727272727272727,0.49537037037037035,0.0,0.5623821548821548,medium
2020-01-01,Paradip,Bulk Minerals & Ores,12.224612912824076,64.07903225806452,21113.67725465261,44430.05312772207,2.4516129032258065,True,18309.869999999988,1.0,16.589645262687437,17.1775665918986,20.197322722404234,17.988178192330093,67.36580645161291,18997.070000000003,-0.16064251873210844,1,1,9.047517381865402,-7.542127880822035,9.047517381865402,-7.542127880822035,6.656935491869526,-9.932709770817912,6.556333303451538,-10.033311959235899,0.5227272727272727,0.8222222222222222,0.7727272727272727,0.7037037037037037,0.0,0.6040488215488216,high
2020-01-01,Paradip,Coal,12.224612912824076,64.07903225806452,21113.67725465261,44430.05312772207,2.4516129032258065,True,0.0,0.0,16.589645262687437,17.1775665918986,20.197322722404234,17.988178192330093,67.36580645161291,0.0,0.0,1,1,9.047517381865402,-7.542127880822035,9.047517381865402,-7.542127880822035,6.656935491869526,-9.932709770817912,6.556333303451538,-10.033311959235899,0.5227272727272727,0.8222222222222222,0.7727272727272727,0.7037037037037037,0.0,0.6040488215488216,high
2020-01-01,Paradip,Iron Ore,12.224612912824076,64.07903225806452,21113.67725465261,44430.05312772207,2.4516129032258065,True,0.0,0.0,16.589645262687437,17.1775665918986,20.197322722404234,17.988178192330093,67.36580645161291,0.0,0.0,1,1,9.047517381865402,-7.542127880822035,9.047517381865402,-7.542127880822035,6.656935491869526,-9.932709770817912,6.556333303451538,-10.033311959235899,0.5227272727272727,0.8222222222222222,0.7727272727272727,0.7037037037037037,0.0,0.6040488215488216,high
2020-01-01,Sagar Sandheads,Bulk Minerals & Ores,12.224612912824076,64.07903225806452,0.0,0.0,0.0,False,18309.869999999988,1.0,16.589645262687437,17.1775665918986,20.197322722404234,17.988178192330093,67.36580645161291,18997.070000000003,-0.16064251873210844,1,1,9.047517381865402,-7.542127880822035,9.047517381865402,-7.542127880822035,6.656935491869526,-9.932709770817912,6.556333303451538,-10.033311959235899,0.5227272727272727,0.8222222222222222,0.7727272727272727,0.5,1.0,0.6633080808080808,high
2020-01-01,Sagar Sandheads,Coal,12.224612912824076,64.07903225806452,0.0,0.0,0.0,False,0.0,0.0,16.589645262687437,17.1775665918986,20.197322722404234,17.988178192330093,67.36580645161291,0.0,0.0,1,1,9.047517381865402,-7.542127880822035,9.047517381865402,-7.542127880822035,6.656935491869526,-9.932709770817912,6.556333303451538,-10.033311959235899,0.5227272727272727,0.8222222222222222,0.7727272727272727,0.5,1.0,0.6633080808080808,high
2020-01-01,Sagar Sandheads,Iron Ore,12.224612912824076,64.07903225806452,0.0,0.0,0.0,False,0.0,0.0,16.589645262687437,17.1775665918986,20.197322722404234,17.988178192330093,67.36580645161291,0.0,0.0,1,1,9.047517381865402,-7.542127880822035,9.047517381865402,-7.542127880822035,6.656935491869526,-9.932709770817912,6.556333303451538,-10.033311959235899,0.5227272727272727,0.8222222222222222,0.7727272727272727,0.5,1.0,0.6633080808080808,high
2020-01-01,Tuticorin,Bulk Minerals & Ores,12.224612912824076,64.07903225806452,28118.085138684568,0.0,0.967741935483871,True,18309.869999999988,1.0,16.589645262687437,17.1775665918986,20.197322722404234,17.988178192330093,67.36580645161291,18997.070000000003,-0.16064251873210844,1,1,9.047517381865402,-7.542127880822035,9.047517381865402,-7.542127880822035,6.656935491869526,-9.932709770817912,6.556333303451538,-10.033311959235899,0.5227272727272727,0.8222222222222222,0.7727272727272727,0.41203703703703703,0.0,0.5457154882154882,medium
2020-01-01,Tuticorin,Coal,12.224612912824076,64.07903225806452,28118.085138684568,0.0,0.967741935483871,True,0.0,0.0,16.589645262687437,17.1775665918986,20.197322722404234,17.988178192330093,67.36580645161291,0.0,0.0,1,1,9.047517381865402,-7.542127880822035,9.047517381865402,-7.542127880822035,6.656935491869526,-9.932709770817912,6.556333303451538,-10.033311959235899,0.5227272727272727,0.8222222222222222,0.7727272727272727,0.41203703703703703,0.0,0.5457154882154882,medium
2020-01-01,Tuticorin,Iron Ore,12.224612912824076,64.07903225806452,28118.085138684568,0.0,0.967741935483871,True,0.0,0.0,16.589645262687437,17.1775665918986,20.197322722404234,17.988178192330093,67.36580645161291,0.0,0.0,1,1,9.047517381865402,-7.542127880822035,9.047517381865402,-7.542127880822035,6.656935491869526,-9.932709770817912,6.556333303451538,-10.033311959235899,0.5227272727272727,0.8222222222222222,0.7727272727272727,0.41203703703703703,0.0,0.5457154882154882,medium
2020-01-01,Visakhapatnam,Bulk Minerals & Ores,12.224612912824076,64.07903225806452,51259.24599358139,14711.482248942548,2.870967741935484,True,18309.869999999988,1.0,16.589645262687437,17.1775665918986,20.197322722404234,17.988178192330093,67.36580645161291,18997.070000000003,-0.16064251873210844,1,1,9.047517381865402,-7.542127880822035,9.047517381865402,-7.542127880822035,6.656935491869526,-9.932709770817912,6.556333303451538,-10.033311959235899,0.5227272727272727,0.8222222222222222,0.7727272727272727,0.8240740740740741,0.0,0.6281228956228956,high
2020-01-01,Visakhapatnam,Coal,12.224612912824076,64.07903225806452,51259.24599358139,14711.482248942548,2.870967741935484,True,0.0,0.0,16.589645262687437,17.1775665918986,20.197322722404234,17.988178192330093,67.36580645161291,0.0,0.0,1,1,9.047517381865402,-7.542127880822035,9.047517381865402,-7.542127880822035,6.656935491869526,-9.932709770817912,6.556333303451538,-10.033311959235899,0.5227272727272727,0.8222222222222222,0.7727272727272727,0.8240740740740741,0.0,0.6281228956228956,high
2020-01-01,Visakhapatnam,Iron Ore,12.224612912824076,64.07903225806452,51259.24599358139,14711.482248942548,2.870967741935484,True,0.0,0.0,16.589645262687437,17.1775665918986,20.197322722404234,17.988178192330093,67.36580645161291,0.0,0.0,1,1,9.047517381865402,-7.542127880822035,9.047517381865402,-7.542127880822035,6.656935491869526,-9.932709770817912,6.556333303451538,-10.033311959235899,0.5227272727272727,0.8222222222222222,0.7727272727272727,0.8240740740740741,0.0,0.6281228956228956,high
2020-02-01,Chennai,Bulk Minerals & Ores,9.047517381865402,55.927241379310345,0.0,0.0,0.2413793103448276,True,17518.02000000001,1.0,12.224612912824076,16.589645262687437,17.1775665918986,15.33060825580337,64.07903225806452,18309.869999999988,-0.12623056054754322,2,1,6.656935491869526,-5.56767742095455,6.656935491869526,-5.56767742095455,6.556333303451538,-5.668279609372538,4.654612918053904,-7.569999994770172,0.022727272727272728,0.8,0.9545454545454546,0.013888888888888888,0.0,0.3139141414141414,low
2020-02-01,Chennai,Coal,9.047517381865402,55.927241379310345,0.0,0.0,0.2413793103448276,True,0.0,0.0,12.224612912824076,16.589645262687437,17.1775665918986,15.33060825580337,64.07903225806452,0.0,0.0,2,1,6.656935491869526,-5.56767742095455,6.656935491869526,-5.56767742095455,6.556333303451538,-5.668279609372538,4.654612918053904,-7.569999994770172,0.022727272727272728,0.8,0.9545454545454546,0.013888888888888888,0.0,0.3139141414141414,low
2020-02-01,Chennai,Iron Ore,9.047517381865402,55.927241379310345,0.0,0.0,0.2413793103448276,True,0.0,0.0,12.224612912824076,16.589645262687437,17.1775665918986,15.33060825580337,64.07903225806452,0.0,0.0,2,1,6.656935491869526,-5.56767742095455,6.656935491869526,-5.56767742095455,6.556333303451538,-5.668279609372538,4.654612918053904,-7.569999994770172,0.022727272727272728,0.8,0.9545454545454546,0.013888888888888888,0.0,0.3139141414141414,low
2020-02-01,Dhamra,Bulk Minerals & Ores,9.047517381865402,55.927241379310345,0.0,0.0,0.0,False,17518.02000000001,1.0,12.224612912824076,16.589645262687437,17.1775665918986,15.33060825580337,64.07903225806452,18309.869999999988,-0.12623056054754322,2,1,6.656935491869526,-5.56767742095455,6.656935491869526,-5.56767742095455,6.556333303451538,-5.668279609372538,4.654612918053904,-7.569999994770172,0.022727272727272728,0.8,0.9545454545454546,0.5,1.0,0.5111363636363636,medium
2020-02-01,Dhamra,Coal,9.047517381865402,55.927241379310345,0.0,0.0,0.0,False,0.0,0.0,12.224612912824076,16.589645262687437,17.1775665918986,15.33060825580337,64.07903225806452,0.0,0.0,2,1,6.656935491869526,-5.56767742095455,6.656935491869526,-5.56767742095455,6.556333303451538,-5.668279609372538,4.654612918053904,-7.569999994770172,0.022727272727272728,0.8,0.9545454545454546,0.5,1.0,0.5111363636363636,medium
2020-02-01,Dhamra,Iron Ore,9.047517381865402,55.927241379310345,0.0,0.0,0.0,False,0.0,0.0,12.224612912824076,16.589645262687437,17.1775665918986,15.33060825580337,64.07903225806452,0.0,0.0,2,1,6.656935491869526,-5.56767742095455,6.656935491869526,-5.56767742095455,6.556333303451538,-5.668279609372538,4.654612918053904,-7.569999994770172,0.022727272727272728,0.8,0.9545454545454546,0.5,1.0,0.5111363636363636,medium
2020-02-01,Gangavaram,Bulk Minerals & Ores,9.047517381865402,55.927241379310345,0.0,0.0,0.0,False,17518.02000000001,1.0,12.224612912824076,16.589645262687437,17.1775665918986,15.33060825580337,64.07903225806452,18309.869999999988,-0.12623056054754322,2,1,6.656935491869526,-5.56767742095455,6.656935491869526,-5.56767742095455,6.556333303451538,-5.668279609372538,4.654612918053904,-7.569999994770172,0.022727272727272728,0.8,0.9545454545454546,0.5,1.0,0.5111363636363636,medium
2020-02-01,Gangavaram,Coal,9.047517381865402,55.927241379310345,0.0,0.0,0.0,False,0.0,0.0,12.224612912824076,16.589645262687437,17.1775665918986,15.33060825580337,64.07903225806452,0.0,0.0,2,1,6.656935491869526,-5.56767742095455,6.656935491869526,-5.56767742095455,6.556333303451538,-5.668279609372538,4.654612918053904,-7.569999994770172,0.022727272727272728,0.8,0.9545454545454546,0.5,1.0,0.5111363636363636,medium
2020-02-01,Gangavaram,Iron Ore,9.047517381865402,55.927241379310345,0.0,0.0,0.0,False,0.0,0.0,12.224612912824076,16.589645262687437,17.1775665918986,15.33060825580337,64.07903225806452,0.0,0.0,2,1,6.656935491869526,-5.56767742095455,6.656935491869526,-5.56767742095455,6.556333303451538,-5.668279609372538,4.654612918053904,-7.569999994770172,0.022727272727272728,0.8,0.9545454545454546,0.5,1.0,0.5111363636363636,medium
2020-02-01,Gopalpur,Bulk Minerals & Ores,9.047517381865402,55.927241379310345,0.0,0.0,0.0,False,17518.02000000001,1.0,12.224612912824076,16.589645262687437,17.1775665918986,15.33060825580337,64.07903225806452,18309.869999999988,-0.12623056054754322,2,1,6.656935491869526,-5.56767742095455,6.656935491869526,-5.56767742095455,6.556333303451538,-5.668279609372538,4.654612918053904,-7.569999994770172,0.022727272727272728,0.8,0.9545454545454546,0.5,1.0,0.5111363636363636,medium
2020-02-01,Gopalpur,Coal,9.047517381865402,55.927241379310345,0.0,0.0,0.0,False,0.0,0.0,12.224612912824076,16.589645262687437,17.1775665918986,15.33060825580337,64.07903225806452,0.0,0.0,2,1,6.656935491869526,-5.56767742095455,6.656935491869526,-5.56767742095455,6.556333303451538,-5.668279609372538,4.654612918053904,-7.569999994770172,0.022727272727272728,0.8,0.9545454545454546,0.5,1.0,0.5111363636363636,medium
2020-02-01,Gopalpur,Iron Ore,9.047517381865402,55.927241379310345,0.0,0.0,0.0,False,0.0,0.0,12.224612912824076,16.589645262687437,17.1775665918986,15.33060825580337,64.07903225806452,0.0,0.0,2,1,6.656935491869526,-5.56767742095455,6.656935491869526,-5.56767742095455,6.556333303451538,-5.668279609372538,4.654612918053904,-7.569999994770172,0.022727272727272728,0.8,0.9545454545454546,0.5,1.0,0.5111363636363636,medium
2020-02-01,Haldia,Bulk Minerals & Ores,9.047517381865402,55.927241379310345,42245.52090506664,4056.7196268388543,2.8620689655172415,True,17518.02000000001,1.0,12.224612912824076,16.589645262687437,17.1775665918986,15.33060825580337,64.07903225806452,18309.869999999988,-0.12623056054754322,2,1,6.656935491869526,-5.56767742095455,6.656935491869526,-5.56767742095455,6.556333303451538,-5.668279609372538,4.654612918053904,-7.569999994770172,0.022727272727272728,0.8,0.9545454545454546,0.8148148148148148,0.0,0.47409932659932663,medium
2020-02-01,Haldia,Coal,9.047517381865402,55.927241379310345,42245.52090506664,4056.7196268388543,2.8620689655172415,True,0.0,0.0,12.224612912824076,16.589645262687437,17.1775665918986,15.33060825580337,64.07903225806452,0.0,0.0,2,1,6.656935491869526,-5.56767742095455,6.656935491869526,-5.56767742095455,6.556333303451538,-5.668279609372538,4.654612918053904,-7.569999994770172,0.022727272727272728,0.8,0.9545454545454546,0.8148148148148148,0.0,0.47409932659932663,medium
2020-02-01,Haldia,Iron Ore,9.047517381865402,55.927241379310345,42245.52090506664,4056.7196268388543,2.8620689655172415,True,0.0,0.0,12.224612912824076,16.589645262687437,17.1775665918986,15.33060825580337,64.07903225806452,0.0,0.0,2,1,6.656935491869526,-5.56767742095455,6.656935491869526,-5.56767742095455,6.556333303451538,-5.668279609372538,4.654612918053904,-7.569999994770172,0.022727272727272728,0.8,0.9545454545454546,0.8148148148148148,0.0,0.47409932659932663,medium
2020-02-01,Kamarajar,Bulk Minerals & Ores,9.047517381865402,55.927241379310345,31420.471073454144,0.0,0.7241379310344828,True,17518.02000000001,1.0,12.224612912824076,16.589645262687437,17.1775665918986,15.33060825580337,64.07903225806452,18309.869999999988,-0.12623056054754322,2,1,6.656935491869526,-5.56767742095455,6.656935491869526,-5.56767742095455,6.556333303451538,-5.668279609372538,4.654612918053904,-7.569999994770172,0.022727272727272728,0.8,0.9545454545454546,0.2638888888888889,0.0,0.36391414141414147,low
2020-02-01,Kamarajar,Coal,9.047517381865402,55.927241379310345,31420.471073454144,0.0,0.7241379310344828,True,0.0,0.0,12.224612912824076,16.589645262687437,17.1775665918986,15.33060825580337,64.07903225806452,0.0,0.0,2,1,6.656935491869526,-5.56767742095455,6.656935491869526,-5.56767742095455,6.556333303451538,-5.668279609372538,4.654612918053904,-7.569999994770172,0.022727272727272728,0.8,0.9545454545454546,0.2638888888888889,0.0,0.36391414141414147,low
2020-02-01,Kamarajar,Iron Ore,9.047517381865402,55.927241379310345,31420.471073454144,0.0,0.7241379310344828,True,0.0,0.0,12.224612912824076,16.589645262687437,17.1775665918986,15.33060825580337,64.07903225806452,0.0,0.0,2,1,6.656935491869526,-5.56767742095455,6.656935491869526,-5.56767742095455,6.556333303451538,-5.668279609372538,4.654612918053904,-7.569999994770172,0.022727272727272728,0.8,0.9545454545454546,0.2638888888888889,0.0,0.36391414141414147,low
2020-02-01,Paradip,Bulk Minerals & Ores,9.047517381865402,55.927241379310345,40549.46358541773,41248.072536642474,2.4827586206896552,True,17518.02000000001,1.0,12.224612912824076,16.589645262687437,17.1775665918986,15.33060825580337,64.07903225806452,18309.869999999988,-0.12623056054754322,2,1,6.656935491869526,-5.56767742095455,6.656935491869526,-5.56767742095455,6.556333303451538,-5.668279609372538,4.654612918053904,-7.569999994770172,0.022727272727272728,0.8,0.9545454545454546,0.7083333333333334,0.0,0.4528030303030304,medium
2020-02-01,Paradip,Coal,9.047517381865402,55.927241379310345,40549.46358541773,41248.072536642474,2.4827586206896552,True,0.0,0.0,12.224612912824076,16.589645262687437,17.1775665918986,15.33060825580337,64.07903225806452,0.0,0.0,2,1,6.656935491869526,-5.56767742095455,6.656935491869526,-5.56767742095455,6.556333303451538,-5.668279609372538,4.654612918053904,-7.569999994770172,0.022727272727272728,0.8,0.9545454545454546,0.7083333333333334,0.0,0.4528030303030304,medium
2020-02-01,Paradip,Iron Ore,9.047517381865402,55.927241379310345,40549.46358541773,41248.072536642474,2.4827586206896552,True,0.0,0.0,12.224612912824076,16.589645262687437,17.1775665918986,15.33060825580337,64.07903225806452,0.0,0.0,2,1,6.656935491869526,-5.56767742095455,6.656935491869526,-5.56767742095455,6.556333303451538,-5.668279609372538,4.654612918053904,-7.569999994770172,0.022727272727272728,0.8,0.9545454545454546,0.7083333333333334,0.0,0.4528030303030304,medium
2020-02-01,Sagar Sandheads,Bulk Minerals & Ores,9.047517381865402,55.927241379310345,0.0,0.0,0.0,False,17518.02000000001,1.0,12.224612912824076,16.589645262687437,17.1775665918986,15.33060825580337,64.07903225806452,18309.869999999988,-0.12623056054754322,2,1,6.656935491869526,-5.56767742095455,6.656935491869526,-5.56767742095455,6.556333303451538,-5.668279609372538,4.654612918053904,-7.569999994770172,0.022727272727272728,0.8,0.9545454545454546,0.5,1.0,0.5111363636363636,medium
2020-02-01,Sagar Sandheads,Coal,9.047517381865402,55.927241379310345,0.0,0.0,0.0,False,0.0,0.0,12.224612912824076,16.589645262687437,17.1775665918986,15.33060825580337,64.07903225806452,0.0,0.0,2,1,6.656935491869526,-5.56767742095455,6.656935491869526,-5.56767742095455,6.556333303451538,-5.668279609372538,4.654612918053904,-7.569999994770172,0.022727272727272728,0.8,0.9545454545454546,0.5,1.0,0.5111363636363636,medium
2020-02-01,Sagar Sandheads,Iron Ore,9.047517381865402,55.927241379310345,0.0,0.0,0.0,False,0.0,0.0,12.224612912824076,16.589645262687437,17.1775665918986,15.33060825580337,64.07903225806452,0.0,0.0,2,1,6.656935491869526,-5.56767742095455,6.656935491869526,-5.56767742095455,6.556333303451538,-5.668279609372538,4.654612918053904,-7.569999994770172,0.022727272727272728,0.8,0.9545454545454546,0.5,1.0,0.5111363636363636,medium
2020-02-01,Tuticorin,Bulk Minerals & Ores,9.047517381865402,55.927241379310345,30730.930292607147,0.0,0.896551724137931,True,17518.02000000001,1.0,12.224612912824076,16.589645262687437,17.1775665918986,15.33060825580337,64.07903225806452,18309.869999999988,-0.12623056054754322,2,1,6.656935491869526,-5.56767742095455,6.656935491869526,-5.56767742095455,6.556333303451538,-5.668279609372538,4.654612918053904,-7.569999994770172,0.022727272727272728,0.8,0.9545454545454546,0.3472222222222222,0.0,0.3805808080808081,low
2020-02-01,Tuticorin,Coal,9.047517381865402,55.927241379310345,30730.930292607147,0.0,0.896551724137931,True,0.0,0.0,12.224612912824076,16.589645262687437,17.1775665918986,15.33060825580337,64.07903225806452,0.0,0.0,2,1,6.656935491869526,-5.56767742095455,6.656935491869526,-5.56767742095455,6.556333303451538,-5.668279609372538,4.654612918053904,-7.569999994770172,0.022727272727272728,0.8,0.9545454545454546,0.3472222222222222,0.0,0.3805808080808081,low
2020-02-01,Tuticorin,Iron Ore,9.047517381865402,55.927241379310345,30730.930292607147,0.0,0.896551724137931,True,0.0,0.0,12.224612912824076,16.589645262687437,17.1775665918986,15.33060825580337,64.07903225806452,0.0,0.0,2,1,6.656935491869526,-5.56767742095455,6.656935491869526,-5.56767742095455,6.556333303451538,-5.668279609372538,4.654612918053904,-7.569999994770172,0.022727272727272728,0.8,0.9545454545454546,0.3472222222222222,0.0,0.3805808080808081,low
2020-02-01,Visakhapatnam,Bulk Minerals & Ores,9.047517381865402,55.927241379310345,51411.384591949536,30972.86664952043,2.896551724137931,True,17518.02000000001,1.0,12.224612912824076,16.589645262687437,17.1775665918986,15.33060825580337,64.07903225806452,18309.869999999988,-0.12623056054754322,2,1,6.656935491869526,-5.56767742095455,6.656935491869526,-5.56767742095455,6.556333303451538,-5.668279609372538,4.654612918053904,-7.569999994770172,0.022727272727272728,0.8,0.9545454545454546,0.8287037037037037,0.0,0.4768771043771044,medium
2020-02-01,Visakhapatnam,Coal,9.047517381865402,55.927241379310345,51411.384591949536,30972.86664952043,2.896551724137931,True,0.0,0.0,12.224612912824076,16.589645262687437,17.1775665918986,15.33060825580337,64.07903225806452,0.0,0.0,2,1,6.656935491869526,-5.56767742095455,6.656935491869526,-5.56767742095455,6.556333303451538,-5.668279609372538,4.654612918053904,-7.569999994770172,0.022727272727272728,0.8,0.9545454545454546,0.8287037037037037,0.0,0.4768771043771044,medium
2020-02-01,Visakhapatnam,Iron Ore,9.047517381865402,55.927241379310345,51411.384591949536,30972.86664952043,2.896551724137931,True,0.0,0.0,12.224612912824076,16.589645262687437,17.1775665918986,15.33060825580337,64.07903225806452,0.0,0.0,2,1,6.656935491869526,-5.56767742095455,6.656935491869526,-5.56767742095455,6.556333303451538,-5.668279609372538,4.654612918053904,-7.569999994770172,0.022727272727272728,0.8,0.9545454545454546,0.8287037037037037,0.0,0.4768771043771044,medium
2020-03-01,Chennai,Bulk Minerals & Ores,6.656935491869526,32.85258064516129,0.0,0.0,0.3548387096774194,True,31835.849999999995,1.0,9.047517381865402,12.224612912824076,16.589645262687437,12.620591852458972,55.927241379310345,17518.02000000001,-0.266670843625044,3,1,6.556333303451538,-2.4911840784138644,6.556333303451538,-2.4911840784138644,4.654612918053904,-4.392904463811498,6.536833381652832,-2.5106840002125708,0.7045454545454546,0.8444444444444444,0.9772727272727273,0.09722222222222222,0.0,0.5815151515151515,medium
2020-03-01,Chennai,Coal,6.656935491869526,32.85258064516129,0.0,0.0,0.3548387096774194,True,0.0,0.0,9.047517381865402,12.224612912824076,16.589645262687437,12.620591852458972,55.927241379310345,0.0,0.0,3,1,6.556333303451538,-2.4911840784138644,6.556333303451538,-2.4911840784138644,4.654612918053904,-4.392904463811498,6.536833381652832,-2.5106840002125708,0.7045454545454546,0.8444444444444444,0.9772727272727273,0.09722222222222222,0.0,0.5815151515151515,medium
2020-03-01,Chennai,Iron Ore,6.656935491869526,32.85258064516129,0.0,0.0,0.3548387096774194,True,0.0,0.0,9.047517381865402,12.224612912824076,16.589645262687437,12.620591852458972,55.927241379310345,0.0,0.0,3,1,6.556333303451538,-2.4911840784138644,6.556333303451538,-2.4911840784138644,4.654612918053904,-4.392904463811498,6.536833381652832,-2.5106840002125708,0.7045454545454546,0.8444444444444444,0.9772727272727273,0.09722222222222222,0.0,0.5815151515151515,medium
2020-03-01,Dhamra,Bulk Minerals & Ores,6.656935491869526,32.85258064516129,0.0,0.0,0.0,False,31835.849999999995,1.0,9.047517381865402,12.224612912824076,16.589645262687437,12.620591852458972,55.927241379310345,17518.02000000001,-0.266670843625044,3,1,6.556333303451538,-2.4911840784138644,6.556333303451538,-2.4911840784138644,4.654612918053904,-4.392904463811498,6.536833381652832,-2.5106840002125708,0.7045454545454546,0.8444444444444444,0.9772727272727273,0.5,1.0,0.762070707070707,high
2020-03-01,Dhamra,Coal,6.656935491869526,32.85258064516129,0.0,0.0,0.0,False,0.0,0.0,9.047517381865402,12.224612912824076,16.589645262687437,12.620591852458972,55.927241379310345,0.0,0.0,3,1,6.556333303451538,-2.4911840784138644,6.556333303451538,-2.4911840784138644,4.654612918053904,-4.392904463811498,6.536833381652832,-2.5106840002125708,0.7045454545454546,0.8444444444444444,0.9772727272727273,0.5,1.0,0.762070707070707,high
2020-03-01,Dhamra,Iron Ore,6.656935491869526,32.85258064516129,0.0,0.0,0.0,False,0.0,0.0,9.047517381865402,12.224612912824076,16.589645262687437,12.620591852458972,55.927241379310345,0.0,0.0,3,1,6.556333303451538,-2.4911840784138644,6.556333303451538,-2.4911840784138644,4.654612918053904,-4.392904463811498,6.536833381652832,-2.5106840002125708,0.7045454545454546,0.8444444444444444,0.9772727272727273,0.5,1.0,0.762070707070707,high
2020-03-01,Gangavaram,Bulk Minerals & Ores,6.656935491869526,32.85258064516129,0.0,0.0,0.0,False,31835.849999999995,1.0,9.047517381865402,12.224612912824076,16.589645262687437,12.620591852458972,55.927241379310345,17518.02000000001,-0.266670843625044,3,1,6.556333303451538,-2.4911840784138644,6.556333303451538,-2.4911840784138644,4.654612918053904,-4.392904463811498,6.536833381652832,-2.5106840002125708,0.7045454545454546,0.8444444444444444,0.9772727272727273,0.5,1.0,0.762070707070707,high
2020-03-01,Gangavaram,Coal,6.656935491869526,32.85258064516129,0.0,0.0,0.0,False,0.0,0.0,9.047517381865402,12.224612912824076,16.589645262687437,12.620591852458972,55.927241379310345,0.0,0.0,3,1,6.556333303451538,-2.4911840784138644,6.556333303451538,-2.4911840784138644,4.654612918053904,-4.392904463811498,6.536833381652832,-2.5106840002125708,0.7045454545454546,0.8444444444444444,0.9772727272727273,0.5,1.0,0.762070707070707,high
2020-03-01,Gangavaram,Iron Ore,6.656935491869526,32.85258064516129,0.0,0.0,0.0,False,0.0,0.0,9.047517381865402,12.224612912824076,16.589645262687437,12.620591852458972,55.927241379310345,0.0,0.0,3,1,6.556333303451538,-2.4911840784138644,6.556333303451538,-2.4911840784138644,4.654612918053904,-4.392904463811498,6.536833381652832,-2.5106840002125708,0.7045454545454546,0.8444444444444444,0.9772727272727273,0.5,1.0,0.762070707070707,high
2020-03-01,Gopalpur,Bulk Minerals & Ores,6.656935491869526,32.85258064516129,0.0,0.0,0.0,False,31835.849999999995,1.0,9.047517381865402,12.224612912824076,16.589645262687437,12.620591852458972,55.927241379310345,17518.02000000001,-0.266670843625044,3,1,6.556333303451538,-2.4911840784138644,6.556333303451538,-2.4911840784138644,4.654612918053904,-4.392904463811498,6.536833381652832,-2.5106840002125708,0.7045454545454546,0.8444444444444444,0.9772727272727273,0.5,1.0,0.762070707070707,high
2020-03-01,Gopalpur,Coal,6.656935491869526,32.85258064516129,0.0,0.0,0.0,False,0.0,0.0,9.047517381865402,12.224612912824076,16.589645262687437,12.620591852458972,55.927241379310345,0.0,0.0,3,1,6.556333303451538,-2.4911840784138644,6.556333303451538,-2.4911840784138644,4.654612918053904,-4.392904463811498,6.536833381652832,-2.5106840002125708,0.7045454545454546,0.8444444444444444,0.9772727272727273,0.5,1.0,0.762070707070707,high
2020-03-01,Gopalpur,Iron Ore,6.656935491869526,32.85258064516129,0.0,0.0,0.0,False,0.0,0.0,9.047517381865402,12.224612912824076,16.589645262687437,12.620591852458972,55.927241379310345,0.0,0.0,3,1,6.556333303451538,-2.4911840784138644,6.556333303451538,-2.4911840784138644,4.654612918053904,-4.392904463811498,6.536833381652832,-2.5106840002125708,0.7045454545454546,0.8444444444444444,0.9772727272727273,0.5,1.0,0.762070707070707,high
2020-03-01,Haldia,Bulk Minerals & Ores,6.656935491869526,32.85258064516129,32514.80775280064,3411.624394757443,2.2580645161290325,True,31835.849999999995,1.0,9.047517381865402,12.224612912824076,16.589645262687437,12.620591852458972,55.927241379310345,17518.02000000001,-0.266670843625044,3,1,6.556333303451538,-2.4911840784138644,6.556333303451538,-2.4911840784138644,4.654612918053904,-4.392904463811498,6.536833381652832,-2.5106840002125708,0.7045454545454546,0.8444444444444444,0.9772727272727273,0.6342592592592593,0.0,0.6889225589225589,high
2020-03-01,Haldia,Coal,6.656935491869526,32.85258064516129,32514.80775280064,3411.624394757443,2.2580645161290325,True,0.0,0.0,9.047517381865402,12.224612912824076,16.589645262687437,12.620591852458972,55.927241379310345,0.0,0.0,3,1,6.556333303451538,-2.4911840784138644,6.556333303451538,-2.4911840784138644,4.654612918053904,-4.392904463811498,6.536833381652832,-2.5106840002125708,0.7045454545454546,0.8444444444444444,0.9772727272727273,0.6342592592592593,0.0,0.6889225589225589,high
2020-03-01,Haldia,Iron Ore,6.656935491869526,32.85258064516129,32514.80775280064,3411.624394757443,2.2580645161290325,True,0.0,0.0,9.047517381865402,12.224612912824076,16.589645262687437,12.620591852458972,55.927241379310345,0.0,0.0,3,1,6.556333303451538,-2.4911840784138644,6.556333303451538,-2.4911840784138644,4.654612918053904,-4.392904463811498,6.536833381652832,-2.5106840002125708,0.7045454545454546,0.8444444444444444,0.9772727272727273,0.6342592592592593,0.0,0.6889225589225589,high
2020-03-01,Kamarajar,Bulk Minerals & Ores,6.656935491869526,32.85258064516129,33834.89801614713,0.0,0.8709677419354839,True,31835.849999999995,1.0,9.047517381865402,12.224612912824076,16.589645262687437,12.620591852458972,55.927241379310345,17518.02000000001,-0.266670843625044,3,1,6.556333303451538,-2.4911840784138644,6.556333303451538,-2.4911840784138644,4.654612918053904,-4.392904463811498,6.536833381652832,-2.5106840002125708,0.7045454545454546,0.8444444444444444,0.9772727272727273,0.3425925925925926,0.0,0.6305892255892256,high
2020-03-01,Kamarajar,Coal,6.656935491869526,32.85258064516129,33834.89801614713,0.0,0.8709677419354839,True,0.0,0.0,9.047517381865402,12.224612912824076,16.589645262687437,12.620591852458972,55.927241379310345,0.0,0.0,3,1,6.556333303451538,-2.4911840784138644,6.556333303451538,-2.4911840784138644,4.654612918053904,-4.392904463811498,6.536833381652832,-2.5106840002125708,0.7045454545454546,0.8444444444444444,0.9772727272727273,0.3425925925925926,0.0,0.6305892255892256,high
2020-03-01,Kamarajar,Iron Ore,6.656935491869526,32.85258064516129,33834.89801614713,0.0,0.8709677419354839,True,0.0,0.0,9.047517381865402,12.224612912824076,16.589645262687437,12.620591852458972,55.927241379310345,0.0,0.0,3,1,6.556333303451538,-2.4911840784138644,6.556333303451538,-2.4911840784138644,4.654612918053904,-4.392904463811498,6.536833381652832,-2.5106840002125708,0.7045454545454546,0.8444444444444444,0.9772727272727273,0.3425925925925926,0.0,0.6305892255892256,high
2020-03-01,Paradip,Bulk Minerals & Ores,6.656935491869526,32.85258064516129,21759.973319508492,36872.6142993669,2.2580645161290325,True,31835.849999999995,1.0,9.047517381865402,12.224612912824076,16.589645262687437,12.620591852458972,55.927241379310345,17518.02000000001,-0.266670843625044,3,1,6.556333303451538,-2.4911840784138644,6.556333303451538,-2.4911840784138644,4.654612918053904,-4.392904463811498,6.536833381652832,-2.5106840002125708,0.7045454545454546,0.8444444444444444,0.9772727272727273,0.6342592592592593,0.0,0.6889225589225589,high
2020-03-01,Paradip,Coal,6.656935491869526,32.85258064516129,21759.973319508492,36872.6142993669,2.2580645161290325,True,0.0,0.0,9.047517381865402,12.224612912824076,16.589645262687437,12.620591852458972,55.927241379310345,0.0,0.0,3,1,6.556333303451538,-2.4911840784138644,6.556333303451538,-2.4911840784138644,4.654612918053904,-4.392904463811498,6.536833381652832,-2.5106840002125708,0.7045454545454546,0.8444444444444444,0.9772727272727273,0.6342592592592593,0.0,0.6889225589225589,high
2020-03-01,Paradip,Iron Ore,6.656935491869526,32.85258064516129,21759.973319508492,36872.6142993669,2.2580645161290325,True,0.0,0.0,9.047517381865402,12.224612912824076,16.589645262687437,12.620591852458972,55.927241379310345,0.0,0.0,3,1,6.556333303451538,-2.4911840784138644,6.556333303451538,-2.4911840784138644,4.654612918053904,-4.392904463811498,6.536833381652832,-2.5106840002125708,0.7045454545454546,0.8444444444444444,0.9772727272727273,0.6342592592592593,0.0,0.6889225589225589,high
2020-03-01,Sagar Sandheads,Bulk Minerals & Ores,6.656935491869526,32.85258064516129,0.0,0.0,0.0,False,31835.849999999995,1.0,9.047517381865402,12.224612912824076,16.589645262687437,12.620591852458972,55.927241379310345,17518.02000000001,-0.266670843625044,3,1,6.556333303451538,-2.4911840784138644,6.556333303451538,-2.4911840784138644,4.654612918053904,-4.392904463811498,6.536833381652832,-2.5106840002125708,0.7045454545454546,0.8444444444444444,0.9772727272727273,0.5,1.0,0.762070707070707,high
2020-03-01,Sagar Sandheads,Coal,6.656935491869526,32.85258064516129,0.0,0.0,0.0,False,0.0,0.0,9.047517381865402,12.224612912824076,16.589645262687437,12.620591852458972,55.927241379310345,0.0,0.0,3,1,6.556333303451538,-2.4911840784138644,6.556333303451538,-2.4911840784138644,4.654612918053904,-4.392904463811498,6.536833381652832,-2.5106840002125708,0.7045454545454546,0.8444444444444444,0.9772727272727273,0.5,1.0,0.762070707070707,high
2020-03-01,Sagar Sandheads,Iron Ore,6.656935491869526,32.85258064516129,0.0,0.0,0.0,False,0.0,0.0,9.047517381865402,12.224612912824076,16.589645262687437,12.620591852458972,55.927241379310345,0.0,0.0,3,1,6.556333303451538,-2.4911840784138644,6.556333303451538,-2.4911840784138644,4.654612918053904,-4.392904463811498,6.536833381652832,-2.5106840002125708,0.7045454545454546,0.8444444444444444,0.9772727272727273,0.5,1.0,0.762070707070707,high
2020-03-01,Tuticorin,Bulk Minerals & Ores,6.656935491869526,32.85258064516129,28201.036675359188,0.0,0.967741935483871,True,31835.849999999995,1.0,9.047517381865402,12.224612912824076,16.589645262687437,12.620591852458972,55.927241379310345,17518.02000000001,-0.266670843625044,3,1,6.556333303451538,-2.4911840784138644,6.556333303451538,-2.4911840784138644,4.654612918053904,-4.392904463811498,6.536833381652832,-2.5106840002125708,0.7045454545454546,0.8444444444444444,0.9772727272727273,0.41203703703703703,0.0,0.6444781144781144,high
2020-03-01,Tuticorin,Coal,6.656935491869526,32.85258064516129,28201.036675359188,0.0,0.967741935483871,True,0.0,0.0,9.047517381865402,12.224612912824076,16.589645262687437,12.620591852458972,55.927241379310345,0.0,0.0,3,1,6.556333303451538,-2.4911840784138644,6.556333303451538,-2.4911840784138644,4.654612918053904,-4.392904463811498,6.536833381652832,-2.5106840002125708,0.7045454545454546,0.8444444444444444,0.9772727272727273,0.41203703703703703,0.0,0.6444781144781144,high
2020-03-01,Tuticorin,Iron Ore,6.656935491869526,32.85258064516129,28201.036675359188,0.0,0.967741935483871,True,0.0,0.0,9.047517381865402,12.224612912824076,16.589645262687437,12.620591852458972,55.927241379310345,0.0,0.0,3,1,6.556333303451538,-2.4911840784138644,6.556333303451538,-2.4911840784138644,4.654612918053904,-4.392904463811498,6.536833381652832,-2.5106840002125708,0.7045454545454546,0.8444444444444444,0.9772727272727273,0.41203703703703703,0.0,0.6444781144781144,high
2020-03-01,Visakhapatnam,Bulk Minerals & Ores,6.656935491869526,32.85258064516129,87193.83114524878,39704.65605598026,3.5806451612903225,True,31835.849999999995,1.0,9.047517381865402,12.224612912824076,16.589645262687437,12.620591852458972,55.927241379310345,17518.02000000001,-0.266670843625044,3,1,6.556333303451538,-2.4911840784138644,6.556333303451538,-2.4911840784138644,4.654612918053904,-4.392904463811498,6.536833381652832,-2.5106840002125708,0.7045454545454546,0.8444444444444444,0.9772727272727273,0.9398148148148148,0.0,0.75003367003367,high
2020-03-01,Visakhapatnam,Coal,6.656935491869526,32.85258064516129,87193.83114524878,39704.65605598026,3.5806451612903225,True,0.0,0.0,9.047517381865402,12.224612912824076,16.589645262687437,12.620591852458972,55.927241379310345,0.0,0.0,3,1,6.556333303451538,-2.4911840784138644,6.556333303451538,-2.4911840784138644,4.654612918053904,-4.392904463811498,6.536833381652832,-2.5106840002125708,0.7045454545454546,0.8444444444444444,0.9772727272727273,0.9398148148148148,0.0,0.75003367003367,high
2020-03-01,Visakhapatnam,Iron Ore,6.656935491869526,32.85258064516129,87193.83114524878,39704.65605598026,3.5806451612903225,True,0.0,0.0,9.047517381865402,12.224612912824076,16.589645262687437,12.620591852458972,55.927241379310345,0.0,0.0,3,1,6.556333303451538,-2.4911840784138644,6.556333303451538,-2.4911840784138644,4.654612918053904,-4.392904463811498,6.536833381652832,-2.5106840002125708,0.7045454545454546,0.8444444444444444,0.9772727272727273,0.9398148148148148,0.0,0.75003367003367,high
2020-04-01,Chennai,Bulk Minerals & Ores,6.556333303451538,18.94633333333333,0.0,0.0,0.3,True,13580.509999999998,1.0,6.656935491869526,9.047517381865402,12.224612912824076,9.309688595519669,32.85258064516129,31835.849999999995,-0.3787782518342051,4,2,4.654612918053904,-2.002322573815622,4.654612918053904,-2.002322573815622,6.536833381652832,-0.12010211021669459,7.984838716445431,1.3279032245759046,0.75,0.1111111111111111,0.5454545454545454,0.06481481481481481,0.0,0.3795033670033669,low
2020-04-01,Chennai,Coal,6.556333303451538,18.94633333333333,0.0,0.0,0.3,True,0.0,0.0,6.656935491869526,9.047517381865402,12.224612912824076,9.309688595519669,32.85258064516129,0.0,0.0,4,2,4.654612918053904,-2.002322573815622,4.654612918053904,-2.002322573815622,6.536833381652832,-0.12010211021669459,7.984838716445431,1.3279032245759046,0.75,0.1111111111111111,0.5454545454545454,0.06481481481481481,0.0,0.3795033670033669,low
2020-04-01,Chennai,Iron Ore,6.556333303451538,18.94633333333333,0.0,0.0,0.3,True,0.0,0.0,6.656935491869526,9.047517381865402,12.224612912824076,9.309688595519669,32.85258064516129,0.0,0.0,4,2,4.654612918053904,-2.002322573815622,4.654612918053904,-2.002322573815622,6.536833381652832,-0.12010211021669459,7.984838716445431,1.3279032245759046,0.75,0.1111111111111111,0.5454545454545454,0.06481481481481481,0.0,0.3795033670033669,low
2020-04-01,Dhamra,Bulk Minerals & Ores,6.556333303451538,18.94633333333333,0.0,0.0,0.0,False,13580.509999999998,1.0,6.656935491869526,9.047517381865402,12.224612912824076,9.309688595519669,32.85258064516129,31835.849999999995,-0.3787782518342051,4,2,4.654612918053904,-2.002322573815622,4.654612918053904,-2.002322573815622,6.536833381652832,-0.12010211021669459,7.984838716445431,1.3279032245759046,0.75,0.1111111111111111,0.5454545454545454,0.5,1.0,0.566540404040404,medium
2020-04-01,Dhamra,Coal,6.556333303451538,18.94633333333333,0.0,0.0,0.0,False,0.0,0.0,6.656935491869526,9.047517381865402,12.224612912824076,9.309688595519669,32.85258064516129,0.0,0.0,4,2,4.654612918053904,-2.002322573815622,4.654612918053904,-2.002322573815622,6.536833381652832,-0.12010211021669459,7.984838716445431,1.3279032245759046,0.75,0.1111111111111111,0.5454545454545454,0.5,1.0,0.566540404040404,medium
2020-04-01,Dhamra,Iron Ore,6.556333303451538,18.94633333333333,0.0,0.0,0.0,False,0.0,0.0,6.656935491869526,9.047517381865402,12.224612912824076,9.309688595519669,32.85258064516129,0.0,0.0,4,2,4.654612918053904,-2.002322573815622,4.654612918053904,-2.002322573815622,6.536833381652832,-0.12010211021669459,7.984838716445431,1.3279032245759046,0.75,0.1111111111111111,0.5454545454545454,0.5,1.0,0.566540404040404,medium
2020-04-01,Gangavaram,Bulk Minerals & Ores,6.556333303451538,18.94633333333333,0.0,0.0,0.0,False,13580.509999999998,1.0,6.656935491869526,9.047517381865402,12.224612912824076,9.309688595519669,32.85258064516129,31835.849999999995,-0.3787782518342051,4,2,4.654612918053904,-2.002322573815622,4.654612918053904,-2.002322573815622,6.536833381652832,-0.12010211021669459,7.984838716445431,1.3279032245759046,0.75,0.1111111111111111,0.5454545454545454,0.5,1.0,0.566540404040404,medium
2020-04-01,Gangavaram,Coal,6.556333303451538,18.94633333333333,0.0,0.0,0.0,False,0.0,0.0,6.656935491869526,9.047517381865402,12.224612912824076,9.309688595519669,32.85258064516129,0.0,0.0,4,2,4.654612918053904,-2.002322573815622,4.654612918053904,-2.002322573815622,6.536833381652832,-0.12010211021669459,7.984838716445431,1.3279032245759046,0.75,0.1111111111111111,0.5454545454545454,0.5,1.0,0.566540404040404,medium
2020-04-01,Gangavaram,Iron Ore,6.556333303451538,18.94633333333333,0.0,0.0,0.0,False,0.0,0.0,6.656935491869526,9.047517381865402,12.224612912824076,9.309688595519669,32.85258064516129,0.0,0.0,4,2,4.654612918053904,-2.002322573815622,4.654612918053904,-2.002322573815622,6.536833381652832,-0.12010211021669459,7.984838716445431,1.3279032245759046,0.75,0.1111111111111111,0.5454545454545454,0.5,1.0,0.566540404040404,medium
2020-04-01,Gopalpur,Bulk Minerals & Ores,6.556333303451538,18.94633333333333,0.0,0.0,0.0,False,13580.509999999998,1.0,6.656935491869526,9.047517381865402,12.224612912824076,9.309688595519669,32.85258064516129,31835.849999999995,-0.3787782518342051,4,2,4.654612918053904,-2.002322573815622,4.654612918053904,-2.002322573815622,6.536833381652832,-0.12010211021669459,7.984838716445431,1.3279032245759046,0.75,0.1111111111111111,0.5454545454545454,0.5,1.0,0.566540404040404,medium
2020-04-01,Gopalpur,Coal,6.556333303451538,18.94633333333333,0.0,0.0,0.0,False,0.0,0.0,6.656935491869526,9.047517381865402,12.224612912824076,9.309688595519669,32.85258064516129,0.0,0.0,4,2,4.654612918053904,-2.002322573815622,4.654612918053904,-2.002322573815622,6.536833381652832,-0.12010211021669459,7.984838716445431,1.3279032245759046,0.75,0.1111111111111111,0.5454545454545454,0.5,1.0,0.566540404040404,medium
2020-04-01,Gopalpur,Iron Ore,6.556333303451538,18.94633333333333,0.0,0.0,0.0,False,0.0,0.0,6.656935491869526,9.047517381865402,12.224612912824076,9.309688595519669,32.85258064516129,0.0,0.0,4,2,4.654612918053904,-2.002322573815622,4.654612918053904,-2.002322573815622,6.536833381652832,-0.12010211021669459,7.984838716445431,1.3279032245759046,0.75,0.1111111111111111,0.5454545454545454,0.5,1.0,0.566540404040404,medium
2020-04-01,Haldia,Bulk Minerals & Ores,6.556333303451538,18.94633333333333,9983.197060446568,2612.2775716447222,1.4333333333333333,True,13580.509999999998,1.0,6.656935491869526,9.047517381865402,12.224612912824076,9.309688595519669,32.85258064516129,31835.849999999995,-0.3787782518342051,4,2,4.654612918053904,-2.002322573815622,4.654612918053904,-2.002322573815622,6.536833381652832,-0.12010211021669459,7.984838716445431,1.3279032245759046,0.75,0.1111111111111111,0.5454545454545454,0.5092592592592593,0.0,0.4683922558922558,medium
2020-04-01,Haldia,Coal,6.556333303451538,18.94633333333333,9983.197060446568,2612.2775716447222,1.4333333333333333,True,0.0,0.0,6.656935491869526,9.047517381865402,12.224612912824076,9.309688595519669,32.85258064516129,0.0,0.0,4,2,4.654612918053904,-2.002322573815622,4.654612918053904,-2.002322573815622,6.536833381652832,-0.12010211021669459,7.984838716445431,1.3279032245759046,0.75,0.1111111111111111,0.5454545454545454,0.5092592592592593,0.0,0.4683922558922558,medium
2020-04-01,Haldia,Iron Ore,6.556333303451538,18.94633333333333,9983.197060446568,2612.2775716447222,1.4333333333333333,True,0.0,0.0,6.656935491869526,9.047517381865402,12.224612912824076,9.309688595519669,32.85258064516129,0.0,0.0,4,2,4.654612918053904,-2.002322573815622,4.654612918053904,-2.002322573815622,6.536833381652832,-0.12010211021669459,7.984838716445431,1.3279032245759046,0.75,0.1111111111111111,0.5454545454545454,0.5092592592592593,0.0,0.4683922558922558,medium
2020-04-01,Kamarajar,Bulk Minerals & Ores,6.556333303451538,18.94633333333333,20447.381382403688,0.0,0.5666666666666667,True,13580.509999999998,1.0,6.656935491869526,9.047517381865402,12.224612912824076,9.309688595519669,32.85258064516129,31835.849999999995,-0.3787782518342051,4,2,4.654612918053904,-2.002322573815622,4.654612918053904,-2.002322573815622,6.536833381652832,-0.12010211021669459,7.984838716445431,1.3279032245759046,0.75,0.1111111111111111,0.5454545454545454,0.18981481481481483,0.0,0.4045033670033669,low
2020-04-01,Kamarajar,Coal,6.556333303451538,18.94633333333333,20447.381382403688,0.0,0.5666666666666667,True,0.0,0.0,6.656935491869526,9.047517381865402,12.224612912824076,9.309688595519669,32.85258064516129,0.0,0.0,4,2,4.654612918053904,-2.002322573815622,4.654612918053904,-2.002322573815622,6.536833381652832,-0.12010211021669459,7.984838716445431,1.3279032245759046,0.75,0.1111111111111111,0.5454545454545454,0.18981481481481483,0.0,0.4045033670033669,low
2020-04-01,Kamarajar,Iron Ore,6.556333303451538,18.94633333333333,20447.381382403688,0.0,0.5666666666666667,True,0.0,0.0,6.656935491869526,9.047517381865402,12.224612912824076,9.309688595519669,32.85258064516129,0.0,0.0,4,2,4.654612918053904,-2.002322573815622,4.654612918053904,-2.002322573815622,6.536833381652832,-0.12010211021669459,7.984838716445431,1.3279032245759046,0.75,0.1111111111111111,0.5454545454545454,0.18981481481481483,0.0,0.4045033670033669,low
2020-04-01,Paradip,Bulk Minerals & Ores,6.556333303451538,18.94633333333333,40396.67346081076,44862.7369848679,2.5,True,13580.509999999998,1.0,6.656935491869526,9.047517381865402,12.224612912824076,9.309688595519669,32.85258064516129,31835.849999999995,-0.3787782518342051,4,2,4.654612918053904,-2.002322573815622,4.654612918053904,-2.002322573815622,6.536833381652832,-0.12010211021669459,7.984838716445431,1.3279032245759046,0.75,0.1111111111111111,0.5454545454545454,0.7175925925925926,0.0,0.5100589225589225,medium
2020-04-01,Paradip,Coal,6.556333303451538,18.94633333333333,40396.67346081076,44862.7369848679,2.5,True,0.0,0.0,6.656935491869526,9.047517381865402,12.224612912824076,9.309688595519669,32.85258064516129,0.0,0.0,4,2,4.654612918053904,-2.002322573815622,4.654612918053904,-2.002322573815622,6.536833381652832,-0.12010211021669459,7.984838716445431,1.3279032245759046,0.75,0.1111111111111111,0.5454545454545454,0.7175925925925926,0.0,0.5100589225589225,medium
2020-04-01,Paradip,Iron Ore,6.556333303451538,18.94633333333333,40396.67346081076,44862.7369848679,2.5,True,0.0,0.0,6.656935491869526,9.047517381865402,12.224612912824076,9.309688595519669,32.85258064516129,0.0,0.0,4,2,4.654612918053904,-2.002322573815622,4.654612918053904,-2.002322573815622,6.536833381652832,-0.12010211021669459,7.984838716445431,1.3279032245759046,0.75,0.1111111111111111,0.5454545454545454,0.7175925925925926,0.0,0.5100589225589225,medium
2020-04-01,Sagar Sandheads,Bulk Minerals & Ores,6.556333303451538,18.94633333333333,0.0,0.0,0.0,False,13580.509999999998,1.0,6.656935491869526,9.047517381865402,12.224612912824076,9.309688595519669,32.85258064516129,31835.849999999995,-0.3787782518342051,4,2,4.654612918053904,-2.002322573815622,4.654612918053904,-2.002322573815622,6.536833381652832,-0.12010211021669459,7.984838716445431,1.3279032245759046,0.75,0.1111111111111111,0.5454545454545454,0.5,1.0,0.566540404040404,medium
2020-04-01,Sagar Sandheads,Coal,6.556333303451538,18.94633333333333,0.0,0.0,0.0,False,0.0,0.0,6.656935491869526,9.047517381865402,12.224612912824076,9.309688595519669,32.85258064516129,0.0,0.0,4,2,4.654612918053904,-2.002322573815622,4.654612918053904,-2.002322573815622,6.536833381652832,-0.12010211021669459,7.984838716445431,1.3279032245759046,0.75,0.1111111111111111,0.5454545454545454,0.5,1.0,0.566540404040404,medium
2020-04-01,Sagar Sandheads,Iron Ore,6.556333303451538,18.94633333333333,0.0,0.0,0.0,False,0.0,0.0,6.656935491869526,9.047517381865402,12.224612912824076,9.309688595519669,32.85258064516129,0.0,0.0,4,2,4.654612918053904,-2.002322573815622,4.654612918053904,-2.002322573815622,6.536833381652832,-0.12010211021669459,7.984838716445431,1.3279032245759046,0.75,0.1111111111111111,0.5454545454545454,0.5,1.0,0.566540404040404,medium
2020-04-01,Tuticorin,Bulk Minerals & Ores,6.556333303451538,18.94633333333333,24371.584484663425,0.0,0.9,True,13580.509999999998,1.0,6.656935491869526,9.047517381865402,12.224612912824076,9.309688595519669,32.85258064516129,31835.849999999995,-0.3787782518342051,4,2,4.654612918053904,-2.002322573815622,4.654612918053904,-2.002322573815622,6.536833381652832,-0.12010211021669459,7.984838716445431,1.3279032245759046,0.75,0.1111111111111111,0.5454545454545454,0.35185185185185186,0.0,0.4369107744107743,medium
2020-04-01,Tuticorin,Coal,6.556333303451538,18.94633333333333,24371.584484663425,0.0,0.9,True,0.0,0.0,6.656935491869526,9.047517381865402,12.224612912824076,9.309688595519669,32.85258064516129,0.0,0.0,4,2,4.654612918053904,-2.002322573815622,4.654612918053904,-2.002322573815622,6.536833381652832,-0.12010211021669459,7.984838716445431,1.3279032245759046,0.75,0.1111111111111111,0.5454545454545454,0.35185185185185186,0.0,0.4369107744107743,medium
2020-04-01,Tuticorin,Iron Ore,6.556333303451538,18.94633333333333,24371.584484663425,0.0,0.9,True,0.0,0.0,6.656935491869526,9.047517381865402,12.224612912824076,9.309688595519669,32.85258064516129,0.0,0.0,4,2,4.654612918053904,-2.002322573815622,4.654612918053904,-2.002322573815622,6.536833381652832,-0.12010211021669459,7.984838716445431,1.3279032245759046,0.75,0.1111111111111111,0.5454545454545454,0.35185185185185186,0.0,0.4369107744107743,medium
2020-04-01,Visakhapatnam,Bulk Minerals & Ores,6.556333303451538,18.94633333333333,59868.57732564921,17133.10557513561,2.566666666666667,True,13580.509999999998,1.0,6.656935491869526,9.047517381865402,12.224612912824076,9.309688595519669,32.85258064516129,31835.849999999995,-0.3787782518342051,4,2,4.654612918053904,-2.002322573815622,4.654612918053904,-2.002322573815622,6.536833381652832,-0.12010211021669459,7.984838716445431,1.3279032245759046,0.75,0.1111111111111111,0.5454545454545454,0.7361111111111112,0.0,0.5137626262626261,medium
2020-04-01,Visakhapatnam,Coal,6.556333303451538,18.94633333333333,59868.57732564921,17133.10557513561,2.566666666666667,True,0.0,0.0,6.656935491869526,9.047517381865402,12.224612912824076,9.309688595519669,32.85258064516129,0.0,0.0,4,2,4.654612918053904,-2.002322573815622,4.654612918053904,-2.002322573815622,6.536833381652832,-0.12010211021669459,7.984838716445431,1.3279032245759046,0.75,0.1111111111111111,0.5454545454545454,0.7361111111111112,0.0,0.5137626262626261,medium
2020-04-01,Visakhapatnam,Iron Ore,6.556333303451538,18.94633333333333,59868.57732564921,17133.10557513561,2.566666666666667,True,0.0,0.0,6.656935491869526,9.047517381865402,12.224612912824076,9.309688595519669,32.85258064516129,0.0,0.0,4,2,4.654612918053904,-2.002322573815622,4.654612918053904,-2.002322573815622,6.536833381652832,-0.12010211021669459,7.984838716445431,1.3279032245759046,0.75,0.1111111111111111,0.5454545454545454,0.7361111111111112,0.0,0.5137626262626261,medium
2020-05-01,Chennai,Bulk Minerals & Ores,4.654612918053904,29.01516129032258,0.0,0.0,0.3548387096774194,True,16481.93,1.0,6.556333303451538,6.656935491869526,9.047517381865402,7.420262059062156,18.94633333333333,13580.509999999998,-0.2946906438061363,5,2,6.536833381652832,-0.01949992179870641,6.536833381652832,-0.01949992179870641,7.984838716445431,1.4285054129938928,8.62193553678451,2.0656022333329727,0.9772727272727273,0.8666666666666667,0.8409090909090909,0.09722222222222222,0.0,0.660959595959596,high
2020-05-01,Chennai,Coal,4.654612918053904,29.01516129032258,0.0,0.0,0.3548387096774194,True,0.0,0.0,6.556333303451538,6.656935491869526,9.047517381865402,7.420262059062156,18.94633333333333,0.0,0.0,5,2,6.536833381652832,-0.01949992179870641,6.536833381652832,-0.01949992179870641,7.984838716445431,1.4285054129938928,8.62193553678451,2.0656022333329727,0.9772727272727273,0.8666666666666667,0.8409090909090909,0.09722222222222222,0.0,0.660959595959596,high
2020-05-01,Chennai,Iron Ore,4.654612918053904,29.01516129032258,0.0,0.0,0.3548387096774194,True,0.0,0.0,6.556333303451538,6.656935491869526,9.047517381865402,7.420262059062156,18.94633333333333,0.0,0.0,5,2,6.536833381652832,-0.01949992179870641,6.536833381652832,-0.01949992179870641,7.984838716445431,1.4285054129938928,8.62193553678451,2.0656022333329727,0.9772727272727273,0.8666666666666667,0.8409090909090909,0.09722222222222222,0.0,0.660959595959596,high
2020-05-01,Dhamra,Bulk Minerals & Ores,4.654612918053904,29.01516129032258,0.0,0.0,0.0,False,16481.93,1.0,6.556333303451538,6.656935491869526,9.047517381865402,7.420262059062156,18.94633333333333,13580.509999999998,-0.2946906438061363,5,2,6.536833381652832,-0.01949992179870641,6.536833381652832,-0.01949992179870641,7.984838716445431,1.4285054129938928,8.62193553678451,2.0656022333329727,0.9772727272727273,0.8666666666666667,0.8409090909090909,0.5,1.0,0.8415151515151514,high
2020-05-01,Dhamra,Coal,4.654612918053904,29.01516129032258,0.0,0.0,0.0,False,0.0,0.0,6.556333303451538,6.656935491869526,9.047517381865402,7.420262059062156,18.94633333333333,0.0,0.0,5,2,6.536833381652832,-0.01949992179870641,6.536833381652832,-0.01949992179870641,7.984838716445431,1.4285054129938928,8.62193553678451,2.0656022333329727,0.9772727272727273,0.8666666666666667,0.8409090909090909,0.5,1.0,0.8415151515151514,high
2020-05-01,Dhamra,Iron Ore,4.654612918053904,29.01516129032258,0.0,0.0,0.0,False,0.0,0.0,6.556333303451538,6.656935491869526,9.047517381865402,7.420262059062156,18.94633333333333,0.0,0.0,5,2,6.536833381652832,-0.01949992179870641,6.536833381652832,-0.01949992179870641,7.984838716445431,1.4285054129938928,8.62193553678451,2.0656022333329727,0.9772727272727273,0.8666666666666667,0.8409090909090909,0.5,1.0,0.8415151515151514,high
2020-05-01,Gangavaram,Bulk Minerals & Ores,4.654612918053904,29.01516129032258,0.0,0.0,0.0,False,16481.93,1.0,6.556333303451538,6.656935491869526,9.047517381865402,7.420262059062156,18.94633333333333,13580.509999999998,-0.2946906438061363,5,2,6.536833381652832,-0.01949992179870641,6.536833381652832,-0.01949992179870641,7.984838716445431,1.4285054129938928,8.62193553678451,2.0656022333329727,0.9772727272727273,0.8666666666666667,0.8409090909090909,0.5,1.0,0.8415151515151514,high
2020-05-01,Gangavaram,Coal,4.654612918053904,29.01516129032258,0.0,0.0,0.0,False,0.0,0.0,6.556333303451538,6.656935491869526,9.047517381865402,7.420262059062156,18.94633333333333,0.0,0.0,5,2,6.536833381652832,-0.01949992179870641,6.536833381652832,-0.01949992179870641,7.984838716445431,1.4285054129938928,8.62193553678451,2.0656022333329727,0.9772727272727273,0.8666666666666667,0.8409090909090909,0.5,1.0,0.8415151515151514,high
2020-05-01,Gangavaram,Iron Ore,4.654612918053904,29.01516129032258,0.0,0.0,0.0,False,0.0,0.0,6.556333303451538,6.656935491869526,9.047517381865402,7.420262059062156,18.94633333333333,0.0,0.0,5,2,6.536833381652832,-0.01949992179870641,6.536833381652832,-0.01949992179870641,7.984838716445431,1.4285054129938928,8.62193553678451,2.0656022333329727,0.9772727272727273,0.8666666666666667,0.8409090909090909,0.5,1.0,0.8415151515151514,high
2020-05-01,Gopalpur,Bulk Minerals & Ores,4.654612918053904,29.01516129032258,0.0,0.0,0.0,False,16481.93,1.0,6.556333303451538,6.656935491869526,9.047517381865402,7.420262059062156,18.94633333333333,13580.509999999998,-0.2946906438061363,5,2,6.536833381652832,-0.01949992179870641,6.536833381652832,-0.01949992179870641,7.984838716445431,1.4285054129938928,8.62193553678451,2.0656022333329727,0.9772727272727273,0.8666666666666667,0.8409090909090909,0.5,1.0,0.8415151515151514,high
2020-05-01,Gopalpur,Coal,4.654612918053904,29.01516129032258,0.0,0.0,0.0,False,0.0,0.0,6.556333303451538,6.656935491869526,9.047517381865402,7.420262059062156,18.94633333333333,0.0,0.0,5,2,6.536833381652832,-0.01949992179870641,6.536833381652832,-0.01949992179870641,7.984838716445431,1.4285054129938928,8.62193553678451,2.0656022333329727,0.9772727272727273,0.8666666666666667,0.8409090909090909,0.5,1.0,0.8415151515151514,high
2020-05-01,Gopalpur,Iron Ore,4.654612918053904,29.01516129032258,0.0,0.0,0.0,False,0.0,0.0,6.556333303451538,6.656935491869526,9.047517381865402,7.420262059062156,18.94633333333333,0.0,0.0,5,2,6.536833381652832,-0.01949992179870641,6.536833381652832,-0.01949992179870641,7.984838716445431,1.4285054129938928,8.62193553678451,2.0656022333329727,0.9772727272727273,0.8666666666666667,0.8409090909090909,0.5,1.0,0.8415151515151514,high
2020-05-01,Haldia,Bulk Minerals & Ores,4.654612918053904,29.01516129032258,15195.175779003974,5691.95852119622,2.064516129032258,True,16481.93,1.0,6.556333303451538,6.656935491869526,9.047517381865402,7.420262059062156,18.94633333333333,13580.509999999998,-0.2946906438061363,5,2,6.536833381652832,-0.01949992179870641,6.536833381652832,-0.01949992179870641,7.984838716445431,1.4285054129938928,8.62193553678451,2.0656022333329727,0.9772727272727273,0.8666666666666667,0.8409090909090909,0.5925925925925926,0.0,0.7600336700336701,high
2020-05-01,Haldia,Coal,4.654612918053904,29.01516129032258,15195.175779003974,5691.95852119622,2.064516129032258,True,0.0,0.0,6.556333303451538,6.656935491869526,9.047517381865402,7.420262059062156,18.94633333333333,0.0,0.0,5,2,6.536833381652832,-0.01949992179870641,6.536833381652832,-0.01949992179870641,7.984838716445431,1.4285054129938928,8.62193553678451,2.0656022333329727,0.9772727272727273,0.8666666666666667,0.8409090909090909,0.5925925925925926,0.0,0.7600336700336701,high
2020-05-01,Haldia,Iron Ore,4.654612918053904,29.01516129032258,15195.175779003974,5691.95852119622,2.064516129032258,True,0.0,0.0,6.556333303451538,6.656935491869526,9.047517381865402,7.420262059062156,18.94633333333333,0.0,0.0,5,2,6.536833381652832,-0.01949992179870641,6.536833381652832,-0.01949992179870641,7.984838716445431,1.4285054129938928,8.62193553678451,2.0656022333329727,0.9772727272727273,0.8666666666666667,0.8409090909090909,0.5925925925925926,0.0,0.7600336700336701,high
2020-05-01,Kamarajar,Bulk Minerals & Ores,4.654612918053904,29.01516129032258,7951.07625201668,0.0,0.3225806451612903,True,16481.93,1.0,6.556333303451538,6.656935491869526,9.047517381865402,7.420262059062156,18.94633333333333,13580.509999999998,-0.2946906438061363,5,2,6.536833381652832,-0.01949992179870641,6.536833381652832,-0.01949992179870641,7.984838716445431,1.4285054129938928,8.62193553678451,2.0656022333329727,0.9772727272727273,0.8666666666666667,0.8409090909090909,0.07407407407407407,0.0,0.6563299663299663,high
2020-05-01,Kamarajar,Coal,4.654612918053904,29.01516129032258,7951.07625201668,0.0,0.3225806451612903,True,0.0,0.0,6.556333303451538,6.656935491869526,9.047517381865402,7.420262059062156,18.94633333333333,0.0,0.0,5,2,6.536833381652832,-0.01949992179870641,6.536833381652832,-0.01949992179870641,7.984838716445431,1.4285054129938928,8.62193553678451,2.0656022333329727,0.9772727272727273,0.8666666666666667,0.8409090909090909,0.07407407407407407,0.0,0.6563299663299663,high
2020-05-01,Kamarajar,Iron Ore,4.654612918053904,29.01516129032258,7951.07625201668,0.0,0.3225806451612903,True,0.0,0.0,6.556333303451538,6.656935491869526,9.047517381865402,7.420262059062156,18.94633333333333,0.0,0.0,5,2,6.536833381652832,-0.01949992179870641,6.536833381652832,-0.01949992179870641,7.984838716445431,1.4285054129938928,8.62193553678451,2.0656022333329727,0.9772727272727273,0.8666666666666667,0.8409090909090909,0.07407407407407407,0.0,0.6563299663299663,high
2020-05-01,Paradip,Bulk Minerals & Ores,4.654612918053904,29.01516129032258,25856.249229464025,44460.208366409905,2.7096774193548385,True,16481.93,1.0,6.556333303451538,6.656935491869526,9.047517381865402,7.420262059062156,18.94633333333333,13580.509999999998,-0.2946906438061363,5,2,6.536833381652832,-0.01949992179870641,6.536833381652832,-0.01949992179870641,7.984838716445431,1.4285054129938928,8.62193553678451,2.0656022333329727,0.9772727272727273,0.8666666666666667,0.8409090909090909,0.7824074074074074,0.0,0.797996632996633,high
2020-05-01,Paradip,Coal,4.654612918053904,29.01516129032258,25856.249229464025,44460.208366409905,2.7096774193548385,True,0.0,0.0,6.556333303451538,6.656935491869526,9.047517381865402,7.420262059062156,18.94633333333333,0.0,0.0,5,2,6.536833381652832,-0.01949992179870641,6.536833381652832,-0.01949992179870641,7.984838716445431,1.4285054129938928,8.62193553678451,2.0656022333329727,0.9772727272727273,0.8666666666666667,0.8409090909090909,0.7824074074074074,0.0,0.797996632996633,high
2020-05-01,Paradip,Iron Ore,4.654612918053904,29.01516129032258,25856.249229464025,44460.208366409905,2.7096774193548385,True,0.0,0.0,6.556333303451538,6.656935491869526,9.047517381865402,7.420262059062156,18.94633333333333,0.0,0.0,5,2,6.536833381652832,-0.01949992179870641,6.536833381652832,-0.01949992179870641,7.984838716445431,1.4285054129938928,8.62193553678451,2.0656022333329727,0.9772727272727273,0.8666666666666667,0.8409090909090909,0.7824074074074074,0.0,0.797996632996633,high
2020-05-01,Sagar Sandheads,Bulk Minerals & Ores,4.654612918053904,29.01516129032258,0.0,0.0,0.0,False,16481.93,1.0,6.556333303451538,6.656935491869526,9.047517381865402,7.420262059062156,18.94633333333333,13580.509999999998,-0.2946906438061363,5,2,6.536833381652832,-0.01949992179870641,6.536833381652832,-0.01949992179870641,7.984838716445431,1.4285054129938928,8.62193553678451,2.0656022333329727,0.9772727272727273,0.8666666666666667,0.8409090909090909,0.5,1.0,0.8415151515151514,high
2020-05-01,Sagar Sandheads,Coal,4.654612918053904,29.01516129032258,0.0,0.0,0.0,False,0.0,0.0,6.556333303451538,6.656935491869526,9.047517381865402,7.420262059062156,18.94633333333333,0.0,0.0,5,2,6.536833381652832,-0.01949992179870641,6.536833381652832,-0.01949992179870641,7.984838716445431,1.4285054129938928,8.62193553678451,2.0656022333329727,0.9772727272727273,0.8666666666666667,0.8409090909090909,0.5,1.0,0.8415151515151514,high
2020-05-01,Sagar Sandheads,Iron Ore,4.654612918053904,29.01516129032258,0.0,0.0,0.0,False,0.0,0.0,6.556333303451538,6.656935491869526,9.047517381865402,7.420262059062156,18.94633333333333,0.0,0.0,5,2,6.536833381652832,-0.01949992179870641,6.536833381652832,-0.01949992179870641,7.984838716445431,1.4285054129938928,8.62193553678451,2.0656022333329727,0.9772727272727273,0.8666666666666667,0.8409090909090909,0.5,1.0,0.8415151515151514,high
2020-05-01,Tuticorin,Bulk Minerals & Ores,4.654612918053904,29.01516129032258,17449.51645911766,0.0,0.6129032258064516,True,16481.93,1.0,6.556333303451538,6.656935491869526,9.047517381865402,7.420262059062156,18.94633333333333,13580.509999999998,-0.2946906438061363,5,2,6.536833381652832,-0.01949992179870641,6.536833381652832,-0.01949992179870641,7.984838716445431,1.4285054129938928,8.62193553678451,2.0656022333329727,0.9772727272727273,0.8666666666666667,0.8409090909090909,0.20833333333333334,0.0,0.6831818181818181,high
2020-05-01,Tuticorin,Coal,4.654612918053904,29.01516129032258,17449.51645911766,0.0,0.6129032258064516,True,0.0,0.0,6.556333303451538,6.656935491869526,9.047517381865402,7.420262059062156,18.94633333333333,0.0,0.0,5,2,6.536833381652832,-0.01949992179870641,6.536833381652832,-0.01949992179870641,7.984838716445431,1.4285054129938928,8.62193553678451,2.0656022333329727,0.9772727272727273,0.8666666666666667,0.8409090909090909,0.20833333333333334,0.0,0.6831818181818181,high
2020-05-01,Tuticorin,Iron Ore,4.654612918053904,29.01516129032258,17449.51645911766,0.0,0.6129032258064516,True,0.0,0.0,6.556333303451538,6.656935491869526,9.047517381865402,7.420262059062156,18.94633333333333,0.0,0.0,5,2,6.536833381652832,-0.01949992179870641,6.536833381652832,-0.01949992179870641,7.984838716445431,1.4285054129938928,8.62193553678451,2.0656022333329727,0.9772727272727273,0.8666666666666667,0.8409090909090909,0.20833333333333334,0.0,0.6831818181818181,high
2020-05-01,Visakhapatnam,Bulk Minerals & Ores,4.654612918053904,29.01516129032258,60345.47639118224,42628.49128806557,3.161290322580645,True,16481.93,1.0,6.556333303451538,6.656935491869526,9.047517381865402,7.420262059062156,18.94633333333333,13580.509999999998,-0.2946906438061363,5,2,6.536833381652832,-0.01949992179870641,6.536833381652832,-0.01949992179870641,7.984838716445431,1.4285054129938928,8.62193553678451,2.0656022333329727,0.9772727272727273,0.8666666666666667,0.8409090909090909,0.8935185185185185,0.0,0.8202188552188552,high
2020-05-01,Visakhapatnam,Coal,4.654612918053904,29.01516129032258,60345.47639118224,42628.49128806557,3.161290322580645,True,0.0,0.0,6.556333303451538,6.656935491869526,9.047517381865402,7.420262059062156,18.94633333333333,0.0,0.0,5,2,6.536833381652832,-0.01949992179870641,6.536833381652832,-0.01949992179870641,7.984838716445431,1.4285054129938928,8.62193553678451,2.0656022333329727,0.9772727272727273,0.8666666666666667,0.8409090909090909,0.8935185185185185,0.0,0.8202188552188552,high
2020-05-01,Visakhapatnam,Iron Ore,4.654612918053904,29.01516129032258,60345.47639118224,42628.49128806557,3.161290322580645,True,0.0,0.0,6.556333303451538,6.656935491869526,9.047517381865402,7.420262059062156,18.94633333333333,0.0,0.0,5,2,6.536833381652832,-0.01949992179870641,6.536833381652832,-0.01949992179870641,7.984838716445431,1.4285054129938928,8.62193553678451,2.0656022333329727,0.9772727272727273,0.8666666666666667,0.8409090909090909,0.8935185185185185,0.0,0.8202188552188552,high
2020-06-01,Chennai,Bulk Minerals & Ores,6.536833381652832,40.385,0.0,0.0,0.26666666666666666,True,13410.350000000002,1.0,4.654612918053904,6.556333303451538,6.656935491869526,5.95596057112499,29.01516129032258,16481.93,-0.3182108203880658,6,2,7.984838716445431,3.3302257983915267,7.984838716445431,3.3302257983915267,8.62193553678451,3.9673226187306065,7.797500006357828,3.142887088303924,1.0,0.9555555555555556,0.45454545454545453,0.037037037037037035,0.0,0.6167003367003366,high
2020-06-01,Chennai,Coal,6.536833381652832,40.385,0.0,0.0,0.26666666666666666,True,0.0,0.0,4.654612918053904,6.556333303451538,6.656935491869526,5.95596057112499,29.01516129032258,0.0,0.0,6,2,7.984838716445431,3.3302257983915267,7.984838716445431,3.3302257983915267,8.62193553678451,3.9673226187306065,7.797500006357828,3.142887088303924,1.0,0.9555555555555556,0.45454545454545453,0.037037037037037035,0.0,0.6167003367003366,high
2020-06-01,Chennai,Iron Ore,6.536833381652832,40.385,0.0,0.0,0.26666666666666666,True,0.0,0.0,4.654612918053904,6.556333303451538,6.656935491869526,5.95596057112499,29.01516129032258,0.0,0.0,6,2,7.984838716445431,3.3302257983915267,7.984838716445431,3.3302257983915267,8.62193553678451,3.9673226187306065,7.797500006357828,3.142887088303924,1.0,0.9555555555555556,0.45454545454545453,0.037037037037037035,0.0,0.6167003367003366,high
2020-06-01,Dhamra,Bulk Minerals & Ores,6.536833381652832,40.385,0.0,0.0,0.0,False,13410.350000000002,1.0,4.654612918053904,6.556333303451538,6.656935491869526,5.95596057112499,29.01516129032258,16481.93,-0.3182108203880658,6,2,7.984838716445431,3.3302257983915267,7.984838716445431,3.3302257983915267,8.62193553678451,3.9673226187306065,7.797500006357828,3.142887088303924,1.0,0.9555555555555556,0.45454545454545453,0.5,1.0,0.8092929292929292,high
2020-06-01,Dhamra,Coal,6.536833381652832,40.385,0.0,0.0,0.0,False,0.0,0.0,4.654612918053904,6.556333303451538,6.656935491869526,5.95596057112499,29.01516129032258,0.0,0.0,6,2,7.984838716445431,3.3302257983915267,7.984838716445431,3.3302257983915267,8.62193553678451,3.9673226187306065,7.797500006357828,3.142887088303924,1.0,0.9555555555555556,0.45454545454545453,0.5,1.0,0.8092929292929292,high
2020-06-01,Dhamra,Iron Ore,6.536833381652832,40.385,0.0,0.0,0.0,False,0.0,0.0,4.654612918053904,6.556333303451538,6.656935491869526,5.95596057112499,29.01516129032258,0.0,0.0,6,2,7.984838716445431,3.3302257983915267,7.984838716445431,3.3302257983915267,8.62193553678451,3.9673226187306065,7.797500006357828,3.142887088303924,1.0,0.9555555555555556,0.45454545454545453,0.5,1.0,0.8092929292929292,high
2020-06-01,Gangavaram,Bulk Minerals & Ores,6.536833381652832,40.385,0.0,0.0,0.0,False,13410.350000000002,1.0,4.654612918053904,6.556333303451538,6.656935491869526,5.95596057112499,29.01516129032258,16481.93,-0.3182108203880658,6,2,7.984838716445431,3.3302257983915267,7.984838716445431,3.3302257983915267,8.62193553678451,3.9673226187306065,7.797500006357828,3.142887088303924,1.0,0.9555555555555556,0.45454545454545453,0.5,1.0,0.8092929292929292,high
2020-06-01,Gangavaram,Coal,6.536833381652832,40.385,0.0,0.0,0.0,False,0.0,0.0,4.654612918053904,6.556333303451538,6.656935491869526,5.95596057112499,29.01516129032258,0.0,0.0,6,2,7.984838716445431,3.3302257983915267,7.984838716445431,3.3302257983915267,8.62193553678451,3.9673226187306065,7.797500006357828,3.142887088303924,1.0,0.9555555555555556,0.45454545454545453,0.5,1.0,0.8092929292929292,high
2020-06-01,Gangavaram,Iron Ore,6.536833381652832,40.385,0.0,0.0,0.0,False,0.0,0.0,4.654612918053904,6.556333303451538,6.656935491869526,5.95596057112499,29.01516129032258,0.0,0.0,6,2,7.984838716445431,3.3302257983915267,7.984838716445431,3.3302257983915267,8.62193553678451,3.9673226187306065,7.797500006357828,3.142887088303924,1.0,0.9555555555555556,0.45454545454545453,0.5,1.0,0.8092929292929292,high
2020-06-01,Gopalpur,Bulk Minerals & Ores,6.536833381652832,40.385,0.0,0.0,0.0,False,13410.350000000002,1.0,4.654612918053904,6.556333303451538,6.656935491869526,5.95596057112499,29.01516129032258,16481.93,-0.3182108203880658,6,2,7.984838716445431,3.3302257983915267,7.984838716445431,3.3302257983915267,8.62193553678451,3.9673226187306065,7.797500006357828,3.142887088303924,1.0,0.9555555555555556,0.45454545454545453,0.5,1.0,0.8092929292929292,high
2020-06-01,Gopalpur,Coal,6.536833381652832,40.385,0.0,0.0,0.0,False,0.0,0.0,4.654612918053904,6.556333303451538,6.656935491869526,5.95596057112499,29.01516129032258,0.0,0.0,6,2,7.984838716445431,3.3302257983915267,7.984838716445431,3.3302257983915267,8.62193553678451,3.9673226187306065,7.797500006357828,3.142887088303924,1.0,0.9555555555555556,0.45454545454545453,0.5,1.0,0.8092929292929292,high
2020-06-01,Gopalpur,Iron Ore,6.536833381652832,40.385,0.0,0.0,0.0,False,0.0,0.0,4.654612918053904,6.556333303451538,6.656935491869526,5.95596057112499,29.01516129032258,0.0,0.0,6,2,7.984838716445431,3.3302257983915267,7.984838716445431,3.3302257983915267,8.62193553678451,3.9673226187306065,7.797500006357828,3.142887088303924,1.0,0.9555555555555556,0.45454545454545453,0.5,1.0,0.8092929292929292,high
2020-06-01,Haldia,Bulk Minerals & Ores,6.536833381652832,40.385,19202.863701434468,4430.03630591006,2.3333333333333335,True,13410.350000000002,1.0,4.654612918053904,6.556333303451538,6.656935491869526,5.95596057112499,29.01516129032258,16481.93,-0.3182108203880658,6,2,7.984838716445431,3.3302257983915267,7.984838716445431,3.3302257983915267,8.62193553678451,3.9673226187306065,7.797500006357828,3.142887088303924,1.0,0.9555555555555556,0.45454545454545453,0.6620370370370371,0.0,0.7417003367003366,high
2020-06-01,Haldia,Coal,6.536833381652832,40.385,19202.863701434468,4430.03630591006,2.3333333333333335,True,0.0,0.0,4.654612918053904,6.556333303451538,6.656935491869526,5.95596057112499,29.01516129032258,0.0,0.0,6,2,7.984838716445431,3.3302257983915267,7.984838716445431,3.3302257983915267,8.62193553678451,3.9673226187306065,7.797500006357828,3.142887088303924,1.0,0.9555555555555556,0.45454545454545453,0.6620370370370371,0.0,0.7417003367003366,high
2020-06-01,Haldia,Iron Ore,6.536833381652832,40.385,19202.863701434468,4430.03630591006,2.3333333333333335,True,0.0,0.0,4.654612918053904,6.556333303451538,6.656935491869526,5.95596057112499,29.01516129032258,0.0,0.0,6,2,7.984838716445431,3.3302257983915267,7.984838716445431,3.3302257983915267,8.62193553678451,3.9673226187306065,7.797500006357828,3.142887088303924,1.0,0.9555555555555556,0.45454545454545453,0.6620370370370371,0.0,0.7417003367003366,high
2020-06-01,Kamarajar,Bulk Minerals & Ores,6.536833381652832,40.385,22960.705494486643,0.0,0.7,True,13410.350000000002,1.0,4.654612918053904,6.556333303451538,6.656935491869526,5.95596057112499,29.01516129032258,16481.93,-0.3182108203880658,6,2,7.984838716445431,3.3302257983915267,7.984838716445431,3.3302257983915267,8.62193553678451,3.9673226187306065,7.797500006357828,3.142887088303924,1.0,0.9555555555555556,0.45454545454545453,0.23148148148148148,0.0,0.6555892255892255,high
2020-06-01,Kamarajar,Coal,6.536833381652832,40.385,22960.705494486643,0.0,0.7,True,0.0,0.0,4.654612918053904,6.556333303451538,6.656935491869526,5.95596057112499,29.01516129032258,0.0,0.0,6,2,7.984838716445431,3.3302257983915267,7.984838716445431,3.3302257983915267,8.62193553678451,3.9673226187306065,7.797500006357828,3.142887088303924,1.0,0.9555555555555556,0.45454545454545453,0.23148148148148148,0.0,0.6555892255892255,high
2020-06-01,Kamarajar,Iron Ore,6.536833381652832,40.385,22960.705494486643,0.0,0.7,True,0.0,0.0,4.654612918053904,6.556333303451538,6.656935491869526,5.95596057112499,29.01516129032258,0.0,0.0,6,2,7.984838716445431,3.3302257983915267,7.984838716445431,3.3302257983915267,8.62193553678451,3.9673226187306065,7.797500006357828,3.142887088303924,1.0,0.9555555555555556,0.45454545454545453,0.23148148148148148,0.0,0.6555892255892255,high
2020-06-01,Paradip,Bulk Minerals & Ores,6.536833381652832,40.385,31800.539228437123,69170.46575357158,3.533333333333333,True,13410.350000000002,1.0,4.654612918053904,6.556333303451538,6.656935491869526,5.95596057112499,29.01516129032258,16481.93,-0.3182108203880658,6,2,7.984838716445431,3.3302257983915267,7.984838716445431,3.3302257983915267,8.62193553678451,3.9673226187306065,7.797500006357828,3.142887088303924,1.0,0.9555555555555556,0.45454545454545453,0.9351851851851852,0.0,0.7963299663299663,high
2020-06-01,Paradip,Coal,6.536833381652832,40.385,31800.539228437123,69170.46575357158,3.533333333333333,True,0.0,0.0,4.654612918053904,6.556333303451538,6.656935491869526,5.95596057112499,29.01516129032258,0.0,0.0,6,2,7.984838716445431,3.3302257983915267,7.984838716445431,3.3302257983915267,8.62193553678451,3.9673226187306065,7.797500006357828,3.142887088303924,1.0,0.9555555555555556,0.45454545454545453,0.9351851851851852,0.0,0.7963299663299663,high
2020-06-01,Paradip,Iron Ore,6.536833381652832,40.385,31800.539228437123,69170.46575357158,3.533333333333333,True,0.0,0.0,4.654612918053904,6.556333303451538,6.656935491869526,5.95596057112499,29.01516129032258,0.0,0.0,6,2,7.984838716445431,3.3302257983915267,7.984838716445431,3.3302257983915267,8.62193553678451,3.9673226187306065,7.797500006357828,3.142887088303924,1.0,0.9555555555555556,0.45454545454545453,0.9351851851851852,0.0,0.7963299663299663,high
2020-06-01,Sagar Sandheads,Bulk Minerals & Ores,6.536833381652832,40.385,0.0,0.0,0.0,False,13410.350000000002,1.0,4.654612918053904,6.556333303451538,6.656935491869526,5.95596057112499,29.01516129032258,16481.93,-0.3182108203880658,6,2,7.984838716445431,3.3302257983915267,7.984838716445431,3.3302257983915267,8.62193553678451,3.9673226187306065,7.797500006357828,3.142887088303924,1.0,0.9555555555555556,0.45454545454545453,0.5,1.0,0.8092929292929292,high
2020-06-01,Sagar Sandheads,Coal,6.536833381652832,40.385,0.0,0.0,0.0,False,0.0,0.0,4.654612918053904,6.556333303451538,6.656935491869526,5.95596057112499,29.01516129032258,0.0,0.0,6,2,7.984838716445431,3.3302257983915267,7.984838716445431,3.3302257983915267,8.62193553678451,3.9673226187306065,7.797500006357828,3.142887088303924,1.0,0.9555555555555556,0.45454545454545453,0.5,1.0,0.8092929292929292,high
2020-06-01,Sagar Sandheads,Iron Ore,6.536833381652832,40.385,0.0,0.0,0.0,False,0.0,0.0,4.654612918053904,6.556333303451538,6.656935491869526,5.95596057112499,29.01516129032258,0.0,0.0,6,2,7.984838716445431,3.3302257983915267,7.984838716445431,3.3302257983915267,8.62193553678451,3.9673226187306065,7.797500006357828,3.142887088303924,1.0,0.9555555555555556,0.45454545454545453,0.5,1.0,0.8092929292929292,high
2020-06-01,Tuticorin,Bulk Minerals & Ores,6.536833381652832,40.385,27073.809101743795,0.0,1.1,True,13410.350000000002,1.0,4.654612918053904,6.556333303451538,6.656935491869526,5.95596057112499,29.01516129032258,16481.93,-0.3182108203880658,6,2,7.984838716445431,3.3302257983915267,7.984838716445431,3.3302257983915267,8.62193553678451,3.9673226187306065,7.797500006357828,3.142887088303924,1.0,0.9555555555555556,0.45454545454545453,0.48148148148148145,0.0,0.7055892255892255,high
2020-06-01,Tuticorin,Coal,6.536833381652832,40.385,27073.809101743795,0.0,1.1,True,0.0,0.0,4.654612918053904,6.556333303451538,6.656935491869526,5.95596057112499,29.01516129032258,0.0,0.0,6,2,7.984838716445431,3.3302257983915267,7.984838716445431,3.3302257983915267,8.62193553678451,3.9673226187306065,7.797500006357828,3.142887088303924,1.0,0.9555555555555556,0.45454545454545453,0.48148148148148145,0.0,0.7055892255892255,high
2020-06-01,Tuticorin,Iron Ore,6.536833381652832,40.385,27073.809101743795,0.0,1.1,True,0.0,0.0,4.654612918053904,6.556333303451538,6.656935491869526,5.95596057112499,29.01516129032258,0.0,0.0,6,2,7.984838716445431,3.3302257983915267,7.984838716445431,3.3302257983915267,8.62193553678451,3.9673226187306065,7.797500006357828,3.142887088303924,1.0,0.9555555555555556,0.45454545454545453,0.48148148148148145,0.0,0.7055892255892255,high
2020-06-01,Visakhapatnam,Bulk Minerals & Ores,6.536833381652832,40.385,33652.33765972915,42246.292198125695,3.1,True,13410.350000000002,1.0,4.654612918053904,6.556333303451538,6.656935491869526,5.95596057112499,29.01516129032258,16481.93,-0.3182108203880658,6,2,7.984838716445431,3.3302257983915267,7.984838716445431,3.3302257983915267,8.62193553678451,3.9673226187306065,7.797500006357828,3.142887088303924,1.0,0.9555555555555556,0.45454545454545453,0.8796296296296297,0.0,0.7852188552188551,high
2020-06-01,Visakhapatnam,Coal,6.536833381652832,40.385,33652.33765972915,42246.292198125695,3.1,True,0.0,0.0,4.654612918053904,6.556333303451538,6.656935491869526,5.95596057112499,29.01516129032258,0.0,0.0,6,2,7.984838716445431,3.3302257983915267,7.984838716445431,3.3302257983915267,8.62193553678451,3.9673226187306065,7.797500006357828,3.142887088303924,1.0,0.9555555555555556,0.45454545454545453,0.8796296296296297,0.0,0.7852188552188551,high
2020-06-01,Visakhapatnam,Iron Ore,6.536833381652832,40.385,33652.33765972915,42246.292198125695,3.1,True,0.0,0.0,4.654612918053904,6.556333303451538,6.656935491869526,5.95596057112499,29.01516129032258,0.0,0.0,6,2,7.984838716445431,3.3302257983915267,7.984838716445431,3.3302257983915267,8.62193553678451,3.9673226187306065,7.797500006357828,3.142887088303924,1.0,0.9555555555555556,0.45454545454545453,0.8796296296296297,0.0,0.7852188552188551,high
2020-07-01,Chennai,Bulk Minerals & Ores,7.984838716445431,43.24483870967742,0.0,0.0,0.6129032258064516,True,13423.919999999998,1.0,6.536833381652832,4.654612918053904,6.556333303451538,5.915926534386092,40.385,13410.350000000002,-0.3465417962127041,7,3,8.62193553678451,2.085102155131679,8.62193553678451,2.085102155131679,7.797500006357828,1.2606666247049967,7.623225750461701,1.0863923688088697,0.8181818181818182,0.7333333333333333,0.8863636363636364,0.20833333333333334,0.0,0.607651515151515,high
2020-07-01,Chennai,Coal,7.984838716445431,43.24483870967742,0.0,0.0,0.6129032258064516,True,0.0,0.0,6.536833381652832,4.654612918053904,6.556333303451538,5.915926534386092,40.385,0.0,0.0,7,3,8.62193553678451,2.085102155131679,8.62193553678451,2.085102155131679,7.797500006357828,1.2606666247049967,7.623225750461701,1.0863923688088697,0.8181818181818182,0.7333333333333333,0.8863636363636364,0.20833333333333334,0.0,0.607651515151515,high
2020-07-01,Chennai,Iron Ore,7.984838716445431,43.24483870967742,0.0,0.0,0.6129032258064516,True,0.0,0.0,6.536833381652832,4.654612918053904,6.556333303451538,5.915926534386092,40.385,0.0,0.0,7,3,8.62193553678451,2.085102155131679,8.62193553678451,2.085102155131679,7.797500006357828,1.2606666247049967,7.623225750461701,1.0863923688088697,0.8181818181818182,0.7333333333333333,0.8863636363636364,0.20833333333333334,0.0,0.607651515151515,high
2020-07-01,Dhamra,Bulk Minerals & Ores,7.984838716445431,43.24483870967742,0.0,0.0,0.0,False,13423.919999999998,1.0,6.536833381652832,4.654612918053904,6.556333303451538,5.915926534386092,40.385,13410.350000000002,-0.3465417962127041,7,3,8.62193553678451,2.085102155131679,8.62193553678451,2.085102155131679,7.797500006357828,1.2606666247049967,7.623225750461701,1.0863923688088697,0.8181818181818182,0.7333333333333333,0.8863636363636364,0.5,1.0,0.7659848484848484,high
2020-07-01,Dhamra,Coal,7.984838716445431,43.24483870967742,0.0,0.0,0.0,False,0.0,0.0,6.536833381652832,4.654612918053904,6.556333303451538,5.915926534386092,40.385,0.0,0.0,7,3,8.62193553678451,2.085102155131679,8.62193553678451,2.085102155131679,7.797500006357828,1.2606666247049967,7.623225750461701,1.0863923688088697,0.8181818181818182,0.7333333333333333,0.8863636363636364,0.5,1.0,0.7659848484848484,high
2020-07-01,Dhamra,Iron Ore,7.984838716445431,43.24483870967742,0.0,0.0,0.0,False,0.0,0.0,6.536833381652832,4.654612918053904,6.556333303451538,5.915926534386092,40.385,0.0,0.0,7,3,8.62193553678451,2.085102155131679,8.62193553678451,2.085102155131679,7.797500006357828,1.2606666247049967,7.623225750461701,1.0863923688088697,0.8181818181818182,0.7333333333333333,0.8863636363636364,0.5,1.0,0.7659848484848484,high
2020-07-01,Gangavaram,Bulk Minerals & Ores,7.984838716445431,43.24483870967742,0.0,0.0,0.0,False,13423.919999999998,1.0,6.536833381652832,4.654612918053904,6.556333303451538,5.915926534386092,40.385,13410.350000000002,-0.3465417962127041,7,3,8.62193553678451,2.085102155131679,8.62193553678451,2.085102155131679,7.797500006357828,1.2606666247049967,7.623225750461701,1.0863923688088697,0.8181818181818182,0.7333333333333333,0.8863636363636364,0.5,1.0,0.7659848484848484,high
2020-07-01,Gangavaram,Coal,7.984838716445431,43.24483870967742,0.0,0.0,0.0,False,0.0,0.0,6.536833381652832,4.654612918053904,6.556333303451538,5.915926534386092,40.385,0.0,0.0,7,3,8.62193553678451,2.085102155131679,8.62193553678451,2.085102155131679,7.797500006357828,1.2606666247049967,7.623225750461701,1.0863923688088697,0.8181818181818182,0.7333333333333333,0.8863636363636364,0.5,1.0,0.7659848484848484,high
2020-07-01,Gangavaram,Iron Ore,7.984838716445431,43.24483870967742,0.0,0.0,0.0,False,0.0,0.0,6.536833381652832,4.654612918053904,6.556333303451538,5.915926534386092,40.385,0.0,0.0,7,3,8.62193553678451,2.085102155131679,8.62193553678451,2.085102155131679,7.797500006357828,1.2606666247049967,7.623225750461701,1.0863923688088697,0.8181818181818182,0.7333333333333333,0.8863636363636364,0.5,1.0,0.7659848484848484,high
2020-07-01,Gopalpur,Bulk Minerals & Ores,7.984838716445431,43.24483870967742,0.0,0.0,0.0,False,13423.919999999998,1.0,6.536833381652832,4.654612918053904,6.556333303451538,5.915926534386092,40.385,13410.350000000002,-0.3465417962127041,7,3,8.62193553678451,2.085102155131679,8.62193553678451,2.085102155131679,7.797500006357828,1.2606666247049967,7.623225750461701,1.0863923688088697,0.8181818181818182,0.7333333333333333,0.8863636363636364,0.5,1.0,0.7659848484848484,high
2020-07-01,Gopalpur,Coal,7.984838716445431,43.24483870967742,0.0,0.0,0.0,False,0.0,0.0,6.536833381652832,4.654612918053904,6.556333303451538,5.915926534386092,40.385,0.0,0.0,7,3,8.62193553678451,2.085102155131679,8.62193553678451,2.085102155131679,7.797500006357828,1.2606666247049967,7.623225750461701,1.0863923688088697,0.8181818181818182,0.7333333333333333,0.8863636363636364,0.5,1.0,0.7659848484848484,high
2020-07-01,Gopalpur,Iron Ore,7.984838716445431,43.24483870967742,0.0,0.0,0.0,False,0.0,0.0,6.536833381652832,4.654612918053904,6.556333303451538,5.915926534386092,40.385,0.0,0.0,7,3,8.62193553678451,2.085102155131679,8.62193553678451,2.085102155131679,7.797500006357828,1.2606666247049967,7.623225750461701,1.0863923688088697,0.8181818181818182,0.7333333333333333,0.8863636363636364,0.5,1.0,0.7659848484848484,high
2020-07-01,Haldia,Bulk Minerals & Ores,7.984838716445431,43.24483870967742,12735.354299495237,6884.494025637456,2.129032258064516,True,13423.919999999998,1.0,6.536833381652832,4.654612918053904,6.556333303451538,5.915926534386092,40.385,13410.350000000002,-0.3465417962127041,7,3,8.62193553678451,2.085102155131679,8.62193553678451,2.085102155131679,7.797500006357828,1.2606666247049967,7.623225750461701,1.0863923688088697,0.8181818181818182,0.7333333333333333,0.8863636363636364,0.6018518518518519,0.0,0.6863552188552188,high
2020-07-01,Haldia,Coal,7.984838716445431,43.24483870967742,12735.354299495237,6884.494025637456,2.129032258064516,True,0.0,0.0,6.536833381652832,4.654612918053904,6.556333303451538,5.915926534386092,40.385,0.0,0.0,7,3,8.62193553678451,2.085102155131679,8.62193553678451,2.085102155131679,7.797500006357828,1.2606666247049967,7.623225750461701,1.0863923688088697,0.8181818181818182,0.7333333333333333,0.8863636363636364,0.6018518518518519,0.0,0.6863552188552188,high
2020-07-01,Haldia,Iron Ore,7.984838716445431,43.24483870967742,12735.354299495237,6884.494025637456,2.129032258064516,True,0.0,0.0,6.536833381652832,4.654612918053904,6.556333303451538,5.915926534386092,40.385,0.0,0.0,7,3,8.62193553678451,2.085102155131679,8.62193553678451,2.085102155131679,7.797500006357828,1.2606666247049967,7.623225750461701,1.0863923688088697,0.8181818181818182,0.7333333333333333,0.8863636363636364,0.6018518518518519,0.0,0.6863552188552188,high
2020-07-01,Kamarajar,Bulk Minerals & Ores,7.984838716445431,43.24483870967742,16958.810602235695,0.0,0.5483870967741935,True,13423.919999999998,1.0,6.536833381652832,4.654612918053904,6.556333303451538,5.915926534386092,40.385,13410.350000000002,-0.3465417962127041,7,3,8.62193553678451,2.085102155131679,8.62193553678451,2.085102155131679,7.797500006357828,1.2606666247049967,7.623225750461701,1.0863923688088697,0.8181818181818182,0.7333333333333333,0.8863636363636364,0.18518518518518517,0.0,0.6030218855218854,high
2020-07-01,Kamarajar,Coal,7.984838716445431,43.24483870967742,16958.810602235695,0.0,0.5483870967741935,True,0.0,0.0,6.536833381652832,4.654612918053904,6.556333303451538,5.915926534386092,40.385,0.0,0.0,7,3,8.62193553678451,2.085102155131679,8.62193553678451,2.085102155131679,7.797500006357828,1.2606666247049967,7.623225750461701,1.0863923688088697,0.8181818181818182,0.7333333333333333,0.8863636363636364,0.18518518518518517,0.0,0.6030218855218854,high
2020-07-01,Kamarajar,Iron Ore,7.984838716445431,43.24483870967742,16958.810602235695,0.0,0.5483870967741935,True,0.0,0.0,6.536833381652832,4.654612918053904,6.556333303451538,5.915926534386092,40.385,0.0,0.0,7,3,8.62193553678451,2.085102155131679,8.62193553678451,2.085102155131679,7.797500006357828,1.2606666247049967,7.623225750461701,1.0863923688088697,0.8181818181818182,0.7333333333333333,0.8863636363636364,0.18518518518518517,0.0,0.6030218855218854,high
2020-07-01,Paradip,Bulk Minerals & Ores,7.984838716445431,43.24483870967742,34429.480728541734,42475.87535154689,2.903225806451613,True,13423.919999999998,1.0,6.536833381652832,4.654612918053904,6.556333303451538,5.915926534386092,40.385,13410.350000000002,-0.3465417962127041,7,3,8.62193553678451,2.085102155131679,8.62193553678451,2.085102155131679,7.797500006357828,1.2606666247049967,7.623225750461701,1.0863923688088697,0.8181818181818182,0.7333333333333333,0.8863636363636364,0.8472222222222222,0.0,0.7354292929292929,high
2020-07-01,Paradip,Coal,7.984838716445431,43.24483870967742,34429.480728541734,42475.87535154689,2.903225806451613,True,0.0,0.0,6.536833381652832,4.654612918053904,6.556333303451538,5.915926534386092,40.385,0.0,0.0,7,3,8.62193553678451,2.085102155131679,8.62193553678451,2.085102155131679,7.797500006357828,1.2606666247049967,7.623225750461701,1.0863923688088697,0.8181818181818182,0.7333333333333333,0.8863636363636364,0.8472222222222222,0.0,0.7354292929292929,high
2020-07-01,Paradip,Iron Ore,7.984838716445431,43.24483870967742,34429.480728541734,42475.87535154689,2.903225806451613,True,0.0,0.0,6.536833381652832,4.654612918053904,6.556333303451538,5.915926534386092,40.385,0.0,0.0,7,3,8.62193553678451,2.085102155131679,8.62193553678451,2.085102155131679,7.797500006357828,1.2606666247049967,7.623225750461701,1.0863923688088697,0.8181818181818182,0.7333333333333333,0.8863636363636364,0.8472222222222222,0.0,0.7354292929292929,high
2020-07-01,Sagar Sandheads,Bulk Minerals & Ores,7.984838716445431,43.24483870967742,0.0,0.0,0.0,False,13423.919999999998,1.0,6.536833381652832,4.654612918053904,6.556333303451538,5.915926534386092,40.385,13410.350000000002,-0.3465417962127041,7,3,8.62193553678451,2.085102155131679,8.62193553678451,2.085102155131679,7.797500006357828,1.2606666247049967,7.623225750461701,1.0863923688088697,0.8181818181818182,0.7333333333333333,0.8863636363636364,0.5,1.0,0.7659848484848484,high
2020-07-01,Sagar Sandheads,Coal,7.984838716445431,43.24483870967742,0.0,0.0,0.0,False,0.0,0.0,6.536833381652832,4.654612918053904,6.556333303451538,5.915926534386092,40.385,0.0,0.0,7,3,8.62193553678451,2.085102155131679,8.62193553678451,2.085102155131679,7.797500006357828,1.2606666247049967,7.623225750461701,1.0863923688088697,0.8181818181818182,0.7333333333333333,0.8863636363636364,0.5,1.0,0.7659848484848484,high
2020-07-01,Sagar Sandheads,Iron Ore,7.984838716445431,43.24483870967742,0.0,0.0,0.0,False,0.0,0.0,6.536833381652832,4.654612918053904,6.556333303451538,5.915926534386092,40.385,0.0,0.0,7,3,8.62193553678451,2.085102155131679,8.62193553678451,2.085102155131679,7.797500006357828,1.2606666247049967,7.623225750461701,1.0863923688088697,0.8181818181818182,0.7333333333333333,0.8863636363636364,0.5,1.0,0.7659848484848484,high
2020-07-01,Tuticorin,Bulk Minerals & Ores,7.984838716445431,43.24483870967742,22629.006825067834,0.0,0.9354838709677419,True,13423.919999999998,1.0,6.536833381652832,4.654612918053904,6.556333303451538,5.915926534386092,40.385,13410.350000000002,-0.3465417962127041,7,3,8.62193553678451,2.085102155131679,8.62193553678451,2.085102155131679,7.797500006357828,1.2606666247049967,7.623225750461701,1.0863923688088697,0.8181818181818182,0.7333333333333333,0.8863636363636364,0.38425925925925924,0.0,0.6428367003367003,high
2020-07-01,Tuticorin,Coal,7.984838716445431,43.24483870967742,22629.006825067834,0.0,0.9354838709677419,True,0.0,0.0,6.536833381652832,4.654612918053904,6.556333303451538,5.915926534386092,40.385,0.0,0.0,7,3,8.62193553678451,2.085102155131679,8.62193553678451,2.085102155131679,7.797500006357828,1.2606666247049967,7.623225750461701,1.0863923688088697,0.8181818181818182,0.7333333333333333,0.8863636363636364,0.38425925925925924,0.0,0.6428367003367003,high
2020-07-01,Tuticorin,Iron Ore,7.984838716445431,43.24483870967742,22629.006825067834,0.0,0.9354838709677419,True,0.0,0.0,6.536833381652832,4.654612918053904,6.556333303451538,5.915926534386092,40.385,0.0,0.0,7,3,8.62193553678451,2.085102155131679,8.62193553678451,2.085102155131679,7.797500006357828,1.2606666247049967,7.623225750461701,1.0863923688088697,0.8181818181818182,0.7333333333333333,0.8863636363636364,0.38425925925925924,0.0,0.6428367003367003,high
2020-07-01,Visakhapatnam,Bulk Minerals & Ores,7.984838716445431,43.24483870967742,51633.11703027622,52009.997494329524,3.903225806451613,True,13423.919999999998,1.0,6.536833381652832,4.654612918053904,6.556333303451538,5.915926534386092,40.385,13410.350000000002,-0.3465417962127041,7,3,8.62193553678451,2.085102155131679,8.62193553678451,2.085102155131679,7.797500006357828,1.2606666247049967,7.623225750461701,1.0863923688088697,0.8181818181818182,0.7333333333333333,0.8863636363636364,0.9675925925925926,0.0,0.759503367003367,high
2020-07-01,Visakhapatnam,Coal,7.984838716445431,43.24483870967742,51633.11703027622,52009.997494329524,3.903225806451613,True,0.0,0.0,6.536833381652832,4.654612918053904,6.556333303451538,5.915926534386092,40.385,0.0,0.0,7,3,8.62193553678451,2.085102155131679,8.62193553678451,2.085102155131679,7.797500006357828,1.2606666247049967,7.623225750461701,1.0863923688088697,0.8181818181818182,0.7333333333333333,0.8863636363636364,0.9675925925925926,0.0,0.759503367003367,high
2020-07-01,Visakhapatnam,Iron Ore,7.984838716445431,43.24483870967742,51633.11703027622,52009.997494329524,3.903225806451613,True,0.0,0.0,6.536833381652832,4.654612918053904,6.556333303451538,5.915926534386092,40.385,0.0,0.0,7,3,8.62193553678451,2.085102155131679,8.62193553678451,2.085102155131679,7.797500006357828,1.2606666247049967,7.623225750461701,1.0863923688088697,0.8181818181818182,0.7333333333333333,0.8863636363636364,0.9675925925925926,0.0,0.759503367003367,high
2020-08-01,Chennai,Bulk Minerals & Ores,8.62193553678451,44.59290322580645,0.0,0.0,0.2903225806451613,True,13692.630000000003,1.0,7.984838716445431,6.536833381652832,4.654612918053904,6.392095005384056,43.24483870967742,13423.919999999998,-0.2510034844349146,8,3,7.797500006357828,-0.1873387100876025,7.797500006357828,-0.1873387100876025,7.623225750461701,-0.3616129659837295,6.553333346048991,-1.4315053703964402,0.7727272727272727,0.35555555555555557,0.5681818181818182,0.05092592592592592,0.0,0.4369781144781145,medium
2020-08-01,Chennai,Coal,8.62193553678451,44.59290322580645,0.0,0.0,0.2903225806451613,True,0.0,0.0,7.984838716445431,6.536833381652832,4.654612918053904,6.392095005384056,43.24483870967742,0.0,0.0,8,3,7.797500006357828,-0.1873387100876025,7.797500006357828,-0.1873387100876025,7.623225750461701,-0.3616129659837295,6.553333346048991,-1.4315053703964402,0.7727272727272727,0.35555555555555557,0.5681818181818182,0.05092592592592592,0.0,0.4369781144781145,medium
2020-08-01,Chennai,Iron Ore,8.62193553678451,44.59290322580645,0.0,0.0,0.2903225806451613,True,0.0,0.0,7.984838716445431,6.536833381652832,4.654612918053904,6.392095005384056,43.24483870967742,0.0,0.0,8,3,7.797500006357828,-0.1873387100876025,7.797500006357828,-0.1873387100876025,7.623225750461701,-0.3616129659837295,6.553333346048991,-1.4315053703964402,0.7727272727272727,0.35555555555555557,0.5681818181818182,0.05092592592592592,0.0,0.4369781144781145,medium
2020-08-01,Dhamra,Bulk Minerals & Ores,8.62193553678451,44.59290322580645,0.0,0.0,0.0,False,13692.630000000003,1.0,7.984838716445431,6.536833381652832,4.654612918053904,6.392095005384056,43.24483870967742,13423.919999999998,-0.2510034844349146,8,3,7.797500006357828,-0.1873387100876025,7.797500006357828,-0.1873387100876025,7.623225750461701,-0.3616129659837295,6.553333346048991,-1.4315053703964402,0.7727272727272727,0.35555555555555557,0.5681818181818182,0.5,1.0,0.6267929292929293,high
2020-08-01,Dhamra,Coal,8.62193553678451,44.59290322580645,0.0,0.0,0.0,False,0.0,0.0,7.984838716445431,6.536833381652832,4.654612918053904,6.392095005384056,43.24483870967742,0.0,0.0,8,3,7.797500006357828,-0.1873387100876025,7.797500006357828,-0.1873387100876025,7.623225750461701,-0.3616129659837295,6.553333346048991,-1.4315053703964402,0.7727272727272727,0.35555555555555557,0.5681818181818182,0.5,1.0,0.6267929292929293,high
2020-08-01,Dhamra,Iron Ore,8.62193553678451,44.59290322580645,0.0,0.0,0.0,False,0.0,0.0,7.984838716445431,6.536833381652832,4.654612918053904,6.392095005384056,43.24483870967742,0.0,0.0,8,3,7.797500006357828,-0.1873387100876025,7.797500006357828,-0.1873387100876025,7.623225750461701,-0.3616129659837295,6.553333346048991,-1.4315053703964402,0.7727272727272727,0.35555555555555557,0.5681818181818182,0.5,1.0,0.6267929292929293,high
2020-08-01,Gangavaram,Bulk Minerals & Ores,8.62193553678451,44.59290322580645,0.0,0.0,0.0,False,13692.630000000003,1.0,7.984838716445431,6.536833381652832,4.654612918053904,6.392095005384056,43.24483870967742,13423.919999999998,-0.2510034844349146,8,3,7.797500006357828,-0.1873387100876025,7.797500006357828,-0.1873387100876025,7.623225750461701,-0.3616129659837295,6.553333346048991,-1.4315053703964402,0.7727272727272727,0.35555555555555557,0.5681818181818182,0.5,1.0,0.6267929292929293,high
2020-08-01,Gangavaram,Coal,8.62193553678451,44.59290322580645,0.0,0.0,0.0,False,0.0,0.0,7.984838716445431,6.536833381652832,4.654612918053904,6.392095005384056,43.24483870967742,0.0,0.0,8,3,7.797500006357828,-0.1873387100876025,7.797500006357828,-0.1873387100876025,7.623225750461701,-0.3616129659837295,6.553333346048991,-1.4315053703964402,0.7727272727272727,0.35555555555555557,0.5681818181818182,0.5,1.0,0.6267929292929293,high
2020-08-01,Gangavaram,Iron Ore,8.62193553678451,44.59290322580645,0.0,0.0,0.0,False,0.0,0.0,7.984838716445431,6.536833381652832,4.654612918053904,6.392095005384056,43.24483870967742,0.0,0.0,8,3,7.797500006357828,-0.1873387100876025,7.797500006357828,-0.1873387100876025,7.623225750461701,-0.3616129659837295,6.553333346048991,-1.4315053703964402,0.7727272727272727,0.35555555555555557,0.5681818181818182,0.5,1.0,0.6267929292929293,high
2020-08-01,Gopalpur,Bulk Minerals & Ores,8.62193553678451,44.59290322580645,0.0,0.0,0.0,False,13692.630000000003,1.0,7.984838716445431,6.536833381652832,4.654612918053904,6.392095005384056,43.24483870967742,13423.919999999998,-0.2510034844349146,8,3,7.797500006357828,-0.1873387100876025,7.797500006357828,-0.1873387100876025,7.623225750461701,-0.3616129659837295,6.553333346048991,-1.4315053703964402,0.7727272727272727,0.35555555555555557,0.5681818181818182,0.5,1.0,0.6267929292929293,high
2020-08-01,Gopalpur,Coal,8.62193553678451,44.59290322580645,0.0,0.0,0.0,False,0.0,0.0,7.984838716445431,6.536833381652832,4.654612918053904,6.392095005384056,43.24483870967742,0.0,0.0,8,3,7.797500006357828,-0.1873387100876025,7.797500006357828,-0.1873387100876025,7.623225750461701,-0.3616129659837295,6.553333346048991,-1.4315053703964402,0.7727272727272727,0.35555555555555557,0.5681818181818182,0.5,1.0,0.6267929292929293,high
2020-08-01,Gopalpur,Iron Ore,8.62193553678451,44.59290322580645,0.0,0.0,0.0,False,0.0,0.0,7.984838716445431,6.536833381652832,4.654612918053904,6.392095005384056,43.24483870967742,0.0,0.0,8,3,7.797500006357828,-0.1873387100876025,7.797500006357828,-0.1873387100876025,7.623225750461701,-0.3616129659837295,6.553333346048991,-1.4315053703964402,0.7727272727272727,0.35555555555555557,0.5681818181818182,0.5,1.0,0.6267929292929293,high
2020-08-01,Haldia,Bulk Minerals & Ores,8.62193553678451,44.59290322580645,27006.49138436546,2437.6565153906463,1.935483870967742,True,13692.630000000003,1.0,7.984838716445431,6.536833381652832,4.654612918053904,6.392095005384056,43.24483870967742,13423.919999999998,-0.2510034844349146,8,3,7.797500006357828,-0.1873387100876025,7.797500006357828,-0.1873387100876025,7.623225750461701,-0.3616129659837295,6.553333346048991,-1.4315053703964402,0.7727272727272727,0.35555555555555557,0.5681818181818182,0.5648148148148148,0.0,0.5397558922558923,medium
2020-08-01,Haldia,Coal,8.62193553678451,44.59290322580645,27006.49138436546,2437.6565153906463,1.935483870967742,True,0.0,0.0,7.984838716445431,6.536833381652832,4.654612918053904,6.392095005384056,43.24483870967742,0.0,0.0,8,3,7.797500006357828,-0.1873387100876025,7.797500006357828,-0.1873387100876025,7.623225750461701,-0.3616129659837295,6.553333346048991,-1.4315053703964402,0.7727272727272727,0.35555555555555557,0.5681818181818182,0.5648148148148148,0.0,0.5397558922558923,medium
2020-08-01,Haldia,Iron Ore,8.62193553678451,44.59290322580645,27006.49138436546,2437.6565153906463,1.935483870967742,True,0.0,0.0,7.984838716445431,6.536833381652832,4.654612918053904,6.392095005384056,43.24483870967742,0.0,0.0,8,3,7.797500006357828,-0.1873387100876025,7.797500006357828,-0.1873387100876025,7.623225750461701,-0.3616129659837295,6.553333346048991,-1.4315053703964402,0.7727272727272727,0.35555555555555557,0.5681818181818182,0.5648148148148148,0.0,0.5397558922558923,medium
2020-08-01,Kamarajar,Bulk Minerals & Ores,8.62193553678451,44.59290322580645,22515.660315512563,0.0,0.8064516129032258,True,13692.630000000003,1.0,7.984838716445431,6.536833381652832,4.654612918053904,6.392095005384056,43.24483870967742,13423.919999999998,-0.2510034844349146,8,3,7.797500006357828,-0.1873387100876025,7.797500006357828,-0.1873387100876025,7.623225750461701,-0.3616129659837295,6.553333346048991,-1.4315053703964402,0.7727272727272727,0.35555555555555557,0.5681818181818182,0.3055555555555556,0.0,0.48790404040404045,medium
2020-08-01,Kamarajar,Coal,8.62193553678451,44.59290322580645,22515.660315512563,0.0,0.8064516129032258,True,0.0,0.0,7.984838716445431,6.536833381652832,4.654612918053904,6.392095005384056,43.24483870967742,0.0,0.0,8,3,7.797500006357828,-0.1873387100876025,7.797500006357828,-0.1873387100876025,7.623225750461701,-0.3616129659837295,6.553333346048991,-1.4315053703964402,0.7727272727272727,0.35555555555555557,0.5681818181818182,0.3055555555555556,0.0,0.48790404040404045,medium
2020-08-01,Kamarajar,Iron Ore,8.62193553678451,44.59290322580645,22515.660315512563,0.0,0.8064516129032258,True,0.0,0.0,7.984838716445431,6.536833381652832,4.654612918053904,6.392095005384056,43.24483870967742,0.0,0.0,8,3,7.797500006357828,-0.1873387100876025,7.797500006357828,-0.1873387100876025,7.623225750461701,-0.3616129659837295,6.553333346048991,-1.4315053703964402,0.7727272727272727,0.35555555555555557,0.5681818181818182,0.3055555555555556,0.0,0.48790404040404045,medium
2020-08-01,Paradip,Bulk Minerals & Ores,8.62193553678451,44.59290322580645,28490.370394517977,55286.152848494945,2.967741935483871,True,13692.630000000003,1.0,7.984838716445431,6.536833381652832,4.654612918053904,6.392095005384056,43.24483870967742,13423.919999999998,-0.2510034844349146,8,3,7.797500006357828,-0.1873387100876025,7.797500006357828,-0.1873387100876025,7.623225750461701,-0.3616129659837295,6.553333346048991,-1.4315053703964402,0.7727272727272727,0.35555555555555557,0.5681818181818182,0.8564814814814815,0.0,0.5980892255892256,high
2020-08-01,Paradip,Coal,8.62193553678451,44.59290322580645,28490.370394517977,55286.152848494945,2.967741935483871,True,0.0,0.0,7.984838716445431,6.536833381652832,4.654612918053904,6.392095005384056,43.24483870967742,0.0,0.0,8,3,7.797500006357828,-0.1873387100876025,7.797500006357828,-0.1873387100876025,7.623225750461701,-0.3616129659837295,6.553333346048991,-1.4315053703964402,0.7727272727272727,0.35555555555555557,0.5681818181818182,0.8564814814814815,0.0,0.5980892255892256,high
2020-08-01,Paradip,Iron Ore,8.62193553678451,44.59290322580645,28490.370394517977,55286.152848494945,2.967741935483871,True,0.0,0.0,7.984838716445431,6.536833381652832,4.654612918053904,6.392095005384056,43.24483870967742,0.0,0.0,8,3,7.797500006357828,-0.1873387100876025,7.797500006357828,-0.1873387100876025,7.623225750461701,-0.3616129659837295,6.553333346048991,-1.4315053703964402,0.7727272727272727,0.35555555555555557,0.5681818181818182,0.8564814814814815,0.0,0.5980892255892256,high
2020-08-01,Sagar Sandheads,Bulk Minerals & Ores,8.62193553678451,44.59290322580645,0.0,0.0,0.0,False,13692.630000000003,1.0,7.984838716445431,6.536833381652832,4.654612918053904,6.392095005384056,43.24483870967742,13423.919999999998,-0.2510034844349146,8,3,7.797500006357828,-0.1873387100876025,7.797500006357828,-0.1873387100876025,7.623225750461701,-0.3616129659837295,6.553333346048991,-1.4315053703964402,0.7727272727272727,0.35555555555555557,0.5681818181818182,0.5,1.0,0.6267929292929293,high
2020-08-01,Sagar Sandheads,Coal,8.62193553678451,44.59290322580645,0.0,0.0,0.0,False,0.0,0.0,7.984838716445431,6.536833381652832,4.654612918053904,6.392095005384056,43.24483870967742,0.0,0.0,8,3,7.797500006357828,-0.1873387100876025,7.797500006357828,-0.1873387100876025,7.623225750461701,-0.3616129659837295,6.553333346048991,-1.4315053703964402,0.7727272727272727,0.35555555555555557,0.5681818181818182,0.5,1.0,0.6267929292929293,high
2020-08-01,Sagar Sandheads,Iron Ore,8.62193553678451,44.59290322580645,0.0,0.0,0.0,False,0.0,0.0,7.984838716445431,6.536833381652832,4.654612918053904,6.392095005384056,43.24483870967742,0.0,0.0,8,3,7.797500006357828,-0.1873387100876025,7.797500006357828,-0.1873387100876025,7.623225750461701,-0.3616129659837295,6.553333346048991,-1.4315053703964402,0.7727272727272727,0.35555555555555557,0.5681818181818182,0.5,1.0,0.6267929292929293,high
2020-08-01,Tuticorin,Bulk Minerals & Ores,8.62193553678451,44.59290322580645,23251.223932089844,0.0,1.096774193548387,True,13692.630000000003,1.0,7.984838716445431,6.536833381652832,4.654612918053904,6.392095005384056,43.24483870967742,13423.919999999998,-0.2510034844349146,8,3,7.797500006357828,-0.1873387100876025,7.797500006357828,-0.1873387100876025,7.623225750461701,-0.3616129659837295,6.553333346048991,-1.4315053703964402,0.7727272727272727,0.35555555555555557,0.5681818181818182,0.47685185185185186,0.0,0.5221632996632997,medium
2020-08-01,Tuticorin,Coal,8.62193553678451,44.59290322580645,23251.223932089844,0.0,1.096774193548387,True,0.0,0.0,7.984838716445431,6.536833381652832,4.654612918053904,6.392095005384056,43.24483870967742,0.0,0.0,8,3,7.797500006357828,-0.1873387100876025,7.797500006357828,-0.1873387100876025,7.623225750461701,-0.3616129659837295,6.553333346048991,-1.4315053703964402,0.7727272727272727,0.35555555555555557,0.5681818181818182,0.47685185185185186,0.0,0.5221632996632997,medium
2020-08-01,Tuticorin,Iron Ore,8.62193553678451,44.59290322580645,23251.223932089844,0.0,1.096774193548387,True,0.0,0.0,7.984838716445431,6.536833381652832,4.654612918053904,6.392095005384056,43.24483870967742,0.0,0.0,8,3,7.797500006357828,-0.1873387100876025,7.797500006357828,-0.1873387100876025,7.623225750461701,-0.3616129659837295,6.553333346048991,-1.4315053703964402,0.7727272727272727,0.35555555555555557,0.5681818181818182,0.47685185185185186,0.0,0.5221632996632997,medium
2020-08-01,Visakhapatnam,Bulk Minerals & Ores,8.62193553678451,44.59290322580645,59864.733192105974,44041.88007416854,3.806451612903226,True,13692.630000000003,1.0,7.984838716445431,6.536833381652832,4.654612918053904,6.392095005384056,43.24483870967742,13423.919999999998,-0.2510034844349146,8,3,7.797500006357828,-0.1873387100876025,7.797500006357828,-0.1873387100876025,7.623225750461701,-0.3616129659837295,6.553333346048991,-1.4315053703964402,0.7727272727272727,0.35555555555555557,0.5681818181818182,0.9629629629629629,0.0,0.619385521885522,high
2020-08-01,Visakhapatnam,Coal,8.62193553678451,44.59290322580645,59864.733192105974,44041.88007416854,3.806451612903226,True,0.0,0.0,7.984838716445431,6.536833381652832,4.654612918053904,6.392095005384056,43.24483870967742,0.0,0.0,8,3,7.797500006357828,-0.1873387100876025,7.797500006357828,-0.1873387100876025,7.623225750461701,-0.3616129659837295,6.553333346048991,-1.4315053703964402,0.7727272727272727,0.35555555555555557,0.5681818181818182,0.9629629629629629,0.0,0.619385521885522,high
2020-08-01,Visakhapatnam,Iron Ore,8.62193553678451,44.59290322580645,59864.733192105974,44041.88007416854,3.806451612903226,True,0.0,0.0,7.984838716445431,6.536833381652832,4.654612918053904,6.392095005384056,43.24483870967742,0.0,0.0,8,3,7.797500006357828,-0.1873387100876025,7.797500006357828,-0.1873387100876025,7.623225750461701,-0.3616129659837295,6.553333346048991,-1.4315053703964402,0.7727272727272727,0.35555555555555557,0.5681818181818182,0.9629629629629629,0.0,0.619385521885522,high
2020-09-01,Chennai,Bulk Minerals & Ores,7.797500006357828,40.865,0.0,0.0,0.3333333333333333,True,16258.66,1.0,8.62193553678451,7.984838716445431,6.536833381652832,7.7145358782942575,44.59290322580645,13692.630000000003,-0.02247882764749043,9,3,7.623225750461701,-0.9987097863228094,7.623225750461701,-0.9987097863228094,6.553333346048991,-2.06860219073552,7.1248709617122525,-1.4970645750722582,0.3409090909090909,0.4666666666666667,0.18181818181818182,0.08333333333333333,0.0,0.2565909090909091,low
2020-09-01,Chennai,Coal,7.797500006357828,40.865,0.0,0.0,0.3333333333333333,True,0.0,0.0,8.62193553678451,7.984838716445431,6.536833381652832,7.7145358782942575,44.59290322580645,0.0,0.0,9,3,7.623225750461701,-0.9987097863228094,7.623225750461701,-0.9987097863228094,6.553333346048991,-2.06860219073552,7.1248709617122525,-1.4970645750722582,0.3409090909090909,0.4666666666666667,0.18181818181818182,0.08333333333333333,0.0,0.2565909090909091,low
2020-09-01,Chennai,Iron Ore,7.797500006357828,40.865,0.0,0.0,0.3333333333333333,True,0.0,0.0,8.62193553678451,7.984838716445431,6.536833381652832,7.7145358782942575,44.59290322580645,0.0,0.0,9,3,7.623225750461701,-0.9987097863228094,7.623225750461701,-0.9987097863228094,6.553333346048991,-2.06860219073552,7.1248709617122525,-1.4970645750722582,0.3409090909090909,0.4666666666666667,0.18181818181818182,0.08333333333333333,0.0,0.2565909090909091,low
2020-09-01,Dhamra,Bulk Minerals & Ores,7.797500006357828,40.865,0.0,0.0,0.0,False,16258.66,1.0,8.62193553678451,7.984838716445431,6.536833381652832,7.7145358782942575,44.59290322580645,13692.630000000003,-0.02247882764749043,9,3,7.623225750461701,-0.9987097863228094,7.623225750461701,-0.9987097863228094,6.553333346048991,-2.06860219073552,7.1248709617122525,-1.4970645750722582,0.3409090909090909,0.4666666666666667,0.18181818181818182,0.5,1.0,0.43992424242424244,medium
2020-09-01,Dhamra,Coal,7.797500006357828,40.865,0.0,0.0,0.0,False,0.0,0.0,8.62193553678451,7.984838716445431,6.536833381652832,7.7145358782942575,44.59290322580645,0.0,0.0,9,3,7.623225750461701,-0.9987097863228094,7.623225750461701,-0.9987097863228094,6.553333346048991,-2.06860219073552,7.1248709617122525,-1.4970645750722582,0.3409090909090909,0.4666666666666667,0.18181818181818182,0.5,1.0,0.43992424242424244,medium
2020-09-01,Dhamra,Iron Ore,7.797500006357828,40.865,0.0,0.0,0.0,False,0.0,0.0,8.62193553678451,7.984838716445431,6.536833381652832,7.7145358782942575,44.59290322580645,0.0,0.0,9,3,7.623225750461701,-0.9987097863228094,7.623225750461701,-0.9987097863228094,6.553333346048991,-2.06860219073552,7.1248709617122525,-1.4970645750722582,0.3409090909090909,0.4666666666666667,0.18181818181818182,0.5,1.0,0.43992424242424244,medium
2020-09-01,Gangavaram,Bulk Minerals & Ores,7.797500006357828,40.865,0.0,0.0,0.0,False,16258.66,1.0,8.62193553678451,7.984838716445431,6.536833381652832,7.7145358782942575,44.59290322580645,13692.630000000003,-0.02247882764749043,9,3,7.623225750461701,-0.9987097863228094,7.623225750461701,-0.9987097863228094,6.553333346048991,-2.06860219073552,7.1248709617122525,-1.4970645750722582,0.3409090909090909,0.4666666666666667,0.18181818181818182,0.5,1.0,0.43992424242424244,medium
2020-09-01,Gangavaram,Coal,7.797500006357828,40.865,0.0,0.0,0.0,False,0.0,0.0,8.62193553678451,7.984838716445431,6.536833381652832,7.7145358782942575,44.59290322580645,0.0,0.0,9,3,7.623225750461701,-0.9987097863228094,7.623225750461701,-0.9987097863228094,6.553333346048991,-2.06860219073552,7.1248709617122525,-1.4970645750722582,0.3409090909090909,0.4666666666666667,0.18181818181818182,0.5,1.0,0.43992424242424244,medium
2020-09-01,Gangavaram,Iron Ore,7.797500006357828,40.865,0.0,0.0,0.0,False,0.0,0.0,8.62193553678451,7.984838716445431,6.536833381652832,7.7145358782942575,44.59290322580645,0.0,0.0,9,3,7.623225750461701,-0.9987097863228094,7.623225750461701,-0.9987097863228094,6.553333346048991,-2.06860219073552,7.1248709617122525,-1.4970645750722582,0.3409090909090909,0.4666666666666667,0.18181818181818182,0.5,1.0,0.43992424242424244,medium
2020-09-01,Gopalpur,Bulk Minerals & Ores,7.797500006357828,40.865,0.0,0.0,0.0,False,16258.66,1.0,8.62193553678451,7.984838716445431,6.536833381652832,7.7145358782942575,44.59290322580645,13692.630000000003,-0.02247882764749043,9,3,7.623225750461701,-0.9987097863228094,7.623225750461701,-0.9987097863228094,6.553333346048991,-2.06860219073552,7.1248709617122525,-1.4970645750722582,0.3409090909090909,0.4666666666666667,0.18181818181818182,0.5,1.0,0.43992424242424244,medium
2020-09-01,Gopalpur,Coal,7.797500006357828,40.865,0.0,0.0,0.0,False,0.0,0.0,8.62193553678451,7.984838716445431,6.536833381652832,7.7145358782942575,44.59290322580645,0.0,0.0,9,3,7.623225750461701,-0.9987097863228094,7.623225750461701,-0.9987097863228094,6.553333346048991,-2.06860219073552,7.1248709617122525,-1.4970645750722582,0.3409090909090909,0.4666666666666667,0.18181818181818182,0.5,1.0,0.43992424242424244,medium
2020-09-01,Gopalpur,Iron Ore,7.797500006357828,40.865,0.0,0.0,0.0,False,0.0,0.0,8.62193553678451,7.984838716445431,6.536833381652832,7.7145358782942575,44.59290322580645,0.0,0.0,9,3,7.623225750461701,-0.9987097863228094,7.623225750461701,-0.9987097863228094,6.553333346048991,-2.06860219073552,7.1248709617122525,-1.4970645750722582,0.3409090909090909,0.4666666666666667,0.18181818181818182,0.5,1.0,0.43992424242424244,medium
2020-09-01,Haldia,Bulk Minerals & Ores,7.797500006357828,40.865,34773.442744153865,4261.285242417205,2.533333333333333,True,16258.66,1.0,8.62193553678451,7.984838716445431,6.536833381652832,7.7145358782942575,44.59290322580645,13692.630000000003,-0.02247882764749043,9,3,7.623225750461701,-0.9987097863228094,7.623225750461701,-0.9987097863228094,6.553333346048991,-2.06860219073552,7.1248709617122525,-1.4970645750722582,0.3409090909090909,0.4666666666666667,0.18181818181818182,0.7314814814814815,0.0,0.38622053872053874,low
2020-09-01,Haldia,Coal,7.797500006357828,40.865,34773.442744153865,4261.285242417205,2.533333333333333,True,0.0,0.0,8.62193553678451,7.984838716445431,6.536833381652832,7.7145358782942575,44.59290322580645,0.0,0.0,9,3,7.623225750461701,-0.9987097863228094,7.623225750461701,-0.9987097863228094,6.553333346048991,-2.06860219073552,7.1248709617122525,-1.4970645750722582,0.3409090909090909,0.4666666666666667,0.18181818181818182,0.7314814814814815,0.0,0.38622053872053874,low
2020-09-01,Haldia,Iron Ore,7.797500006357828,40.865,34773.442744153865,4261.285242417205,2.533333333333333,True,0.0,0.0,8.62193553678451,7.984838716445431,6.536833381652832,7.7145358782942575,44.59290322580645,0.0,0.0,9,3,7.623225750461701,-0.9987097863228094,7.623225750461701,-0.9987097863228094,6.553333346048991,-2.06860219073552,7.1248709617122525,-1.4970645750722582,0.3409090909090909,0.4666666666666667,0.18181818181818182,0.7314814814814815,0.0,0.38622053872053874,low
2020-09-01,Kamarajar,Bulk Minerals & Ores,7.797500006357828,40.865,14186.323885738097,0.0,0.5,True,16258.66,1.0,8.62193553678451,7.984838716445431,6.536833381652832,7.7145358782942575,44.59290322580645,13692.630000000003,-0.02247882764749043,9,3,7.623225750461701,-0.9987097863228094,7.623225750461701,-0.9987097863228094,6.553333346048991,-2.06860219073552,7.1248709617122525,-1.4970645750722582,0.3409090909090909,0.4666666666666667,0.18181818181818182,0.1574074074074074,0.0,0.27140572390572393,low
2020-09-01,Kamarajar,Coal,7.797500006357828,40.865,14186.323885738097,0.0,0.5,True,0.0,0.0,8.62193553678451,7.984838716445431,6.536833381652832,7.7145358782942575,44.59290322580645,0.0,0.0,9,3,7.623225750461701,-0.9987097863228094,7.623225750461701,-0.9987097863228094,6.553333346048991,-2.06860219073552,7.1248709617122525,-1.4970645750722582,0.3409090909090909,0.4666666666666667,0.18181818181818182,0.1574074074074074,0.0,0.27140572390572393,low
2020-09-01,Kamarajar,Iron Ore,7.797500006357828,40.865,14186.323885738097,0.0,0.5,True,0.0,0.0,8.62193553678451,7.984838716445431,6.536833381652832,7.7145358782942575,44.59290322580645,0.0,0.0,9,3,7.623225750461701,-0.9987097863228094,7.623225750461701,-0.9987097863228094,6.553333346048991,-2.06860219073552,7.1248709617122525,-1.4970645750722582,0.3409090909090909,0.4666666666666667,0.18181818181818182,0.1574074074074074,0.0,0.27140572390572393,low
2020-09-01,Paradip,Bulk Minerals & Ores,7.797500006357828,40.865,35355.05545327639,43951.70543681933,2.7666666666666666,True,16258.66,1.0,8.62193553678451,7.984838716445431,6.536833381652832,7.7145358782942575,44.59290322580645,13692.630000000003,-0.02247882764749043,9,3,7.623225750461701,-0.9987097863228094,7.623225750461701,-0.9987097863228094,6.553333346048991,-2.06860219073552,7.1248709617122525,-1.4970645750722582,0.3409090909090909,0.4666666666666667,0.18181818181818182,0.7962962962962963,0.0,0.3991835016835017,low
2020-09-01,Paradip,Coal,7.797500006357828,40.865,35355.05545327639,43951.70543681933,2.7666666666666666,True,0.0,0.0,8.62193553678451,7.984838716445431,6.536833381652832,7.7145358782942575,44.59290322580645,0.0,0.0,9,3,7.623225750461701,-0.9987097863228094,7.623225750461701,-0.9987097863228094,6.553333346048991,-2.06860219073552,7.1248709617122525,-1.4970645750722582,0.3409090909090909,0.4666666666666667,0.18181818181818182,0.7962962962962963,0.0,0.3991835016835017,low
2020-09-01,Paradip,Iron Ore,7.797500006357828,40.865,35355.05545327639,43951.70543681933,2.7666666666666666,True,0.0,0.0,8.62193553678451,7.984838716445431,6.536833381652832,7.7145358782942575,44.59290322580645,0.0,0.0,9,3,7.623225750461701,-0.9987097863228094,7.623225750461701,-0.9987097863228094,6.553333346048991,-2.06860219073552,7.1248709617122525,-1.4970645750722582,0.3409090909090909,0.4666666666666667,0.18181818181818182,0.7962962962962963,0.0,0.3991835016835017,low
2020-09-01,Sagar Sandheads,Bulk Minerals & Ores,7.797500006357828,40.865,0.0,0.0,0.0,False,16258.66,1.0,8.62193553678451,7.984838716445431,6.536833381652832,7.7145358782942575,44.59290322580645,13692.630000000003,-0.02247882764749043,9,3,7.623225750461701,-0.9987097863228094,7.623225750461701,-0.9987097863228094,6.553333346048991,-2.06860219073552,7.1248709617122525,-1.4970645750722582,0.3409090909090909,0.4666666666666667,0.18181818181818182,0.5,1.0,0.43992424242424244,medium
2020-09-01,Sagar Sandheads,Coal,7.797500006357828,40.865,0.0,0.0,0.0,False,0.0,0.0,8.62193553678451,7.984838716445431,6.536833381652832,7.7145358782942575,44.59290322580645,0.0,0.0,9,3,7.623225750461701,-0.9987097863228094,7.623225750461701,-0.9987097863228094,6.553333346048991,-2.06860219073552,7.1248709617122525,-1.4970645750722582,0.3409090909090909,0.4666666666666667,0.18181818181818182,0.5,1.0,0.43992424242424244,medium
2020-09-01,Sagar Sandheads,Iron Ore,7.797500006357828,40.865,0.0,0.0,0.0,False,0.0,0.0,8.62193553678451,7.984838716445431,6.536833381652832,7.7145358782942575,44.59290322580645,0.0,0.0,9,3,7.623225750461701,-0.9987097863228094,7.623225750461701,-0.9987097863228094,6.553333346048991,-2.06860219073552,7.1248709617122525,-1.4970645750722582,0.3409090909090909,0.4666666666666667,0.18181818181818182,0.5,1.0,0.43992424242424244,medium
2020-09-01,Tuticorin,Bulk Minerals & Ores,7.797500006357828,40.865,22513.63912809091,0.0,0.8666666666666667,True,16258.66,1.0,8.62193553678451,7.984838716445431,6.536833381652832,7.7145358782942575,44.59290322580645,13692.630000000003,-0.02247882764749043,9,3,7.623225750461701,-0.9987097863228094,7.623225750461701,-0.9987097863228094,6.553333346048991,-2.06860219073552,7.1248709617122525,-1.4970645750722582,0.3409090909090909,0.4666666666666667,0.18181818181818182,0.32407407407407407,0.0,0.30473905723905725,low
2020-09-01,Tuticorin,Coal,7.797500006357828,40.865,22513.63912809091,0.0,0.8666666666666667,True,0.0,0.0,8.62193553678451,7.984838716445431,6.536833381652832,7.7145358782942575,44.59290322580645,0.0,0.0,9,3,7.623225750461701,-0.9987097863228094,7.623225750461701,-0.9987097863228094,6.553333346048991,-2.06860219073552,7.1248709617122525,-1.4970645750722582,0.3409090909090909,0.4666666666666667,0.18181818181818182,0.32407407407407407,0.0,0.30473905723905725,low
2020-09-01,Tuticorin,Iron Ore,7.797500006357828,40.865,22513.63912809091,0.0,0.8666666666666667,True,0.0,0.0,8.62193553678451,7.984838716445431,6.536833381652832,7.7145358782942575,44.59290322580645,0.0,0.0,9,3,7.623225750461701,-0.9987097863228094,7.623225750461701,-0.9987097863228094,6.553333346048991,-2.06860219073552,7.1248709617122525,-1.4970645750722582,0.3409090909090909,0.4666666666666667,0.18181818181818182,0.32407407407407407,0.0,0.30473905723905725,low
2020-09-01,Visakhapatnam,Bulk Minerals & Ores,7.797500006357828,40.865,74231.79973701875,41567.71102371289,3.966666666666667,True,16258.66,1.0,8.62193553678451,7.984838716445431,6.536833381652832,7.7145358782942575,44.59290322580645,13692.630000000003,-0.02247882764749043,9,3,7.623225750461701,-0.9987097863228094,7.623225750461701,-0.9987097863228094,6.553333346048991,-2.06860219073552,7.1248709617122525,-1.4970645750722582,0.3409090909090909,0.4666666666666667,0.18181818181818182,0.9722222222222222,0.0,0.4343686868686869,medium
2020-09-01,Visakhapatnam,Coal,7.797500006357828,40.865,74231.79973701875,41567.71102371289,3.966666666666667,True,0.0,0.0,8.62193553678451,7.984838716445431,6.536833381652832,7.7145358782942575,44.59290322580645,0.0,0.0,9,3,7.623225750461701,-0.9987097863228094,7.623225750461701,-0.9987097863228094,6.553333346048991,-2.06860219073552,7.1248709617122525,-1.4970645750722582,0.3409090909090909,0.4666666666666667,0.18181818181818182,0.9722222222222222,0.0,0.4343686868686869,medium
2020-09-01,Visakhapatnam,Iron Ore,7.797500006357828,40.865,74231.79973701875,41567.71102371289,3.966666666666667,True,0.0,0.0,8.62193553678451,7.984838716445431,6.536833381652832,7.7145358782942575,44.59290322580645,0.0,0.0,9,3,7.623225750461701,-0.9987097863228094,7.623225750461701,-0.9987097863228094,6.553333346048991,-2.06860219073552,7.1248709617122525,-1.4970645750722582,0.3409090909090909,0.4666666666666667,0.18181818181818182,0.9722222222222222,0.0,0.4343686868686869,medium
2020-10-01,Chennai,Bulk Minerals & Ores,7.623225750461701,40.124516129032266,0.0,0.0,0.5161290322580645,True,17483.369999999995,1.0,7.797500006357828,8.62193553678451,7.984838716445431,8.134758086529258,40.865,16258.66,0.061075327288959036,10,4,6.553333346048991,-1.2441666603088377,6.553333346048991,-1.2441666603088377,7.1248709617122525,-0.6726290446455758,10.094290364173151,2.296790357815323,0.13636363636363635,0.13333333333333333,0.22727272727272727,0.16666666666666666,0.0,0.14181818181818182,low
2020-10-01,Chennai,Coal,7.623225750461701,40.124516129032266,0.0,0.0,0.5161290322580645,True,0.0,0.0,7.797500006357828,8.62193553678451,7.984838716445431,8.134758086529258,40.865,0.0,0.0,10,4,6.553333346048991,-1.2441666603088377,6.553333346048991,-1.2441666603088377,7.1248709617122525,-0.6726290446455758,10.094290364173151,2.296790357815323,0.13636363636363635,0.13333333333333333,0.22727272727272727,0.16666666666666666,0.0,0.14181818181818182,low
2020-10-01,Chennai,Iron Ore,7.623225750461701,40.124516129032266,0.0,0.0,0.5161290322580645,True,0.0,0.0,7.797500006357828,8.62193553678451,7.984838716445431,8.134758086529258,40.865,0.0,0.0,10,4,6.553333346048991,-1.2441666603088377,6.553333346048991,-1.2441666603088377,7.1248709617122525,-0.6726290446455758,10.094290364173151,2.296790357815323,0.13636363636363635,0.13333333333333333,0.22727272727272727,0.16666666666666666,0.0,0.14181818181818182,low
2020-10-01,Dhamra,Bulk Minerals & Ores,7.623225750461701,40.124516129032266,0.0,0.0,0.0,False,17483.369999999995,1.0,7.797500006357828,8.62193553678451,7.984838716445431,8.134758086529258,40.865,16258.66,0.061075327288959036,10,4,6.553333346048991,-1.2441666603088377,6.553333346048991,-1.2441666603088377,7.1248709617122525,-0.6726290446455758,10.094290364173151,2.296790357815323,0.13636363636363635,0.13333333333333333,0.22727272727272727,0.5,1.0,0.3084848484848485,low
2020-10-01,Dhamra,Coal,7.623225750461701,40.124516129032266,0.0,0.0,0.0,False,0.0,0.0,7.797500006357828,8.62193553678451,7.984838716445431,8.134758086529258,40.865,0.0,0.0,10,4,6.553333346048991,-1.2441666603088377,6.553333346048991,-1.2441666603088377,7.1248709617122525,-0.6726290446455758,10.094290364173151,2.296790357815323,0.13636363636363635,0.13333333333333333,0.22727272727272727,0.5,1.0,0.3084848484848485,low
2020-10-01,Dhamra,Iron Ore,7.623225750461701,40.124516129032266,0.0,0.0,0.0,False,0.0,0.0,7.797500006357828,8.62193553678451,7.984838716445431,8.134758086529258,40.865,0.0,0.0,10,4,6.553333346048991,-1.2441666603088377,6.553333346048991,-1.2441666603088377,7.1248709617122525,-0.6726290446455758,10.094290364173151,2.296790357815323,0.13636363636363635,0.13333333333333333,0.22727272727272727,0.5,1.0,0.3084848484848485,low
2020-10-01,Gangavaram,Bulk Minerals & Ores,7.623225750461701,40.124516129032266,0.0,0.0,0.0,False,17483.369999999995,1.0,7.797500006357828,8.62193553678451,7.984838716445431,8.134758086529258,40.865,16258.66,0.061075327288959036,10,4,6.553333346048991,-1.2441666603088377,6.553333346048991,-1.2441666603088377,7.1248709617122525,-0.6726290446455758,10.094290364173151,2.296790357815323,0.13636363636363635,0.13333333333333333,0.22727272727272727,0.5,1.0,0.3084848484848485,low
2020-10-01,Gangavaram,Coal,7.623225750461701,40.124516129032266,0.0,0.0,0.0,False,0.0,0.0,7.797500006357828,8.62193553678451,7.984838716445431,8.134758086529258,40.865,0.0,0.0,10,4,6.553333346048991,-1.2441666603088377,6.553333346048991,-1.2441666603088377,7.1248709617122525,-0.6726290446455758,10.094290364173151,2.296790357815323,0.13636363636363635,0.13333333333333333,0.22727272727272727,0.5,1.0,0.3084848484848485,low
2020-10-01,Gangavaram,Iron Ore,7.623225750461701,40.124516129032266,0.0,0.0,0.0,False,0.0,0.0,7.797500006357828,8.62193553678451,7.984838716445431,8.134758086529258,40.865,0.0,0.0,10,4,6.553333346048991,-1.2441666603088377,6.553333346048991,-1.2441666603088377,7.1248709617122525,-0.6726290446455758,10.094290364173151,2.296790357815323,0.13636363636363635,0.13333333333333333,0.22727272727272727,0.5,1.0,0.3084848484848485,low
2020-10-01,Gopalpur,Bulk Minerals & Ores,7.623225750461701,40.124516129032266,0.0,0.0,0.0,False,17483.369999999995,1.0,7.797500006357828,8.62193553678451,7.984838716445431,8.134758086529258,40.865,16258.66,0.061075327288959036,10,4,6.553333346048991,-1.2441666603088377,6.553333346048991,-1.2441666603088377,7.1248709617122525,-0.6726290446455758,10.094290364173151,2.296790357815323,0.13636363636363635,0.13333333333333333,0.22727272727272727,0.5,1.0,0.3084848484848485,low
2020-10-01,Gopalpur,Coal,7.623225750461701,40.124516129032266,0.0,0.0,0.0,False,0.0,0.0,7.797500006357828,8.62193553678451,7.984838716445431,8.134758086529258,40.865,0.0,0.0,10,4,6.553333346048991,-1.2441666603088377,6.553333346048991,-1.2441666603088377,7.1248709617122525,-0.6726290446455758,10.094290364173151,2.296790357815323,0.13636363636363635,0.13333333333333333,0.22727272727272727,0.5,1.0,0.3084848484848485,low
2020-10-01,Gopalpur,Iron Ore,7.623225750461701,40.124516129032266,0.0,0.0,0.0,False,0.0,0.0,7.797500006357828,8.62193553678451,7.984838716445431,8.134758086529258,40.865,0.0,0.0,10,4,6.553333346048991,-1.2441666603088377,6.553333346048991,-1.2441666603088377,7.1248709617122525,-0.6726290446455758,10.094290364173151,2.296790357815323,0.13636363636363635,0.13333333333333333,0.22727272727272727,0.5,1.0,0.3084848484848485,low
2020-10-01,Haldia,Bulk Minerals & Ores,7.623225750461701,40.124516129032266,35352.45907667086,4183.222518303312,2.838709677419355,True,17483.369999999995,1.0,7.797500006357828,8.62193553678451,7.984838716445431,8.134758086529258,40.865,16258.66,0.061075327288959036,10,4,6.553333346048991,-1.2441666603088377,6.553333346048991,-1.2441666603088377,7.1248709617122525,-0.6726290446455758,10.094290364173151,2.296790357815323,0.13636363636363635,0.13333333333333333,0.22727272727272727,0.8055555555555556,0.0,0.2695959595959596,low
2020-10-01,Haldia,Coal,7.623225750461701,40.124516129032266,35352.45907667086,4183.222518303312,2.838709677419355,True,0.0,0.0,7.797500006357828,8.62193553678451,7.984838716445431,8.134758086529258,40.865,0.0,0.0,10,4,6.553333346048991,-1.2441666603088377,6.553333346048991,-1.2441666603088377,7.1248709617122525,-0.6726290446455758,10.094290364173151,2.296790357815323,0.13636363636363635,0.13333333333333333,0.22727272727272727,0.8055555555555556,0.0,0.2695959595959596,low
2020-10-01,Haldia,Iron Ore,7.623225750461701,40.124516129032266,35352.45907667086,4183.222518303312,2.838709677419355,True,0.0,0.0,7.797500006357828,8.62193553678451,7.984838716445431,8.134758086529258,40.865,0.0,0.0,10,4,6.553333346048991,-1.2441666603088377,6.553333346048991,-1.2441666603088377,7.1248709617122525,-0.6726290446455758,10.094290364173151,2.296790357815323,0.13636363636363635,0.13333333333333333,0.22727272727272727,0.8055555555555556,0.0,0.2695959595959596,low
2020-10-01,Kamarajar,Bulk Minerals & Ores,7.623225750461701,40.124516129032266,14619.908046450122,0.0,0.5483870967741935,True,17483.369999999995,1.0,7.797500006357828,8.62193553678451,7.984838716445431,8.134758086529258,40.865,16258.66,0.061075327288959036,10,4,6.553333346048991,-1.2441666603088377,6.553333346048991,-1.2441666603088377,7.1248709617122525,-0.6726290446455758,10.094290364173151,2.296790357815323,0.13636363636363635,0.13333333333333333,0.22727272727272727,0.18518518518518517,0.0,0.1455218855218855,low
2020-10-01,Kamarajar,Coal,7.623225750461701,40.124516129032266,14619.908046450122,0.0,0.5483870967741935,True,0.0,0.0,7.797500006357828,8.62193553678451,7.984838716445431,8.134758086529258,40.865,0.0,0.0,10,4,6.553333346048991,-1.2441666603088377,6.553333346048991,-1.2441666603088377,7.1248709617122525,-0.6726290446455758,10.094290364173151,2.296790357815323,0.13636363636363635,0.13333333333333333,0.22727272727272727,0.18518518518518517,0.0,0.1455218855218855,low
2020-10-01,Kamarajar,Iron Ore,7.623225750461701,40.124516129032266,14619.908046450122,0.0,0.5483870967741935,True,0.0,0.0,7.797500006357828,8.62193553678451,7.984838716445431,8.134758086529258,40.865,0.0,0.0,10,4,6.553333346048991,-1.2441666603088377,6.553333346048991,-1.2441666603088377,7.1248709617122525,-0.6726290446455758,10.094290364173151,2.296790357815323,0.13636363636363635,0.13333333333333333,0.22727272727272727,0.18518518518518517,0.0,0.1455218855218855,low
2020-10-01,Paradip,Bulk Minerals & Ores,7.623225750461701,40.124516129032266,38977.510906480114,30917.362821640756,2.3870967741935485,True,17483.369999999995,1.0,7.797500006357828,8.62193553678451,7.984838716445431,8.134758086529258,40.865,16258.66,0.061075327288959036,10,4,6.553333346048991,-1.2441666603088377,6.553333346048991,-1.2441666603088377,7.1248709617122525,-0.6726290446455758,10.094290364173151,2.296790357815323,0.13636363636363635,0.13333333333333333,0.22727272727272727,0.6759259259259259,0.0,0.24367003367003365,low
2020-10-01,Paradip,Coal,7.623225750461701,40.124516129032266,38977.510906480114,30917.362821640756,2.3870967741935485,True,0.0,0.0,7.797500006357828,8.62193553678451,7.984838716445431,8.134758086529258,40.865,0.0,0.0,10,4,6.553333346048991,-1.2441666603088377,6.553333346048991,-1.2441666603088377,7.1248709617122525,-0.6726290446455758,10.094290364173151,2.296790357815323,0.13636363636363635,0.13333333333333333,0.22727272727272727,0.6759259259259259,0.0,0.24367003367003365,low
2020-10-01,Paradip,Iron Ore,7.623225750461701,40.124516129032266,38977.510906480114,30917.362821640756,2.3870967741935485,True,0.0,0.0,7.797500006357828,8.62193553678451,7.984838716445431,8.134758086529258,40.865,0.0,0.0,10,4,6.553333346048991,-1.2441666603088377,6.553333346048991,-1.2441666603088377,7.1248709617122525,-0.6726290446455758,10.094290364173151,2.296790357815323,0.13636363636363635,0.13333333333333333,0.22727272727272727,0.6759259259259259,0.0,0.24367003367003365,low
2020-10-01,Sagar Sandheads,Bulk Minerals & Ores,7.623225750461701,40.124516129032266,0.0,0.0,0.0,False,17483.369999999995,1.0,7.797500006357828,8.62193553678451,7.984838716445431,8.134758086529258,40.865,16258.66,0.061075327288959036,10,4,6.553333346048991,-1.2441666603088377,6.553333346048991,-1.2441666603088377,7.1248709617122525,-0.6726290446455758,10.094290364173151,2.296790357815323,0.13636363636363635,0.13333333333333333,0.22727272727272727,0.5,1.0,0.3084848484848485,low
2020-10-01,Sagar Sandheads,Coal,7.623225750461701,40.124516129032266,0.0,0.0,0.0,False,0.0,0.0,7.797500006357828,8.62193553678451,7.984838716445431,8.134758086529258,40.865,0.0,0.0,10,4,6.553333346048991,-1.2441666603088377,6.553333346048991,-1.2441666603088377,7.1248709617122525,-0.6726290446455758,10.094290364173151,2.296790357815323,0.13636363636363635,0.13333333333333333,0.22727272727272727,0.5,1.0,0.3084848484848485,low
2020-10-01,Sagar Sandheads,Iron Ore,7.623225750461701,40.124516129032266,0.0,0.0,0.0,False,0.0,0.0,7.797500006357828,8.62193553678451,7.984838716445431,8.134758086529258,40.865,0.0,0.0,10,4,6.553333346048991,-1.2441666603088377,6.553333346048991,-1.2441666603088377,7.1248709617122525,-0.6726290446455758,10.094290364173151,2.296790357815323,0.13636363636363635,0.13333333333333333,0.22727272727272727,0.5,1.0,0.3084848484848485,low
2020-10-01,Tuticorin,Bulk Minerals & Ores,7.623225750461701,40.124516129032266,19936.568821668665,0.0,0.9032258064516129,True,17483.369999999995,1.0,7.797500006357828,8.62193553678451,7.984838716445431,8.134758086529258,40.865,16258.66,0.061075327288959036,10,4,6.553333346048991,-1.2441666603088377,6.553333346048991,-1.2441666603088377,7.1248709617122525,-0.6726290446455758,10.094290364173151,2.296790357815323,0.13636363636363635,0.13333333333333333,0.22727272727272727,0.36574074074074076,0.0,0.18163299663299665,low
2020-10-01,Tuticorin,Coal,7.623225750461701,40.124516129032266,19936.568821668665,0.0,0.9032258064516129,True,0.0,0.0,7.797500006357828,8.62193553678451,7.984838716445431,8.134758086529258,40.865,0.0,0.0,10,4,6.553333346048991,-1.2441666603088377,6.553333346048991,-1.2441666603088377,7.1248709617122525,-0.6726290446455758,10.094290364173151,2.296790357815323,0.13636363636363635,0.13333333333333333,0.22727272727272727,0.36574074074074076,0.0,0.18163299663299665,low
2020-10-01,Tuticorin,Iron Ore,7.623225750461701,40.124516129032266,19936.568821668665,0.0,0.9032258064516129,True,0.0,0.0,7.797500006357828,8.62193553678451,7.984838716445431,8.134758086529258,40.865,0.0,0.0,10,4,6.553333346048991,-1.2441666603088377,6.553333346048991,-1.2441666603088377,7.1248709617122525,-0.6726290446455758,10.094290364173151,2.296790357815323,0.13636363636363635,0.13333333333333333,0.22727272727272727,0.36574074074074076,0.0,0.18163299663299665,low
2020-10-01,Visakhapatnam,Bulk Minerals & Ores,7.623225750461701,40.124516129032266,79071.08743537124,40805.74967826024,4.0,True,17483.369999999995,1.0,7.797500006357828,8.62193553678451,7.984838716445431,8.134758086529258,40.865,16258.66,0.061075327288959036,10,4,6.553333346048991,-1.2441666603088377,6.553333346048991,-1.2441666603088377,7.1248709617122525,-0.6726290446455758,10.094290364173151,2.296790357815323,0.13636363636363635,0.13333333333333333,0.22727272727272727,0.9814814814814815,0.0,0.30478114478114476,low
2020-10-01,Visakhapatnam,Coal,7.623225750461701,40.124516129032266,79071.08743537124,40805.74967826024,4.0,True,0.0,0.0,7.797500006357828,8.62193553678451,7.984838716445431,8.134758086529258,40.865,0.0,0.0,10,4,6.553333346048991,-1.2441666603088377,6.553333346048991,-1.2441666603088377,7.1248709617122525,-0.6726290446455758,10.094290364173151,2.296790357815323,0.13636363636363635,0.13333333333333333,0.22727272727272727,0.9814814814814815,0.0,0.30478114478114476,low
2020-10-01,Visakhapatnam,Iron Ore,7.623225750461701,40.124516129032266,79071.08743537124,40805.74967826024,4.0,True,0.0,0.0,7.797500006357828,8.62193553678451,7.984838716445431,8.134758086529258,40.865,0.0,0.0,10,4,6.553333346048991,-1.2441666603088377,6.553333346048991,-1.2441666603088377,7.1248709617122525,-0.6726290446455758,10.094290364173151,2.296790357815323,0.13636363636363635,0.13333333333333333,0.22727272727272727,0.9814814814814815,0.0,0.30478114478114476,low
2020-11-01,Chennai,Bulk Minerals & Ores,6.553333346048991,42.446333333333335,0.0,0.0,0.3,True,17917.439999999995,1.0,7.623225750461701,7.797500006357828,8.62193553678451,8.014220431201347,40.124516129032266,17483.369999999995,0.014597684552071444,11,4,7.1248709617122525,-0.49835478874944883,7.1248709617122525,-0.49835478874944883,10.094290364173151,2.47106461371145,12.232142891202654,4.608917140740953,0.4090909090909091,0.5777777777777777,0.4772727272727273,0.06481481481481481,0.0,0.34329124579124576,low
2020-11-01,Chennai,Coal,6.553333346048991,42.446333333333335,0.0,0.0,0.3,True,0.0,0.0,7.623225750461701,7.797500006357828,8.62193553678451,8.014220431201347,40.124516129032266,0.0,0.0,11,4,7.1248709617122525,-0.49835478874944883,7.1248709617122525,-0.49835478874944883,10.094290364173151,2.47106461371145,12.232142891202654,4.608917140740953,0.4090909090909091,0.5777777777777777,0.4772727272727273,0.06481481481481481,0.0,0.34329124579124576,low
2020-11-01,Chennai,Iron Ore,6.553333346048991,42.446333333333335,0.0,0.0,0.3,True,0.0,0.0,7.623225750461701,7.797500006357828,8.62193553678451,8.014220431201347,40.124516129032266,0.0,0.0,11,4,7.1248709617122525,-0.49835478874944883,7.1248709617122525,-0.49835478874944883,10.094290364173151,2.47106461371145,12.232142891202654,4.608917140740953,0.4090909090909091,0.5777777777777777,0.4772727272727273,0.06481481481481481,0.0,0.34329124579124576,low
2020-11-01,Dhamra,Bulk Minerals & Ores,6.553333346048991,42.446333333333335,0.0,0.0,0.0,False,17917.439999999995,1.0,7.623225750461701,7.797500006357828,8.62193553678451,8.014220431201347,40.124516129032266,17483.369999999995,0.014597684552071444,11,4,7.1248709617122525,-0.49835478874944883,7.1248709617122525,-0.49835478874944883,10.094290364173151,2.47106461371145,12.232142891202654,4.608917140740953,0.4090909090909091,0.5777777777777777,0.4772727272727273,0.5,1.0,0.5303282828282828,medium
2020-11-01,Dhamra,Coal,6.553333346048991,42.446333333333335,0.0,0.0,0.0,False,0.0,0.0,7.623225750461701,7.797500006357828,8.62193553678451,8.014220431201347,40.124516129032266,0.0,0.0,11,4,7.1248709617122525,-0.49835478874944883,7.1248709617122525,-0.49835478874944883,10.094290364173151,2.47106461371145,12.232142891202654,4.608917140740953,0.4090909090909091,0.5777777777777777,0.4772727272727273,0.5,1.0,0.5303282828282828,medium
2020-11-01,Dhamra,Iron Ore,6.553333346048991,42.446333333333335,0.0,0.0,0.0,False,0.0,0.0,7.623225750461701,7.797500006357828,8.62193553678451,8.014220431201347,40.124516129032266,0.0,0.0,11,4,7.1248709617122525,-0.49835478874944883,7.1248709617122525,-0.49835478874944883,10.094290364173151,2.47106461371145,12.232142891202654,4.608917140740953,0.4090909090909091,0.5777777777777777,0.4772727272727273,0.5,1.0,0.5303282828282828,medium
2020-11-01,Gangavaram,Bulk Minerals & Ores,6.553333346048991,42.446333333333335,0.0,0.0,0.0,False,17917.439999999995,1.0,7.623225750461701,7.797500006357828,8.62193553678451,8.014220431201347,40.124516129032266,17483.369999999995,0.014597684552071444,11,4,7.1248709617122525,-0.49835478874944883,7.1248709617122525,-0.49835478874944883,10.094290364173151,2.47106461371145,12.232142891202654,4.608917140740953,0.4090909090909091,0.5777777777777777,0.4772727272727273,0.5,1.0,0.5303282828282828,medium
2020-11-01,Gangavaram,Coal,6.553333346048991,42.446333333333335,0.0,0.0,0.0,False,0.0,0.0,7.623225750461701,7.797500006357828,8.62193553678451,8.014220431201347,40.124516129032266,0.0,0.0,11,4,7.1248709617122525,-0.49835478874944883,7.1248709617122525,-0.49835478874944883,10.094290364173151,2.47106461371145,12.232142891202654,4.608917140740953,0.4090909090909091,0.5777777777777777,0.4772727272727273,0.5,1.0,0.5303282828282828,medium
2020-11-01,Gangavaram,Iron Ore,6.553333346048991,42.446333333333335,0.0,0.0,0.0,False,0.0,0.0,7.623225750461701,7.797500006357828,8.62193553678451,8.014220431201347,40.124516129032266,0.0,0.0,11,4,7.1248709617122525,-0.49835478874944883,7.1248709617122525,-0.49835478874944883,10.094290364173151,2.47106461371145,12.232142891202654,4.608917140740953,0.4090909090909091,0.5777777777777777,0.4772727272727273,0.5,1.0,0.5303282828282828,medium
2020-11-01,Gopalpur,Bulk Minerals & Ores,6.553333346048991,42.446333333333335,0.0,0.0,0.0,False,17917.439999999995,1.0,7.623225750461701,7.797500006357828,8.62193553678451,8.014220431201347,40.124516129032266,17483.369999999995,0.014597684552071444,11,4,7.1248709617122525,-0.49835478874944883,7.1248709617122525,-0.49835478874944883,10.094290364173151,2.47106461371145,12.232142891202654,4.608917140740953,0.4090909090909091,0.5777777777777777,0.4772727272727273,0.5,1.0,0.5303282828282828,medium
2020-11-01,Gopalpur,Coal,6.553333346048991,42.446333333333335,0.0,0.0,0.0,False,0.0,0.0,7.623225750461701,7.797500006357828,8.62193553678451,8.014220431201347,40.124516129032266,0.0,0.0,11,4,7.1248709617122525,-0.49835478874944883,7.1248709617122525,-0.49835478874944883,10.094290364173151,2.47106461371145,12.232142891202654,4.608917140740953,0.4090909090909091,0.5777777777777777,0.4772727272727273,0.5,1.0,0.5303282828282828,medium
2020-11-01,Gopalpur,Iron Ore,6.553333346048991,42.446333333333335,0.0,0.0,0.0,False,0.0,0.0,7.623225750461701,7.797500006357828,8.62193553678451,8.014220431201347,40.124516129032266,0.0,0.0,11,4,7.1248709617122525,-0.49835478874944883,7.1248709617122525,-0.49835478874944883,10.094290364173151,2.47106461371145,12.232142891202654,4.608917140740953,0.4090909090909091,0.5777777777777777,0.4772727272727273,0.5,1.0,0.5303282828282828,medium
2020-11-01,Haldia,Bulk Minerals & Ores,6.553333346048991,42.446333333333335,27544.04497794731,3747.851383817777,2.6333333333333333,True,17917.439999999995,1.0,7.623225750461701,7.797500006357828,8.62193553678451,8.014220431201347,40.124516129032266,17483.369999999995,0.014597684552071444,11,4,7.1248709617122525,-0.49835478874944883,7.1248709617122525,-0.49835478874944883,10.094290364173151,2.47106461371145,12.232142891202654,4.608917140740953,0.4090909090909091,0.5777777777777777,0.4772727272727273,0.7592592592592593,0.0,0.48218013468013465,medium
2020-11-01,Haldia,Coal,6.553333346048991,42.446333333333335,27544.04497794731,3747.851383817777,2.6333333333333333,True,0.0,0.0,7.623225750461701,7.797500006357828,8.62193553678451,8.014220431201347,40.124516129032266,0.0,0.0,11,4,7.1248709617122525,-0.49835478874944883,7.1248709617122525,-0.49835478874944883,10.094290364173151,2.47106461371145,12.232142891202654,4.608917140740953,0.4090909090909091,0.5777777777777777,0.4772727272727273,0.7592592592592593,0.0,0.48218013468013465,medium
2020-11-01,Haldia,Iron Ore,6.553333346048991,42.446333333333335,27544.04497794731,3747.851383817777,2.6333333333333333,True,0.0,0.0,7.623225750461701,7.797500006357828,8.62193553678451,8.014220431201347,40.124516129032266,0.0,0.0,11,4,7.1248709617122525,-0.49835478874944883,7.1248709617122525,-0.49835478874944883,10.094290364173151,2.47106461371145,12.232142891202654,4.608917140740953,0.4090909090909091,0.5777777777777777,0.4772727272727273,0.7592592592592593,0.0,0.48218013468013465,medium
2020-11-01,Kamarajar,Bulk Minerals & Ores,6.553333346048991,42.446333333333335,12874.917315899957,0.0,0.5,True,17917.439999999995,1.0,7.623225750461701,7.797500006357828,8.62193553678451,8.014220431201347,40.124516129032266,17483.369999999995,0.014597684552071444,11,4,7.1248709617122525,-0.49835478874944883,7.1248709617122525,-0.49835478874944883,10.094290364173151,2.47106461371145,12.232142891202654,4.608917140740953,0.4090909090909091,0.5777777777777777,0.4772727272727273,0.1574074074074074,0.0,0.3618097643097643,low
2020-11-01,Kamarajar,Coal,6.553333346048991,42.446333333333335,12874.917315899957,0.0,0.5,True,0.0,0.0,7.623225750461701,7.797500006357828,8.62193553678451,8.014220431201347,40.124516129032266,0.0,0.0,11,4,7.1248709617122525,-0.49835478874944883,7.1248709617122525,-0.49835478874944883,10.094290364173151,2.47106461371145,12.232142891202654,4.608917140740953,0.4090909090909091,0.5777777777777777,0.4772727272727273,0.1574074074074074,0.0,0.3618097643097643,low
2020-11-01,Kamarajar,Iron Ore,6.553333346048991,42.446333333333335,12874.917315899957,0.0,0.5,True,0.0,0.0,7.623225750461701,7.797500006357828,8.62193553678451,8.014220431201347,40.124516129032266,0.0,0.0,11,4,7.1248709617122525,-0.49835478874944883,7.1248709617122525,-0.49835478874944883,10.094290364173151,2.47106461371145,12.232142891202654,4.608917140740953,0.4090909090909091,0.5777777777777777,0.4772727272727273,0.1574074074074074,0.0,0.3618097643097643,low
2020-11-01,Paradip,Bulk Minerals & Ores,6.553333346048991,42.446333333333335,41893.00508751618,38429.8707829935,2.6,True,17917.439999999995,1.0,7.623225750461701,7.797500006357828,8.62193553678451,8.014220431201347,40.124516129032266,17483.369999999995,0.014597684552071444,11,4,7.1248709617122525,-0.49835478874944883,7.1248709617122525,-0.49835478874944883,10.094290364173151,2.47106461371145,12.232142891202654,4.608917140740953,0.4090909090909091,0.5777777777777777,0.4772727272727273,0.7453703703703703,0.0,0.4794023569023569,medium
2020-11-01,Paradip,Coal,6.553333346048991,42.446333333333335,41893.00508751618,38429.8707829935,2.6,True,0.0,0.0,7.623225750461701,7.797500006357828,8.62193553678451,8.014220431201347,40.124516129032266,0.0,0.0,11,4,7.1248709617122525,-0.49835478874944883,7.1248709617122525,-0.49835478874944883,10.094290364173151,2.47106461371145,12.232142891202654,4.608917140740953,0.4090909090909091,0.5777777777777777,0.4772727272727273,0.7453703703703703,0.0,0.4794023569023569,medium
2020-11-01,Paradip,Iron Ore,6.553333346048991,42.446333333333335,41893.00508751618,38429.8707829935,2.6,True,0.0,0.0,7.623225750461701,7.797500006357828,8.62193553678451,8.014220431201347,40.124516129032266,0.0,0.0,11,4,7.1248709617122525,-0.49835478874944883,7.1248709617122525,-0.49835478874944883,10.094290364173151,2.47106461371145,12.232142891202654,4.608917140740953,0.4090909090909091,0.5777777777777777,0.4772727272727273,0.7453703703703703,0.0,0.4794023569023569,medium
2020-11-01,Sagar Sandheads,Bulk Minerals & Ores,6.553333346048991,42.446333333333335,0.0,0.0,0.0,False,17917.439999999995,1.0,7.623225750461701,7.797500006357828,8.62193553678451,8.014220431201347,40.124516129032266,17483.369999999995,0.014597684552071444,11,4,7.1248709617122525,-0.49835478874944883,7.1248709617122525,-0.49835478874944883,10.094290364173151,2.47106461371145,12.232142891202654,4.608917140740953,0.4090909090909091,0.5777777777777777,0.4772727272727273,0.5,1.0,0.5303282828282828,medium
2020-11-01,Sagar Sandheads,Coal,6.553333346048991,42.446333333333335,0.0,0.0,0.0,False,0.0,0.0,7.623225750461701,7.797500006357828,8.62193553678451,8.014220431201347,40.124516129032266,0.0,0.0,11,4,7.1248709617122525,-0.49835478874944883,7.1248709617122525,-0.49835478874944883,10.094290364173151,2.47106461371145,12.232142891202654,4.608917140740953,0.4090909090909091,0.5777777777777777,0.4772727272727273,0.5,1.0,0.5303282828282828,medium
2020-11-01,Sagar Sandheads,Iron Ore,6.553333346048991,42.446333333333335,0.0,0.0,0.0,False,0.0,0.0,7.623225750461701,7.797500006357828,8.62193553678451,8.014220431201347,40.124516129032266,0.0,0.0,11,4,7.1248709617122525,-0.49835478874944883,7.1248709617122525,-0.49835478874944883,10.094290364173151,2.47106461371145,12.232142891202654,4.608917140740953,0.4090909090909091,0.5777777777777777,0.4772727272727273,0.5,1.0,0.5303282828282828,medium
2020-11-01,Tuticorin,Bulk Minerals & Ores,6.553333346048991,42.446333333333335,11711.574438799817,0.0,0.5333333333333333,True,17917.439999999995,1.0,7.623225750461701,7.797500006357828,8.62193553678451,8.014220431201347,40.124516129032266,17483.369999999995,0.014597684552071444,11,4,7.1248709617122525,-0.49835478874944883,7.1248709617122525,-0.49835478874944883,10.094290364173151,2.47106461371145,12.232142891202654,4.608917140740953,0.4090909090909091,0.5777777777777777,0.4772727272727273,0.17592592592592593,0.0,0.365513468013468,low
2020-11-01,Tuticorin,Coal,6.553333346048991,42.446333333333335,11711.574438799817,0.0,0.5333333333333333,True,0.0,0.0,7.623225750461701,7.797500006357828,8.62193553678451,8.014220431201347,40.124516129032266,0.0,0.0,11,4,7.1248709617122525,-0.49835478874944883,7.1248709617122525,-0.49835478874944883,10.094290364173151,2.47106461371145,12.232142891202654,4.608917140740953,0.4090909090909091,0.5777777777777777,0.4772727272727273,0.17592592592592593,0.0,0.365513468013468,low
2020-11-01,Tuticorin,Iron Ore,6.553333346048991,42.446333333333335,11711.574438799817,0.0,0.5333333333333333,True,0.0,0.0,7.623225750461701,7.797500006357828,8.62193553678451,8.014220431201347,40.124516129032266,0.0,0.0,11,4,7.1248709617122525,-0.49835478874944883,7.1248709617122525,-0.49835478874944883,10.094290364173151,2.47106461371145,12.232142891202654,4.608917140740953,0.4090909090909091,0.5777777777777777,0.4772727272727273,0.17592592592592593,0.0,0.365513468013468,low
2020-11-01,Visakhapatnam,Bulk Minerals & Ores,6.553333346048991,42.446333333333335,92567.15561871654,44991.64649680252,4.066666666666666,True,17917.439999999995,1.0,7.623225750461701,7.797500006357828,8.62193553678451,8.014220431201347,40.124516129032266,17483.369999999995,0.014597684552071444,11,4,7.1248709617122525,-0.49835478874944883,7.1248709617122525,-0.49835478874944883,10.094290364173151,2.47106461371145,12.232142891202654,4.608917140740953,0.4090909090909091,0.5777777777777777,0.4772727272727273,0.9953703703703703,0.0,0.5294023569023569,medium
2020-11-01,Visakhapatnam,Coal,6.553333346048991,42.446333333333335,92567.15561871654,44991.64649680252,4.066666666666666,True,0.0,0.0,7.623225750461701,7.797500006357828,8.62193553678451,8.014220431201347,40.124516129032266,0.0,0.0,11,4,7.1248709617122525,-0.49835478874944883,7.1248709617122525,-0.49835478874944883,10.094290364173151,2.47106461371145,12.232142891202654,4.608917140740953,0.4090909090909091,0.5777777777777777,0.4772727272727273,0.9953703703703703,0.0,0.5294023569023569,medium
2020-11-01,Visakhapatnam,Iron Ore,6.553333346048991,42.446333333333335,92567.15561871654,44991.64649680252,4.066666666666666,True,0.0,0.0,7.623225750461701,7.797500006357828,8.62193553678451,8.014220431201347,40.124516129032266,0.0,0.0,11,4,7.1248709617122525,-0.49835478874944883,7.1248709617122525,-0.49835478874944883,10.094290364173151,2.47106461371145,12.232142891202654,4.608917140740953,0.4090909090909091,0.5777777777777777,0.4772727272727273,0.9953703703703703,0.0,0.5294023569023569,medium
2020-12-01,Chennai,Bulk Minerals & Ores,7.1248709617122525,50.163225806451614,0.0,0.0,0.4838709677419355,True,18780.799999999996,1.0,6.553333346048991,7.623225750461701,7.797500006357828,7.3246863676228395,42.446333333333335,17917.439999999995,-0.011384387171285204,12,4,10.094290364173151,3.5409570181241605,10.094290364173151,3.5409570181241605,12.232142891202654,5.678809545153664,17.214838766282604,10.661505420233613,0.9318181818181818,0.4,0.022727272727272728,0.13425925925925927,0.0,0.4363973063973064,medium
2020-12-01,Chennai,Coal,7.1248709617122525,50.163225806451614,0.0,0.0,0.4838709677419355,True,0.0,0.0,6.553333346048991,7.623225750461701,7.797500006357828,7.3246863676228395,42.446333333333335,0.0,0.0,12,4,10.094290364173151,3.5409570181241605,10.094290364173151,3.5409570181241605,12.232142891202654,5.678809545153664,17.214838766282604,10.661505420233613,0.9318181818181818,0.4,0.022727272727272728,0.13425925925925927,0.0,0.4363973063973064,medium
2020-12-01,Chennai,Iron Ore,7.1248709617122525,50.163225806451614,0.0,0.0,0.4838709677419355,True,0.0,0.0,6.553333346048991,7.623225750461701,7.797500006357828,7.3246863676228395,42.446333333333335,0.0,0.0,12,4,10.094290364173151,3.5409570181241605,10.094290364173151,3.5409570181241605,12.232142891202654,5.678809545153664,17.214838766282604,10.661505420233613,0.9318181818181818,0.4,0.022727272727272728,0.13425925925925927,0.0,0.4363973063973064,medium
2020-12-01,Dhamra,Bulk Minerals & Ores,7.1248709617122525,50.163225806451614,0.0,0.0,0.0,False,18780.799999999996,1.0,6.553333346048991,7.623225750461701,7.797500006357828,7.3246863676228395,42.446333333333335,17917.439999999995,-0.011384387171285204,12,4,10.094290364173151,3.5409570181241605,10.094290364173151,3.5409570181241605,12.232142891202654,5.678809545153664,17.214838766282604,10.661505420233613,0.9318181818181818,0.4,0.022727272727272728,0.5,1.0,0.6095454545454545,high
2020-12-01,Dhamra,Coal,7.1248709617122525,50.163225806451614,0.0,0.0,0.0,False,0.0,0.0,6.553333346048991,7.623225750461701,7.797500006357828,7.3246863676228395,42.446333333333335,0.0,0.0,12,4,10.094290364173151,3.5409570181241605,10.094290364173151,3.5409570181241605,12.232142891202654,5.678809545153664,17.214838766282604,10.661505420233613,0.9318181818181818,0.4,0.022727272727272728,0.5,1.0,0.6095454545454545,high
2020-12-01,Dhamra,Iron Ore,7.1248709617122525,50.163225806451614,0.0,0.0,0.0,False,0.0,0.0,6.553333346048991,7.623225750461701,7.797500006357828,7.3246863676228395,42.446333333333335,0.0,0.0,12,4,10.094290364173151,3.5409570181241605,10.094290364173151,3.5409570181241605,12.232142891202654,5.678809545153664,17.214838766282604,10.661505420233613,0.9318181818181818,0.4,0.022727272727272728,0.5,1.0,0.6095454545454545,high
2020-12-01,Gangavaram,Bulk Minerals & Ores,7.1248709617122525,50.163225806451614,0.0,0.0,0.0,False,18780.799999999996,1.0,6.553333346048991,7.623225750461701,7.797500006357828,7.3246863676228395,42.446333333333335,17917.439999999995,-0.011384387171285204,12,4,10.094290364173151,3.5409570181241605,10.094290364173151,3.5409570181241605,12.232142891202654,5.678809545153664,17.214838766282604,10.661505420233613,0.9318181818181818,0.4,0.022727272727272728,0.5,1.0,0.6095454545454545,high
2020-12-01,Gangavaram,Coal,7.1248709617122525,50.163225806451614,0.0,0.0,0.0,False,0.0,0.0,6.553333346048991,7.623225750461701,7.797500006357828,7.3246863676228395,42.446333333333335,0.0,0.0,12,4,10.094290364173151,3.5409570181241605,10.094290364173151,3.5409570181241605,12.232142891202654,5.678809545153664,17.214838766282604,10.661505420233613,0.9318181818181818,0.4,0.022727272727272728,0.5,1.0,0.6095454545454545,high
2020-12-01,Gangavaram,Iron Ore,7.1248709617122525,50.163225806451614,0.0,0.0,0.0,False,0.0,0.0,6.553333346048991,7.623225750461701,7.797500006357828,7.3246863676228395,42.446333333333335,0.0,0.0,12,4,10.094290364173151,3.5409570181241605,10.094290364173151,3.5409570181241605,12.232142891202654,5.678809545153664,17.214838766282604,10.661505420233613,0.9318181818181818,0.4,0.022727272727272728,0.5,1.0,0.6095454545454545,high
2020-12-01,Gopalpur,Bulk Minerals & Ores,7.1248709617122525,50.163225806451614,0.0,0.0,0.0,False,18780.799999999996,1.0,6.553333346048991,7.623225750461701,7.797500006357828,7.3246863676228395,42.446333333333335,17917.439999999995,-0.011384387171285204,12,4,10.094290364173151,3.5409570181241605,10.094290364173151,3.5409570181241605,12.232142891202654,5.678809545153664,17.214838766282604,10.661505420233613,0.9318181818181818,0.4,0.022727272727272728,0.5,1.0,0.6095454545454545,high
2020-12-01,Gopalpur,Coal,7.1248709617122525,50.163225806451614,0.0,0.0,0.0,False,0.0,0.0,6.553333346048991,7.623225750461701,7.797500006357828,7.3246863676228395,42.446333333333335,0.0,0.0,12,4,10.094290364173151,3.5409570181241605,10.094290364173151,3.5409570181241605,12.232142891202654,5.678809545153664,17.214838766282604,10.661505420233613,0.9318181818181818,0.4,0.022727272727272728,0.5,1.0,0.6095454545454545,high
2020-12-01,Gopalpur,Iron Ore,7.1248709617122525,50.163225806451614,0.0,0.0,0.0,False,0.0,0.0,6.553333346048991,7.623225750461701,7.797500006357828,7.3246863676228395,42.446333333333335,0.0,0.0,12,4,10.094290364173151,3.5409570181241605,10.094290364173151,3.5409570181241605,12.232142891202654,5.678809545153664,17.214838766282604,10.661505420233613,0.9318181818181818,0.4,0.022727272727272728,0.5,1.0,0.6095454545454545,high
2020-12-01,Haldia,Bulk Minerals & Ores,7.1248709617122525,50.163225806451614,23821.61163547171,3536.392289411982,2.6451612903225805,True,18780.799999999996,1.0,6.553333346048991,7.623225750461701,7.797500006357828,7.3246863676228395,42.446333333333335,17917.439999999995,-0.011384387171285204,12,4,10.094290364173151,3.5409570181241605,10.094290364173151,3.5409570181241605,12.232142891202654,5.678809545153664,17.214838766282604,10.661505420233613,0.9318181818181818,0.4,0.022727272727272728,0.7731481481481481,0.0,0.5641750841750842,medium
2020-12-01,Haldia,Coal,7.1248709617122525,50.163225806451614,23821.61163547171,3536.392289411982,2.6451612903225805,True,0.0,0.0,6.553333346048991,7.623225750461701,7.797500006357828,7.3246863676228395,42.446333333333335,0.0,0.0,12,4,10.094290364173151,3.5409570181241605,10.094290364173151,3.5409570181241605,12.232142891202654,5.678809545153664,17.214838766282604,10.661505420233613,0.9318181818181818,0.4,0.022727272727272728,0.7731481481481481,0.0,0.5641750841750842,medium
2020-12-01,Haldia,Iron Ore,7.1248709617122525,50.163225806451614,23821.61163547171,3536.392289411982,2.6451612903225805,True,0.0,0.0,6.553333346048991,7.623225750461701,7.797500006357828,7.3246863676228395,42.446333333333335,0.0,0.0,12,4,10.094290364173151,3.5409570181241605,10.094290364173151,3.5409570181241605,12.232142891202654,5.678809545153664,17.214838766282604,10.661505420233613,0.9318181818181818,0.4,0.022727272727272728,0.7731481481481481,0.0,0.5641750841750842,medium
2020-12-01,Kamarajar,Bulk Minerals & Ores,7.1248709617122525,50.163225806451614,22819.044901203903,0.0,0.7096774193548387,True,18780.799999999996,1.0,6.553333346048991,7.623225750461701,7.797500006357828,7.3246863676228395,42.446333333333335,17917.439999999995,-0.011384387171285204,12,4,10.094290364173151,3.5409570181241605,10.094290364173151,3.5409570181241605,12.232142891202654,5.678809545153664,17.214838766282604,10.661505420233613,0.9318181818181818,0.4,0.022727272727272728,0.25,0.0,0.45954545454545453,medium
2020-12-01,Kamarajar,Coal,7.1248709617122525,50.163225806451614,22819.044901203903,0.0,0.7096774193548387,True,0.0,0.0,6.553333346048991,7.623225750461701,7.797500006357828,7.3246863676228395,42.446333333333335,0.0,0.0,12,4,10.094290364173151,3.5409570181241605,10.094290364173151,3.5409570181241605,12.232142891202654,5.678809545153664,17.214838766282604,10.661505420233613,0.9318181818181818,0.4,0.022727272727272728,0.25,0.0,0.45954545454545453,medium
2020-12-01,Kamarajar,Iron Ore,7.1248709617122525,50.163225806451614,22819.044901203903,0.0,0.7096774193548387,True,0.0,0.0,6.553333346048991,7.623225750461701,7.797500006357828,7.3246863676228395,42.446333333333335,0.0,0.0,12,4,10.094290364173151,3.5409570181241605,10.094290364173151,3.5409570181241605,12.232142891202654,5.678809545153664,17.214838766282604,10.661505420233613,0.9318181818181818,0.4,0.022727272727272728,0.25,0.0,0.45954545454545453,medium
2020-12-01,Paradip,Bulk Minerals & Ores,7.1248709617122525,50.163225806451614,42218.48987641945,36096.50918658388,2.4838709677419355,True,18780.799999999996,1.0,6.553333346048991,7.623225750461701,7.797500006357828,7.3246863676228395,42.446333333333335,17917.439999999995,-0.011384387171285204,12,4,10.094290364173151,3.5409570181241605,10.094290364173151,3.5409570181241605,12.232142891202654,5.678809545153664,17.214838766282604,10.661505420233613,0.9318181818181818,0.4,0.022727272727272728,0.7129629629629629,0.0,0.5521380471380471,medium
2020-12-01,Paradip,Coal,7.1248709617122525,50.163225806451614,42218.48987641945,36096.50918658388,2.4838709677419355,True,0.0,0.0,6.553333346048991,7.623225750461701,7.797500006357828,7.3246863676228395,42.446333333333335,0.0,0.0,12,4,10.094290364173151,3.5409570181241605,10.094290364173151,3.5409570181241605,12.232142891202654,5.678809545153664,17.214838766282604,10.661505420233613,0.9318181818181818,0.4,0.022727272727272728,0.7129629629629629,0.0,0.5521380471380471,medium
2020-12-01,Paradip,Iron Ore,7.1248709617122525,50.163225806451614,42218.48987641945,36096.50918658388,2.4838709677419355,True,0.0,0.0,6.553333346048991,7.623225750461701,7.797500006357828,7.3246863676228395,42.446333333333335,0.0,0.0,12,4,10.094290364173151,3.5409570181241605,10.094290364173151,3.5409570181241605,12.232142891202654,5.678809545153664,17.214838766282604,10.661505420233613,0.9318181818181818,0.4,0.022727272727272728,0.7129629629629629,0.0,0.5521380471380471,medium
2020-12-01,Sagar Sandheads,Bulk Minerals & Ores,7.1248709617122525,50.163225806451614,0.0,0.0,0.0,False,18780.799999999996,1.0,6.553333346048991,7.623225750461701,7.797500006357828,7.3246863676228395,42.446333333333335,17917.439999999995,-0.011384387171285204,12,4,10.094290364173151,3.5409570181241605,10.094290364173151,3.5409570181241605,12.232142891202654,5.678809545153664,17.214838766282604,10.661505420233613,0.9318181818181818,0.4,0.022727272727272728,0.5,1.0,0.6095454545454545,high
2020-12-01,Sagar Sandheads,Coal,7.1248709617122525,50.163225806451614,0.0,0.0,0.0,False,0.0,0.0,6.553333346048991,7.623225750461701,7.797500006357828,7.3246863676228395,42.446333333333335,0.0,0.0,12,4,10.094290364173151,3.5409570181241605,10.094290364173151,3.5409570181241605,12.232142891202654,5.678809545153664,17.214838766282604,10.661505420233613,0.9318181818181818,0.4,0.022727272727272728,0.5,1.0,0.6095454545454545,high
2020-12-01,Sagar Sandheads,Iron Ore,7.1248709617122525,50.163225806451614,0.0,0.0,0.0,False,0.0,0.0,6.553333346048991,7.623225750461701,7.797500006357828,7.3246863676228395,42.446333333333335,0.0,0.0,12,4,10.094290364173151,3.5409570181241605,10.094290364173151,3.5409570181241605,12.232142891202654,5.678809545153664,17.214838766282604,10.661505420233613,0.9318181818181818,0.4,0.022727272727272728,0.5,1.0,0.6095454545454545,high
2020-12-01,Tuticorin,Bulk Minerals & Ores,7.1248709617122525,50.163225806451614,17020.617082687775,0.0,0.7096774193548387,True,18780.799999999996,1.0,6.553333346048991,7.623225750461701,7.797500006357828,7.3246863676228395,42.446333333333335,17917.439999999995,-0.011384387171285204,12,4,10.094290364173151,3.5409570181241605,10.094290364173151,3.5409570181241605,12.232142891202654,5.678809545153664,17.214838766282604,10.661505420233613,0.9318181818181818,0.4,0.022727272727272728,0.25,0.0,0.45954545454545453,medium
2020-12-01,Tuticorin,Coal,7.1248709617122525,50.163225806451614,17020.617082687775,0.0,0.7096774193548387,True,0.0,0.0,6.553333346048991,7.623225750461701,7.797500006357828,7.3246863676228395,42.446333333333335,0.0,0.0,12,4,10.094290364173151,3.5409570181241605,10.094290364173151,3.5409570181241605,12.232142891202654,5.678809545153664,17.214838766282604,10.661505420233613,0.9318181818181818,0.4,0.022727272727272728,0.25,0.0,0.45954545454545453,medium
2020-12-01,Tuticorin,Iron Ore,7.1248709617122525,50.163225806451614,17020.617082687775,0.0,0.7096774193548387,True,0.0,0.0,6.553333346048991,7.623225750461701,7.797500006357828,7.3246863676228395,42.446333333333335,0.0,0.0,12,4,10.094290364173151,3.5409570181241605,10.094290364173151,3.5409570181241605,12.232142891202654,5.678809545153664,17.214838766282604,10.661505420233613,0.9318181818181818,0.4,0.022727272727272728,0.25,0.0,0.45954545454545453,medium
2020-12-01,Visakhapatnam,Bulk Minerals & Ores,7.1248709617122525,50.163225806451614,100900.2260537023,46670.21237319383,4.290322580645161,True,18780.799999999996,1.0,6.553333346048991,7.623225750461701,7.797500006357828,7.3246863676228395,42.446333333333335,17917.439999999995,-0.011384387171285204,12,4,10.094290364173151,3.5409570181241605,10.094290364173151,3.5409570181241605,12.232142891202654,5.678809545153664,17.214838766282604,10.661505420233613,0.9318181818181818,0.4,0.022727272727272728,1.0,0.0,0.6095454545454546,high
2020-12-01,Visakhapatnam,Coal,7.1248709617122525,50.163225806451614,100900.2260537023,46670.21237319383,4.290322580645161,True,0.0,0.0,6.553333346048991,7.623225750461701,7.797500006357828,7.3246863676228395,42.446333333333335,0.0,0.0,12,4,10.094290364173151,3.5409570181241605,10.094290364173151,3.5409570181241605,12.232142891202654,5.678809545153664,17.214838766282604,10.661505420233613,0.9318181818181818,0.4,0.022727272727272728,1.0,0.0,0.6095454545454546,high
2020-12-01,Visakhapatnam,Iron Ore,7.1248709617122525,50.163225806451614,100900.2260537023,46670.21237319383,4.290322580645161,True,0.0,0.0,6.553333346048991,7.623225750461701,7.797500006357828,7.3246863676228395,42.446333333333335,0.0,0.0,12,4,10.094290364173151,3.5409570181241605,10.094290364173151,3.5409570181241605,12.232142891202654,5.678809545153664,17.214838766282604,10.661505420233613,0.9318181818181818,0.4,0.022727272727272728,1.0,0.0,0.6095454545454546,high
2021-01-01,Chennai,Bulk Minerals & Ores,10.094290364173151,54.538709677419355,0.0,0.0,0.2903225806451613,True,22107.02000000001,1.0,7.1248709617122525,6.553333346048991,7.623225750461701,7.100476686074315,50.163225806451614,18780.799999999996,0.20738268485794964,1,1,12.232142891202654,5.107271929490402,12.232142891202654,5.107271929490402,17.214838766282604,10.089967804570351,19.644666798909505,12.519795837197252,0.8409090909090909,1.0,0.9318181818181818,0.05092592592592592,0.0,0.6442760942760942,high
2021-01-01,Chennai,Coal,10.094290364173151,54.538709677419355,0.0,0.0,0.2903225806451613,True,0.0,0.0,7.1248709617122525,6.553333346048991,7.623225750461701,7.100476686074315,50.163225806451614,0.0,0.0,1,1,12.232142891202654,5.107271929490402,12.232142891202654,5.107271929490402,17.214838766282604,10.089967804570351,19.644666798909505,12.519795837197252,0.8409090909090909,1.0,0.9318181818181818,0.05092592592592592,0.0,0.6442760942760942,high
2021-01-01,Chennai,Iron Ore,10.094290364173151,54.538709677419355,0.0,0.0,0.2903225806451613,True,0.0,0.0,7.1248709617122525,6.553333346048991,7.623225750461701,7.100476686074315,50.163225806451614,0.0,0.0,1,1,12.232142891202654,5.107271929490402,12.232142891202654,5.107271929490402,17.214838766282604,10.089967804570351,19.644666798909505,12.519795837197252,0.8409090909090909,1.0,0.9318181818181818,0.05092592592592592,0.0,0.6442760942760942,high
2021-01-01,Dhamra,Bulk Minerals & Ores,10.094290364173151,54.538709677419355,0.0,0.0,0.0,False,22107.02000000001,1.0,7.1248709617122525,6.553333346048991,7.623225750461701,7.100476686074315,50.163225806451614,18780.799999999996,0.20738268485794964,1,1,12.232142891202654,5.107271929490402,12.232142891202654,5.107271929490402,17.214838766282604,10.089967804570351,19.644666798909505,12.519795837197252,0.8409090909090909,1.0,0.9318181818181818,0.5,1.0,0.834090909090909,high
2021-01-01,Dhamra,Coal,10.094290364173151,54.538709677419355,0.0,0.0,0.0,False,0.0,0.0,7.1248709617122525,6.553333346048991,7.623225750461701,7.100476686074315,50.163225806451614,0.0,0.0,1,1,12.232142891202654,5.107271929490402,12.232142891202654,5.107271929490402,17.214838766282604,10.089967804570351,19.644666798909505,12.519795837197252,0.8409090909090909,1.0,0.9318181818181818,0.5,1.0,0.834090909090909,high
2021-01-01,Dhamra,Iron Ore,10.094290364173151,54.538709677419355,0.0,0.0,0.0,False,0.0,0.0,7.1248709617122525,6.553333346048991,7.623225750461701,7.100476686074315,50.163225806451614,0.0,0.0,1,1,12.232142891202654,5.107271929490402,12.232142891202654,5.107271929490402,17.214838766282604,10.089967804570351,19.644666798909505,12.519795837197252,0.8409090909090909,1.0,0.9318181818181818,0.5,1.0,0.834090909090909,high
2021-01-01,Gangavaram,Bulk Minerals & Ores,10.094290364173151,54.538709677419355,0.0,0.0,0.0,False,22107.02000000001,1.0,7.1248709617122525,6.553333346048991,7.623225750461701,7.100476686074315,50.163225806451614,18780.799999999996,0.20738268485794964,1,1,12.232142891202654,5.107271929490402,12.232142891202654,5.107271929490402,17.214838766282604,10.089967804570351,19.644666798909505,12.519795837197252,0.8409090909090909,1.0,0.9318181818181818,0.5,1.0,0.834090909090909,high
2021-01-01,Gangavaram,Coal,10.094290364173151,54.538709677419355,0.0,0.0,0.0,False,0.0,0.0,7.1248709617122525,6.553333346048991,7.623225750461701,7.100476686074315,50.163225806451614,0.0,0.0,1,1,12.232142891202654,5.107271929490402,12.232142891202654,5.107271929490402,17.214838766282604,10.089967804570351,19.644666798909505,12.519795837197252,0.8409090909090909,1.0,0.9318181818181818,0.5,1.0,0.834090909090909,high
2021-01-01,Gangavaram,Iron Ore,10.094290364173151,54.538709677419355,0.0,0.0,0.0,False,0.0,0.0,7.1248709617122525,6.553333346048991,7.623225750461701,7.100476686074315,50.163225806451614,0.0,0.0,1,1,12.232142891202654,5.107271929490402,12.232142891202654,5.107271929490402,17.214838766282604,10.089967804570351,19.644666798909505,12.519795837197252,0.8409090909090909,1.0,0.9318181818181818,0.5,1.0,0.834090909090909,high
2021-01-01,Gopalpur,Bulk Minerals & Ores,10.094290364173151,54.538709677419355,0.0,0.0,0.0,False,22107.02000000001,1.0,7.1248709617122525,6.553333346048991,7.623225750461701,7.100476686074315,50.163225806451614,18780.799999999996,0.20738268485794964,1,1,12.232142891202654,5.107271929490402,12.232142891202654,5.107271929490402,17.214838766282604,10.089967804570351,19.644666798909505,12.519795837197252,0.8409090909090909,1.0,0.9318181818181818,0.5,1.0,0.834090909090909,high
2021-01-01,Gopalpur,Coal,10.094290364173151,54.538709677419355,0.0,0.0,0.0,False,0.0,0.0,7.1248709617122525,6.553333346048991,7.623225750461701,7.100476686074315,50.163225806451614,0.0,0.0,1,1,12.232142891202654,5.107271929490402,12.232142891202654,5.107271929490402,17.214838766282604,10.089967804570351,19.644666798909505,12.519795837197252,0.8409090909090909,1.0,0.9318181818181818,0.5,1.0,0.834090909090909,high
2021-01-01,Gopalpur,Iron Ore,10.094290364173151,54.538709677419355,0.0,0.0,0.0,False,0.0,0.0,7.1248709617122525,6.553333346048991,7.623225750461701,7.100476686074315,50.163225806451614,0.0,0.0,1,1,12.232142891202654,5.107271929490402,12.232142891202654,5.107271929490402,17.214838766282604,10.089967804570351,19.644666798909505,12.519795837197252,0.8409090909090909,1.0,0.9318181818181818,0.5,1.0,0.834090909090909,high
2021-01-01,Haldia,Bulk Minerals & Ores,10.094290364173151,54.538709677419355,36771.47102424424,2376.0279236129495,2.3548387096774195,True,22107.02000000001,1.0,7.1248709617122525,6.553333346048991,7.623225750461701,7.100476686074315,50.163225806451614,18780.799999999996,0.20738268485794964,1,1,12.232142891202654,5.107271929490402,12.232142891202654,5.107271929490402,17.214838766282604,10.089967804570351,19.644666798909505,12.519795837197252,0.8409090909090909,1.0,0.9318181818181818,0.6666666666666666,0.0,0.7674242424242423,high
2021-01-01,Haldia,Coal,10.094290364173151,54.538709677419355,36771.47102424424,2376.0279236129495,2.3548387096774195,True,0.0,0.0,7.1248709617122525,6.553333346048991,7.623225750461701,7.100476686074315,50.163225806451614,0.0,0.0,1,1,12.232142891202654,5.107271929490402,12.232142891202654,5.107271929490402,17.214838766282604,10.089967804570351,19.644666798909505,12.519795837197252,0.8409090909090909,1.0,0.9318181818181818,0.6666666666666666,0.0,0.7674242424242423,high
2021-01-01,Haldia,Iron Ore,10.094290364173151,54.538709677419355,36771.47102424424,2376.0279236129495,2.3548387096774195,True,0.0,0.0,7.1248709617122525,6.553333346048991,7.623225750461701,7.100476686074315,50.163225806451614,0.0,0.0,1,1,12.232142891202654,5.107271929490402,12.232142891202654,5.107271929490402,17.214838766282604,10.089967804570351,19.644666798909505,12.519795837197252,0.8409090909090909,1.0,0.9318181818181818,0.6666666666666666,0.0,0.7674242424242423,high
2021-01-01,Kamarajar,Bulk Minerals & Ores,10.094290364173151,54.538709677419355,26100.148988837176,0.0,0.9354838709677419,True,22107.02000000001,1.0,7.1248709617122525,6.553333346048991,7.623225750461701,7.100476686074315,50.163225806451614,18780.799999999996,0.20738268485794964,1,1,12.232142891202654,5.107271929490402,12.232142891202654,5.107271929490402,17.214838766282604,10.089967804570351,19.644666798909505,12.519795837197252,0.8409090909090909,1.0,0.9318181818181818,0.38425925925925924,0.0,0.7109427609427609,high
2021-01-01,Kamarajar,Coal,10.094290364173151,54.538709677419355,26100.148988837176,0.0,0.9354838709677419,True,0.0,0.0,7.1248709617122525,6.553333346048991,7.623225750461701,7.100476686074315,50.163225806451614,0.0,0.0,1,1,12.232142891202654,5.107271929490402,12.232142891202654,5.107271929490402,17.214838766282604,10.089967804570351,19.644666798909505,12.519795837197252,0.8409090909090909,1.0,0.9318181818181818,0.38425925925925924,0.0,0.7109427609427609,high
2021-01-01,Kamarajar,Iron Ore,10.094290364173151,54.538709677419355,26100.148988837176,0.0,0.9354838709677419,True,0.0,0.0,7.1248709617122525,6.553333346048991,7.623225750461701,7.100476686074315,50.163225806451614,0.0,0.0,1,1,12.232142891202654,5.107271929490402,12.232142891202654,5.107271929490402,17.214838766282604,10.089967804570351,19.644666798909505,12.519795837197252,0.8409090909090909,1.0,0.9318181818181818,0.38425925925925924,0.0,0.7109427609427609,high
2021-01-01,Paradip,Bulk Minerals & Ores,10.094290364173151,54.538709677419355,41046.83281650703,48897.24957869107,2.903225806451613,True,22107.02000000001,1.0,7.1248709617122525,6.553333346048991,7.623225750461701,7.100476686074315,50.163225806451614,18780.799999999996,0.20738268485794964,1,1,12.232142891202654,5.107271929490402,12.232142891202654,5.107271929490402,17.214838766282604,10.089967804570351,19.644666798909505,12.519795837197252,0.8409090909090909,1.0,0.9318181818181818,0.8472222222222222,0.0,0.8035353535353535,high
2021-01-01,Paradip,Coal,10.094290364173151,54.538709677419355,41046.83281650703,48897.24957869107,2.903225806451613,True,0.0,0.0,7.1248709617122525,6.553333346048991,7.623225750461701,7.100476686074315,50.163225806451614,0.0,0.0,1,1,12.232142891202654,5.107271929490402,12.232142891202654,5.107271929490402,17.214838766282604,10.089967804570351,19.644666798909505,12.519795837197252,0.8409090909090909,1.0,0.9318181818181818,0.8472222222222222,0.0,0.8035353535353535,high
2021-01-01,Paradip,Iron Ore,10.094290364173151,54.538709677419355,41046.83281650703,48897.24957869107,2.903225806451613,True,0.0,0.0,7.1248709617122525,6.553333346048991,7.623225750461701,7.100476686074315,50.163225806451614,0.0,0.0,1,1,12.232142891202654,5.107271929490402,12.232142891202654,5.107271929490402,17.214838766282604,10.089967804570351,19.644666798909505,12.519795837197252,0.8409090909090909,1.0,0.9318181818181818,0.8472222222222222,0.0,0.8035353535353535,high
2021-01-01,Sagar Sandheads,Bulk Minerals & Ores,10.094290364173151,54.538709677419355,0.0,0.0,0.0,False,22107.02000000001,1.0,7.1248709617122525,6.553333346048991,7.623225750461701,7.100476686074315,50.163225806451614,18780.799999999996,0.20738268485794964,1,1,12.232142891202654,5.107271929490402,12.232142891202654,5.107271929490402,17.214838766282604,10.089967804570351,19.644666798909505,12.519795837197252,0.8409090909090909,1.0,0.9318181818181818,0.5,1.0,0.834090909090909,high
2021-01-01,Sagar Sandheads,Coal,10.094290364173151,54.538709677419355,0.0,0.0,0.0,False,0.0,0.0,7.1248709617122525,6.553333346048991,7.623225750461701,7.100476686074315,50.163225806451614,0.0,0.0,1,1,12.232142891202654,5.107271929490402,12.232142891202654,5.107271929490402,17.214838766282604,10.089967804570351,19.644666798909505,12.519795837197252,0.8409090909090909,1.0,0.9318181818181818,0.5,1.0,0.834090909090909,high
2021-01-01,Sagar Sandheads,Iron Ore,10.094290364173151,54.538709677419355,0.0,0.0,0.0,False,0.0,0.0,7.1248709617122525,6.553333346048991,7.623225750461701,7.100476686074315,50.163225806451614,0.0,0.0,1,1,12.232142891202654,5.107271929490402,12.232142891202654,5.107271929490402,17.214838766282604,10.089967804570351,19.644666798909505,12.519795837197252,0.8409090909090909,1.0,0.9318181818181818,0.5,1.0,0.834090909090909,high
2021-01-01,Tuticorin,Bulk Minerals & Ores,10.094290364173151,54.538709677419355,13043.150384078832,0.0,0.7096774193548387,True,22107.02000000001,1.0,7.1248709617122525,6.553333346048991,7.623225750461701,7.100476686074315,50.163225806451614,18780.799999999996,0.20738268485794964,1,1,12.232142891202654,5.107271929490402,12.232142891202654,5.107271929490402,17.214838766282604,10.089967804570351,19.644666798909505,12.519795837197252,0.8409090909090909,1.0,0.9318181818181818,0.25,0.0,0.6840909090909091,high
2021-01-01,Tuticorin,Coal,10.094290364173151,54.538709677419355,13043.150384078832,0.0,0.7096774193548387,True,0.0,0.0,7.1248709617122525,6.553333346048991,7.623225750461701,7.100476686074315,50.163225806451614,0.0,0.0,1,1,12.232142891202654,5.107271929490402,12.232142891202654,5.107271929490402,17.214838766282604,10.089967804570351,19.644666798909505,12.519795837197252,0.8409090909090909,1.0,0.9318181818181818,0.25,0.0,0.6840909090909091,high
2021-01-01,Tuticorin,Iron Ore,10.094290364173151,54.538709677419355,13043.150384078832,0.0,0.7096774193548387,True,0.0,0.0,7.1248709617122525,6.553333346048991,7.623225750461701,7.100476686074315,50.163225806451614,0.0,0.0,1,1,12.232142891202654,5.107271929490402,12.232142891202654,5.107271929490402,17.214838766282604,10.089967804570351,19.644666798909505,12.519795837197252,0.8409090909090909,1.0,0.9318181818181818,0.25,0.0,0.6840909090909091,high
2021-01-01,Visakhapatnam,Bulk Minerals & Ores,10.094290364173151,54.538709677419355,72309.55049958082,36869.73159991165,3.7096774193548385,True,22107.02000000001,1.0,7.1248709617122525,6.553333346048991,7.623225750461701,7.100476686074315,50.163225806451614,18780.799999999996,0.20738268485794964,1,1,12.232142891202654,5.107271929490402,12.232142891202654,5.107271929490402,17.214838766282604,10.089967804570351,19.644666798909505,12.519795837197252,0.8409090909090909,1.0,0.9318181818181818,0.9490740740740741,0.0,0.8239057239057239,high
2021-01-01,Visakhapatnam,Coal,10.094290364173151,54.538709677419355,72309.55049958082,36869.73159991165,3.7096774193548385,True,0.0,0.0,7.1248709617122525,6.553333346048991,7.623225750461701,7.100476686074315,50.163225806451614,0.0,0.0,1,1,12.232142891202654,5.107271929490402,12.232142891202654,5.107271929490402,17.214838766282604,10.089967804570351,19.644666798909505,12.519795837197252,0.8409090909090909,1.0,0.9318181818181818,0.9490740740740741,0.0,0.8239057239057239,high
2021-01-01,Visakhapatnam,Iron Ore,10.094290364173151,54.538709677419355,72309.55049958082,36869.73159991165,3.7096774193548385,True,0.0,0.0,7.1248709617122525,6.553333346048991,7.623225750461701,7.100476686074315,50.163225806451614,0.0,0.0,1,1,12.232142891202654,5.107271929490402,12.232142891202654,5.107271929490402,17.214838766282604,10.089967804570351,19.644666798909505,12.519795837197252,0.8409090909090909,1.0,0.9318181818181818,0.9490740740740741,0.0,0.8239057239057239,high
2021-02-01,Chennai,Bulk Minerals & Ores,12.232142891202654,62.386785714285715,0.0,0.0,0.5,True,16931.339999999982,1.0,10.094290364173151,7.1248709617122525,6.553333346048991,7.924164890644799,54.538709677419355,22107.02000000001,-0.03349008620837457,2,1,17.214838766282604,7.120548402109453,17.214838766282604,7.120548402109453,19.644666798909505,9.550376434736354,24.675806537751228,14.581516173578077,0.45454545454545453,0.7111111111111111,0.8636363636363636,0.1574074074074074,0.0,0.46234006734006733,medium
2021-02-01,Chennai,Coal,12.232142891202654,62.386785714285715,0.0,0.0,0.5,True,0.0,0.0,10.094290364173151,7.1248709617122525,6.553333346048991,7.924164890644799,54.538709677419355,0.0,0.0,2,1,17.214838766282604,7.120548402109453,17.214838766282604,7.120548402109453,19.644666798909505,9.550376434736354,24.675806537751228,14.581516173578077,0.45454545454545453,0.7111111111111111,0.8636363636363636,0.1574074074074074,0.0,0.46234006734006733,medium
2021-02-01,Chennai,Iron Ore,12.232142891202654,62.386785714285715,0.0,0.0,0.5,True,0.0,0.0,10.094290364173151,7.1248709617122525,6.553333346048991,7.924164890644799,54.538709677419355,0.0,0.0,2,1,17.214838766282604,7.120548402109453,17.214838766282604,7.120548402109453,19.644666798909505,9.550376434736354,24.675806537751228,14.581516173578077,0.45454545454545453,0.7111111111111111,0.8636363636363636,0.1574074074074074,0.0,0.46234006734006733,medium
2021-02-01,Dhamra,Bulk Minerals & Ores,12.232142891202654,62.386785714285715,0.0,0.0,0.0,False,16931.339999999982,1.0,10.094290364173151,7.1248709617122525,6.553333346048991,7.924164890644799,54.538709677419355,22107.02000000001,-0.03349008620837457,2,1,17.214838766282604,7.120548402109453,17.214838766282604,7.120548402109453,19.644666798909505,9.550376434736354,24.675806537751228,14.581516173578077,0.45454545454545453,0.7111111111111111,0.8636363636363636,0.5,1.0,0.6308585858585858,high
2021-02-01,Dhamra,Coal,12.232142891202654,62.386785714285715,0.0,0.0,0.0,False,0.0,0.0,10.094290364173151,7.1248709617122525,6.553333346048991,7.924164890644799,54.538709677419355,0.0,0.0,2,1,17.214838766282604,7.120548402109453,17.214838766282604,7.120548402109453,19.644666798909505,9.550376434736354,24.675806537751228,14.581516173578077,0.45454545454545453,0.7111111111111111,0.8636363636363636,0.5,1.0,0.6308585858585858,high
2021-02-01,Dhamra,Iron Ore,12.232142891202654,62.386785714285715,0.0,0.0,0.0,False,0.0,0.0,10.094290364173151,7.1248709617122525,6.553333346048991,7.924164890644799,54.538709677419355,0.0,0.0,2,1,17.214838766282604,7.120548402109453,17.214838766282604,7.120548402109453,19.644666798909505,9.550376434736354,24.675806537751228,14.581516173578077,0.45454545454545453,0.7111111111111111,0.8636363636363636,0.5,1.0,0.6308585858585858,high
2021-02-01,Gangavaram,Bulk Minerals & Ores,12.232142891202654,62.386785714285715,0.0,0.0,0.0,False,16931.339999999982,1.0,10.094290364173151,7.1248709617122525,6.553333346048991,7.924164890644799,54.538709677419355,22107.02000000001,-0.03349008620837457,2,1,17.214838766282604,7.120548402109453,17.214838766282604,7.120548402109453,19.644666798909505,9.550376434736354,24.675806537751228,14.581516173578077,0.45454545454545453,0.7111111111111111,0.8636363636363636,0.5,1.0,0.6308585858585858,high
2021-02-01,Gangavaram,Coal,12.232142891202654,62.386785714285715,0.0,0.0,0.0,False,0.0,0.0,10.094290364173151,7.1248709617122525,6.553333346048991,7.924164890644799,54.538709677419355,0.0,0.0,2,1,17.214838766282604,7.120548402109453,17.214838766282604,7.120548402109453,19.644666798909505,9.550376434736354,24.675806537751228,14.581516173578077,0.45454545454545453,0.7111111111111111,0.8636363636363636,0.5,1.0,0.6308585858585858,high
2021-02-01,Gangavaram,Iron Ore,12.232142891202654,62.386785714285715,0.0,0.0,0.0,False,0.0,0.0,10.094290364173151,7.1248709617122525,6.553333346048991,7.924164890644799,54.538709677419355,0.0,0.0,2,1,17.214838766282604,7.120548402109453,17.214838766282604,7.120548402109453,19.644666798909505,9.550376434736354,24.675806537751228,14.581516173578077,0.45454545454545453,0.7111111111111111,0.8636363636363636,0.5,1.0,0.6308585858585858,high
2021-02-01,Gopalpur,Bulk Minerals & Ores,12.232142891202654,62.386785714285715,0.0,0.0,0.0,False,16931.339999999982,1.0,10.094290364173151,7.1248709617122525,6.553333346048991,7.924164890644799,54.538709677419355,22107.02000000001,-0.03349008620837457,2,1,17.214838766282604,7.120548402109453,17.214838766282604,7.120548402109453,19.644666798909505,9.550376434736354,24.675806537751228,14.581516173578077,0.45454545454545453,0.7111111111111111,0.8636363636363636,0.5,1.0,0.6308585858585858,high
2021-02-01,Gopalpur,Coal,12.232142891202654,62.386785714285715,0.0,0.0,0.0,False,0.0,0.0,10.094290364173151,7.1248709617122525,6.553333346048991,7.924164890644799,54.538709677419355,0.0,0.0,2,1,17.214838766282604,7.120548402109453,17.214838766282604,7.120548402109453,19.644666798909505,9.550376434736354,24.675806537751228,14.581516173578077,0.45454545454545453,0.7111111111111111,0.8636363636363636,0.5,1.0,0.6308585858585858,high
2021-02-01,Gopalpur,Iron Ore,12.232142891202654,62.386785714285715,0.0,0.0,0.0,False,0.0,0.0,10.094290364173151,7.1248709617122525,6.553333346048991,7.924164890644799,54.538709677419355,0.0,0.0,2,1,17.214838766282604,7.120548402109453,17.214838766282604,7.120548402109453,19.644666798909505,9.550376434736354,24.675806537751228,14.581516173578077,0.45454545454545453,0.7111111111111111,0.8636363636363636,0.5,1.0,0.6308585858585858,high
2021-02-01,Haldia,Bulk Minerals & Ores,12.232142891202654,62.386785714285715,30906.391663745282,2050.457621935124,2.0,True,16931.339999999982,1.0,10.094290364173151,7.1248709617122525,6.553333346048991,7.924164890644799,54.538709677419355,22107.02000000001,-0.03349008620837457,2,1,17.214838766282604,7.120548402109453,17.214838766282604,7.120548402109453,19.644666798909505,9.550376434736354,24.675806537751228,14.581516173578077,0.45454545454545453,0.7111111111111111,0.8636363636363636,0.5833333333333334,0.0,0.5475252525252525,medium
2021-02-01,Haldia,Coal,12.232142891202654,62.386785714285715,30906.391663745282,2050.457621935124,2.0,True,0.0,0.0,10.094290364173151,7.1248709617122525,6.553333346048991,7.924164890644799,54.538709677419355,0.0,0.0,2,1,17.214838766282604,7.120548402109453,17.214838766282604,7.120548402109453,19.644666798909505,9.550376434736354,24.675806537751228,14.581516173578077,0.45454545454545453,0.7111111111111111,0.8636363636363636,0.5833333333333334,0.0,0.5475252525252525,medium
2021-02-01,Haldia,Iron Ore,12.232142891202654,62.386785714285715,30906.391663745282,2050.457621935124,2.0,True,0.0,0.0,10.094290364173151,7.1248709617122525,6.553333346048991,7.924164890644799,54.538709677419355,0.0,0.0,2,1,17.214838766282604,7.120548402109453,17.214838766282604,7.120548402109453,19.644666798909505,9.550376434736354,24.675806537751228,14.581516173578077,0.45454545454545453,0.7111111111111111,0.8636363636363636,0.5833333333333334,0.0,0.5475252525252525,medium
2021-02-01,Kamarajar,Bulk Minerals & Ores,12.232142891202654,62.386785714285715,25506.873231057107,0.0,0.7142857142857143,True,16931.339999999982,1.0,10.094290364173151,7.1248709617122525,6.553333346048991,7.924164890644799,54.538709677419355,22107.02000000001,-0.03349008620837457,2,1,17.214838766282604,7.120548402109453,17.214838766282604,7.120548402109453,19.644666798909505,9.550376434736354,24.675806537751228,14.581516173578077,0.45454545454545453,0.7111111111111111,0.8636363636363636,0.25925925925925924,0.0,0.4827104377104377,medium
2021-02-01,Kamarajar,Coal,12.232142891202654,62.386785714285715,25506.873231057107,0.0,0.7142857142857143,True,0.0,0.0,10.094290364173151,7.1248709617122525,6.553333346048991,7.924164890644799,54.538709677419355,0.0,0.0,2,1,17.214838766282604,7.120548402109453,17.214838766282604,7.120548402109453,19.644666798909505,9.550376434736354,24.675806537751228,14.581516173578077,0.45454545454545453,0.7111111111111111,0.8636363636363636,0.25925925925925924,0.0,0.4827104377104377,medium
2021-02-01,Kamarajar,Iron Ore,12.232142891202654,62.386785714285715,25506.873231057107,0.0,0.7142857142857143,True,0.0,0.0,10.094290364173151,7.1248709617122525,6.553333346048991,7.924164890644799,54.538709677419355,0.0,0.0,2,1,17.214838766282604,7.120548402109453,17.214838766282604,7.120548402109453,19.644666798909505,9.550376434736354,24.675806537751228,14.581516173578077,0.45454545454545453,0.7111111111111111,0.8636363636363636,0.25925925925925924,0.0,0.4827104377104377,medium
2021-02-01,Paradip,Bulk Minerals & Ores,12.232142891202654,62.386785714285715,40364.10791703604,41936.39678846193,2.75,True,16931.339999999982,1.0,10.094290364173151,7.1248709617122525,6.553333346048991,7.924164890644799,54.538709677419355,22107.02000000001,-0.03349008620837457,2,1,17.214838766282604,7.120548402109453,17.214838766282604,7.120548402109453,19.644666798909505,9.550376434736354,24.675806537751228,14.581516173578077,0.45454545454545453,0.7111111111111111,0.8636363636363636,0.7916666666666666,0.0,0.5891919191919192,medium
2021-02-01,Paradip,Coal,12.232142891202654,62.386785714285715,40364.10791703604,41936.39678846193,2.75,True,0.0,0.0,10.094290364173151,7.1248709617122525,6.553333346048991,7.924164890644799,54.538709677419355,0.0,0.0,2,1,17.214838766282604,7.120548402109453,17.214838766282604,7.120548402109453,19.644666798909505,9.550376434736354,24.675806537751228,14.581516173578077,0.45454545454545453,0.7111111111111111,0.8636363636363636,0.7916666666666666,0.0,0.5891919191919192,medium
2021-02-01,Paradip,Iron Ore,12.232142891202654,62.386785714285715,40364.10791703604,41936.39678846193,2.75,True,0.0,0.0,10.094290364173151,7.1248709617122525,6.553333346048991,7.924164890644799,54.538709677419355,0.0,0.0,2,1,17.214838766282604,7.120548402109453,17.214838766282604,7.120548402109453,19.644666798909505,9.550376434736354,24.675806537751228,14.581516173578077,0.45454545454545453,0.7111111111111111,0.8636363636363636,0.7916666666666666,0.0,0.5891919191919192,medium
2021-02-01,Sagar Sandheads,Bulk Minerals & Ores,12.232142891202654,62.386785714285715,0.0,0.0,0.0,False,16931.339999999982,1.0,10.094290364173151,7.1248709617122525,6.553333346048991,7.924164890644799,54.538709677419355,22107.02000000001,-0.03349008620837457,2,1,17.214838766282604,7.120548402109453,17.214838766282604,7.120548402109453,19.644666798909505,9.550376434736354,24.675806537751228,14.581516173578077,0.45454545454545453,0.7111111111111111,0.8636363636363636,0.5,1.0,0.6308585858585858,high
2021-02-01,Sagar Sandheads,Coal,12.232142891202654,62.386785714285715,0.0,0.0,0.0,False,0.0,0.0,10.094290364173151,7.1248709617122525,6.553333346048991,7.924164890644799,54.538709677419355,0.0,0.0,2,1,17.214838766282604,7.120548402109453,17.214838766282604,7.120548402109453,19.644666798909505,9.550376434736354,24.675806537751228,14.581516173578077,0.45454545454545453,0.7111111111111111,0.8636363636363636,0.5,1.0,0.6308585858585858,high
2021-02-01,Sagar Sandheads,Iron Ore,12.232142891202654,62.386785714285715,0.0,0.0,0.0,False,0.0,0.0,10.094290364173151,7.1248709617122525,6.553333346048991,7.924164890644799,54.538709677419355,0.0,0.0,2,1,17.214838766282604,7.120548402109453,17.214838766282604,7.120548402109453,19.644666798909505,9.550376434736354,24.675806537751228,14.581516173578077,0.45454545454545453,0.7111111111111111,0.8636363636363636,0.5,1.0,0.6308585858585858,high
2021-02-01,Tuticorin,Bulk Minerals & Ores,12.232142891202654,62.386785714285715,16126.77891716109,0.0,0.7142857142857143,True,16931.339999999982,1.0,10.094290364173151,7.1248709617122525,6.553333346048991,7.924164890644799,54.538709677419355,22107.02000000001,-0.03349008620837457,2,1,17.214838766282604,7.120548402109453,17.214838766282604,7.120548402109453,19.644666798909505,9.550376434736354,24.675806537751228,14.581516173578077,0.45454545454545453,0.7111111111111111,0.8636363636363636,0.25925925925925924,0.0,0.4827104377104377,medium
2021-02-01,Tuticorin,Coal,12.232142891202654,62.386785714285715,16126.77891716109,0.0,0.7142857142857143,True,0.0,0.0,10.094290364173151,7.1248709617122525,6.553333346048991,7.924164890644799,54.538709677419355,0.0,0.0,2,1,17.214838766282604,7.120548402109453,17.214838766282604,7.120548402109453,19.644666798909505,9.550376434736354,24.675806537751228,14.581516173578077,0.45454545454545453,0.7111111111111111,0.8636363636363636,0.25925925925925924,0.0,0.4827104377104377,medium
2021-02-01,Tuticorin,Iron Ore,12.232142891202654,62.386785714285715,16126.77891716109,0.0,0.7142857142857143,True,0.0,0.0,10.094290364173151,7.1248709617122525,6.553333346048991,7.924164890644799,54.538709677419355,0.0,0.0,2,1,17.214838766282604,7.120548402109453,17.214838766282604,7.120548402109453,19.644666798909505,9.550376434736354,24.675806537751228,14.581516173578077,0.45454545454545453,0.7111111111111111,0.8636363636363636,0.25925925925925924,0.0,0.4827104377104377,medium
2021-02-01,Visakhapatnam,Bulk Minerals & Ores,12.232142891202654,62.386785714285715,59352.6282079787,17601.55330435609,2.75,True,16931.339999999982,1.0,10.094290364173151,7.1248709617122525,6.553333346048991,7.924164890644799,54.538709677419355,22107.02000000001,-0.03349008620837457,2,1,17.214838766282604,7.120548402109453,17.214838766282604,7.120548402109453,19.644666798909505,9.550376434736354,24.675806537751228,14.581516173578077,0.45454545454545453,0.7111111111111111,0.8636363636363636,0.7916666666666666,0.0,0.5891919191919192,medium
2021-02-01,Visakhapatnam,Coal,12.232142891202654,62.386785714285715,59352.6282079787,17601.55330435609,2.75,True,0.0,0.0,10.094290364173151,7.1248709617122525,6.553333346048991,7.924164890644799,54.538709677419355,0.0,0.0,2,1,17.214838766282604,7.120548402109453,17.214838766282604,7.120548402109453,19.644666798909505,9.550376434736354,24.675806537751228,14.581516173578077,0.45454545454545453,0.7111111111111111,0.8636363636363636,0.7916666666666666,0.0,0.5891919191919192,medium
2021-02-01,Visakhapatnam,Iron Ore,12.232142891202654,62.386785714285715,59352.6282079787,17601.55330435609,2.75,True,0.0,0.0,10.094290364173151,7.1248709617122525,6.553333346048991,7.924164890644799,54.538709677419355,0.0,0.0,2,1,17.214838766282604,7.120548402109453,17.214838766282604,7.120548402109453,19.644666798909505,9.550376434736354,24.675806537751228,14.581516173578077,0.45454545454545453,0.7111111111111111,0.8636363636363636,0.7916666666666666,0.0,0.5891919191919192,medium
2021-03-01,Chennai,Bulk Minerals & Ores,17.214838766282604,65.72935483870968,0.0,0.0,0.5806451612903226,True,26454.32000000002,1.0,12.232142891202654,10.094290364173151,7.1248709617122525,9.81710140569602,62.386785714285715,16931.339999999982,-0.16903993453920574,3,1,19.644666798909505,7.41252390770685,19.644666798909505,7.41252390770685,24.675806537751228,12.443663646548574,26.78766638437907,14.555523493176414,0.5909090909090909,0.9777777777777777,1.0,0.19444444444444445,0.0,0.5912626262626263,medium
2021-03-01,Chennai,Coal,17.214838766282604,65.72935483870968,0.0,0.0,0.5806451612903226,True,0.0,0.0,12.232142891202654,10.094290364173151,7.1248709617122525,9.81710140569602,62.386785714285715,0.0,0.0,3,1,19.644666798909505,7.41252390770685,19.644666798909505,7.41252390770685,24.675806537751228,12.443663646548574,26.78766638437907,14.555523493176414,0.5909090909090909,0.9777777777777777,1.0,0.19444444444444445,0.0,0.5912626262626263,medium
2021-03-01,Chennai,Iron Ore,17.214838766282604,65.72935483870968,0.0,0.0,0.5806451612903226,True,0.0,0.0,12.232142891202654,10.094290364173151,7.1248709617122525,9.81710140569602,62.386785714285715,0.0,0.0,3,1,19.644666798909505,7.41252390770685,19.644666798909505,7.41252390770685,24.675806537751228,12.443663646548574,26.78766638437907,14.555523493176414,0.5909090909090909,0.9777777777777777,1.0,0.19444444444444445,0.0,0.5912626262626263,medium
2021-03-01,Dhamra,Bulk Minerals & Ores,17.214838766282604,65.72935483870968,0.0,0.0,0.0,False,26454.32000000002,1.0,12.232142891202654,10.094290364173151,7.1248709617122525,9.81710140569602,62.386785714285715,16931.339999999982,-0.16903993453920574,3,1,19.644666798909505,7.41252390770685,19.644666798909505,7.41252390770685,24.675806537751228,12.443663646548574,26.78766638437907,14.555523493176414,0.5909090909090909,0.9777777777777777,1.0,0.5,1.0,0.7523737373737374,high
2021-03-01,Dhamra,Coal,17.214838766282604,65.72935483870968,0.0,0.0,0.0,False,0.0,0.0,12.232142891202654,10.094290364173151,7.1248709617122525,9.81710140569602,62.386785714285715,0.0,0.0,3,1,19.644666798909505,7.41252390770685,19.644666798909505,7.41252390770685,24.675806537751228,12.443663646548574,26.78766638437907,14.555523493176414,0.5909090909090909,0.9777777777777777,1.0,0.5,1.0,0.7523737373737374,high
2021-03-01,Dhamra,Iron Ore,17.214838766282604,65.72935483870968,0.0,0.0,0.0,False,0.0,0.0,12.232142891202654,10.094290364173151,7.1248709617122525,9.81710140569602,62.386785714285715,0.0,0.0,3,1,19.644666798909505,7.41252390770685,19.644666798909505,7.41252390770685,24.675806537751228,12.443663646548574,26.78766638437907,14.555523493176414,0.5909090909090909,0.9777777777777777,1.0,0.5,1.0,0.7523737373737374,high
2021-03-01,Gangavaram,Bulk Minerals & Ores,17.214838766282604,65.72935483870968,0.0,0.0,0.0,False,26454.32000000002,1.0,12.232142891202654,10.094290364173151,7.1248709617122525,9.81710140569602,62.386785714285715,16931.339999999982,-0.16903993453920574,3,1,19.644666798909505,7.41252390770685,19.644666798909505,7.41252390770685,24.675806537751228,12.443663646548574,26.78766638437907,14.555523493176414,0.5909090909090909,0.9777777777777777,1.0,0.5,1.0,0.7523737373737374,high
2021-03-01,Gangavaram,Coal,17.214838766282604,65.72935483870968,0.0,0.0,0.0,False,0.0,0.0,12.232142891202654,10.094290364173151,7.1248709617122525,9.81710140569602,62.386785714285715,0.0,0.0,3,1,19.644666798909505,7.41252390770685,19.644666798909505,7.41252390770685,24.675806537751228,12.443663646548574,26.78766638437907,14.555523493176414,0.5909090909090909,0.9777777777777777,1.0,0.5,1.0,0.7523737373737374,high
2021-03-01,Gangavaram,Iron Ore,17.214838766282604,65.72935483870968,0.0,0.0,0.0,False,0.0,0.0,12.232142891202654,10.094290364173151,7.1248709617122525,9.81710140569602,62.386785714285715,0.0,0.0,3,1,19.644666798909505,7.41252390770685,19.644666798909505,7.41252390770685,24.675806537751228,12.443663646548574,26.78766638437907,14.555523493176414,0.5909090909090909,0.9777777777777777,1.0,0.5,1.0,0.7523737373737374,high
2021-03-01,Gopalpur,Bulk Minerals & Ores,17.214838766282604,65.72935483870968,0.0,0.0,0.0,False,26454.32000000002,1.0,12.232142891202654,10.094290364173151,7.1248709617122525,9.81710140569602,62.386785714285715,16931.339999999982,-0.16903993453920574,3,1,19.644666798909505,7.41252390770685,19.644666798909505,7.41252390770685,24.675806537751228,12.443663646548574,26.78766638437907,14.555523493176414,0.5909090909090909,0.9777777777777777,1.0,0.5,1.0,0.7523737373737374,high
2021-03-01,Gopalpur,Coal,17.214838766282604,65.72935483870968,0.0,0.0,0.0,False,0.0,0.0,12.232142891202654,10.094290364173151,7.1248709617122525,9.81710140569602,62.386785714285715,0.0,0.0,3,1,19.644666798909505,7.41252390770685,19.644666798909505,7.41252390770685,24.675806537751228,12.443663646548574,26.78766638437907,14.555523493176414,0.5909090909090909,0.9777777777777777,1.0,0.5,1.0,0.7523737373737374,high
2021-03-01,Gopalpur,Iron Ore,17.214838766282604,65.72935483870968,0.0,0.0,0.0,False,0.0,0.0,12.232142891202654,10.094290364173151,7.1248709617122525,9.81710140569602,62.386785714285715,0.0,0.0,3,1,19.644666798909505,7.41252390770685,19.644666798909505,7.41252390770685,24.675806537751228,12.443663646548574,26.78766638437907,14.555523493176414,0.5909090909090909,0.9777777777777777,1.0,0.5,1.0,0.7523737373737374,high
2021-03-01,Haldia,Bulk Minerals & Ores,17.214838766282604,65.72935483870968,30261.24372156416,4212.519277737229,2.0,True,26454.32000000002,1.0,12.232142891202654,10.094290364173151,7.1248709617122525,9.81710140569602,62.386785714285715,16931.339999999982,-0.16903993453920574,3,1,19.644666798909505,7.41252390770685,19.644666798909505,7.41252390770685,24.675806537751228,12.443663646548574,26.78766638437907,14.555523493176414,0.5909090909090909,0.9777777777777777,1.0,0.5833333333333334,0.0,0.6690404040404041,high
2021-03-01,Haldia,Coal,17.214838766282604,65.72935483870968,30261.24372156416,4212.519277737229,2.0,True,0.0,0.0,12.232142891202654,10.094290364173151,7.1248709617122525,9.81710140569602,62.386785714285715,0.0,0.0,3,1,19.644666798909505,7.41252390770685,19.644666798909505,7.41252390770685,24.675806537751228,12.443663646548574,26.78766638437907,14.555523493176414,0.5909090909090909,0.9777777777777777,1.0,0.5833333333333334,0.0,0.6690404040404041,high
2021-03-01,Haldia,Iron Ore,17.214838766282604,65.72935483870968,30261.24372156416,4212.519277737229,2.0,True,0.0,0.0,12.232142891202654,10.094290364173151,7.1248709617122525,9.81710140569602,62.386785714285715,0.0,0.0,3,1,19.644666798909505,7.41252390770685,19.644666798909505,7.41252390770685,24.675806537751228,12.443663646548574,26.78766638437907,14.555523493176414,0.5909090909090909,0.9777777777777777,1.0,0.5833333333333334,0.0,0.6690404040404041,high
2021-03-01,Kamarajar,Bulk Minerals & Ores,17.214838766282604,65.72935483870968,34373.98308854553,0.0,0.9032258064516129,True,26454.32000000002,1.0,12.232142891202654,10.094290364173151,7.1248709617122525,9.81710140569602,62.386785714285715,16931.339999999982,-0.16903993453920574,3,1,19.644666798909505,7.41252390770685,19.644666798909505,7.41252390770685,24.675806537751228,12.443663646548574,26.78766638437907,14.555523493176414,0.5909090909090909,0.9777777777777777,1.0,0.36574074074074076,0.0,0.6255218855218856,high
2021-03-01,Kamarajar,Coal,17.214838766282604,65.72935483870968,34373.98308854553,0.0,0.9032258064516129,True,0.0,0.0,12.232142891202654,10.094290364173151,7.1248709617122525,9.81710140569602,62.386785714285715,0.0,0.0,3,1,19.644666798909505,7.41252390770685,19.644666798909505,7.41252390770685,24.675806537751228,12.443663646548574,26.78766638437907,14.555523493176414,0.5909090909090909,0.9777777777777777,1.0,0.36574074074074076,0.0,0.6255218855218856,high
2021-03-01,Kamarajar,Iron Ore,17.214838766282604,65.72935483870968,34373.98308854553,0.0,0.9032258064516129,True,0.0,0.0,12.232142891202654,10.094290364173151,7.1248709617122525,9.81710140569602,62.386785714285715,0.0,0.0,3,1,19.644666798909505,7.41252390770685,19.644666798909505,7.41252390770685,24.675806537751228,12.443663646548574,26.78766638437907,14.555523493176414,0.5909090909090909,0.9777777777777777,1.0,0.36574074074074076,0.0,0.6255218855218856,high
2021-03-01,Paradip,Bulk Minerals & Ores,17.214838766282604,65.72935483870968,32040.726773281433,55297.89031941347,2.870967741935484,True,26454.32000000002,1.0,12.232142891202654,10.094290364173151,7.1248709617122525,9.81710140569602,62.386785714285715,16931.339999999982,-0.16903993453920574,3,1,19.644666798909505,7.41252390770685,19.644666798909505,7.41252390770685,24.675806537751228,12.443663646548574,26.78766638437907,14.555523493176414,0.5909090909090909,0.9777777777777777,1.0,0.8240740740740741,0.0,0.7171885521885523,high
2021-03-01,Paradip,Coal,17.214838766282604,65.72935483870968,32040.726773281433,55297.89031941347,2.870967741935484,True,0.0,0.0,12.232142891202654,10.094290364173151,7.1248709617122525,9.81710140569602,62.386785714285715,0.0,0.0,3,1,19.644666798909505,7.41252390770685,19.644666798909505,7.41252390770685,24.675806537751228,12.443663646548574,26.78766638437907,14.555523493176414,0.5909090909090909,0.9777777777777777,1.0,0.8240740740740741,0.0,0.7171885521885523,high
2021-03-01,Paradip,Iron Ore,17.214838766282604,65.72935483870968,32040.726773281433,55297.89031941347,2.870967741935484,True,0.0,0.0,12.232142891202654,10.094290364173151,7.1248709617122525,9.81710140569602,62.386785714285715,0.0,0.0,3,1,19.644666798909505,7.41252390770685,19.644666798909505,7.41252390770685,24.675806537751228,12.443663646548574,26.78766638437907,14.555523493176414,0.5909090909090909,0.9777777777777777,1.0,0.8240740740740741,0.0,0.7171885521885523,high
2021-03-01,Sagar Sandheads,Bulk Minerals & Ores,17.214838766282604,65.72935483870968,0.0,0.0,0.0,False,26454.32000000002,1.0,12.232142891202654,10.094290364173151,7.1248709617122525,9.81710140569602,62.386785714285715,16931.339999999982,-0.16903993453920574,3,1,19.644666798909505,7.41252390770685,19.644666798909505,7.41252390770685,24.675806537751228,12.443663646548574,26.78766638437907,14.555523493176414,0.5909090909090909,0.9777777777777777,1.0,0.5,1.0,0.7523737373737374,high
2021-03-01,Sagar Sandheads,Coal,17.214838766282604,65.72935483870968,0.0,0.0,0.0,False,0.0,0.0,12.232142891202654,10.094290364173151,7.1248709617122525,9.81710140569602,62.386785714285715,0.0,0.0,3,1,19.644666798909505,7.41252390770685,19.644666798909505,7.41252390770685,24.675806537751228,12.443663646548574,26.78766638437907,14.555523493176414,0.5909090909090909,0.9777777777777777,1.0,0.5,1.0,0.7523737373737374,high
2021-03-01,Sagar Sandheads,Iron Ore,17.214838766282604,65.72935483870968,0.0,0.0,0.0,False,0.0,0.0,12.232142891202654,10.094290364173151,7.1248709617122525,9.81710140569602,62.386785714285715,0.0,0.0,3,1,19.644666798909505,7.41252390770685,19.644666798909505,7.41252390770685,24.675806537751228,12.443663646548574,26.78766638437907,14.555523493176414,0.5909090909090909,0.9777777777777777,1.0,0.5,1.0,0.7523737373737374,high
2021-03-01,Tuticorin,Bulk Minerals & Ores,17.214838766282604,65.72935483870968,20864.66974834667,0.0,0.8709677419354839,True,26454.32000000002,1.0,12.232142891202654,10.094290364173151,7.1248709617122525,9.81710140569602,62.386785714285715,16931.339999999982,-0.16903993453920574,3,1,19.644666798909505,7.41252390770685,19.644666798909505,7.41252390770685,24.675806537751228,12.443663646548574,26.78766638437907,14.555523493176414,0.5909090909090909,0.9777777777777777,1.0,0.3425925925925926,0.0,0.6208922558922559,high
2021-03-01,Tuticorin,Coal,17.214838766282604,65.72935483870968,20864.66974834667,0.0,0.8709677419354839,True,0.0,0.0,12.232142891202654,10.094290364173151,7.1248709617122525,9.81710140569602,62.386785714285715,0.0,0.0,3,1,19.644666798909505,7.41252390770685,19.644666798909505,7.41252390770685,24.675806537751228,12.443663646548574,26.78766638437907,14.555523493176414,0.5909090909090909,0.9777777777777777,1.0,0.3425925925925926,0.0,0.6208922558922559,high
2021-03-01,Tuticorin,Iron Ore,17.214838766282604,65.72935483870968,20864.66974834667,0.0,0.8709677419354839,True,0.0,0.0,12.232142891202654,10.094290364173151,7.1248709617122525,9.81710140569602,62.386785714285715,0.0,0.0,3,1,19.644666798909505,7.41252390770685,19.644666798909505,7.41252390770685,24.675806537751228,12.443663646548574,26.78766638437907,14.555523493176414,0.5909090909090909,0.9777777777777777,1.0,0.3425925925925926,0.0,0.6208922558922559,high
2021-03-01,Visakhapatnam,Bulk Minerals & Ores,17.214838766282604,65.72935483870968,48672.570681342935,38244.98032884211,2.903225806451613,True,26454.32000000002,1.0,12.232142891202654,10.094290364173151,7.1248709617122525,9.81710140569602,62.386785714285715,16931.339999999982,-0.16903993453920574,3,1,19.644666798909505,7.41252390770685,19.644666798909505,7.41252390770685,24.675806537751228,12.443663646548574,26.78766638437907,14.555523493176414,0.5909090909090909,0.9777777777777777,1.0,0.8472222222222222,0.0,0.7218181818181819,high
2021-03-01,Visakhapatnam,Coal,17.214838766282604,65.72935483870968,48672.570681342935,38244.98032884211,2.903225806451613,True,0.0,0.0,12.232142891202654,10.094290364173151,7.1248709617122525,9.81710140569602,62.386785714285715,0.0,0.0,3,1,19.644666798909505,7.41252390770685,19.644666798909505,7.41252390770685,24.675806537751228,12.443663646548574,26.78766638437907,14.555523493176414,0.5909090909090909,0.9777777777777777,1.0,0.8472222222222222,0.0,0.7218181818181819,high
2021-03-01,Visakhapatnam,Iron Ore,17.214838766282604,65.72935483870968,48672.570681342935,38244.98032884211,2.903225806451613,True,0.0,0.0,12.232142891202654,10.094290364173151,7.1248709617122525,9.81710140569602,62.386785714285715,0.0,0.0,3,1,19.644666798909505,7.41252390770685,19.644666798909505,7.41252390770685,24.675806537751228,12.443663646548574,26.78766638437907,14.555523493176414,0.5909090909090909,0.9777777777777777,1.0,0.8472222222222222,0.0,0.7218181818181819,high
2021-04-01,Chennai,Bulk Minerals & Ores,19.644666798909505,64.62566666666666,0.0,0.0,0.26666666666666666,True,25489.760000000002,1.0,17.214838766282604,12.232142891202654,10.094290364173151,13.18042400721947,65.72935483870968,26454.32000000002,0.8769368749774498,4,2,24.675806537751228,7.460967771468624,24.675806537751228,7.460967771468624,26.78766638437907,9.572827618096465,25.916451731035785,8.701612964753181,0.5681818181818182,0.6,0.75,0.037037037037037035,0.0,0.43877104377104376,medium
2021-04-01,Chennai,Coal,19.644666798909505,64.62566666666666,0.0,0.0,0.26666666666666666,True,0.0,0.0,17.214838766282604,12.232142891202654,10.094290364173151,13.18042400721947,65.72935483870968,0.0,0.0,4,2,24.675806537751228,7.460967771468624,24.675806537751228,7.460967771468624,26.78766638437907,9.572827618096465,25.916451731035785,8.701612964753181,0.5681818181818182,0.6,0.75,0.037037037037037035,0.0,0.43877104377104376,medium
2021-04-01,Chennai,Iron Ore,19.644666798909505,64.62566666666666,0.0,0.0,0.26666666666666666,True,0.0,0.0,17.214838766282604,12.232142891202654,10.094290364173151,13.18042400721947,65.72935483870968,0.0,0.0,4,2,24.675806537751228,7.460967771468624,24.675806537751228,7.460967771468624,26.78766638437907,9.572827618096465,25.916451731035785,8.701612964753181,0.5681818181818182,0.6,0.75,0.037037037037037035,0.0,0.43877104377104376,medium
2021-04-01,Dhamra,Bulk Minerals & Ores,19.644666798909505,64.62566666666666,0.0,0.0,0.0,False,25489.760000000002,1.0,17.214838766282604,12.232142891202654,10.094290364173151,13.18042400721947,65.72935483870968,26454.32000000002,0.8769368749774498,4,2,24.675806537751228,7.460967771468624,24.675806537751228,7.460967771468624,26.78766638437907,9.572827618096465,25.916451731035785,8.701612964753181,0.5681818181818182,0.6,0.75,0.5,1.0,0.6313636363636363,high
2021-04-01,Dhamra,Coal,19.644666798909505,64.62566666666666,0.0,0.0,0.0,False,0.0,0.0,17.214838766282604,12.232142891202654,10.094290364173151,13.18042400721947,65.72935483870968,0.0,0.0,4,2,24.675806537751228,7.460967771468624,24.675806537751228,7.460967771468624,26.78766638437907,9.572827618096465,25.916451731035785,8.701612964753181,0.5681818181818182,0.6,0.75,0.5,1.0,0.6313636363636363,high
2021-04-01,Dhamra,Iron Ore,19.644666798909505,64.62566666666666,0.0,0.0,0.0,False,0.0,0.0,17.214838766282604,12.232142891202654,10.094290364173151,13.18042400721947,65.72935483870968,0.0,0.0,4,2,24.675806537751228,7.460967771468624,24.675806537751228,7.460967771468624,26.78766638437907,9.572827618096465,25.916451731035785,8.701612964753181,0.5681818181818182,0.6,0.75,0.5,1.0,0.6313636363636363,high
2021-04-01,Gangavaram,Bulk Minerals & Ores,19.644666798909505,64.62566666666666,0.0,0.0,0.0,False,25489.760000000002,1.0,17.214838766282604,12.232142891202654,10.094290364173151,13.18042400721947,65.72935483870968,26454.32000000002,0.8769368749774498,4,2,24.675806537751228,7.460967771468624,24.675806537751228,7.460967771468624,26.78766638437907,9.572827618096465,25.916451731035785,8.701612964753181,0.5681818181818182,0.6,0.75,0.5,1.0,0.6313636363636363,high
2021-04-01,Gangavaram,Coal,19.644666798909505,64.62566666666666,0.0,0.0,0.0,False,0.0,0.0,17.214838766282604,12.232142891202654,10.094290364173151,13.18042400721947,65.72935483870968,0.0,0.0,4,2,24.675806537751228,7.460967771468624,24.675806537751228,7.460967771468624,26.78766638437907,9.572827618096465,25.916451731035785,8.701612964753181,0.5681818181818182,0.6,0.75,0.5,1.0,0.6313636363636363,high
2021-04-01,Gangavaram,Iron Ore,19.644666798909505,64.62566666666666,0.0,0.0,0.0,False,0.0,0.0,17.214838766282604,12.232142891202654,10.094290364173151,13.18042400721947,65.72935483870968,0.0,0.0,4,2,24.675806537751228,7.460967771468624,24.675806537751228,7.460967771468624,26.78766638437907,9.572827618096465,25.916451731035785,8.701612964753181,0.5681818181818182,0.6,0.75,0.5,1.0,0.6313636363636363,high
2021-04-01,Gopalpur,Bulk Minerals & Ores,19.644666798909505,64.62566666666666,0.0,0.0,0.0,False,25489.760000000002,1.0,17.214838766282604,12.232142891202654,10.094290364173151,13.18042400721947,65.72935483870968,26454.32000000002,0.8769368749774498,4,2,24.675806537751228,7.460967771468624,24.675806537751228,7.460967771468624,26.78766638437907,9.572827618096465,25.916451731035785,8.701612964753181,0.5681818181818182,0.6,0.75,0.5,1.0,0.6313636363636363,high
2021-04-01,Gopalpur,Coal,19.644666798909505,64.62566666666666,0.0,0.0,0.0,False,0.0,0.0,17.214838766282604,12.232142891202654,10.094290364173151,13.18042400721947,65.72935483870968,0.0,0.0,4,2,24.675806537751228,7.460967771468624,24.675806537751228,7.460967771468624,26.78766638437907,9.572827618096465,25.916451731035785,8.701612964753181,0.5681818181818182,0.6,0.75,0.5,1.0,0.6313636363636363,high
2021-04-01,Gopalpur,Iron Ore,19.644666798909505,64.62566666666666,0.0,0.0,0.0,False,0.0,0.0,17.214838766282604,12.232142891202654,10.094290364173151,13.18042400721947,65.72935483870968,0.0,0.0,4,2,24.675806537751228,7.460967771468624,24.675806537751228,7.460967771468624,26.78766638437907,9.572827618096465,25.916451731035785,8.701612964753181,0.5681818181818182,0.6,0.75,0.5,1.0,0.6313636363636363,high
2021-04-01,Haldia,Bulk Minerals & Ores,19.644666798909505,64.62566666666666,24210.7809113177,2616.959334163409,2.6333333333333333,True,25489.760000000002,1.0,17.214838766282604,12.232142891202654,10.094290364173151,13.18042400721947,65.72935483870968,26454.32000000002,0.8769368749774498,4,2,24.675806537751228,7.460967771468624,24.675806537751228,7.460967771468624,26.78766638437907,9.572827618096465,25.916451731035785,8.701612964753181,0.5681818181818182,0.6,0.75,0.7592592592592593,0.0,0.5832154882154882,medium
2021-04-01,Haldia,Coal,19.644666798909505,64.62566666666666,24210.7809113177,2616.959334163409,2.6333333333333333,True,0.0,0.0,17.214838766282604,12.232142891202654,10.094290364173151,13.18042400721947,65.72935483870968,0.0,0.0,4,2,24.675806537751228,7.460967771468624,24.675806537751228,7.460967771468624,26.78766638437907,9.572827618096465,25.916451731035785,8.701612964753181,0.5681818181818182,0.6,0.75,0.7592592592592593,0.0,0.5832154882154882,medium
2021-04-01,Haldia,Iron Ore,19.644666798909505,64.62566666666666,24210.7809113177,2616.959334163409,2.6333333333333333,True,0.0,0.0,17.214838766282604,12.232142891202654,10.094290364173151,13.18042400721947,65.72935483870968,0.0,0.0,4,2,24.675806537751228,7.460967771468624,24.675806537751228,7.460967771468624,26.78766638437907,9.572827618096465,25.916451731035785,8.701612964753181,0.5681818181818182,0.6,0.75,0.7592592592592593,0.0,0.5832154882154882,medium
2021-04-01,Kamarajar,Bulk Minerals & Ores,19.644666798909505,64.62566666666666,38171.8858567307,0.0,1.0,True,25489.760000000002,1.0,17.214838766282604,12.232142891202654,10.094290364173151,13.18042400721947,65.72935483870968,26454.32000000002,0.8769368749774498,4,2,24.675806537751228,7.460967771468624,24.675806537751228,7.460967771468624,26.78766638437907,9.572827618096465,25.916451731035785,8.701612964753181,0.5681818181818182,0.6,0.75,0.4398148148148148,0.0,0.5193265993265993,medium
2021-04-01,Kamarajar,Coal,19.644666798909505,64.62566666666666,38171.8858567307,0.0,1.0,True,0.0,0.0,17.214838766282604,12.232142891202654,10.094290364173151,13.18042400721947,65.72935483870968,0.0,0.0,4,2,24.675806537751228,7.460967771468624,24.675806537751228,7.460967771468624,26.78766638437907,9.572827618096465,25.916451731035785,8.701612964753181,0.5681818181818182,0.6,0.75,0.4398148148148148,0.0,0.5193265993265993,medium
2021-04-01,Kamarajar,Iron Ore,19.644666798909505,64.62566666666666,38171.8858567307,0.0,1.0,True,0.0,0.0,17.214838766282604,12.232142891202654,10.094290364173151,13.18042400721947,65.72935483870968,0.0,0.0,4,2,24.675806537751228,7.460967771468624,24.675806537751228,7.460967771468624,26.78766638437907,9.572827618096465,25.916451731035785,8.701612964753181,0.5681818181818182,0.6,0.75,0.4398148148148148,0.0,0.5193265993265993,medium
2021-04-01,Paradip,Bulk Minerals & Ores,19.644666798909505,64.62566666666666,30851.920427872137,58394.260046377916,3.1333333333333333,True,25489.760000000002,1.0,17.214838766282604,12.232142891202654,10.094290364173151,13.18042400721947,65.72935483870968,26454.32000000002,0.8769368749774498,4,2,24.675806537751228,7.460967771468624,24.675806537751228,7.460967771468624,26.78766638437907,9.572827618096465,25.916451731035785,8.701612964753181,0.5681818181818182,0.6,0.75,0.8888888888888888,0.0,0.6091414141414141,high
2021-04-01,Paradip,Coal,19.644666798909505,64.62566666666666,30851.920427872137,58394.260046377916,3.1333333333333333,True,0.0,0.0,17.214838766282604,12.232142891202654,10.094290364173151,13.18042400721947,65.72935483870968,0.0,0.0,4,2,24.675806537751228,7.460967771468624,24.675806537751228,7.460967771468624,26.78766638437907,9.572827618096465,25.916451731035785,8.701612964753181,0.5681818181818182,0.6,0.75,0.8888888888888888,0.0,0.6091414141414141,high
2021-04-01,Paradip,Iron Ore,19.644666798909505,64.62566666666666,30851.920427872137,58394.260046377916,3.1333333333333333,True,0.0,0.0,17.214838766282604,12.232142891202654,10.094290364173151,13.18042400721947,65.72935483870968,0.0,0.0,4,2,24.675806537751228,7.460967771468624,24.675806537751228,7.460967771468624,26.78766638437907,9.572827618096465,25.916451731035785,8.701612964753181,0.5681818181818182,0.6,0.75,0.8888888888888888,0.0,0.6091414141414141,high
2021-04-01,Sagar Sandheads,Bulk Minerals & Ores,19.644666798909505,64.62566666666666,0.0,0.0,0.0,False,25489.760000000002,1.0,17.214838766282604,12.232142891202654,10.094290364173151,13.18042400721947,65.72935483870968,26454.32000000002,0.8769368749774498,4,2,24.675806537751228,7.460967771468624,24.675806537751228,7.460967771468624,26.78766638437907,9.572827618096465,25.916451731035785,8.701612964753181,0.5681818181818182,0.6,0.75,0.5,1.0,0.6313636363636363,high
2021-04-01,Sagar Sandheads,Coal,19.644666798909505,64.62566666666666,0.0,0.0,0.0,False,0.0,0.0,17.214838766282604,12.232142891202654,10.094290364173151,13.18042400721947,65.72935483870968,0.0,0.0,4,2,24.675806537751228,7.460967771468624,24.675806537751228,7.460967771468624,26.78766638437907,9.572827618096465,25.916451731035785,8.701612964753181,0.5681818181818182,0.6,0.75,0.5,1.0,0.6313636363636363,high
2021-04-01,Sagar Sandheads,Iron Ore,19.644666798909505,64.62566666666666,0.0,0.0,0.0,False,0.0,0.0,17.214838766282604,12.232142891202654,10.094290364173151,13.18042400721947,65.72935483870968,0.0,0.0,4,2,24.675806537751228,7.460967771468624,24.675806537751228,7.460967771468624,26.78766638437907,9.572827618096465,25.916451731035785,8.701612964753181,0.5681818181818182,0.6,0.75,0.5,1.0,0.6313636363636363,high
2021-04-01,Tuticorin,Bulk Minerals & Ores,19.644666798909505,64.62566666666666,26847.873430924123,0.0,1.0666666666666667,True,25489.760000000002,1.0,17.214838766282604,12.232142891202654,10.094290364173151,13.18042400721947,65.72935483870968,26454.32000000002,0.8769368749774498,4,2,24.675806537751228,7.460967771468624,24.675806537751228,7.460967771468624,26.78766638437907,9.572827618096465,25.916451731035785,8.701612964753181,0.5681818181818182,0.6,0.75,0.4722222222222222,0.0,0.5258080808080807,medium
2021-04-01,Tuticorin,Coal,19.644666798909505,64.62566666666666,26847.873430924123,0.0,1.0666666666666667,True,0.0,0.0,17.214838766282604,12.232142891202654,10.094290364173151,13.18042400721947,65.72935483870968,0.0,0.0,4,2,24.675806537751228,7.460967771468624,24.675806537751228,7.460967771468624,26.78766638437907,9.572827618096465,25.916451731035785,8.701612964753181,0.5681818181818182,0.6,0.75,0.4722222222222222,0.0,0.5258080808080807,medium
2021-04-01,Tuticorin,Iron Ore,19.644666798909505,64.62566666666666,26847.873430924123,0.0,1.0666666666666667,True,0.0,0.0,17.214838766282604,12.232142891202654,10.094290364173151,13.18042400721947,65.72935483870968,0.0,0.0,4,2,24.675806537751228,7.460967771468624,24.675806537751228,7.460967771468624,26.78766638437907,9.572827618096465,25.916451731035785,8.701612964753181,0.5681818181818182,0.6,0.75,0.4722222222222222,0.0,0.5258080808080807,medium
2021-04-01,Visakhapatnam,Bulk Minerals & Ores,19.644666798909505,64.62566666666666,61729.09451809753,56791.40011020934,4.0,True,25489.760000000002,1.0,17.214838766282604,12.232142891202654,10.094290364173151,13.18042400721947,65.72935483870968,26454.32000000002,0.8769368749774498,4,2,24.675806537751228,7.460967771468624,24.675806537751228,7.460967771468624,26.78766638437907,9.572827618096465,25.916451731035785,8.701612964753181,0.5681818181818182,0.6,0.75,0.9814814814814815,0.0,0.6276599326599326,high
2021-04-01,Visakhapatnam,Coal,19.644666798909505,64.62566666666666,61729.09451809753,56791.40011020934,4.0,True,0.0,0.0,17.214838766282604,12.232142891202654,10.094290364173151,13.18042400721947,65.72935483870968,0.0,0.0,4,2,24.675806537751228,7.460967771468624,24.675806537751228,7.460967771468624,26.78766638437907,9.572827618096465,25.916451731035785,8.701612964753181,0.5681818181818182,0.6,0.75,0.9814814814814815,0.0,0.6276599326599326,high
2021-04-01,Visakhapatnam,Iron Ore,19.644666798909505,64.62566666666666,61729.09451809753,56791.40011020934,4.0,True,0.0,0.0,17.214838766282604,12.232142891202654,10.094290364173151,13.18042400721947,65.72935483870968,0.0,0.0,4,2,24.675806537751228,7.460967771468624,24.675806537751228,7.460967771468624,26.78766638437907,9.572827618096465,25.916451731035785,8.701612964753181,0.5681818181818182,0.6,0.75,0.9814814814814815,0.0,0.6276599326599326,high
2021-05-01,Chennai,Bulk Minerals & Ores,24.675806537751228,68.47741935483872,0.0,0.0,0.3548387096774194,True,25130.99,1.0,19.644666798909505,17.214838766282604,12.232142891202654,16.363882818798256,64.62566666666666,25489.760000000002,0.5247601464148921,5,2,26.78766638437907,7.142999585469564,26.78766638437907,7.142999585469564,25.916451731035785,6.27178493212628,28.450645077613093,8.805978278703588,0.3181818181818182,0.7777777777777778,0.7954545454545454,0.09722222222222222,0.0,0.40568181818181814,low
2021-05-01,Chennai,Coal,24.675806537751228,68.47741935483872,0.0,0.0,0.3548387096774194,True,0.0,0.0,19.644666798909505,17.214838766282604,12.232142891202654,16.363882818798256,64.62566666666666,0.0,0.0,5,2,26.78766638437907,7.142999585469564,26.78766638437907,7.142999585469564,25.916451731035785,6.27178493212628,28.450645077613093,8.805978278703588,0.3181818181818182,0.7777777777777778,0.7954545454545454,0.09722222222222222,0.0,0.40568181818181814,low
2021-05-01,Chennai,Iron Ore,24.675806537751228,68.47741935483872,0.0,0.0,0.3548387096774194,True,0.0,0.0,19.644666798909505,17.214838766282604,12.232142891202654,16.363882818798256,64.62566666666666,0.0,0.0,5,2,26.78766638437907,7.142999585469564,26.78766638437907,7.142999585469564,25.916451731035785,6.27178493212628,28.450645077613093,8.805978278703588,0.3181818181818182,0.7777777777777778,0.7954545454545454,0.09722222222222222,0.0,0.40568181818181814,low
2021-05-01,Dhamra,Bulk Minerals & Ores,24.675806537751228,68.47741935483872,0.0,0.0,0.0,False,25130.99,1.0,19.644666798909505,17.214838766282604,12.232142891202654,16.363882818798256,64.62566666666666,25489.760000000002,0.5247601464148921,5,2,26.78766638437907,7.142999585469564,26.78766638437907,7.142999585469564,25.916451731035785,6.27178493212628,28.450645077613093,8.805978278703588,0.3181818181818182,0.7777777777777778,0.7954545454545454,0.5,1.0,0.5862373737373737,medium
2021-05-01,Dhamra,Coal,24.675806537751228,68.47741935483872,0.0,0.0,0.0,False,0.0,0.0,19.644666798909505,17.214838766282604,12.232142891202654,16.363882818798256,64.62566666666666,0.0,0.0,5,2,26.78766638437907,7.142999585469564,26.78766638437907,7.142999585469564,25.916451731035785,6.27178493212628,28.450645077613093,8.805978278703588,0.3181818181818182,0.7777777777777778,0.7954545454545454,0.5,1.0,0.5862373737373737,medium
2021-05-01,Dhamra,Iron Ore,24.675806537751228,68.47741935483872,0.0,0.0,0.0,False,0.0,0.0,19.644666798909505,17.214838766282604,12.232142891202654,16.363882818798256,64.62566666666666,0.0,0.0,5,2,26.78766638437907,7.142999585469564,26.78766638437907,7.142999585469564,25.916451731035785,6.27178493212628,28.450645077613093,8.805978278703588,0.3181818181818182,0.7777777777777778,0.7954545454545454,0.5,1.0,0.5862373737373737,medium
2021-05-01,Gangavaram,Bulk Minerals & Ores,24.675806537751228,68.47741935483872,0.0,0.0,0.0,False,25130.99,1.0,19.644666798909505,17.214838766282604,12.232142891202654,16.363882818798256,64.62566666666666,25489.760000000002,0.5247601464148921,5,2,26.78766638437907,7.142999585469564,26.78766638437907,7.142999585469564,25.916451731035785,6.27178493212628,28.450645077613093,8.805978278703588,0.3181818181818182,0.7777777777777778,0.7954545454545454,0.5,1.0,0.5862373737373737,medium
2021-05-01,Gangavaram,Coal,24.675806537751228,68.47741935483872,0.0,0.0,0.0,False,0.0,0.0,19.644666798909505,17.214838766282604,12.232142891202654,16.363882818798256,64.62566666666666,0.0,0.0,5,2,26.78766638437907,7.142999585469564,26.78766638437907,7.142999585469564,25.916451731035785,6.27178493212628,28.450645077613093,8.805978278703588,0.3181818181818182,0.7777777777777778,0.7954545454545454,0.5,1.0,0.5862373737373737,medium
2021-05-01,Gangavaram,Iron Ore,24.675806537751228,68.47741935483872,0.0,0.0,0.0,False,0.0,0.0,19.644666798909505,17.214838766282604,12.232142891202654,16.363882818798256,64.62566666666666,0.0,0.0,5,2,26.78766638437907,7.142999585469564,26.78766638437907,7.142999585469564,25.916451731035785,6.27178493212628,28.450645077613093,8.805978278703588,0.3181818181818182,0.7777777777777778,0.7954545454545454,0.5,1.0,0.5862373737373737,medium
2021-05-01,Gopalpur,Bulk Minerals & Ores,24.675806537751228,68.47741935483872,0.0,0.0,0.0,False,25130.99,1.0,19.644666798909505,17.214838766282604,12.232142891202654,16.363882818798256,64.62566666666666,25489.760000000002,0.5247601464148921,5,2,26.78766638437907,7.142999585469564,26.78766638437907,7.142999585469564,25.916451731035785,6.27178493212628,28.450645077613093,8.805978278703588,0.3181818181818182,0.7777777777777778,0.7954545454545454,0.5,1.0,0.5862373737373737,medium
2021-05-01,Gopalpur,Coal,24.675806537751228,68.47741935483872,0.0,0.0,0.0,False,0.0,0.0,19.644666798909505,17.214838766282604,12.232142891202654,16.363882818798256,64.62566666666666,0.0,0.0,5,2,26.78766638437907,7.142999585469564,26.78766638437907,7.142999585469564,25.916451731035785,6.27178493212628,28.450645077613093,8.805978278703588,0.3181818181818182,0.7777777777777778,0.7954545454545454,0.5,1.0,0.5862373737373737,medium
2021-05-01,Gopalpur,Iron Ore,24.675806537751228,68.47741935483872,0.0,0.0,0.0,False,0.0,0.0,19.644666798909505,17.214838766282604,12.232142891202654,16.363882818798256,64.62566666666666,0.0,0.0,5,2,26.78766638437907,7.142999585469564,26.78766638437907,7.142999585469564,25.916451731035785,6.27178493212628,28.450645077613093,8.805978278703588,0.3181818181818182,0.7777777777777778,0.7954545454545454,0.5,1.0,0.5862373737373737,medium
2021-05-01,Haldia,Bulk Minerals & Ores,24.675806537751228,68.47741935483872,26346.57750519822,1702.9563637967817,1.6451612903225807,True,25130.99,1.0,19.644666798909505,17.214838766282604,12.232142891202654,16.363882818798256,64.62566666666666,25489.760000000002,0.5247601464148921,5,2,26.78766638437907,7.142999585469564,26.78766638437907,7.142999585469564,25.916451731035785,6.27178493212628,28.450645077613093,8.805978278703588,0.3181818181818182,0.7777777777777778,0.7954545454545454,0.5370370370370371,0.0,0.49364478114478116,medium
2021-05-01,Haldia,Coal,24.675806537751228,68.47741935483872,26346.57750519822,1702.9563637967817,1.6451612903225807,True,0.0,0.0,19.644666798909505,17.214838766282604,12.232142891202654,16.363882818798256,64.62566666666666,0.0,0.0,5,2,26.78766638437907,7.142999585469564,26.78766638437907,7.142999585469564,25.916451731035785,6.27178493212628,28.450645077613093,8.805978278703588,0.3181818181818182,0.7777777777777778,0.7954545454545454,0.5370370370370371,0.0,0.49364478114478116,medium
2021-05-01,Haldia,Iron Ore,24.675806537751228,68.47741935483872,26346.57750519822,1702.9563637967817,1.6451612903225807,True,0.0,0.0,19.644666798909505,17.214838766282604,12.232142891202654,16.363882818798256,64.62566666666666,0.0,0.0,5,2,26.78766638437907,7.142999585469564,26.78766638437907,7.142999585469564,25.916451731035785,6.27178493212628,28.450645077613093,8.805978278703588,0.3181818181818182,0.7777777777777778,0.7954545454545454,0.5370370370370371,0.0,0.49364478114478116,medium
2021-05-01,Kamarajar,Bulk Minerals & Ores,24.675806537751228,68.47741935483872,28862.562787321232,0.0,0.8709677419354839,True,25130.99,1.0,19.644666798909505,17.214838766282604,12.232142891202654,16.363882818798256,64.62566666666666,25489.760000000002,0.5247601464148921,5,2,26.78766638437907,7.142999585469564,26.78766638437907,7.142999585469564,25.916451731035785,6.27178493212628,28.450645077613093,8.805978278703588,0.3181818181818182,0.7777777777777778,0.7954545454545454,0.3425925925925926,0.0,0.45475589225589225,medium
2021-05-01,Kamarajar,Coal,24.675806537751228,68.47741935483872,28862.562787321232,0.0,0.8709677419354839,True,0.0,0.0,19.644666798909505,17.214838766282604,12.232142891202654,16.363882818798256,64.62566666666666,0.0,0.0,5,2,26.78766638437907,7.142999585469564,26.78766638437907,7.142999585469564,25.916451731035785,6.27178493212628,28.450645077613093,8.805978278703588,0.3181818181818182,0.7777777777777778,0.7954545454545454,0.3425925925925926,0.0,0.45475589225589225,medium
2021-05-01,Kamarajar,Iron Ore,24.675806537751228,68.47741935483872,28862.562787321232,0.0,0.8709677419354839,True,0.0,0.0,19.644666798909505,17.214838766282604,12.232142891202654,16.363882818798256,64.62566666666666,0.0,0.0,5,2,26.78766638437907,7.142999585469564,26.78766638437907,7.142999585469564,25.916451731035785,6.27178493212628,28.450645077613093,8.805978278703588,0.3181818181818182,0.7777777777777778,0.7954545454545454,0.3425925925925926,0.0,0.45475589225589225,medium
2021-05-01,Paradip,Bulk Minerals & Ores,24.675806537751228,68.47741935483872,26084.740644929094,57136.609905214376,3.032258064516129,True,25130.99,1.0,19.644666798909505,17.214838766282604,12.232142891202654,16.363882818798256,64.62566666666666,25489.760000000002,0.5247601464148921,5,2,26.78766638437907,7.142999585469564,26.78766638437907,7.142999585469564,25.916451731035785,6.27178493212628,28.450645077613093,8.805978278703588,0.3181818181818182,0.7777777777777778,0.7954545454545454,0.8611111111111112,0.0,0.5584595959595959,medium
2021-05-01,Paradip,Coal,24.675806537751228,68.47741935483872,26084.740644929094,57136.609905214376,3.032258064516129,True,0.0,0.0,19.644666798909505,17.214838766282604,12.232142891202654,16.363882818798256,64.62566666666666,0.0,0.0,5,2,26.78766638437907,7.142999585469564,26.78766638437907,7.142999585469564,25.916451731035785,6.27178493212628,28.450645077613093,8.805978278703588,0.3181818181818182,0.7777777777777778,0.7954545454545454,0.8611111111111112,0.0,0.5584595959595959,medium
2021-05-01,Paradip,Iron Ore,24.675806537751228,68.47741935483872,26084.740644929094,57136.609905214376,3.032258064516129,True,0.0,0.0,19.644666798909505,17.214838766282604,12.232142891202654,16.363882818798256,64.62566666666666,0.0,0.0,5,2,26.78766638437907,7.142999585469564,26.78766638437907,7.142999585469564,25.916451731035785,6.27178493212628,28.450645077613093,8.805978278703588,0.3181818181818182,0.7777777777777778,0.7954545454545454,0.8611111111111112,0.0,0.5584595959595959,medium
2021-05-01,Sagar Sandheads,Bulk Minerals & Ores,24.675806537751228,68.47741935483872,0.0,0.0,0.0,False,25130.99,1.0,19.644666798909505,17.214838766282604,12.232142891202654,16.363882818798256,64.62566666666666,25489.760000000002,0.5247601464148921,5,2,26.78766638437907,7.142999585469564,26.78766638437907,7.142999585469564,25.916451731035785,6.27178493212628,28.450645077613093,8.805978278703588,0.3181818181818182,0.7777777777777778,0.7954545454545454,0.5,1.0,0.5862373737373737,medium
2021-05-01,Sagar Sandheads,Coal,24.675806537751228,68.47741935483872,0.0,0.0,0.0,False,0.0,0.0,19.644666798909505,17.214838766282604,12.232142891202654,16.363882818798256,64.62566666666666,0.0,0.0,5,2,26.78766638437907,7.142999585469564,26.78766638437907,7.142999585469564,25.916451731035785,6.27178493212628,28.450645077613093,8.805978278703588,0.3181818181818182,0.7777777777777778,0.7954545454545454,0.5,1.0,0.5862373737373737,medium
2021-05-01,Sagar Sandheads,Iron Ore,24.675806537751228,68.47741935483872,0.0,0.0,0.0,False,0.0,0.0,19.644666798909505,17.214838766282604,12.232142891202654,16.363882818798256,64.62566666666666,0.0,0.0,5,2,26.78766638437907,7.142999585469564,26.78766638437907,7.142999585469564,25.916451731035785,6.27178493212628,28.450645077613093,8.805978278703588,0.3181818181818182,0.7777777777777778,0.7954545454545454,0.5,1.0,0.5862373737373737,medium
2021-05-01,Tuticorin,Bulk Minerals & Ores,24.675806537751228,68.47741935483872,10944.23405558951,0.0,0.6129032258064516,True,25130.99,1.0,19.644666798909505,17.214838766282604,12.232142891202654,16.363882818798256,64.62566666666666,25489.760000000002,0.5247601464148921,5,2,26.78766638437907,7.142999585469564,26.78766638437907,7.142999585469564,25.916451731035785,6.27178493212628,28.450645077613093,8.805978278703588,0.3181818181818182,0.7777777777777778,0.7954545454545454,0.20833333333333334,0.0,0.4279040404040404,low
2021-05-01,Tuticorin,Coal,24.675806537751228,68.47741935483872,10944.23405558951,0.0,0.6129032258064516,True,0.0,0.0,19.644666798909505,17.214838766282604,12.232142891202654,16.363882818798256,64.62566666666666,0.0,0.0,5,2,26.78766638437907,7.142999585469564,26.78766638437907,7.142999585469564,25.916451731035785,6.27178493212628,28.450645077613093,8.805978278703588,0.3181818181818182,0.7777777777777778,0.7954545454545454,0.20833333333333334,0.0,0.4279040404040404,low
2021-05-01,Tuticorin,Iron Ore,24.675806537751228,68.47741935483872,10944.23405558951,0.0,0.6129032258064516,True,0.0,0.0,19.644666798909505,17.214838766282604,12.232142891202654,16.363882818798256,64.62566666666666,0.0,0.0,5,2,26.78766638437907,7.142999585469564,26.78766638437907,7.142999585469564,25.916451731035785,6.27178493212628,28.450645077613093,8.805978278703588,0.3181818181818182,0.7777777777777778,0.7954545454545454,0.20833333333333334,0.0,0.4279040404040404,low
2021-05-01,Visakhapatnam,Bulk Minerals & Ores,24.675806537751228,68.47741935483872,83220.06835003638,43026.70153193255,4.064516129032258,True,25130.99,1.0,19.644666798909505,17.214838766282604,12.232142891202654,16.363882818798256,64.62566666666666,25489.760000000002,0.5247601464148921,5,2,26.78766638437907,7.142999585469564,26.78766638437907,7.142999585469564,25.916451731035785,6.27178493212628,28.450645077613093,8.805978278703588,0.3181818181818182,0.7777777777777778,0.7954545454545454,0.9907407407407407,0.0,0.5843855218855218,medium
2021-05-01,Visakhapatnam,Coal,24.675806537751228,68.47741935483872,83220.06835003638,43026.70153193255,4.064516129032258,True,0.0,0.0,19.644666798909505,17.214838766282604,12.232142891202654,16.363882818798256,64.62566666666666,0.0,0.0,5,2,26.78766638437907,7.142999585469564,26.78766638437907,7.142999585469564,25.916451731035785,6.27178493212628,28.450645077613093,8.805978278703588,0.3181818181818182,0.7777777777777778,0.7954545454545454,0.9907407407407407,0.0,0.5843855218855218,medium
2021-05-01,Visakhapatnam,Iron Ore,24.675806537751228,68.47741935483872,83220.06835003638,43026.70153193255,4.064516129032258,True,0.0,0.0,19.644666798909505,17.214838766282604,12.232142891202654,16.363882818798256,64.62566666666666,0.0,0.0,5,2,26.78766638437907,7.142999585469564,26.78766638437907,7.142999585469564,25.916451731035785,6.27178493212628,28.450645077613093,8.805978278703588,0.3181818181818182,0.7777777777777778,0.7954545454545454,0.9907407407407407,0.0,0.5843855218855218,medium
2021-06-01,Chennai,Bulk Minerals & Ores,26.78766638437907,73.18033333333332,0.0,0.0,0.26666666666666666,True,23069.399999999994,1.0,24.675806537751228,19.644666798909505,17.214838766282604,20.511770700981113,68.47741935483872,25130.99,0.7202683002307912,6,2,25.916451731035785,1.240645193284557,25.916451731035785,1.240645193284557,28.450645077613093,3.7748385398618645,30.530333264668783,5.854526726917555,0.7272727272727273,0.37777777777777777,0.6363636363636364,0.037037037037037035,0.0,0.43296296296296294,low
2021-06-01,Chennai,Coal,26.78766638437907,73.18033333333332,0.0,0.0,0.26666666666666666,True,0.0,0.0,24.675806537751228,19.644666798909505,17.214838766282604,20.511770700981113,68.47741935483872,0.0,0.0,6,2,25.916451731035785,1.240645193284557,25.916451731035785,1.240645193284557,28.450645077613093,3.7748385398618645,30.530333264668783,5.854526726917555,0.7272727272727273,0.37777777777777777,0.6363636363636364,0.037037037037037035,0.0,0.43296296296296294,low
2021-06-01,Chennai,Iron Ore,26.78766638437907,73.18033333333332,0.0,0.0,0.26666666666666666,True,0.0,0.0,24.675806537751228,19.644666798909505,17.214838766282604,20.511770700981113,68.47741935483872,0.0,0.0,6,2,25.916451731035785,1.240645193284557,25.916451731035785,1.240645193284557,28.450645077613093,3.7748385398618645,30.530333264668783,5.854526726917555,0.7272727272727273,0.37777777777777777,0.6363636363636364,0.037037037037037035,0.0,0.43296296296296294,low
2021-06-01,Dhamra,Bulk Minerals & Ores,26.78766638437907,73.18033333333332,0.0,0.0,0.0,False,23069.399999999994,1.0,24.675806537751228,19.644666798909505,17.214838766282604,20.511770700981113,68.47741935483872,25130.99,0.7202683002307912,6,2,25.916451731035785,1.240645193284557,25.916451731035785,1.240645193284557,28.450645077613093,3.7748385398618645,30.530333264668783,5.854526726917555,0.7272727272727273,0.37777777777777777,0.6363636363636364,0.5,1.0,0.6255555555555555,high
2021-06-01,Dhamra,Coal,26.78766638437907,73.18033333333332,0.0,0.0,0.0,False,0.0,0.0,24.675806537751228,19.644666798909505,17.214838766282604,20.511770700981113,68.47741935483872,0.0,0.0,6,2,25.916451731035785,1.240645193284557,25.916451731035785,1.240645193284557,28.450645077613093,3.7748385398618645,30.530333264668783,5.854526726917555,0.7272727272727273,0.37777777777777777,0.6363636363636364,0.5,1.0,0.6255555555555555,high
2021-06-01,Dhamra,Iron Ore,26.78766638437907,73.18033333333332,0.0,0.0,0.0,False,0.0,0.0,24.675806537751228,19.644666798909505,17.214838766282604,20.511770700981113,68.47741935483872,0.0,0.0,6,2,25.916451731035785,1.240645193284557,25.916451731035785,1.240645193284557,28.450645077613093,3.7748385398618645,30.530333264668783,5.854526726917555,0.7272727272727273,0.37777777777777777,0.6363636363636364,0.5,1.0,0.6255555555555555,high
2021-06-01,Gangavaram,Bulk Minerals & Ores,26.78766638437907,73.18033333333332,0.0,0.0,0.0,False,23069.399999999994,1.0,24.675806537751228,19.644666798909505,17.214838766282604,20.511770700981113,68.47741935483872,25130.99,0.7202683002307912,6,2,25.916451731035785,1.240645193284557,25.916451731035785,1.240645193284557,28.450645077613093,3.7748385398618645,30.530333264668783,5.854526726917555,0.7272727272727273,0.37777777777777777,0.6363636363636364,0.5,1.0,0.6255555555555555,high
2021-06-01,Gangavaram,Coal,26.78766638437907,73.18033333333332,0.0,0.0,0.0,False,0.0,0.0,24.675806537751228,19.644666798909505,17.214838766282604,20.511770700981113,68.47741935483872,0.0,0.0,6,2,25.916451731035785,1.240645193284557,25.916451731035785,1.240645193284557,28.450645077613093,3.7748385398618645,30.530333264668783,5.854526726917555,0.7272727272727273,0.37777777777777777,0.6363636363636364,0.5,1.0,0.6255555555555555,high
2021-06-01,Gangavaram,Iron Ore,26.78766638437907,73.18033333333332,0.0,0.0,0.0,False,0.0,0.0,24.675806537751228,19.644666798909505,17.214838766282604,20.511770700981113,68.47741935483872,0.0,0.0,6,2,25.916451731035785,1.240645193284557,25.916451731035785,1.240645193284557,28.450645077613093,3.7748385398618645,30.530333264668783,5.854526726917555,0.7272727272727273,0.37777777777777777,0.6363636363636364,0.5,1.0,0.6255555555555555,high
2021-06-01,Gopalpur,Bulk Minerals & Ores,26.78766638437907,73.18033333333332,0.0,0.0,0.0,False,23069.399999999994,1.0,24.675806537751228,19.644666798909505,17.214838766282604,20.511770700981113,68.47741935483872,25130.99,0.7202683002307912,6,2,25.916451731035785,1.240645193284557,25.916451731035785,1.240645193284557,28.450645077613093,3.7748385398618645,30.530333264668783,5.854526726917555,0.7272727272727273,0.37777777777777777,0.6363636363636364,0.5,1.0,0.6255555555555555,high
2021-06-01,Gopalpur,Coal,26.78766638437907,73.18033333333332,0.0,0.0,0.0,False,0.0,0.0,24.675806537751228,19.644666798909505,17.214838766282604,20.511770700981113,68.47741935483872,0.0,0.0,6,2,25.916451731035785,1.240645193284557,25.916451731035785,1.240645193284557,28.450645077613093,3.7748385398618645,30.530333264668783,5.854526726917555,0.7272727272727273,0.37777777777777777,0.6363636363636364,0.5,1.0,0.6255555555555555,high
2021-06-01,Gopalpur,Iron Ore,26.78766638437907,73.18033333333332,0.0,0.0,0.0,False,0.0,0.0,24.675806537751228,19.644666798909505,17.214838766282604,20.511770700981113,68.47741935483872,0.0,0.0,6,2,25.916451731035785,1.240645193284557,25.916451731035785,1.240645193284557,28.450645077613093,3.7748385398618645,30.530333264668783,5.854526726917555,0.7272727272727273,0.37777777777777777,0.6363636363636364,0.5,1.0,0.6255555555555555,high
2021-06-01,Haldia,Bulk Minerals & Ores,26.78766638437907,73.18033333333332,31773.699785105906,1297.8199125194253,1.8333333333333333,True,23069.399999999994,1.0,24.675806537751228,19.644666798909505,17.214838766282604,20.511770700981113,68.47741935483872,25130.99,0.7202683002307912,6,2,25.916451731035785,1.240645193284557,25.916451731035785,1.240645193284557,28.450645077613093,3.7748385398618645,30.530333264668783,5.854526726917555,0.7272727272727273,0.37777777777777777,0.6363636363636364,0.5462962962962963,0.0,0.5348148148148147,medium
2021-06-01,Haldia,Coal,26.78766638437907,73.18033333333332,31773.699785105906,1297.8199125194253,1.8333333333333333,True,0.0,0.0,24.675806537751228,19.644666798909505,17.214838766282604,20.511770700981113,68.47741935483872,0.0,0.0,6,2,25.916451731035785,1.240645193284557,25.916451731035785,1.240645193284557,28.450645077613093,3.7748385398618645,30.530333264668783,5.854526726917555,0.7272727272727273,0.37777777777777777,0.6363636363636364,0.5462962962962963,0.0,0.5348148148148147,medium
2021-06-01,Haldia,Iron Ore,26.78766638437907,73.18033333333332,31773.699785105906,1297.8199125194253,1.8333333333333333,True,0.0,0.0,24.675806537751228,19.644666798909505,17.214838766282604,20.511770700981113,68.47741935483872,0.0,0.0,6,2,25.916451731035785,1.240645193284557,25.916451731035785,1.240645193284557,28.450645077613093,3.7748385398618645,30.530333264668783,5.854526726917555,0.7272727272727273,0.37777777777777777,0.6363636363636364,0.5462962962962963,0.0,0.5348148148148147,medium
2021-06-01,Kamarajar,Bulk Minerals & Ores,26.78766638437907,73.18033333333332,40610.1029845171,0.0,1.0,True,23069.399999999994,1.0,24.675806537751228,19.644666798909505,17.214838766282604,20.511770700981113,68.47741935483872,25130.99,0.7202683002307912,6,2,25.916451731035785,1.240645193284557,25.916451731035785,1.240645193284557,28.450645077613093,3.7748385398618645,30.530333264668783,5.854526726917555,0.7272727272727273,0.37777777777777777,0.6363636363636364,0.4398148148148148,0.0,0.5135185185185185,medium
2021-06-01,Kamarajar,Coal,26.78766638437907,73.18033333333332,40610.1029845171,0.0,1.0,True,0.0,0.0,24.675806537751228,19.644666798909505,17.214838766282604,20.511770700981113,68.47741935483872,0.0,0.0,6,2,25.916451731035785,1.240645193284557,25.916451731035785,1.240645193284557,28.450645077613093,3.7748385398618645,30.530333264668783,5.854526726917555,0.7272727272727273,0.37777777777777777,0.6363636363636364,0.4398148148148148,0.0,0.5135185185185185,medium
2021-06-01,Kamarajar,Iron Ore,26.78766638437907,73.18033333333332,40610.1029845171,0.0,1.0,True,0.0,0.0,24.675806537751228,19.644666798909505,17.214838766282604,20.511770700981113,68.47741935483872,0.0,0.0,6,2,25.916451731035785,1.240645193284557,25.916451731035785,1.240645193284557,28.450645077613093,3.7748385398618645,30.530333264668783,5.854526726917555,0.7272727272727273,0.37777777777777777,0.6363636363636364,0.4398148148148148,0.0,0.5135185185185185,medium
2021-06-01,Paradip,Bulk Minerals & Ores,26.78766638437907,73.18033333333332,31594.089147037943,61910.94126948132,3.3666666666666667,True,23069.399999999994,1.0,24.675806537751228,19.644666798909505,17.214838766282604,20.511770700981113,68.47741935483872,25130.99,0.7202683002307912,6,2,25.916451731035785,1.240645193284557,25.916451731035785,1.240645193284557,28.450645077613093,3.7748385398618645,30.530333264668783,5.854526726917555,0.7272727272727273,0.37777777777777777,0.6363636363636364,0.9212962962962963,0.0,0.6098148148148148,high
2021-06-01,Paradip,Coal,26.78766638437907,73.18033333333332,31594.089147037943,61910.94126948132,3.3666666666666667,True,0.0,0.0,24.675806537751228,19.644666798909505,17.214838766282604,20.511770700981113,68.47741935483872,0.0,0.0,6,2,25.916451731035785,1.240645193284557,25.916451731035785,1.240645193284557,28.450645077613093,3.7748385398618645,30.530333264668783,5.854526726917555,0.7272727272727273,0.37777777777777777,0.6363636363636364,0.9212962962962963,0.0,0.6098148148148148,high
2021-06-01,Paradip,Iron Ore,26.78766638437907,73.18033333333332,31594.089147037943,61910.94126948132,3.3666666666666667,True,0.0,0.0,24.675806537751228,19.644666798909505,17.214838766282604,20.511770700981113,68.47741935483872,0.0,0.0,6,2,25.916451731035785,1.240645193284557,25.916451731035785,1.240645193284557,28.450645077613093,3.7748385398618645,30.530333264668783,5.854526726917555,0.7272727272727273,0.37777777777777777,0.6363636363636364,0.9212962962962963,0.0,0.6098148148148148,high
2021-06-01,Sagar Sandheads,Bulk Minerals & Ores,26.78766638437907,73.18033333333332,0.0,0.0,0.0,False,23069.399999999994,1.0,24.675806537751228,19.644666798909505,17.214838766282604,20.511770700981113,68.47741935483872,25130.99,0.7202683002307912,6,2,25.916451731035785,1.240645193284557,25.916451731035785,1.240645193284557,28.450645077613093,3.7748385398618645,30.530333264668783,5.854526726917555,0.7272727272727273,0.37777777777777777,0.6363636363636364,0.5,1.0,0.6255555555555555,high
2021-06-01,Sagar Sandheads,Coal,26.78766638437907,73.18033333333332,0.0,0.0,0.0,False,0.0,0.0,24.675806537751228,19.644666798909505,17.214838766282604,20.511770700981113,68.47741935483872,0.0,0.0,6,2,25.916451731035785,1.240645193284557,25.916451731035785,1.240645193284557,28.450645077613093,3.7748385398618645,30.530333264668783,5.854526726917555,0.7272727272727273,0.37777777777777777,0.6363636363636364,0.5,1.0,0.6255555555555555,high
2021-06-01,Sagar Sandheads,Iron Ore,26.78766638437907,73.18033333333332,0.0,0.0,0.0,False,0.0,0.0,24.675806537751228,19.644666798909505,17.214838766282604,20.511770700981113,68.47741935483872,0.0,0.0,6,2,25.916451731035785,1.240645193284557,25.916451731035785,1.240645193284557,28.450645077613093,3.7748385398618645,30.530333264668783,5.854526726917555,0.7272727272727273,0.37777777777777777,0.6363636363636364,0.5,1.0,0.6255555555555555,high
2021-06-01,Tuticorin,Bulk Minerals & Ores,26.78766638437907,73.18033333333332,17216.93354062777,0.0,0.6666666666666666,True,23069.399999999994,1.0,24.675806537751228,19.644666798909505,17.214838766282604,20.511770700981113,68.47741935483872,25130.99,0.7202683002307912,6,2,25.916451731035785,1.240645193284557,25.916451731035785,1.240645193284557,28.450645077613093,3.7748385398618645,30.530333264668783,5.854526726917555,0.7272727272727273,0.37777777777777777,0.6363636363636364,0.2222222222222222,0.0,0.47,medium
2021-06-01,Tuticorin,Coal,26.78766638437907,73.18033333333332,17216.93354062777,0.0,0.6666666666666666,True,0.0,0.0,24.675806537751228,19.644666798909505,17.214838766282604,20.511770700981113,68.47741935483872,0.0,0.0,6,2,25.916451731035785,1.240645193284557,25.916451731035785,1.240645193284557,28.450645077613093,3.7748385398618645,30.530333264668783,5.854526726917555,0.7272727272727273,0.37777777777777777,0.6363636363636364,0.2222222222222222,0.0,0.47,medium
2021-06-01,Tuticorin,Iron Ore,26.78766638437907,73.18033333333332,17216.93354062777,0.0,0.6666666666666666,True,0.0,0.0,24.675806537751228,19.644666798909505,17.214838766282604,20.511770700981113,68.47741935483872,0.0,0.0,6,2,25.916451731035785,1.240645193284557,25.916451731035785,1.240645193284557,28.450645077613093,3.7748385398618645,30.530333264668783,5.854526726917555,0.7272727272727273,0.37777777777777777,0.6363636363636364,0.2222222222222222,0.0,0.47,medium
2021-06-01,Visakhapatnam,Bulk Minerals & Ores,26.78766638437907,73.18033333333332,69495.62203377711,48228.96942537683,4.033333333333333,True,23069.399999999994,1.0,24.675806537751228,19.644666798909505,17.214838766282604,20.511770700981113,68.47741935483872,25130.99,0.7202683002307912,6,2,25.916451731035785,1.240645193284557,25.916451731035785,1.240645193284557,28.450645077613093,3.7748385398618645,30.530333264668783,5.854526726917555,0.7272727272727273,0.37777777777777777,0.6363636363636364,0.9861111111111112,0.0,0.6227777777777778,high
2021-06-01,Visakhapatnam,Coal,26.78766638437907,73.18033333333332,69495.62203377711,48228.96942537683,4.033333333333333,True,0.0,0.0,24.675806537751228,19.644666798909505,17.214838766282604,20.511770700981113,68.47741935483872,0.0,0.0,6,2,25.916451731035785,1.240645193284557,25.916451731035785,1.240645193284557,28.450645077613093,3.7748385398618645,30.530333264668783,5.854526726917555,0.7272727272727273,0.37777777777777777,0.6363636363636364,0.9861111111111112,0.0,0.6227777777777778,high
2021-06-01,Visakhapatnam,Iron Ore,26.78766638437907,73.18033333333332,69495.62203377711,48228.96942537683,4.033333333333333,True,0.0,0.0,24.675806537751228,19.644666798909505,17.214838766282604,20.511770700981113,68.47741935483872,0.0,0.0,6,2,25.916451731035785,1.240645193284557,25.916451731035785,1.240645193284557,28.450645077613093,3.7748385398618645,30.530333264668783,5.854526726917555,0.7272727272727273,0.37777777777777777,0.6363636363636364,0.9861111111111112,0.0,0.6227777777777778,high
2021-07-01,Chennai,Bulk Minerals & Ores,25.916451731035785,75.4616129032258,0.0,0.0,0.45161290322580644,True,23303.34,1.0,26.78766638437907,24.675806537751228,19.644666798909505,23.7027132403466,73.18033333333332,23069.399999999994,0.7359564121359485,7,3,28.450645077613093,1.6629786932340238,28.450645077613093,1.6629786932340238,30.530333264668783,3.7426668802897147,35.45193567583638,8.664269291457313,0.18181818181818182,0.15555555555555556,0.06818181818181818,0.12037037037037036,0.0,0.12904882154882155,low
2021-07-01,Chennai,Coal,25.916451731035785,75.4616129032258,0.0,0.0,0.45161290322580644,True,0.0,0.0,26.78766638437907,24.675806537751228,19.644666798909505,23.7027132403466,73.18033333333332,0.0,0.0,7,3,28.450645077613093,1.6629786932340238,28.450645077613093,1.6629786932340238,30.530333264668783,3.7426668802897147,35.45193567583638,8.664269291457313,0.18181818181818182,0.15555555555555556,0.06818181818181818,0.12037037037037036,0.0,0.12904882154882155,low
2021-07-01,Chennai,Iron Ore,25.916451731035785,75.4616129032258,0.0,0.0,0.45161290322580644,True,0.0,0.0,26.78766638437907,24.675806537751228,19.644666798909505,23.7027132403466,73.18033333333332,0.0,0.0,7,3,28.450645077613093,1.6629786932340238,28.450645077613093,1.6629786932340238,30.530333264668783,3.7426668802897147,35.45193567583638,8.664269291457313,0.18181818181818182,0.15555555555555556,0.06818181818181818,0.12037037037037036,0.0,0.12904882154882155,low
2021-07-01,Dhamra,Bulk Minerals & Ores,25.916451731035785,75.4616129032258,0.0,0.0,0.0,False,23303.34,1.0,26.78766638437907,24.675806537751228,19.644666798909505,23.7027132403466,73.18033333333332,23069.399999999994,0.7359564121359485,7,3,28.450645077613093,1.6629786932340238,28.450645077613093,1.6629786932340238,30.530333264668783,3.7426668802897147,35.45193567583638,8.664269291457313,0.18181818181818182,0.15555555555555556,0.06818181818181818,0.5,1.0,0.3049747474747475,low
2021-07-01,Dhamra,Coal,25.916451731035785,75.4616129032258,0.0,0.0,0.0,False,0.0,0.0,26.78766638437907,24.675806537751228,19.644666798909505,23.7027132403466,73.18033333333332,0.0,0.0,7,3,28.450645077613093,1.6629786932340238,28.450645077613093,1.6629786932340238,30.530333264668783,3.7426668802897147,35.45193567583638,8.664269291457313,0.18181818181818182,0.15555555555555556,0.06818181818181818,0.5,1.0,0.3049747474747475,low
2021-07-01,Dhamra,Iron Ore,25.916451731035785,75.4616129032258,0.0,0.0,0.0,False,0.0,0.0,26.78766638437907,24.675806537751228,19.644666798909505,23.7027132403466,73.18033333333332,0.0,0.0,7,3,28.450645077613093,1.6629786932340238,28.450645077613093,1.6629786932340238,30.530333264668783,3.7426668802897147,35.45193567583638,8.664269291457313,0.18181818181818182,0.15555555555555556,0.06818181818181818,0.5,1.0,0.3049747474747475,low
2021-07-01,Gangavaram,Bulk Minerals & Ores,25.916451731035785,75.4616129032258,0.0,0.0,0.0,False,23303.34,1.0,26.78766638437907,24.675806537751228,19.644666798909505,23.7027132403466,73.18033333333332,23069.399999999994,0.7359564121359485,7,3,28.450645077613093,1.6629786932340238,28.450645077613093,1.6629786932340238,30.530333264668783,3.7426668802897147,35.45193567583638,8.664269291457313,0.18181818181818182,0.15555555555555556,0.06818181818181818,0.5,1.0,0.3049747474747475,low
2021-07-01,Gangavaram,Coal,25.916451731035785,75.4616129032258,0.0,0.0,0.0,False,0.0,0.0,26.78766638437907,24.675806537751228,19.644666798909505,23.7027132403466,73.18033333333332,0.0,0.0,7,3,28.450645077613093,1.6629786932340238,28.450645077613093,1.6629786932340238,30.530333264668783,3.7426668802897147,35.45193567583638,8.664269291457313,0.18181818181818182,0.15555555555555556,0.06818181818181818,0.5,1.0,0.3049747474747475,low
2021-07-01,Gangavaram,Iron Ore,25.916451731035785,75.4616129032258,0.0,0.0,0.0,False,0.0,0.0,26.78766638437907,24.675806537751228,19.644666798909505,23.7027132403466,73.18033333333332,0.0,0.0,7,3,28.450645077613093,1.6629786932340238,28.450645077613093,1.6629786932340238,30.530333264668783,3.7426668802897147,35.45193567583638,8.664269291457313,0.18181818181818182,0.15555555555555556,0.06818181818181818,0.5,1.0,0.3049747474747475,low
2021-07-01,Gopalpur,Bulk Minerals & Ores,25.916451731035785,75.4616129032258,0.0,0.0,0.0,False,23303.34,1.0,26.78766638437907,24.675806537751228,19.644666798909505,23.7027132403466,73.18033333333332,23069.399999999994,0.7359564121359485,7,3,28.450645077613093,1.6629786932340238,28.450645077613093,1.6629786932340238,30.530333264668783,3.7426668802897147,35.45193567583638,8.664269291457313,0.18181818181818182,0.15555555555555556,0.06818181818181818,0.5,1.0,0.3049747474747475,low
2021-07-01,Gopalpur,Coal,25.916451731035785,75.4616129032258,0.0,0.0,0.0,False,0.0,0.0,26.78766638437907,24.675806537751228,19.644666798909505,23.7027132403466,73.18033333333332,0.0,0.0,7,3,28.450645077613093,1.6629786932340238,28.450645077613093,1.6629786932340238,30.530333264668783,3.7426668802897147,35.45193567583638,8.664269291457313,0.18181818181818182,0.15555555555555556,0.06818181818181818,0.5,1.0,0.3049747474747475,low
2021-07-01,Gopalpur,Iron Ore,25.916451731035785,75.4616129032258,0.0,0.0,0.0,False,0.0,0.0,26.78766638437907,24.675806537751228,19.644666798909505,23.7027132403466,73.18033333333332,0.0,0.0,7,3,28.450645077613093,1.6629786932340238,28.450645077613093,1.6629786932340238,30.530333264668783,3.7426668802897147,35.45193567583638,8.664269291457313,0.18181818181818182,0.15555555555555556,0.06818181818181818,0.5,1.0,0.3049747474747475,low
2021-07-01,Haldia,Bulk Minerals & Ores,25.916451731035785,75.4616129032258,24503.60014187496,1895.513256850521,1.5806451612903225,True,23303.34,1.0,26.78766638437907,24.675806537751228,19.644666798909505,23.7027132403466,73.18033333333332,23069.399999999994,0.7359564121359485,7,3,28.450645077613093,1.6629786932340238,28.450645077613093,1.6629786932340238,30.530333264668783,3.7426668802897147,35.45193567583638,8.664269291457313,0.18181818181818182,0.15555555555555556,0.06818181818181818,0.5324074074074074,0.0,0.21145622895622895,low
2021-07-01,Haldia,Coal,25.916451731035785,75.4616129032258,24503.60014187496,1895.513256850521,1.5806451612903225,True,0.0,0.0,26.78766638437907,24.675806537751228,19.644666798909505,23.7027132403466,73.18033333333332,0.0,0.0,7,3,28.450645077613093,1.6629786932340238,28.450645077613093,1.6629786932340238,30.530333264668783,3.7426668802897147,35.45193567583638,8.664269291457313,0.18181818181818182,0.15555555555555556,0.06818181818181818,0.5324074074074074,0.0,0.21145622895622895,low
2021-07-01,Haldia,Iron Ore,25.916451731035785,75.4616129032258,24503.60014187496,1895.513256850521,1.5806451612903225,True,0.0,0.0,26.78766638437907,24.675806537751228,19.644666798909505,23.7027132403466,73.18033333333332,0.0,0.0,7,3,28.450645077613093,1.6629786932340238,28.450645077613093,1.6629786932340238,30.530333264668783,3.7426668802897147,35.45193567583638,8.664269291457313,0.18181818181818182,0.15555555555555556,0.06818181818181818,0.5324074074074074,0.0,0.21145622895622895,low
2021-07-01,Kamarajar,Bulk Minerals & Ores,25.916451731035785,75.4616129032258,27142.472090165043,0.0,0.7741935483870968,True,23303.34,1.0,26.78766638437907,24.675806537751228,19.644666798909505,23.7027132403466,73.18033333333332,23069.399999999994,0.7359564121359485,7,3,28.450645077613093,1.6629786932340238,28.450645077613093,1.6629786932340238,30.530333264668783,3.7426668802897147,35.45193567583638,8.664269291457313,0.18181818181818182,0.15555555555555556,0.06818181818181818,0.2824074074074074,0.0,0.16145622895622896,low
2021-07-01,Kamarajar,Coal,25.916451731035785,75.4616129032258,27142.472090165043,0.0,0.7741935483870968,True,0.0,0.0,26.78766638437907,24.675806537751228,19.644666798909505,23.7027132403466,73.18033333333332,0.0,0.0,7,3,28.450645077613093,1.6629786932340238,28.450645077613093,1.6629786932340238,30.530333264668783,3.7426668802897147,35.45193567583638,8.664269291457313,0.18181818181818182,0.15555555555555556,0.06818181818181818,0.2824074074074074,0.0,0.16145622895622896,low
2021-07-01,Kamarajar,Iron Ore,25.916451731035785,75.4616129032258,27142.472090165043,0.0,0.7741935483870968,True,0.0,0.0,26.78766638437907,24.675806537751228,19.644666798909505,23.7027132403466,73.18033333333332,0.0,0.0,7,3,28.450645077613093,1.6629786932340238,28.450645077613093,1.6629786932340238,30.530333264668783,3.7426668802897147,35.45193567583638,8.664269291457313,0.18181818181818182,0.15555555555555556,0.06818181818181818,0.2824074074074074,0.0,0.16145622895622896,low
2021-07-01,Paradip,Bulk Minerals & Ores,25.916451731035785,75.4616129032258,27997.68918936519,45369.46253722883,3.225806451612903,True,23303.34,1.0,26.78766638437907,24.675806537751228,19.644666798909505,23.7027132403466,73.18033333333332,23069.399999999994,0.7359564121359485,7,3,28.450645077613093,1.6629786932340238,28.450645077613093,1.6629786932340238,30.530333264668783,3.7426668802897147,35.45193567583638,8.664269291457313,0.18181818181818182,0.15555555555555556,0.06818181818181818,0.9074074074074074,0.0,0.28645622895622896,low
2021-07-01,Paradip,Coal,25.916451731035785,75.4616129032258,27997.68918936519,45369.46253722883,3.225806451612903,True,0.0,0.0,26.78766638437907,24.675806537751228,19.644666798909505,23.7027132403466,73.18033333333332,0.0,0.0,7,3,28.450645077613093,1.6629786932340238,28.450645077613093,1.6629786932340238,30.530333264668783,3.7426668802897147,35.45193567583638,8.664269291457313,0.18181818181818182,0.15555555555555556,0.06818181818181818,0.9074074074074074,0.0,0.28645622895622896,low
2021-07-01,Paradip,Iron Ore,25.916451731035785,75.4616129032258,27997.68918936519,45369.46253722883,3.225806451612903,True,0.0,0.0,26.78766638437907,24.675806537751228,19.644666798909505,23.7027132403466,73.18033333333332,0.0,0.0,7,3,28.450645077613093,1.6629786932340238,28.450645077613093,1.6629786932340238,30.530333264668783,3.7426668802897147,35.45193567583638,8.664269291457313,0.18181818181818182,0.15555555555555556,0.06818181818181818,0.9074074074074074,0.0,0.28645622895622896,low
2021-07-01,Sagar Sandheads,Bulk Minerals & Ores,25.916451731035785,75.4616129032258,0.0,0.0,0.0,False,23303.34,1.0,26.78766638437907,24.675806537751228,19.644666798909505,23.7027132403466,73.18033333333332,23069.399999999994,0.7359564121359485,7,3,28.450645077613093,1.6629786932340238,28.450645077613093,1.6629786932340238,30.530333264668783,3.7426668802897147,35.45193567583638,8.664269291457313,0.18181818181818182,0.15555555555555556,0.06818181818181818,0.5,1.0,0.3049747474747475,low
2021-07-01,Sagar Sandheads,Coal,25.916451731035785,75.4616129032258,0.0,0.0,0.0,False,0.0,0.0,26.78766638437907,24.675806537751228,19.644666798909505,23.7027132403466,73.18033333333332,0.0,0.0,7,3,28.450645077613093,1.6629786932340238,28.450645077613093,1.6629786932340238,30.530333264668783,3.7426668802897147,35.45193567583638,8.664269291457313,0.18181818181818182,0.15555555555555556,0.06818181818181818,0.5,1.0,0.3049747474747475,low
2021-07-01,Sagar Sandheads,Iron Ore,25.916451731035785,75.4616129032258,0.0,0.0,0.0,False,0.0,0.0,26.78766638437907,24.675806537751228,19.644666798909505,23.7027132403466,73.18033333333332,0.0,0.0,7,3,28.450645077613093,1.6629786932340238,28.450645077613093,1.6629786932340238,30.530333264668783,3.7426668802897147,35.45193567583638,8.664269291457313,0.18181818181818182,0.15555555555555556,0.06818181818181818,0.5,1.0,0.3049747474747475,low
2021-07-01,Tuticorin,Bulk Minerals & Ores,25.916451731035785,75.4616129032258,20597.2777586198,0.0,1.0,True,23303.34,1.0,26.78766638437907,24.675806537751228,19.644666798909505,23.7027132403466,73.18033333333332,23069.399999999994,0.7359564121359485,7,3,28.450645077613093,1.6629786932340238,28.450645077613093,1.6629786932340238,30.530333264668783,3.7426668802897147,35.45193567583638,8.664269291457313,0.18181818181818182,0.15555555555555556,0.06818181818181818,0.4398148148148148,0.0,0.19293771043771044,low
2021-07-01,Tuticorin,Coal,25.916451731035785,75.4616129032258,20597.2777586198,0.0,1.0,True,0.0,0.0,26.78766638437907,24.675806537751228,19.644666798909505,23.7027132403466,73.18033333333332,0.0,0.0,7,3,28.450645077613093,1.6629786932340238,28.450645077613093,1.6629786932340238,30.530333264668783,3.7426668802897147,35.45193567583638,8.664269291457313,0.18181818181818182,0.15555555555555556,0.06818181818181818,0.4398148148148148,0.0,0.19293771043771044,low
2021-07-01,Tuticorin,Iron Ore,25.916451731035785,75.4616129032258,20597.2777586198,0.0,1.0,True,0.0,0.0,26.78766638437907,24.675806537751228,19.644666798909505,23.7027132403466,73.18033333333332,0.0,0.0,7,3,28.450645077613093,1.6629786932340238,28.450645077613093,1.6629786932340238,30.530333264668783,3.7426668802897147,35.45193567583638,8.664269291457313,0.18181818181818182,0.15555555555555556,0.06818181818181818,0.4398148148148148,0.0,0.19293771043771044,low
2021-07-01,Visakhapatnam,Bulk Minerals & Ores,25.916451731035785,75.4616129032258,68359.9392964193,43921.98356324277,3.7419354838709675,True,23303.34,1.0,26.78766638437907,24.675806537751228,19.644666798909505,23.7027132403466,73.18033333333332,23069.399999999994,0.7359564121359485,7,3,28.450645077613093,1.6629786932340238,28.450645077613093,1.6629786932340238,30.530333264668783,3.7426668802897147,35.45193567583638,8.664269291457313,0.18181818181818182,0.15555555555555556,0.06818181818181818,0.9537037037037037,0.0,0.2957154882154882,low
2021-07-01,Visakhapatnam,Coal,25.916451731035785,75.4616129032258,68359.9392964193,43921.98356324277,3.7419354838709675,True,0.0,0.0,26.78766638437907,24.675806537751228,19.644666798909505,23.7027132403466,73.18033333333332,0.0,0.0,7,3,28.450645077613093,1.6629786932340238,28.450645077613093,1.6629786932340238,30.530333264668783,3.7426668802897147,35.45193567583638,8.664269291457313,0.18181818181818182,0.15555555555555556,0.06818181818181818,0.9537037037037037,0.0,0.2957154882154882,low
2021-07-01,Visakhapatnam,Iron Ore,25.916451731035785,75.4616129032258,68359.9392964193,43921.98356324277,3.7419354838709675,True,0.0,0.0,26.78766638437907,24.675806537751228,19.644666798909505,23.7027132403466,73.18033333333332,0.0,0.0,7,3,28.450645077613093,1.6629786932340238,28.450645077613093,1.6629786932340238,30.530333264668783,3.7426668802897147,35.45193567583638,8.664269291457313,0.18181818181818182,0.15555555555555556,0.06818181818181818,0.9537037037037037,0.0,0.2957154882154882,low
2021-08-01,Chennai,Bulk Minerals & Ores,28.450645077613093,70.80806451612904,0.0,0.0,0.3870967741935484,True,22835.37000000001,1.0,25.916451731035785,26.78766638437907,24.675806537751228,25.79330821772203,75.4616129032258,23303.34,0.6677124847454436,8,3,30.530333264668783,4.613881533632998,30.530333264668783,4.613881533632998,35.45193567583638,9.535483944800596,23.635999806722005,-2.2804519243137804,0.1590909090909091,0.4888888888888889,0.2727272727272727,0.10648148148148148,0.0,0.21566498316498317,low
2021-08-01,Chennai,Coal,28.450645077613093,70.80806451612904,0.0,0.0,0.3870967741935484,True,0.0,0.0,25.916451731035785,26.78766638437907,24.675806537751228,25.79330821772203,75.4616129032258,0.0,0.0,8,3,30.530333264668783,4.613881533632998,30.530333264668783,4.613881533632998,35.45193567583638,9.535483944800596,23.635999806722005,-2.2804519243137804,0.1590909090909091,0.4888888888888889,0.2727272727272727,0.10648148148148148,0.0,0.21566498316498317,low
2021-08-01,Chennai,Iron Ore,28.450645077613093,70.80806451612904,0.0,0.0,0.3870967741935484,True,0.0,0.0,25.916451731035785,26.78766638437907,24.675806537751228,25.79330821772203,75.4616129032258,0.0,0.0,8,3,30.530333264668783,4.613881533632998,30.530333264668783,4.613881533632998,35.45193567583638,9.535483944800596,23.635999806722005,-2.2804519243137804,0.1590909090909091,0.4888888888888889,0.2727272727272727,0.10648148148148148,0.0,0.21566498316498317,low
2021-08-01,Dhamra,Bulk Minerals & Ores,28.450645077613093,70.80806451612904,0.0,0.0,0.0,False,22835.37000000001,1.0,25.916451731035785,26.78766638437907,24.675806537751228,25.79330821772203,75.4616129032258,23303.34,0.6677124847454436,8,3,30.530333264668783,4.613881533632998,30.530333264668783,4.613881533632998,35.45193567583638,9.535483944800596,23.635999806722005,-2.2804519243137804,0.1590909090909091,0.4888888888888889,0.2727272727272727,0.5,1.0,0.39436868686868687,low
2021-08-01,Dhamra,Coal,28.450645077613093,70.80806451612904,0.0,0.0,0.0,False,0.0,0.0,25.916451731035785,26.78766638437907,24.675806537751228,25.79330821772203,75.4616129032258,0.0,0.0,8,3,30.530333264668783,4.613881533632998,30.530333264668783,4.613881533632998,35.45193567583638,9.535483944800596,23.635999806722005,-2.2804519243137804,0.1590909090909091,0.4888888888888889,0.2727272727272727,0.5,1.0,0.39436868686868687,low
2021-08-01,Dhamra,Iron Ore,28.450645077613093,70.80806451612904,0.0,0.0,0.0,False,0.0,0.0,25.916451731035785,26.78766638437907,24.675806537751228,25.79330821772203,75.4616129032258,0.0,0.0,8,3,30.530333264668783,4.613881533632998,30.530333264668783,4.613881533632998,35.45193567583638,9.535483944800596,23.635999806722005,-2.2804519243137804,0.1590909090909091,0.4888888888888889,0.2727272727272727,0.5,1.0,0.39436868686868687,low
2021-08-01,Gangavaram,Bulk Minerals & Ores,28.450645077613093,70.80806451612904,0.0,0.0,0.0,False,22835.37000000001,1.0,25.916451731035785,26.78766638437907,24.675806537751228,25.79330821772203,75.4616129032258,23303.34,0.6677124847454436,8,3,30.530333264668783,4.613881533632998,30.530333264668783,4.613881533632998,35.45193567583638,9.535483944800596,23.635999806722005,-2.2804519243137804,0.1590909090909091,0.4888888888888889,0.2727272727272727,0.5,1.0,0.39436868686868687,low
2021-08-01,Gangavaram,Coal,28.450645077613093,70.80806451612904,0.0,0.0,0.0,False,0.0,0.0,25.916451731035785,26.78766638437907,24.675806537751228,25.79330821772203,75.4616129032258,0.0,0.0,8,3,30.530333264668783,4.613881533632998,30.530333264668783,4.613881533632998,35.45193567583638,9.535483944800596,23.635999806722005,-2.2804519243137804,0.1590909090909091,0.4888888888888889,0.2727272727272727,0.5,1.0,0.39436868686868687,low
2021-08-01,Gangavaram,Iron Ore,28.450645077613093,70.80806451612904,0.0,0.0,0.0,False,0.0,0.0,25.916451731035785,26.78766638437907,24.675806537751228,25.79330821772203,75.4616129032258,0.0,0.0,8,3,30.530333264668783,4.613881533632998,30.530333264668783,4.613881533632998,35.45193567583638,9.535483944800596,23.635999806722005,-2.2804519243137804,0.1590909090909091,0.4888888888888889,0.2727272727272727,0.5,1.0,0.39436868686868687,low
2021-08-01,Gopalpur,Bulk Minerals & Ores,28.450645077613093,70.80806451612904,0.0,0.0,0.0,False,22835.37000000001,1.0,25.916451731035785,26.78766638437907,24.675806537751228,25.79330821772203,75.4616129032258,23303.34,0.6677124847454436,8,3,30.530333264668783,4.613881533632998,30.530333264668783,4.613881533632998,35.45193567583638,9.535483944800596,23.635999806722005,-2.2804519243137804,0.1590909090909091,0.4888888888888889,0.2727272727272727,0.5,1.0,0.39436868686868687,low
2021-08-01,Gopalpur,Coal,28.450645077613093,70.80806451612904,0.0,0.0,0.0,False,0.0,0.0,25.916451731035785,26.78766638437907,24.675806537751228,25.79330821772203,75.4616129032258,0.0,0.0,8,3,30.530333264668783,4.613881533632998,30.530333264668783,4.613881533632998,35.45193567583638,9.535483944800596,23.635999806722005,-2.2804519243137804,0.1590909090909091,0.4888888888888889,0.2727272727272727,0.5,1.0,0.39436868686868687,low
2021-08-01,Gopalpur,Iron Ore,28.450645077613093,70.80806451612904,0.0,0.0,0.0,False,0.0,0.0,25.916451731035785,26.78766638437907,24.675806537751228,25.79330821772203,75.4616129032258,0.0,0.0,8,3,30.530333264668783,4.613881533632998,30.530333264668783,4.613881533632998,35.45193567583638,9.535483944800596,23.635999806722005,-2.2804519243137804,0.1590909090909091,0.4888888888888889,0.2727272727272727,0.5,1.0,0.39436868686868687,low
2021-08-01,Haldia,Bulk Minerals & Ores,28.450645077613093,70.80806451612904,22480.733389091576,549.8562127189922,1.4838709677419355,True,22835.37000000001,1.0,25.916451731035785,26.78766638437907,24.675806537751228,25.79330821772203,75.4616129032258,23303.34,0.6677124847454436,8,3,30.530333264668783,4.613881533632998,30.530333264668783,4.613881533632998,35.45193567583638,9.535483944800596,23.635999806722005,-2.2804519243137804,0.1590909090909091,0.4888888888888889,0.2727272727272727,0.5185185185185185,0.0,0.29807239057239054,low
2021-08-01,Haldia,Coal,28.450645077613093,70.80806451612904,22480.733389091576,549.8562127189922,1.4838709677419355,True,0.0,0.0,25.916451731035785,26.78766638437907,24.675806537751228,25.79330821772203,75.4616129032258,0.0,0.0,8,3,30.530333264668783,4.613881533632998,30.530333264668783,4.613881533632998,35.45193567583638,9.535483944800596,23.635999806722005,-2.2804519243137804,0.1590909090909091,0.4888888888888889,0.2727272727272727,0.5185185185185185,0.0,0.29807239057239054,low
2021-08-01,Haldia,Iron Ore,28.450645077613093,70.80806451612904,22480.733389091576,549.8562127189922,1.4838709677419355,True,0.0,0.0,25.916451731035785,26.78766638437907,24.675806537751228,25.79330821772203,75.4616129032258,0.0,0.0,8,3,30.530333264668783,4.613881533632998,30.530333264668783,4.613881533632998,35.45193567583638,9.535483944800596,23.635999806722005,-2.2804519243137804,0.1590909090909091,0.4888888888888889,0.2727272727272727,0.5185185185185185,0.0,0.29807239057239054,low
2021-08-01,Kamarajar,Bulk Minerals & Ores,28.450645077613093,70.80806451612904,30059.602344272418,0.0,0.9354838709677419,True,22835.37000000001,1.0,25.916451731035785,26.78766638437907,24.675806537751228,25.79330821772203,75.4616129032258,23303.34,0.6677124847454436,8,3,30.530333264668783,4.613881533632998,30.530333264668783,4.613881533632998,35.45193567583638,9.535483944800596,23.635999806722005,-2.2804519243137804,0.1590909090909091,0.4888888888888889,0.2727272727272727,0.38425925925925924,0.0,0.2712205387205387,low
2021-08-01,Kamarajar,Coal,28.450645077613093,70.80806451612904,30059.602344272418,0.0,0.9354838709677419,True,0.0,0.0,25.916451731035785,26.78766638437907,24.675806537751228,25.79330821772203,75.4616129032258,0.0,0.0,8,3,30.530333264668783,4.613881533632998,30.530333264668783,4.613881533632998,35.45193567583638,9.535483944800596,23.635999806722005,-2.2804519243137804,0.1590909090909091,0.4888888888888889,0.2727272727272727,0.38425925925925924,0.0,0.2712205387205387,low
2021-08-01,Kamarajar,Iron Ore,28.450645077613093,70.80806451612904,30059.602344272418,0.0,0.9354838709677419,True,0.0,0.0,25.916451731035785,26.78766638437907,24.675806537751228,25.79330821772203,75.4616129032258,0.0,0.0,8,3,30.530333264668783,4.613881533632998,30.530333264668783,4.613881533632998,35.45193567583638,9.535483944800596,23.635999806722005,-2.2804519243137804,0.1590909090909091,0.4888888888888889,0.2727272727272727,0.38425925925925924,0.0,0.2712205387205387,low
2021-08-01,Paradip,Bulk Minerals & Ores,28.450645077613093,70.80806451612904,33672.06038763941,38488.45789814127,2.5806451612903225,True,22835.37000000001,1.0,25.916451731035785,26.78766638437907,24.675806537751228,25.79330821772203,75.4616129032258,23303.34,0.6677124847454436,8,3,30.530333264668783,4.613881533632998,30.530333264668783,4.613881533632998,35.45193567583638,9.535483944800596,23.635999806722005,-2.2804519243137804,0.1590909090909091,0.4888888888888889,0.2727272727272727,0.7407407407407407,0.0,0.342516835016835,low
2021-08-01,Paradip,Coal,28.450645077613093,70.80806451612904,33672.06038763941,38488.45789814127,2.5806451612903225,True,0.0,0.0,25.916451731035785,26.78766638437907,24.675806537751228,25.79330821772203,75.4616129032258,0.0,0.0,8,3,30.530333264668783,4.613881533632998,30.530333264668783,4.613881533632998,35.45193567583638,9.535483944800596,23.635999806722005,-2.2804519243137804,0.1590909090909091,0.4888888888888889,0.2727272727272727,0.7407407407407407,0.0,0.342516835016835,low
2021-08-01,Paradip,Iron Ore,28.450645077613093,70.80806451612904,33672.06038763941,38488.45789814127,2.5806451612903225,True,0.0,0.0,25.916451731035785,26.78766638437907,24.675806537751228,25.79330821772203,75.4616129032258,0.0,0.0,8,3,30.530333264668783,4.613881533632998,30.530333264668783,4.613881533632998,35.45193567583638,9.535483944800596,23.635999806722005,-2.2804519243137804,0.1590909090909091,0.4888888888888889,0.2727272727272727,0.7407407407407407,0.0,0.342516835016835,low
2021-08-01,Sagar Sandheads,Bulk Minerals & Ores,28.450645077613093,70.80806451612904,0.0,0.0,0.0,False,22835.37000000001,1.0,25.916451731035785,26.78766638437907,24.675806537751228,25.79330821772203,75.4616129032258,23303.34,0.6677124847454436,8,3,30.530333264668783,4.613881533632998,30.530333264668783,4.613881533632998,35.45193567583638,9.535483944800596,23.635999806722005,-2.2804519243137804,0.1590909090909091,0.4888888888888889,0.2727272727272727,0.5,1.0,0.39436868686868687,low
2021-08-01,Sagar Sandheads,Coal,28.450645077613093,70.80806451612904,0.0,0.0,0.0,False,0.0,0.0,25.916451731035785,26.78766638437907,24.675806537751228,25.79330821772203,75.4616129032258,0.0,0.0,8,3,30.530333264668783,4.613881533632998,30.530333264668783,4.613881533632998,35.45193567583638,9.535483944800596,23.635999806722005,-2.2804519243137804,0.1590909090909091,0.4888888888888889,0.2727272727272727,0.5,1.0,0.39436868686868687,low
2021-08-01,Sagar Sandheads,Iron Ore,28.450645077613093,70.80806451612904,0.0,0.0,0.0,False,0.0,0.0,25.916451731035785,26.78766638437907,24.675806537751228,25.79330821772203,75.4616129032258,0.0,0.0,8,3,30.530333264668783,4.613881533632998,30.530333264668783,4.613881533632998,35.45193567583638,9.535483944800596,23.635999806722005,-2.2804519243137804,0.1590909090909091,0.4888888888888889,0.2727272727272727,0.5,1.0,0.39436868686868687,low
2021-08-01,Tuticorin,Bulk Minerals & Ores,28.450645077613093,70.80806451612904,29699.13289500252,0.0,1.1290322580645162,True,22835.37000000001,1.0,25.916451731035785,26.78766638437907,24.675806537751228,25.79330821772203,75.4616129032258,23303.34,0.6677124847454436,8,3,30.530333264668783,4.613881533632998,30.530333264668783,4.613881533632998,35.45193567583638,9.535483944800596,23.635999806722005,-2.2804519243137804,0.1590909090909091,0.4888888888888889,0.2727272727272727,0.49074074074074076,0.0,0.292516835016835,low
2021-08-01,Tuticorin,Coal,28.450645077613093,70.80806451612904,29699.13289500252,0.0,1.1290322580645162,True,0.0,0.0,25.916451731035785,26.78766638437907,24.675806537751228,25.79330821772203,75.4616129032258,0.0,0.0,8,3,30.530333264668783,4.613881533632998,30.530333264668783,4.613881533632998,35.45193567583638,9.535483944800596,23.635999806722005,-2.2804519243137804,0.1590909090909091,0.4888888888888889,0.2727272727272727,0.49074074074074076,0.0,0.292516835016835,low
2021-08-01,Tuticorin,Iron Ore,28.450645077613093,70.80806451612904,29699.13289500252,0.0,1.1290322580645162,True,0.0,0.0,25.916451731035785,26.78766638437907,24.675806537751228,25.79330821772203,75.4616129032258,0.0,0.0,8,3,30.530333264668783,4.613881533632998,30.530333264668783,4.613881533632998,35.45193567583638,9.535483944800596,23.635999806722005,-2.2804519243137804,0.1590909090909091,0.4888888888888889,0.2727272727272727,0.49074074074074076,0.0,0.292516835016835,low
2021-08-01,Visakhapatnam,Bulk Minerals & Ores,28.450645077613093,70.80806451612904,47168.764587061436,36373.40081167687,3.096774193548387,True,22835.37000000001,1.0,25.916451731035785,26.78766638437907,24.675806537751228,25.79330821772203,75.4616129032258,23303.34,0.6677124847454436,8,3,30.530333264668783,4.613881533632998,30.530333264668783,4.613881533632998,35.45193567583638,9.535483944800596,23.635999806722005,-2.2804519243137804,0.1590909090909091,0.4888888888888889,0.2727272727272727,0.8703703703703703,0.0,0.36844276094276096,low
2021-08-01,Visakhapatnam,Coal,28.450645077613093,70.80806451612904,47168.764587061436,36373.40081167687,3.096774193548387,True,0.0,0.0,25.916451731035785,26.78766638437907,24.675806537751228,25.79330821772203,75.4616129032258,0.0,0.0,8,3,30.530333264668783,4.613881533632998,30.530333264668783,4.613881533632998,35.45193567583638,9.535483944800596,23.635999806722005,-2.2804519243137804,0.1590909090909091,0.4888888888888889,0.2727272727272727,0.8703703703703703,0.0,0.36844276094276096,low
2021-08-01,Visakhapatnam,Iron Ore,28.450645077613093,70.80806451612904,47168.764587061436,36373.40081167687,3.096774193548387,True,0.0,0.0,25.916451731035785,26.78766638437907,24.675806537751228,25.79330821772203,75.4616129032258,0.0,0.0,8,3,30.530333264668783,4.613881533632998,30.530333264668783,4.613881533632998,35.45193567583638,9.535483944800596,23.635999806722005,-2.2804519243137804,0.1590909090909091,0.4888888888888889,0.2727272727272727,0.8703703703703703,0.0,0.36844276094276096,low
2021-09-01,Chennai,Bulk Minerals & Ores,30.530333264668783,74.463,0.0,0.0,0.5,True,24763.379999999994,1.0,28.450645077613093,25.916451731035785,26.78766638437907,27.051587731009317,70.80806451612904,22835.37000000001,0.5230886186192463,9,3,35.45193567583638,7.001290598223289,35.45193567583638,7.001290598223289,23.635999806722005,-4.814645270891088,27.173226018105783,-1.2774190595073094,0.09090909090909091,0.28888888888888886,0.4318181818181818,0.1574074074074074,0.0,0.18585016835016838,low
2021-09-01,Chennai,Coal,30.530333264668783,74.463,0.0,0.0,0.5,True,0.0,0.0,28.450645077613093,25.916451731035785,26.78766638437907,27.051587731009317,70.80806451612904,0.0,0.0,9,3,35.45193567583638,7.001290598223289,35.45193567583638,7.001290598223289,23.635999806722005,-4.814645270891088,27.173226018105783,-1.2774190595073094,0.09090909090909091,0.28888888888888886,0.4318181818181818,0.1574074074074074,0.0,0.18585016835016838,low
2021-09-01,Chennai,Iron Ore,30.530333264668783,74.463,0.0,0.0,0.5,True,0.0,0.0,28.450645077613093,25.916451731035785,26.78766638437907,27.051587731009317,70.80806451612904,0.0,0.0,9,3,35.45193567583638,7.001290598223289,35.45193567583638,7.001290598223289,23.635999806722005,-4.814645270891088,27.173226018105783,-1.2774190595073094,0.09090909090909091,0.28888888888888886,0.4318181818181818,0.1574074074074074,0.0,0.18585016835016838,low
2021-09-01,Dhamra,Bulk Minerals & Ores,30.530333264668783,74.463,0.0,0.0,0.0,False,24763.379999999994,1.0,28.450645077613093,25.916451731035785,26.78766638437907,27.051587731009317,70.80806451612904,22835.37000000001,0.5230886186192463,9,3,35.45193567583638,7.001290598223289,35.45193567583638,7.001290598223289,23.635999806722005,-4.814645270891088,27.173226018105783,-1.2774190595073094,0.09090909090909091,0.28888888888888886,0.4318181818181818,0.5,1.0,0.35436868686868683,low
2021-09-01,Dhamra,Coal,30.530333264668783,74.463,0.0,0.0,0.0,False,0.0,0.0,28.450645077613093,25.916451731035785,26.78766638437907,27.051587731009317,70.80806451612904,0.0,0.0,9,3,35.45193567583638,7.001290598223289,35.45193567583638,7.001290598223289,23.635999806722005,-4.814645270891088,27.173226018105783,-1.2774190595073094,0.09090909090909091,0.28888888888888886,0.4318181818181818,0.5,1.0,0.35436868686868683,low
2021-09-01,Dhamra,Iron Ore,30.530333264668783,74.463,0.0,0.0,0.0,False,0.0,0.0,28.450645077613093,25.916451731035785,26.78766638437907,27.051587731009317,70.80806451612904,0.0,0.0,9,3,35.45193567583638,7.001290598223289,35.45193567583638,7.001290598223289,23.635999806722005,-4.814645270891088,27.173226018105783,-1.2774190595073094,0.09090909090909091,0.28888888888888886,0.4318181818181818,0.5,1.0,0.35436868686868683,low
2021-09-01,Gangavaram,Bulk Minerals & Ores,30.530333264668783,74.463,0.0,0.0,0.0,False,24763.379999999994,1.0,28.450645077613093,25.916451731035785,26.78766638437907,27.051587731009317,70.80806451612904,22835.37000000001,0.5230886186192463,9,3,35.45193567583638,7.001290598223289,35.45193567583638,7.001290598223289,23.635999806722005,-4.814645270891088,27.173226018105783,-1.2774190595073094,0.09090909090909091,0.28888888888888886,0.4318181818181818,0.5,1.0,0.35436868686868683,low
2021-09-01,Gangavaram,Coal,30.530333264668783,74.463,0.0,0.0,0.0,False,0.0,0.0,28.450645077613093,25.916451731035785,26.78766638437907,27.051587731009317,70.80806451612904,0.0,0.0,9,3,35.45193567583638,7.001290598223289,35.45193567583638,7.001290598223289,23.635999806722005,-4.814645270891088,27.173226018105783,-1.2774190595073094,0.09090909090909091,0.28888888888888886,0.4318181818181818,0.5,1.0,0.35436868686868683,low
2021-09-01,Gangavaram,Iron Ore,30.530333264668783,74.463,0.0,0.0,0.0,False,0.0,0.0,28.450645077613093,25.916451731035785,26.78766638437907,27.051587731009317,70.80806451612904,0.0,0.0,9,3,35.45193567583638,7.001290598223289,35.45193567583638,7.001290598223289,23.635999806722005,-4.814645270891088,27.173226018105783,-1.2774190595073094,0.09090909090909091,0.28888888888888886,0.4318181818181818,0.5,1.0,0.35436868686868683,low
2021-09-01,Gopalpur,Bulk Minerals & Ores,30.530333264668783,74.463,0.0,0.0,0.0,False,24763.379999999994,1.0,28.450645077613093,25.916451731035785,26.78766638437907,27.051587731009317,70.80806451612904,22835.37000000001,0.5230886186192463,9,3,35.45193567583638,7.001290598223289,35.45193567583638,7.001290598223289,23.635999806722005,-4.814645270891088,27.173226018105783,-1.2774190595073094,0.09090909090909091,0.28888888888888886,0.4318181818181818,0.5,1.0,0.35436868686868683,low
2021-09-01,Gopalpur,Coal,30.530333264668783,74.463,0.0,0.0,0.0,False,0.0,0.0,28.450645077613093,25.916451731035785,26.78766638437907,27.051587731009317,70.80806451612904,0.0,0.0,9,3,35.45193567583638,7.001290598223289,35.45193567583638,7.001290598223289,23.635999806722005,-4.814645270891088,27.173226018105783,-1.2774190595073094,0.09090909090909091,0.28888888888888886,0.4318181818181818,0.5,1.0,0.35436868686868683,low
2021-09-01,Gopalpur,Iron Ore,30.530333264668783,74.463,0.0,0.0,0.0,False,0.0,0.0,28.450645077613093,25.916451731035785,26.78766638437907,27.051587731009317,70.80806451612904,0.0,0.0,9,3,35.45193567583638,7.001290598223289,35.45193567583638,7.001290598223289,23.635999806722005,-4.814645270891088,27.173226018105783,-1.2774190595073094,0.09090909090909091,0.28888888888888886,0.4318181818181818,0.5,1.0,0.35436868686868683,low
2021-09-01,Haldia,Bulk Minerals & Ores,30.530333264668783,74.463,22659.691498044343,2446.9475260703125,1.8666666666666667,True,24763.379999999994,1.0,28.450645077613093,25.916451731035785,26.78766638437907,27.051587731009317,70.80806451612904,22835.37000000001,0.5230886186192463,9,3,35.45193567583638,7.001290598223289,35.45193567583638,7.001290598223289,23.635999806722005,-4.814645270891088,27.173226018105783,-1.2774190595073094,0.09090909090909091,0.28888888888888886,0.4318181818181818,0.5509259259259259,0.0,0.26455387205387204,low
2021-09-01,Haldia,Coal,30.530333264668783,74.463,22659.691498044343,2446.9475260703125,1.8666666666666667,True,0.0,0.0,28.450645077613093,25.916451731035785,26.78766638437907,27.051587731009317,70.80806451612904,0.0,0.0,9,3,35.45193567583638,7.001290598223289,35.45193567583638,7.001290598223289,23.635999806722005,-4.814645270891088,27.173226018105783,-1.2774190595073094,0.09090909090909091,0.28888888888888886,0.4318181818181818,0.5509259259259259,0.0,0.26455387205387204,low
2021-09-01,Haldia,Iron Ore,30.530333264668783,74.463,22659.691498044343,2446.9475260703125,1.8666666666666667,True,0.0,0.0,28.450645077613093,25.916451731035785,26.78766638437907,27.051587731009317,70.80806451612904,0.0,0.0,9,3,35.45193567583638,7.001290598223289,35.45193567583638,7.001290598223289,23.635999806722005,-4.814645270891088,27.173226018105783,-1.2774190595073094,0.09090909090909091,0.28888888888888886,0.4318181818181818,0.5509259259259259,0.0,0.26455387205387204,low
2021-09-01,Kamarajar,Bulk Minerals & Ores,30.530333264668783,74.463,29543.898813037787,0.0,0.7666666666666667,True,24763.379999999994,1.0,28.450645077613093,25.916451731035785,26.78766638437907,27.051587731009317,70.80806451612904,22835.37000000001,0.5230886186192463,9,3,35.45193567583638,7.001290598223289,35.45193567583638,7.001290598223289,23.635999806722005,-4.814645270891088,27.173226018105783,-1.2774190595073094,0.09090909090909091,0.28888888888888886,0.4318181818181818,0.27314814814814814,0.0,0.20899831649831652,low
2021-09-01,Kamarajar,Coal,30.530333264668783,74.463,29543.898813037787,0.0,0.7666666666666667,True,0.0,0.0,28.450645077613093,25.916451731035785,26.78766638437907,27.051587731009317,70.80806451612904,0.0,0.0,9,3,35.45193567583638,7.001290598223289,35.45193567583638,7.001290598223289,23.635999806722005,-4.814645270891088,27.173226018105783,-1.2774190595073094,0.09090909090909091,0.28888888888888886,0.4318181818181818,0.27314814814814814,0.0,0.20899831649831652,low
2021-09-01,Kamarajar,Iron Ore,30.530333264668783,74.463,29543.898813037787,0.0,0.7666666666666667,True,0.0,0.0,28.450645077613093,25.916451731035785,26.78766638437907,27.051587731009317,70.80806451612904,0.0,0.0,9,3,35.45193567583638,7.001290598223289,35.45193567583638,7.001290598223289,23.635999806722005,-4.814645270891088,27.173226018105783,-1.2774190595073094,0.09090909090909091,0.28888888888888886,0.4318181818181818,0.27314814814814814,0.0,0.20899831649831652,low
2021-09-01,Paradip,Bulk Minerals & Ores,30.530333264668783,74.463,26907.278505296268,28258.022917052356,2.1666666666666665,True,24763.379999999994,1.0,28.450645077613093,25.916451731035785,26.78766638437907,27.051587731009317,70.80806451612904,22835.37000000001,0.5230886186192463,9,3,35.45193567583638,7.001290598223289,35.45193567583638,7.001290598223289,23.635999806722005,-4.814645270891088,27.173226018105783,-1.2774190595073094,0.09090909090909091,0.28888888888888886,0.4318181818181818,0.6157407407407407,0.0,0.277516835016835,low
2021-09-01,Paradip,Coal,30.530333264668783,74.463,26907.278505296268,28258.022917052356,2.1666666666666665,True,0.0,0.0,28.450645077613093,25.916451731035785,26.78766638437907,27.051587731009317,70.80806451612904,0.0,0.0,9,3,35.45193567583638,7.001290598223289,35.45193567583638,7.001290598223289,23.635999806722005,-4.814645270891088,27.173226018105783,-1.2774190595073094,0.09090909090909091,0.28888888888888886,0.4318181818181818,0.6157407407407407,0.0,0.277516835016835,low
2021-09-01,Paradip,Iron Ore,30.530333264668783,74.463,26907.278505296268,28258.022917052356,2.1666666666666665,True,0.0,0.0,28.450645077613093,25.916451731035785,26.78766638437907,27.051587731009317,70.80806451612904,0.0,0.0,9,3,35.45193567583638,7.001290598223289,35.45193567583638,7.001290598223289,23.635999806722005,-4.814645270891088,27.173226018105783,-1.2774190595073094,0.09090909090909091,0.28888888888888886,0.4318181818181818,0.6157407407407407,0.0,0.277516835016835,low
2021-09-01,Sagar Sandheads,Bulk Minerals & Ores,30.530333264668783,74.463,0.0,0.0,0.0,False,24763.379999999994,1.0,28.450645077613093,25.916451731035785,26.78766638437907,27.051587731009317,70.80806451612904,22835.37000000001,0.5230886186192463,9,3,35.45193567583638,7.001290598223289,35.45193567583638,7.001290598223289,23.635999806722005,-4.814645270891088,27.173226018105783,-1.2774190595073094,0.09090909090909091,0.28888888888888886,0.4318181818181818,0.5,1.0,0.35436868686868683,low
2021-09-01,Sagar Sandheads,Coal,30.530333264668783,74.463,0.0,0.0,0.0,False,0.0,0.0,28.450645077613093,25.916451731035785,26.78766638437907,27.051587731009317,70.80806451612904,0.0,0.0,9,3,35.45193567583638,7.001290598223289,35.45193567583638,7.001290598223289,23.635999806722005,-4.814645270891088,27.173226018105783,-1.2774190595073094,0.09090909090909091,0.28888888888888886,0.4318181818181818,0.5,1.0,0.35436868686868683,low
2021-09-01,Sagar Sandheads,Iron Ore,30.530333264668783,74.463,0.0,0.0,0.0,False,0.0,0.0,28.450645077613093,25.916451731035785,26.78766638437907,27.051587731009317,70.80806451612904,0.0,0.0,9,3,35.45193567583638,7.001290598223289,35.45193567583638,7.001290598223289,23.635999806722005,-4.814645270891088,27.173226018105783,-1.2774190595073094,0.09090909090909091,0.28888888888888886,0.4318181818181818,0.5,1.0,0.35436868686868683,low
2021-09-01,Tuticorin,Bulk Minerals & Ores,30.530333264668783,74.463,19854.989185004528,0.0,0.8666666666666667,True,24763.379999999994,1.0,28.450645077613093,25.916451731035785,26.78766638437907,27.051587731009317,70.80806451612904,22835.37000000001,0.5230886186192463,9,3,35.45193567583638,7.001290598223289,35.45193567583638,7.001290598223289,23.635999806722005,-4.814645270891088,27.173226018105783,-1.2774190595073094,0.09090909090909091,0.28888888888888886,0.4318181818181818,0.32407407407407407,0.0,0.2191835016835017,low
2021-09-01,Tuticorin,Coal,30.530333264668783,74.463,19854.989185004528,0.0,0.8666666666666667,True,0.0,0.0,28.450645077613093,25.916451731035785,26.78766638437907,27.051587731009317,70.80806451612904,0.0,0.0,9,3,35.45193567583638,7.001290598223289,35.45193567583638,7.001290598223289,23.635999806722005,-4.814645270891088,27.173226018105783,-1.2774190595073094,0.09090909090909091,0.28888888888888886,0.4318181818181818,0.32407407407407407,0.0,0.2191835016835017,low
2021-09-01,Tuticorin,Iron Ore,30.530333264668783,74.463,19854.989185004528,0.0,0.8666666666666667,True,0.0,0.0,28.450645077613093,25.916451731035785,26.78766638437907,27.051587731009317,70.80806451612904,0.0,0.0,9,3,35.45193567583638,7.001290598223289,35.45193567583638,7.001290598223289,23.635999806722005,-4.814645270891088,27.173226018105783,-1.2774190595073094,0.09090909090909091,0.28888888888888886,0.4318181818181818,0.32407407407407407,0.0,0.2191835016835017,low
2021-09-01,Visakhapatnam,Bulk Minerals & Ores,30.530333264668783,74.463,71978.84463256464,28578.24175687904,3.433333333333333,True,24763.379999999994,1.0,28.450645077613093,25.916451731035785,26.78766638437907,27.051587731009317,70.80806451612904,22835.37000000001,0.5230886186192463,9,3,35.45193567583638,7.001290598223289,35.45193567583638,7.001290598223289,23.635999806722005,-4.814645270891088,27.173226018105783,-1.2774190595073094,0.09090909090909091,0.28888888888888886,0.4318181818181818,0.9259259259259259,0.0,0.3395538720538721,low
2021-09-01,Visakhapatnam,Coal,30.530333264668783,74.463,71978.84463256464,28578.24175687904,3.433333333333333,True,0.0,0.0,28.450645077613093,25.916451731035785,26.78766638437907,27.051587731009317,70.80806451612904,0.0,0.0,9,3,35.45193567583638,7.001290598223289,35.45193567583638,7.001290598223289,23.635999806722005,-4.814645270891088,27.173226018105783,-1.2774190595073094,0.09090909090909091,0.28888888888888886,0.4318181818181818,0.9259259259259259,0.0,0.3395538720538721,low
2021-09-01,Visakhapatnam,Iron Ore,30.530333264668783,74.463,71978.84463256464,28578.24175687904,3.433333333333333,True,0.0,0.0,28.450645077613093,25.916451731035785,26.78766638437907,27.051587731009317,70.80806451612904,0.0,0.0,9,3,35.45193567583638,7.001290598223289,35.45193567583638,7.001290598223289,23.635999806722005,-4.814645270891088,27.173226018105783,-1.2774190595073094,0.09090909090909091,0.28888888888888886,0.4318181818181818,0.9259259259259259,0.0,0.3395538720538721,low
2021-10-01,Chennai,Bulk Minerals & Ores,35.45193567583638,83.34967741935485,0.0,0.0,0.6451612903225806,True,33189.59,1.0,30.530333264668783,28.450645077613093,25.916451731035785,28.299143357772554,74.463,24763.379999999994,0.8983519767642054,10,4,23.635999806722005,-6.894333457946779,23.635999806722005,-6.894333457946779,27.173226018105783,-3.3571072465630003,23.47161311487998,-7.058720149788805,0.9090909090909091,0.6666666666666666,0.6136363636363636,0.2175925925925926,0.0,0.5870791245791246,medium
2021-10-01,Chennai,Coal,35.45193567583638,83.34967741935485,0.0,0.0,0.6451612903225806,True,0.0,0.0,30.530333264668783,28.450645077613093,25.916451731035785,28.299143357772554,74.463,0.0,0.0,10,4,23.635999806722005,-6.894333457946779,23.635999806722005,-6.894333457946779,27.173226018105783,-3.3571072465630003,23.47161311487998,-7.058720149788805,0.9090909090909091,0.6666666666666666,0.6136363636363636,0.2175925925925926,0.0,0.5870791245791246,medium
2021-10-01,Chennai,Iron Ore,35.45193567583638,83.34967741935485,0.0,0.0,0.6451612903225806,True,0.0,0.0,30.530333264668783,28.450645077613093,25.916451731035785,28.299143357772554,74.463,0.0,0.0,10,4,23.635999806722005,-6.894333457946779,23.635999806722005,-6.894333457946779,27.173226018105783,-3.3571072465630003,23.47161311487998,-7.058720149788805,0.9090909090909091,0.6666666666666666,0.6136363636363636,0.2175925925925926,0.0,0.5870791245791246,medium
2021-10-01,Dhamra,Bulk Minerals & Ores,35.45193567583638,83.34967741935485,0.0,0.0,0.0,False,33189.59,1.0,30.530333264668783,28.450645077613093,25.916451731035785,28.299143357772554,74.463,24763.379999999994,0.8983519767642054,10,4,23.635999806722005,-6.894333457946779,23.635999806722005,-6.894333457946779,27.173226018105783,-3.3571072465630003,23.47161311487998,-7.058720149788805,0.9090909090909091,0.6666666666666666,0.6136363636363636,0.5,1.0,0.743560606060606,high
2021-10-01,Dhamra,Coal,35.45193567583638,83.34967741935485,0.0,0.0,0.0,False,0.0,0.0,30.530333264668783,28.450645077613093,25.916451731035785,28.299143357772554,74.463,0.0,0.0,10,4,23.635999806722005,-6.894333457946779,23.635999806722005,-6.894333457946779,27.173226018105783,-3.3571072465630003,23.47161311487998,-7.058720149788805,0.9090909090909091,0.6666666666666666,0.6136363636363636,0.5,1.0,0.743560606060606,high
2021-10-01,Dhamra,Iron Ore,35.45193567583638,83.34967741935485,0.0,0.0,0.0,False,0.0,0.0,30.530333264668783,28.450645077613093,25.916451731035785,28.299143357772554,74.463,0.0,0.0,10,4,23.635999806722005,-6.894333457946779,23.635999806722005,-6.894333457946779,27.173226018105783,-3.3571072465630003,23.47161311487998,-7.058720149788805,0.9090909090909091,0.6666666666666666,0.6136363636363636,0.5,1.0,0.743560606060606,high
2021-10-01,Gangavaram,Bulk Minerals & Ores,35.45193567583638,83.34967741935485,0.0,0.0,0.0,False,33189.59,1.0,30.530333264668783,28.450645077613093,25.916451731035785,28.299143357772554,74.463,24763.379999999994,0.8983519767642054,10,4,23.635999806722005,-6.894333457946779,23.635999806722005,-6.894333457946779,27.173226018105783,-3.3571072465630003,23.47161311487998,-7.058720149788805,0.9090909090909091,0.6666666666666666,0.6136363636363636,0.5,1.0,0.743560606060606,high
2021-10-01,Gangavaram,Coal,35.45193567583638,83.34967741935485,0.0,0.0,0.0,False,0.0,0.0,30.530333264668783,28.450645077613093,25.916451731035785,28.299143357772554,74.463,0.0,0.0,10,4,23.635999806722005,-6.894333457946779,23.635999806722005,-6.894333457946779,27.173226018105783,-3.3571072465630003,23.47161311487998,-7.058720149788805,0.9090909090909091,0.6666666666666666,0.6136363636363636,0.5,1.0,0.743560606060606,high
2021-10-01,Gangavaram,Iron Ore,35.45193567583638,83.34967741935485,0.0,0.0,0.0,False,0.0,0.0,30.530333264668783,28.450645077613093,25.916451731035785,28.299143357772554,74.463,0.0,0.0,10,4,23.635999806722005,-6.894333457946779,23.635999806722005,-6.894333457946779,27.173226018105783,-3.3571072465630003,23.47161311487998,-7.058720149788805,0.9090909090909091,0.6666666666666666,0.6136363636363636,0.5,1.0,0.743560606060606,high
2021-10-01,Gopalpur,Bulk Minerals & Ores,35.45193567583638,83.34967741935485,0.0,0.0,0.0,False,33189.59,1.0,30.530333264668783,28.450645077613093,25.916451731035785,28.299143357772554,74.463,24763.379999999994,0.8983519767642054,10,4,23.635999806722005,-6.894333457946779,23.635999806722005,-6.894333457946779,27.173226018105783,-3.3571072465630003,23.47161311487998,-7.058720149788805,0.9090909090909091,0.6666666666666666,0.6136363636363636,0.5,1.0,0.743560606060606,high
2021-10-01,Gopalpur,Coal,35.45193567583638,83.34967741935485,0.0,0.0,0.0,False,0.0,0.0,30.530333264668783,28.450645077613093,25.916451731035785,28.299143357772554,74.463,0.0,0.0,10,4,23.635999806722005,-6.894333457946779,23.635999806722005,-6.894333457946779,27.173226018105783,-3.3571072465630003,23.47161311487998,-7.058720149788805,0.9090909090909091,0.6666666666666666,0.6136363636363636,0.5,1.0,0.743560606060606,high
2021-10-01,Gopalpur,Iron Ore,35.45193567583638,83.34967741935485,0.0,0.0,0.0,False,0.0,0.0,30.530333264668783,28.450645077613093,25.916451731035785,28.299143357772554,74.463,0.0,0.0,10,4,23.635999806722005,-6.894333457946779,23.635999806722005,-6.894333457946779,27.173226018105783,-3.3571072465630003,23.47161311487998,-7.058720149788805,0.9090909090909091,0.6666666666666666,0.6136363636363636,0.5,1.0,0.743560606060606,high
2021-10-01,Haldia,Bulk Minerals & Ores,35.45193567583638,83.34967741935485,21455.274778030318,1622.6095120455923,1.4193548387096775,True,33189.59,1.0,30.530333264668783,28.450645077613093,25.916451731035785,28.299143357772554,74.463,24763.379999999994,0.8983519767642054,10,4,23.635999806722005,-6.894333457946779,23.635999806722005,-6.894333457946779,27.173226018105783,-3.3571072465630003,23.47161311487998,-7.058720149788805,0.9090909090909091,0.6666666666666666,0.6136363636363636,0.5046296296296297,0.0,0.644486531986532,high
2021-10-01,Haldia,Coal,35.45193567583638,83.34967741935485,21455.274778030318,1622.6095120455923,1.4193548387096775,True,0.0,0.0,30.530333264668783,28.450645077613093,25.916451731035785,28.299143357772554,74.463,0.0,0.0,10,4,23.635999806722005,-6.894333457946779,23.635999806722005,-6.894333457946779,27.173226018105783,-3.3571072465630003,23.47161311487998,-7.058720149788805,0.9090909090909091,0.6666666666666666,0.6136363636363636,0.5046296296296297,0.0,0.644486531986532,high
2021-10-01,Haldia,Iron Ore,35.45193567583638,83.34967741935485,21455.274778030318,1622.6095120455923,1.4193548387096775,True,0.0,0.0,30.530333264668783,28.450645077613093,25.916451731035785,28.299143357772554,74.463,0.0,0.0,10,4,23.635999806722005,-6.894333457946779,23.635999806722005,-6.894333457946779,27.173226018105783,-3.3571072465630003,23.47161311487998,-7.058720149788805,0.9090909090909091,0.6666666666666666,0.6136363636363636,0.5046296296296297,0.0,0.644486531986532,high
2021-10-01,Kamarajar,Bulk Minerals & Ores,35.45193567583638,83.34967741935485,27096.86259585971,0.0,0.7741935483870968,True,33189.59,1.0,30.530333264668783,28.450645077613093,25.916451731035785,28.299143357772554,74.463,24763.379999999994,0.8983519767642054,10,4,23.635999806722005,-6.894333457946779,23.635999806722005,-6.894333457946779,27.173226018105783,-3.3571072465630003,23.47161311487998,-7.058720149788805,0.9090909090909091,0.6666666666666666,0.6136363636363636,0.2824074074074074,0.0,0.6000420875420875,high
2021-10-01,Kamarajar,Coal,35.45193567583638,83.34967741935485,27096.86259585971,0.0,0.7741935483870968,True,0.0,0.0,30.530333264668783,28.450645077613093,25.916451731035785,28.299143357772554,74.463,0.0,0.0,10,4,23.635999806722005,-6.894333457946779,23.635999806722005,-6.894333457946779,27.173226018105783,-3.3571072465630003,23.47161311487998,-7.058720149788805,0.9090909090909091,0.6666666666666666,0.6136363636363636,0.2824074074074074,0.0,0.6000420875420875,high
2021-10-01,Kamarajar,Iron Ore,35.45193567583638,83.34967741935485,27096.86259585971,0.0,0.7741935483870968,True,0.0,0.0,30.530333264668783,28.450645077613093,25.916451731035785,28.299143357772554,74.463,0.0,0.0,10,4,23.635999806722005,-6.894333457946779,23.635999806722005,-6.894333457946779,27.173226018105783,-3.3571072465630003,23.47161311487998,-7.058720149788805,0.9090909090909091,0.6666666666666666,0.6136363636363636,0.2824074074074074,0.0,0.6000420875420875,high
2021-10-01,Paradip,Bulk Minerals & Ores,35.45193567583638,83.34967741935485,37659.35787650351,46716.84990551204,2.935483870967742,True,33189.59,1.0,30.530333264668783,28.450645077613093,25.916451731035785,28.299143357772554,74.463,24763.379999999994,0.8983519767642054,10,4,23.635999806722005,-6.894333457946779,23.635999806722005,-6.894333457946779,27.173226018105783,-3.3571072465630003,23.47161311487998,-7.058720149788805,0.9090909090909091,0.6666666666666666,0.6136363636363636,0.8518518518518519,0.0,0.7139309764309765,high
2021-10-01,Paradip,Coal,35.45193567583638,83.34967741935485,37659.35787650351,46716.84990551204,2.935483870967742,True,0.0,0.0,30.530333264668783,28.450645077613093,25.916451731035785,28.299143357772554,74.463,0.0,0.0,10,4,23.635999806722005,-6.894333457946779,23.635999806722005,-6.894333457946779,27.173226018105783,-3.3571072465630003,23.47161311487998,-7.058720149788805,0.9090909090909091,0.6666666666666666,0.6136363636363636,0.8518518518518519,0.0,0.7139309764309765,high
2021-10-01,Paradip,Iron Ore,35.45193567583638,83.34967741935485,37659.35787650351,46716.84990551204,2.935483870967742,True,0.0,0.0,30.530333264668783,28.450645077613093,25.916451731035785,28.299143357772554,74.463,0.0,0.0,10,4,23.635999806722005,-6.894333457946779,23.635999806722005,-6.894333457946779,27.173226018105783,-3.3571072465630003,23.47161311487998,-7.058720149788805,0.9090909090909091,0.6666666666666666,0.6136363636363636,0.8518518518518519,0.0,0.7139309764309765,high
2021-10-01,Sagar Sandheads,Bulk Minerals & Ores,35.45193567583638,83.34967741935485,0.0,0.0,0.0,False,33189.59,1.0,30.530333264668783,28.450645077613093,25.916451731035785,28.299143357772554,74.463,24763.379999999994,0.8983519767642054,10,4,23.635999806722005,-6.894333457946779,23.635999806722005,-6.894333457946779,27.173226018105783,-3.3571072465630003,23.47161311487998,-7.058720149788805,0.9090909090909091,0.6666666666666666,0.6136363636363636,0.5,1.0,0.743560606060606,high
2021-10-01,Sagar Sandheads,Coal,35.45193567583638,83.34967741935485,0.0,0.0,0.0,False,0.0,0.0,30.530333264668783,28.450645077613093,25.916451731035785,28.299143357772554,74.463,0.0,0.0,10,4,23.635999806722005,-6.894333457946779,23.635999806722005,-6.894333457946779,27.173226018105783,-3.3571072465630003,23.47161311487998,-7.058720149788805,0.9090909090909091,0.6666666666666666,0.6136363636363636,0.5,1.0,0.743560606060606,high
2021-10-01,Sagar Sandheads,Iron Ore,35.45193567583638,83.34967741935485,0.0,0.0,0.0,False,0.0,0.0,30.530333264668783,28.450645077613093,25.916451731035785,28.299143357772554,74.463,0.0,0.0,10,4,23.635999806722005,-6.894333457946779,23.635999806722005,-6.894333457946779,27.173226018105783,-3.3571072465630003,23.47161311487998,-7.058720149788805,0.9090909090909091,0.6666666666666666,0.6136363636363636,0.5,1.0,0.743560606060606,high
2021-10-01,Tuticorin,Bulk Minerals & Ores,35.45193567583638,83.34967741935485,22479.580452956212,0.0,0.967741935483871,True,33189.59,1.0,30.530333264668783,28.450645077613093,25.916451731035785,28.299143357772554,74.463,24763.379999999994,0.8983519767642054,10,4,23.635999806722005,-6.894333457946779,23.635999806722005,-6.894333457946779,27.173226018105783,-3.3571072465630003,23.47161311487998,-7.058720149788805,0.9090909090909091,0.6666666666666666,0.6136363636363636,0.41203703703703703,0.0,0.6259680134680135,high
2021-10-01,Tuticorin,Coal,35.45193567583638,83.34967741935485,22479.580452956212,0.0,0.967741935483871,True,0.0,0.0,30.530333264668783,28.450645077613093,25.916451731035785,28.299143357772554,74.463,0.0,0.0,10,4,23.635999806722005,-6.894333457946779,23.635999806722005,-6.894333457946779,27.173226018105783,-3.3571072465630003,23.47161311487998,-7.058720149788805,0.9090909090909091,0.6666666666666666,0.6136363636363636,0.41203703703703703,0.0,0.6259680134680135,high
2021-10-01,Tuticorin,Iron Ore,35.45193567583638,83.34967741935485,22479.580452956212,0.0,0.967741935483871,True,0.0,0.0,30.530333264668783,28.450645077613093,25.916451731035785,28.299143357772554,74.463,0.0,0.0,10,4,23.635999806722005,-6.894333457946779,23.635999806722005,-6.894333457946779,27.173226018105783,-3.3571072465630003,23.47161311487998,-7.058720149788805,0.9090909090909091,0.6666666666666666,0.6136363636363636,0.41203703703703703,0.0,0.6259680134680135,high
2021-10-01,Visakhapatnam,Bulk Minerals & Ores,35.45193567583638,83.34967741935485,73926.12619525557,26235.330053708938,3.806451612903226,True,33189.59,1.0,30.530333264668783,28.450645077613093,25.916451731035785,28.299143357772554,74.463,24763.379999999994,0.8983519767642054,10,4,23.635999806722005,-6.894333457946779,23.635999806722005,-6.894333457946779,27.173226018105783,-3.3571072465630003,23.47161311487998,-7.058720149788805,0.9090909090909091,0.6666666666666666,0.6136363636363636,0.9629629629629629,0.0,0.7361531986531986,high
2021-10-01,Visakhapatnam,Coal,35.45193567583638,83.34967741935485,73926.12619525557,26235.330053708938,3.806451612903226,True,0.0,0.0,30.530333264668783,28.450645077613093,25.916451731035785,28.299143357772554,74.463,0.0,0.0,10,4,23.635999806722005,-6.894333457946779,23.635999806722005,-6.894333457946779,27.173226018105783,-3.3571072465630003,23.47161311487998,-7.058720149788805,0.9090909090909091,0.6666666666666666,0.6136363636363636,0.9629629629629629,0.0,0.7361531986531986,high
2021-10-01,Visakhapatnam,Iron Ore,35.45193567583638,83.34967741935485,73926.12619525557,26235.330053708938,3.806451612903226,True,0.0,0.0,30.530333264668783,28.450645077613093,25.916451731035785,28.299143357772554,74.463,0.0,0.0,10,4,23.635999806722005,-6.894333457946779,23.635999806722005,-6.894333457946779,27.173226018105783,-3.3571072465630003,23.47161311487998,-7.058720149788805,0.9090909090909091,0.6666666666666666,0.6136363636363636,0.9629629629629629,0.0,0.7361531986531986,high
2021-11-01,Chennai,Bulk Minerals & Ores,23.635999806722005,80.63266666666667,0.0,0.0,0.26666666666666666,True,35893.759999999995,1.0,35.45193567583638,30.530333264668783,28.450645077613093,31.477638006039417,83.34967741935485,33189.59,1.0032861837405345,11,4,27.173226018105783,-8.278709657730598,27.173226018105783,-8.278709657730598,23.47161311487998,-11.980322560956402,23.066071714673722,-12.38586396116266,0.9545454545454546,0.9333333333333333,0.8181818181818182,0.037037037037037035,0.0,0.6508922558922559,high
2021-11-01,Chennai,Coal,23.635999806722005,80.63266666666667,0.0,0.0,0.26666666666666666,True,0.0,0.0,35.45193567583638,30.530333264668783,28.450645077613093,31.477638006039417,83.34967741935485,0.0,0.0,11,4,27.173226018105783,-8.278709657730598,27.173226018105783,-8.278709657730598,23.47161311487998,-11.980322560956402,23.066071714673722,-12.38586396116266,0.9545454545454546,0.9333333333333333,0.8181818181818182,0.037037037037037035,0.0,0.6508922558922559,high
2021-11-01,Chennai,Iron Ore,23.635999806722005,80.63266666666667,0.0,0.0,0.26666666666666666,True,0.0,0.0,35.45193567583638,30.530333264668783,28.450645077613093,31.477638006039417,83.34967741935485,0.0,0.0,11,4,27.173226018105783,-8.278709657730598,27.173226018105783,-8.278709657730598,23.47161311487998,-11.980322560956402,23.066071714673722,-12.38586396116266,0.9545454545454546,0.9333333333333333,0.8181818181818182,0.037037037037037035,0.0,0.6508922558922559,high
2021-11-01,Dhamra,Bulk Minerals & Ores,23.635999806722005,80.63266666666667,0.0,0.0,0.0,False,35893.759999999995,1.0,35.45193567583638,30.530333264668783,28.450645077613093,31.477638006039417,83.34967741935485,33189.59,1.0032861837405345,11,4,27.173226018105783,-8.278709657730598,27.173226018105783,-8.278709657730598,23.47161311487998,-11.980322560956402,23.066071714673722,-12.38586396116266,0.9545454545454546,0.9333333333333333,0.8181818181818182,0.5,1.0,0.8434848484848484,high
2021-11-01,Dhamra,Coal,23.635999806722005,80.63266666666667,0.0,0.0,0.0,False,0.0,0.0,35.45193567583638,30.530333264668783,28.450645077613093,31.477638006039417,83.34967741935485,0.0,0.0,11,4,27.173226018105783,-8.278709657730598,27.173226018105783,-8.278709657730598,23.47161311487998,-11.980322560956402,23.066071714673722,-12.38586396116266,0.9545454545454546,0.9333333333333333,0.8181818181818182,0.5,1.0,0.8434848484848484,high
2021-11-01,Dhamra,Iron Ore,23.635999806722005,80.63266666666667,0.0,0.0,0.0,False,0.0,0.0,35.45193567583638,30.530333264668783,28.450645077613093,31.477638006039417,83.34967741935485,0.0,0.0,11,4,27.173226018105783,-8.278709657730598,27.173226018105783,-8.278709657730598,23.47161311487998,-11.980322560956402,23.066071714673722,-12.38586396116266,0.9545454545454546,0.9333333333333333,0.8181818181818182,0.5,1.0,0.8434848484848484,high
2021-11-01,Gangavaram,Bulk Minerals & Ores,23.635999806722005,80.63266666666667,0.0,0.0,0.0,False,35893.759999999995,1.0,35.45193567583638,30.530333264668783,28.450645077613093,31.477638006039417,83.34967741935485,33189.59,1.0032861837405345,11,4,27.173226018105783,-8.278709657730598,27.173226018105783,-8.278709657730598,23.47161311487998,-11.980322560956402,23.066071714673722,-12.38586396116266,0.9545454545454546,0.9333333333333333,0.8181818181818182,0.5,1.0,0.8434848484848484,high
2021-11-01,Gangavaram,Coal,23.635999806722005,80.63266666666667,0.0,0.0,0.0,False,0.0,0.0,35.45193567583638,30.530333264668783,28.450645077613093,31.477638006039417,83.34967741935485,0.0,0.0,11,4,27.173226018105783,-8.278709657730598,27.173226018105783,-8.278709657730598,23.47161311487998,-11.980322560956402,23.066071714673722,-12.38586396116266,0.9545454545454546,0.9333333333333333,0.8181818181818182,0.5,1.0,0.8434848484848484,high
2021-11-01,Gangavaram,Iron Ore,23.635999806722005,80.63266666666667,0.0,0.0,0.0,False,0.0,0.0,35.45193567583638,30.530333264668783,28.450645077613093,31.477638006039417,83.34967741935485,0.0,0.0,11,4,27.173226018105783,-8.278709657730598,27.173226018105783,-8.278709657730598,23.47161311487998,-11.980322560956402,23.066071714673722,-12.38586396116266,0.9545454545454546,0.9333333333333333,0.8181818181818182,0.5,1.0,0.8434848484848484,high
2021-11-01,Gopalpur,Bulk Minerals & Ores,23.635999806722005,80.63266666666667,0.0,0.0,0.0,False,35893.759999999995,1.0,35.45193567583638,30.530333264668783,28.450645077613093,31.477638006039417,83.34967741935485,33189.59,1.0032861837405345,11,4,27.173226018105783,-8.278709657730598,27.173226018105783,-8.278709657730598,23.47161311487998,-11.980322560956402,23.066071714673722,-12.38586396116266,0.9545454545454546,0.9333333333333333,0.8181818181818182,0.5,1.0,0.8434848484848484,high
2021-11-01,Gopalpur,Coal,23.635999806722005,80.63266666666667,0.0,0.0,0.0,False,0.0,0.0,35.45193567583638,30.530333264668783,28.450645077613093,31.477638006039417,83.34967741935485,0.0,0.0,11,4,27.173226018105783,-8.278709657730598,27.173226018105783,-8.278709657730598,23.47161311487998,-11.980322560956402,23.066071714673722,-12.38586396116266,0.9545454545454546,0.9333333333333333,0.8181818181818182,0.5,1.0,0.8434848484848484,high
2021-11-01,Gopalpur,Iron Ore,23.635999806722005,80.63266666666667,0.0,0.0,0.0,False,0.0,0.0,35.45193567583638,30.530333264668783,28.450645077613093,31.477638006039417,83.34967741935485,0.0,0.0,11,4,27.173226018105783,-8.278709657730598,27.173226018105783,-8.278709657730598,23.47161311487998,-11.980322560956402,23.066071714673722,-12.38586396116266,0.9545454545454546,0.9333333333333333,0.8181818181818182,0.5,1.0,0.8434848484848484,high
2021-11-01,Haldia,Bulk Minerals & Ores,23.635999806722005,80.63266666666667,24203.426334718286,1340.4178119393007,1.7333333333333334,True,35893.759999999995,1.0,35.45193567583638,30.530333264668783,28.450645077613093,31.477638006039417,83.34967741935485,33189.59,1.0032861837405345,11,4,27.173226018105783,-8.278709657730598,27.173226018105783,-8.278709657730598,23.47161311487998,-11.980322560956402,23.066071714673722,-12.38586396116266,0.9545454545454546,0.9333333333333333,0.8181818181818182,0.5416666666666666,0.0,0.7518181818181817,high
2021-11-01,Haldia,Coal,23.635999806722005,80.63266666666667,24203.426334718286,1340.4178119393007,1.7333333333333334,True,0.0,0.0,35.45193567583638,30.530333264668783,28.450645077613093,31.477638006039417,83.34967741935485,0.0,0.0,11,4,27.173226018105783,-8.278709657730598,27.173226018105783,-8.278709657730598,23.47161311487998,-11.980322560956402,23.066071714673722,-12.38586396116266,0.9545454545454546,0.9333333333333333,0.8181818181818182,0.5416666666666666,0.0,0.7518181818181817,high
2021-11-01,Haldia,Iron Ore,23.635999806722005,80.63266666666667,24203.426334718286,1340.4178119393007,1.7333333333333334,True,0.0,0.0,35.45193567583638,30.530333264668783,28.450645077613093,31.477638006039417,83.34967741935485,0.0,0.0,11,4,27.173226018105783,-8.278709657730598,27.173226018105783,-8.278709657730598,23.47161311487998,-11.980322560956402,23.066071714673722,-12.38586396116266,0.9545454545454546,0.9333333333333333,0.8181818181818182,0.5416666666666666,0.0,0.7518181818181817,high
2021-11-01,Kamarajar,Bulk Minerals & Ores,23.635999806722005,80.63266666666667,14166.8746353982,0.0,0.5,True,35893.759999999995,1.0,35.45193567583638,30.530333264668783,28.450645077613093,31.477638006039417,83.34967741935485,33189.59,1.0032861837405345,11,4,27.173226018105783,-8.278709657730598,27.173226018105783,-8.278709657730598,23.47161311487998,-11.980322560956402,23.066071714673722,-12.38586396116266,0.9545454545454546,0.9333333333333333,0.8181818181818182,0.1574074074074074,0.0,0.6749663299663299,high
2021-11-01,Kamarajar,Coal,23.635999806722005,80.63266666666667,14166.8746353982,0.0,0.5,True,0.0,0.0,35.45193567583638,30.530333264668783,28.450645077613093,31.477638006039417,83.34967741935485,0.0,0.0,11,4,27.173226018105783,-8.278709657730598,27.173226018105783,-8.278709657730598,23.47161311487998,-11.980322560956402,23.066071714673722,-12.38586396116266,0.9545454545454546,0.9333333333333333,0.8181818181818182,0.1574074074074074,0.0,0.6749663299663299,high
2021-11-01,Kamarajar,Iron Ore,23.635999806722005,80.63266666666667,14166.8746353982,0.0,0.5,True,0.0,0.0,35.45193567583638,30.530333264668783,28.450645077613093,31.477638006039417,83.34967741935485,0.0,0.0,11,4,27.173226018105783,-8.278709657730598,27.173226018105783,-8.278709657730598,23.47161311487998,-11.980322560956402,23.066071714673722,-12.38586396116266,0.9545454545454546,0.9333333333333333,0.8181818181818182,0.1574074074074074,0.0,0.6749663299663299,high
2021-11-01,Paradip,Bulk Minerals & Ores,23.635999806722005,80.63266666666667,31737.817231406985,49186.34466662514,2.9,True,35893.759999999995,1.0,35.45193567583638,30.530333264668783,28.450645077613093,31.477638006039417,83.34967741935485,33189.59,1.0032861837405345,11,4,27.173226018105783,-8.278709657730598,27.173226018105783,-8.278709657730598,23.47161311487998,-11.980322560956402,23.066071714673722,-12.38586396116266,0.9545454545454546,0.9333333333333333,0.8181818181818182,0.8333333333333334,0.0,0.8101515151515151,high
2021-11-01,Paradip,Coal,23.635999806722005,80.63266666666667,31737.817231406985,49186.34466662514,2.9,True,0.0,0.0,35.45193567583638,30.530333264668783,28.450645077613093,31.477638006039417,83.34967741935485,0.0,0.0,11,4,27.173226018105783,-8.278709657730598,27.173226018105783,-8.278709657730598,23.47161311487998,-11.980322560956402,23.066071714673722,-12.38586396116266,0.9545454545454546,0.9333333333333333,0.8181818181818182,0.8333333333333334,0.0,0.8101515151515151,high
2021-11-01,Paradip,Iron Ore,23.635999806722005,80.63266666666667,31737.817231406985,49186.34466662514,2.9,True,0.0,0.0,35.45193567583638,30.530333264668783,28.450645077613093,31.477638006039417,83.34967741935485,0.0,0.0,11,4,27.173226018105783,-8.278709657730598,27.173226018105783,-8.278709657730598,23.47161311487998,-11.980322560956402,23.066071714673722,-12.38586396116266,0.9545454545454546,0.9333333333333333,0.8181818181818182,0.8333333333333334,0.0,0.8101515151515151,high
2021-11-01,Sagar Sandheads,Bulk Minerals & Ores,23.635999806722005,80.63266666666667,0.0,0.0,0.0,False,35893.759999999995,1.0,35.45193567583638,30.530333264668783,28.450645077613093,31.477638006039417,83.34967741935485,33189.59,1.0032861837405345,11,4,27.173226018105783,-8.278709657730598,27.173226018105783,-8.278709657730598,23.47161311487998,-11.980322560956402,23.066071714673722,-12.38586396116266,0.9545454545454546,0.9333333333333333,0.8181818181818182,0.5,1.0,0.8434848484848484,high
2021-11-01,Sagar Sandheads,Coal,23.635999806722005,80.63266666666667,0.0,0.0,0.0,False,0.0,0.0,35.45193567583638,30.530333264668783,28.450645077613093,31.477638006039417,83.34967741935485,0.0,0.0,11,4,27.173226018105783,-8.278709657730598,27.173226018105783,-8.278709657730598,23.47161311487998,-11.980322560956402,23.066071714673722,-12.38586396116266,0.9545454545454546,0.9333333333333333,0.8181818181818182,0.5,1.0,0.8434848484848484,high
2021-11-01,Sagar Sandheads,Iron Ore,23.635999806722005,80.63266666666667,0.0,0.0,0.0,False,0.0,0.0,35.45193567583638,30.530333264668783,28.450645077613093,31.477638006039417,83.34967741935485,0.0,0.0,11,4,27.173226018105783,-8.278709657730598,27.173226018105783,-8.278709657730598,23.47161311487998,-11.980322560956402,23.066071714673722,-12.38586396116266,0.9545454545454546,0.9333333333333333,0.8181818181818182,0.5,1.0,0.8434848484848484,high
2021-11-01,Tuticorin,Bulk Minerals & Ores,23.635999806722005,80.63266666666667,24013.58756740904,0.0,1.0,True,35893.759999999995,1.0,35.45193567583638,30.530333264668783,28.450645077613093,31.477638006039417,83.34967741935485,33189.59,1.0032861837405345,11,4,27.173226018105783,-8.278709657730598,27.173226018105783,-8.278709657730598,23.47161311487998,-11.980322560956402,23.066071714673722,-12.38586396116266,0.9545454545454546,0.9333333333333333,0.8181818181818182,0.4398148148148148,0.0,0.7314478114478113,high
2021-11-01,Tuticorin,Coal,23.635999806722005,80.63266666666667,24013.58756740904,0.0,1.0,True,0.0,0.0,35.45193567583638,30.530333264668783,28.450645077613093,31.477638006039417,83.34967741935485,0.0,0.0,11,4,27.173226018105783,-8.278709657730598,27.173226018105783,-8.278709657730598,23.47161311487998,-11.980322560956402,23.066071714673722,-12.38586396116266,0.9545454545454546,0.9333333333333333,0.8181818181818182,0.4398148148148148,0.0,0.7314478114478113,high
2021-11-01,Tuticorin,Iron Ore,23.635999806722005,80.63266666666667,24013.58756740904,0.0,1.0,True,0.0,0.0,35.45193567583638,30.530333264668783,28.450645077613093,31.477638006039417,83.34967741935485,0.0,0.0,11,4,27.173226018105783,-8.278709657730598,27.173226018105783,-8.278709657730598,23.47161311487998,-11.980322560956402,23.066071714673722,-12.38586396116266,0.9545454545454546,0.9333333333333333,0.8181818181818182,0.4398148148148148,0.0,0.7314478114478113,high
2021-11-01,Visakhapatnam,Bulk Minerals & Ores,23.635999806722005,80.63266666666667,57084.00959467689,25176.706263431603,3.1,True,35893.759999999995,1.0,35.45193567583638,30.530333264668783,28.450645077613093,31.477638006039417,83.34967741935485,33189.59,1.0032861837405345,11,4,27.173226018105783,-8.278709657730598,27.173226018105783,-8.278709657730598,23.47161311487998,-11.980322560956402,23.066071714673722,-12.38586396116266,0.9545454545454546,0.9333333333333333,0.8181818181818182,0.8796296296296297,0.0,0.8194107744107744,high
2021-11-01,Visakhapatnam,Coal,23.635999806722005,80.63266666666667,57084.00959467689,25176.706263431603,3.1,True,0.0,0.0,35.45193567583638,30.530333264668783,28.450645077613093,31.477638006039417,83.34967741935485,0.0,0.0,11,4,27.173226018105783,-8.278709657730598,27.173226018105783,-8.278709657730598,23.47161311487998,-11.980322560956402,23.066071714673722,-12.38586396116266,0.9545454545454546,0.9333333333333333,0.8181818181818182,0.8796296296296297,0.0,0.8194107744107744,high
2021-11-01,Visakhapatnam,Iron Ore,23.635999806722005,80.63266666666667,57084.00959467689,25176.706263431603,3.1,True,0.0,0.0,35.45193567583638,30.530333264668783,28.450645077613093,31.477638006039417,83.34967741935485,0.0,0.0,11,4,27.173226018105783,-8.278709657730598,27.173226018105783,-8.278709657730598,23.47161311487998,-11.980322560956402,23.066071714673722,-12.38586396116266,0.9545454545454546,0.9333333333333333,0.8181818181818182,0.8796296296296297,0.0,0.8194107744107744,high
2021-12-01,Chennai,Bulk Minerals & Ores,27.173226018105783,74.06,0.0,0.0,0.6451612903225806,True,30769.69,1.0,23.635999806722005,35.45193567583638,30.530333264668783,29.872756249075724,80.63266666666667,35893.759999999995,0.6383588558527862,12,4,23.47161311487998,-0.1643866918420258,23.47161311487998,-0.1643866918420258,23.066071714673722,-0.5699280920482828,25.373870911136752,1.7378711044147472,0.8863636363636364,0.6444444444444445,0.3181818181818182,0.2175925925925926,0.0,0.5303619528619529,medium
2021-12-01,Chennai,Coal,27.173226018105783,74.06,0.0,0.0,0.6451612903225806,True,0.0,0.0,23.635999806722005,35.45193567583638,30.530333264668783,29.872756249075724,80.63266666666667,0.0,0.0,12,4,23.47161311487998,-0.1643866918420258,23.47161311487998,-0.1643866918420258,23.066071714673722,-0.5699280920482828,25.373870911136752,1.7378711044147472,0.8863636363636364,0.6444444444444445,0.3181818181818182,0.2175925925925926,0.0,0.5303619528619529,medium
2021-12-01,Chennai,Iron Ore,27.173226018105783,74.06,0.0,0.0,0.6451612903225806,True,0.0,0.0,23.635999806722005,35.45193567583638,30.530333264668783,29.872756249075724,80.63266666666667,0.0,0.0,12,4,23.47161311487998,-0.1643866918420258,23.47161311487998,-0.1643866918420258,23.066071714673722,-0.5699280920482828,25.373870911136752,1.7378711044147472,0.8863636363636364,0.6444444444444445,0.3181818181818182,0.2175925925925926,0.0,0.5303619528619529,medium
2021-12-01,Dhamra,Bulk Minerals & Ores,27.173226018105783,74.06,0.0,0.0,0.0,False,30769.69,1.0,23.635999806722005,35.45193567583638,30.530333264668783,29.872756249075724,80.63266666666667,35893.759999999995,0.6383588558527862,12,4,23.47161311487998,-0.1643866918420258,23.47161311487998,-0.1643866918420258,23.066071714673722,-0.5699280920482828,25.373870911136752,1.7378711044147472,0.8863636363636364,0.6444444444444445,0.3181818181818182,0.5,1.0,0.6868434343434343,high
2021-12-01,Dhamra,Coal,27.173226018105783,74.06,0.0,0.0,0.0,False,0.0,0.0,23.635999806722005,35.45193567583638,30.530333264668783,29.872756249075724,80.63266666666667,0.0,0.0,12,4,23.47161311487998,-0.1643866918420258,23.47161311487998,-0.1643866918420258,23.066071714673722,-0.5699280920482828,25.373870911136752,1.7378711044147472,0.8863636363636364,0.6444444444444445,0.3181818181818182,0.5,1.0,0.6868434343434343,high
2021-12-01,Dhamra,Iron Ore,27.173226018105783,74.06,0.0,0.0,0.0,False,0.0,0.0,23.635999806722005,35.45193567583638,30.530333264668783,29.872756249075724,80.63266666666667,0.0,0.0,12,4,23.47161311487998,-0.1643866918420258,23.47161311487998,-0.1643866918420258,23.066071714673722,-0.5699280920482828,25.373870911136752,1.7378711044147472,0.8863636363636364,0.6444444444444445,0.3181818181818182,0.5,1.0,0.6868434343434343,high
2021-12-01,Gangavaram,Bulk Minerals & Ores,27.173226018105783,74.06,0.0,0.0,0.0,False,30769.69,1.0,23.635999806722005,35.45193567583638,30.530333264668783,29.872756249075724,80.63266666666667,35893.759999999995,0.6383588558527862,12,4,23.47161311487998,-0.1643866918420258,23.47161311487998,-0.1643866918420258,23.066071714673722,-0.5699280920482828,25.373870911136752,1.7378711044147472,0.8863636363636364,0.6444444444444445,0.3181818181818182,0.5,1.0,0.6868434343434343,high
2021-12-01,Gangavaram,Coal,27.173226018105783,74.06,0.0,0.0,0.0,False,0.0,0.0,23.635999806722005,35.45193567583638,30.530333264668783,29.872756249075724,80.63266666666667,0.0,0.0,12,4,23.47161311487998,-0.1643866918420258,23.47161311487998,-0.1643866918420258,23.066071714673722,-0.5699280920482828,25.373870911136752,1.7378711044147472,0.8863636363636364,0.6444444444444445,0.3181818181818182,0.5,1.0,0.6868434343434343,high
2021-12-01,Gangavaram,Iron Ore,27.173226018105783,74.06,0.0,0.0,0.0,False,0.0,0.0,23.635999806722005,35.45193567583638,30.530333264668783,29.872756249075724,80.63266666666667,0.0,0.0,12,4,23.47161311487998,-0.1643866918420258,23.47161311487998,-0.1643866918420258,23.066071714673722,-0.5699280920482828,25.373870911136752,1.7378711044147472,0.8863636363636364,0.6444444444444445,0.3181818181818182,0.5,1.0,0.6868434343434343,high
2021-12-01,Gopalpur,Bulk Minerals & Ores,27.173226018105783,74.06,0.0,0.0,0.0,False,30769.69,1.0,23.635999806722005,35.45193567583638,30.530333264668783,29.872756249075724,80.63266666666667,35893.759999999995,0.6383588558527862,12,4,23.47161311487998,-0.1643866918420258,23.47161311487998,-0.1643866918420258,23.066071714673722,-0.5699280920482828,25.373870911136752,1.7378711044147472,0.8863636363636364,0.6444444444444445,0.3181818181818182,0.5,1.0,0.6868434343434343,high
2021-12-01,Gopalpur,Coal,27.173226018105783,74.06,0.0,0.0,0.0,False,0.0,0.0,23.635999806722005,35.45193567583638,30.530333264668783,29.872756249075724,80.63266666666667,0.0,0.0,12,4,23.47161311487998,-0.1643866918420258,23.47161311487998,-0.1643866918420258,23.066071714673722,-0.5699280920482828,25.373870911136752,1.7378711044147472,0.8863636363636364,0.6444444444444445,0.3181818181818182,0.5,1.0,0.6868434343434343,high
2021-12-01,Gopalpur,Iron Ore,27.173226018105783,74.06,0.0,0.0,0.0,False,0.0,0.0,23.635999806722005,35.45193567583638,30.530333264668783,29.872756249075724,80.63266666666667,0.0,0.0,12,4,23.47161311487998,-0.1643866918420258,23.47161311487998,-0.1643866918420258,23.066071714673722,-0.5699280920482828,25.373870911136752,1.7378711044147472,0.8863636363636364,0.6444444444444445,0.3181818181818182,0.5,1.0,0.6868434343434343,high
2021-12-01,Haldia,Bulk Minerals & Ores,27.173226018105783,74.06,19065.546875140568,835.2820689481256,1.5806451612903225,True,30769.69,1.0,23.635999806722005,35.45193567583638,30.530333264668783,29.872756249075724,80.63266666666667,35893.759999999995,0.6383588558527862,12,4,23.47161311487998,-0.1643866918420258,23.47161311487998,-0.1643866918420258,23.066071714673722,-0.5699280920482828,25.373870911136752,1.7378711044147472,0.8863636363636364,0.6444444444444445,0.3181818181818182,0.5324074074074074,0.0,0.5933249158249159,medium
2021-12-01,Haldia,Coal,27.173226018105783,74.06,19065.546875140568,835.2820689481256,1.5806451612903225,True,0.0,0.0,23.635999806722005,35.45193567583638,30.530333264668783,29.872756249075724,80.63266666666667,0.0,0.0,12,4,23.47161311487998,-0.1643866918420258,23.47161311487998,-0.1643866918420258,23.066071714673722,-0.5699280920482828,25.373870911136752,1.7378711044147472,0.8863636363636364,0.6444444444444445,0.3181818181818182,0.5324074074074074,0.0,0.5933249158249159,medium
2021-12-01,Haldia,Iron Ore,27.173226018105783,74.06,19065.546875140568,835.2820689481256,1.5806451612903225,True,0.0,0.0,23.635999806722005,35.45193567583638,30.530333264668783,29.872756249075724,80.63266666666667,0.0,0.0,12,4,23.47161311487998,-0.1643866918420258,23.47161311487998,-0.1643866918420258,23.066071714673722,-0.5699280920482828,25.373870911136752,1.7378711044147472,0.8863636363636364,0.6444444444444445,0.3181818181818182,0.5324074074074074,0.0,0.5933249158249159,medium
2021-12-01,Kamarajar,Bulk Minerals & Ores,27.173226018105783,74.06,19557.845392575873,0.0,0.4838709677419355,True,30769.69,1.0,23.635999806722005,35.45193567583638,30.530333264668783,29.872756249075724,80.63266666666667,35893.759999999995,0.6383588558527862,12,4,23.47161311487998,-0.1643866918420258,23.47161311487998,-0.1643866918420258,23.066071714673722,-0.5699280920482828,25.373870911136752,1.7378711044147472,0.8863636363636364,0.6444444444444445,0.3181818181818182,0.13425925925925927,0.0,0.5136952861952863,medium
2021-12-01,Kamarajar,Coal,27.173226018105783,74.06,19557.845392575873,0.0,0.4838709677419355,True,0.0,0.0,23.635999806722005,35.45193567583638,30.530333264668783,29.872756249075724,80.63266666666667,0.0,0.0,12,4,23.47161311487998,-0.1643866918420258,23.47161311487998,-0.1643866918420258,23.066071714673722,-0.5699280920482828,25.373870911136752,1.7378711044147472,0.8863636363636364,0.6444444444444445,0.3181818181818182,0.13425925925925927,0.0,0.5136952861952863,medium
2021-12-01,Kamarajar,Iron Ore,27.173226018105783,74.06,19557.845392575873,0.0,0.4838709677419355,True,0.0,0.0,23.635999806722005,35.45193567583638,30.530333264668783,29.872756249075724,80.63266666666667,0.0,0.0,12,4,23.47161311487998,-0.1643866918420258,23.47161311487998,-0.1643866918420258,23.066071714673722,-0.5699280920482828,25.373870911136752,1.7378711044147472,0.8863636363636364,0.6444444444444445,0.3181818181818182,0.13425925925925927,0.0,0.5136952861952863,medium
2021-12-01,Paradip,Bulk Minerals & Ores,27.173226018105783,74.06,48521.82491419486,74576.34094951017,3.5161290322580645,True,30769.69,1.0,23.635999806722005,35.45193567583638,30.530333264668783,29.872756249075724,80.63266666666667,35893.759999999995,0.6383588558527862,12,4,23.47161311487998,-0.1643866918420258,23.47161311487998,-0.1643866918420258,23.066071714673722,-0.5699280920482828,25.373870911136752,1.7378711044147472,0.8863636363636364,0.6444444444444445,0.3181818181818182,0.9305555555555556,0.0,0.6729545454545455,high
2021-12-01,Paradip,Coal,27.173226018105783,74.06,48521.82491419486,74576.34094951017,3.5161290322580645,True,0.0,0.0,23.635999806722005,35.45193567583638,30.530333264668783,29.872756249075724,80.63266666666667,0.0,0.0,12,4,23.47161311487998,-0.1643866918420258,23.47161311487998,-0.1643866918420258,23.066071714673722,-0.5699280920482828,25.373870911136752,1.7378711044147472,0.8863636363636364,0.6444444444444445,0.3181818181818182,0.9305555555555556,0.0,0.6729545454545455,high
2021-12-01,Paradip,Iron Ore,27.173226018105783,74.06,48521.82491419486,74576.34094951017,3.5161290322580645,True,0.0,0.0,23.635999806722005,35.45193567583638,30.530333264668783,29.872756249075724,80.63266666666667,0.0,0.0,12,4,23.47161311487998,-0.1643866918420258,23.47161311487998,-0.1643866918420258,23.066071714673722,-0.5699280920482828,25.373870911136752,1.7378711044147472,0.8863636363636364,0.6444444444444445,0.3181818181818182,0.9305555555555556,0.0,0.6729545454545455,high
2021-12-01,Sagar Sandheads,Bulk Minerals & Ores,27.173226018105783,74.06,0.0,0.0,0.0,False,30769.69,1.0,23.635999806722005,35.45193567583638,30.530333264668783,29.872756249075724,80.63266666666667,35893.759999999995,0.6383588558527862,12,4,23.47161311487998,-0.1643866918420258,23.47161311487998,-0.1643866918420258,23.066071714673722,-0.5699280920482828,25.373870911136752,1.7378711044147472,0.8863636363636364,0.6444444444444445,0.3181818181818182,0.5,1.0,0.6868434343434343,high
2021-12-01,Sagar Sandheads,Coal,27.173226018105783,74.06,0.0,0.0,0.0,False,0.0,0.0,23.635999806722005,35.45193567583638,30.530333264668783,29.872756249075724,80.63266666666667,0.0,0.0,12,4,23.47161311487998,-0.1643866918420258,23.47161311487998,-0.1643866918420258,23.066071714673722,-0.5699280920482828,25.373870911136752,1.7378711044147472,0.8863636363636364,0.6444444444444445,0.3181818181818182,0.5,1.0,0.6868434343434343,high
2021-12-01,Sagar Sandheads,Iron Ore,27.173226018105783,74.06,0.0,0.0,0.0,False,0.0,0.0,23.635999806722005,35.45193567583638,30.530333264668783,29.872756249075724,80.63266666666667,0.0,0.0,12,4,23.47161311487998,-0.1643866918420258,23.47161311487998,-0.1643866918420258,23.066071714673722,-0.5699280920482828,25.373870911136752,1.7378711044147472,0.8863636363636364,0.6444444444444445,0.3181818181818182,0.5,1.0,0.6868434343434343,high
2021-12-01,Tuticorin,Bulk Minerals & Ores,27.173226018105783,74.06,20826.281399374962,0.0,0.8387096774193549,True,30769.69,1.0,23.635999806722005,35.45193567583638,30.530333264668783,29.872756249075724,80.63266666666667,35893.759999999995,0.6383588558527862,12,4,23.47161311487998,-0.1643866918420258,23.47161311487998,-0.1643866918420258,23.066071714673722,-0.5699280920482828,25.373870911136752,1.7378711044147472,0.8863636363636364,0.6444444444444445,0.3181818181818182,0.3101851851851852,0.0,0.5488804713804714,medium
2021-12-01,Tuticorin,Coal,27.173226018105783,74.06,20826.281399374962,0.0,0.8387096774193549,True,0.0,0.0,23.635999806722005,35.45193567583638,30.530333264668783,29.872756249075724,80.63266666666667,0.0,0.0,12,4,23.47161311487998,-0.1643866918420258,23.47161311487998,-0.1643866918420258,23.066071714673722,-0.5699280920482828,25.373870911136752,1.7378711044147472,0.8863636363636364,0.6444444444444445,0.3181818181818182,0.3101851851851852,0.0,0.5488804713804714,medium
2021-12-01,Tuticorin,Iron Ore,27.173226018105783,74.06,20826.281399374962,0.0,0.8387096774193549,True,0.0,0.0,23.635999806722005,35.45193567583638,30.530333264668783,29.872756249075724,80.63266666666667,0.0,0.0,12,4,23.47161311487998,-0.1643866918420258,23.47161311487998,-0.1643866918420258,23.066071714673722,-0.5699280920482828,25.373870911136752,1.7378711044147472,0.8863636363636364,0.6444444444444445,0.3181818181818182,0.3101851851851852,0.0,0.5488804713804714,medium
2021-12-01,Visakhapatnam,Bulk Minerals & Ores,27.173226018105783,74.06,54165.28598628237,16414.37488949127,2.6129032258064515,True,30769.69,1.0,23.635999806722005,35.45193567583638,30.530333264668783,29.872756249075724,80.63266666666667,35893.759999999995,0.6383588558527862,12,4,23.47161311487998,-0.1643866918420258,23.47161311487998,-0.1643866918420258,23.066071714673722,-0.5699280920482828,25.373870911136752,1.7378711044147472,0.8863636363636364,0.6444444444444445,0.3181818181818182,0.75,0.0,0.6368434343434344,high
2021-12-01,Visakhapatnam,Coal,27.173226018105783,74.06,54165.28598628237,16414.37488949127,2.6129032258064515,True,0.0,0.0,23.635999806722005,35.45193567583638,30.530333264668783,29.872756249075724,80.63266666666667,0.0,0.0,12,4,23.47161311487998,-0.1643866918420258,23.47161311487998,-0.1643866918420258,23.066071714673722,-0.5699280920482828,25.373870911136752,1.7378711044147472,0.8863636363636364,0.6444444444444445,0.3181818181818182,0.75,0.0,0.6368434343434344,high
2021-12-01,Visakhapatnam,Iron Ore,27.173226018105783,74.06,54165.28598628237,16414.37488949127,2.6129032258064515,True,0.0,0.0,23.635999806722005,35.45193567583638,30.530333264668783,29.872756249075724,80.63266666666667,0.0,0.0,12,4,23.47161311487998,-0.1643866918420258,23.47161311487998,-0.1643866918420258,23.066071714673722,-0.5699280920482828,25.373870911136752,1.7378711044147472,0.8863636363636364,0.6444444444444445,0.3181818181818182,0.75,0.0,0.6368434343434344,high
2022-01-01,Chennai,Bulk Minerals & Ores,23.47161311487998,86.2074193548387,0.0,0.0,0.25806451612903225,True,29830.26000000001,1.0,27.173226018105783,23.635999806722005,35.45193567583638,28.75372050022139,74.06,30769.69,0.34935690111104956,1,1,23.066071714673722,-4.107154303432061,23.066071714673722,-4.107154303432061,25.373870911136752,-1.7993551069690312,21.914333216349284,-5.258892801756499,0.7045454545454546,0.5555555555555556,0.29545454545454547,0.018518518518518517,0.0,0.4057239057239057,low
2022-01-01,Chennai,Coal,23.47161311487998,86.2074193548387,0.0,0.0,0.25806451612903225,True,0.0,0.0,27.173226018105783,23.635999806722005,35.45193567583638,28.75372050022139,74.06,0.0,0.0,1,1,23.066071714673722,-4.107154303432061,23.066071714673722,-4.107154303432061,25.373870911136752,-1.7993551069690312,21.914333216349284,-5.258892801756499,0.7045454545454546,0.5555555555555556,0.29545454545454547,0.018518518518518517,0.0,0.4057239057239057,low
2022-01-01,Chennai,Iron Ore,23.47161311487998,86.2074193548387,0.0,0.0,0.25806451612903225,True,0.0,0.0,27.173226018105783,23.635999806722005,35.45193567583638,28.75372050022139,74.06,0.0,0.0,1,1,23.066071714673722,-4.107154303432061,23.066071714673722,-4.107154303432061,25.373870911136752,-1.7993551069690312,21.914333216349284,-5.258892801756499,0.7045454545454546,0.5555555555555556,0.29545454545454547,0.018518518518518517,0.0,0.4057239057239057,low
2022-01-01,Dhamra,Bulk Minerals & Ores,23.47161311487998,86.2074193548387,0.0,0.0,0.0,False,29830.26000000001,1.0,27.173226018105783,23.635999806722005,35.45193567583638,28.75372050022139,74.06,30769.69,0.34935690111104956,1,1,23.066071714673722,-4.107154303432061,23.066071714673722,-4.107154303432061,25.373870911136752,-1.7993551069690312,21.914333216349284,-5.258892801756499,0.7045454545454546,0.5555555555555556,0.29545454545454547,0.5,1.0,0.602020202020202,high
2022-01-01,Dhamra,Coal,23.47161311487998,86.2074193548387,0.0,0.0,0.0,False,0.0,0.0,27.173226018105783,23.635999806722005,35.45193567583638,28.75372050022139,74.06,0.0,0.0,1,1,23.066071714673722,-4.107154303432061,23.066071714673722,-4.107154303432061,25.373870911136752,-1.7993551069690312,21.914333216349284,-5.258892801756499,0.7045454545454546,0.5555555555555556,0.29545454545454547,0.5,1.0,0.602020202020202,high
2022-01-01,Dhamra,Iron Ore,23.47161311487998,86.2074193548387,0.0,0.0,0.0,False,0.0,0.0,27.173226018105783,23.635999806722005,35.45193567583638,28.75372050022139,74.06,0.0,0.0,1,1,23.066071714673722,-4.107154303432061,23.066071714673722,-4.107154303432061,25.373870911136752,-1.7993551069690312,21.914333216349284,-5.258892801756499,0.7045454545454546,0.5555555555555556,0.29545454545454547,0.5,1.0,0.602020202020202,high
2022-01-01,Gangavaram,Bulk Minerals & Ores,23.47161311487998,86.2074193548387,0.0,0.0,0.0,False,29830.26000000001,1.0,27.173226018105783,23.635999806722005,35.45193567583638,28.75372050022139,74.06,30769.69,0.34935690111104956,1,1,23.066071714673722,-4.107154303432061,23.066071714673722,-4.107154303432061,25.373870911136752,-1.7993551069690312,21.914333216349284,-5.258892801756499,0.7045454545454546,0.5555555555555556,0.29545454545454547,0.5,1.0,0.602020202020202,high
2022-01-01,Gangavaram,Coal,23.47161311487998,86.2074193548387,0.0,0.0,0.0,False,0.0,0.0,27.173226018105783,23.635999806722005,35.45193567583638,28.75372050022139,74.06,0.0,0.0,1,1,23.066071714673722,-4.107154303432061,23.066071714673722,-4.107154303432061,25.373870911136752,-1.7993551069690312,21.914333216349284,-5.258892801756499,0.7045454545454546,0.5555555555555556,0.29545454545454547,0.5,1.0,0.602020202020202,high
2022-01-01,Gangavaram,Iron Ore,23.47161311487998,86.2074193548387,0.0,0.0,0.0,False,0.0,0.0,27.173226018105783,23.635999806722005,35.45193567583638,28.75372050022139,74.06,0.0,0.0,1,1,23.066071714673722,-4.107154303432061,23.066071714673722,-4.107154303432061,25.373870911136752,-1.7993551069690312,21.914333216349284,-5.258892801756499,0.7045454545454546,0.5555555555555556,0.29545454545454547,0.5,1.0,0.602020202020202,high
2022-01-01,Gopalpur,Bulk Minerals & Ores,23.47161311487998,86.2074193548387,0.0,0.0,0.0,False,29830.26000000001,1.0,27.173226018105783,23.635999806722005,35.45193567583638,28.75372050022139,74.06,30769.69,0.34935690111104956,1,1,23.066071714673722,-4.107154303432061,23.066071714673722,-4.107154303432061,25.373870911136752,-1.7993551069690312,21.914333216349284,-5.258892801756499,0.7045454545454546,0.5555555555555556,0.29545454545454547,0.5,1.0,0.602020202020202,high
2022-01-01,Gopalpur,Coal,23.47161311487998,86.2074193548387,0.0,0.0,0.0,False,0.0,0.0,27.173226018105783,23.635999806722005,35.45193567583638,28.75372050022139,74.06,0.0,0.0,1,1,23.066071714673722,-4.107154303432061,23.066071714673722,-4.107154303432061,25.373870911136752,-1.7993551069690312,21.914333216349284,-5.258892801756499,0.7045454545454546,0.5555555555555556,0.29545454545454547,0.5,1.0,0.602020202020202,high
2022-01-01,Gopalpur,Iron Ore,23.47161311487998,86.2074193548387,0.0,0.0,0.0,False,0.0,0.0,27.173226018105783,23.635999806722005,35.45193567583638,28.75372050022139,74.06,0.0,0.0,1,1,23.066071714673722,-4.107154303432061,23.066071714673722,-4.107154303432061,25.373870911136752,-1.7993551069690312,21.914333216349284,-5.258892801756499,0.7045454545454546,0.5555555555555556,0.29545454545454547,0.5,1.0,0.602020202020202,high
2022-01-01,Haldia,Bulk Minerals & Ores,23.47161311487998,86.2074193548387,22045.612426908858,954.2921008287493,1.5806451612903225,True,29830.26000000001,1.0,27.173226018105783,23.635999806722005,35.45193567583638,28.75372050022139,74.06,30769.69,0.34935690111104956,1,1,23.066071714673722,-4.107154303432061,23.066071714673722,-4.107154303432061,25.373870911136752,-1.7993551069690312,21.914333216349284,-5.258892801756499,0.7045454545454546,0.5555555555555556,0.29545454545454547,0.5324074074074074,0.0,0.5085016835016835,medium
2022-01-01,Haldia,Coal,23.47161311487998,86.2074193548387,22045.612426908858,954.2921008287493,1.5806451612903225,True,0.0,0.0,27.173226018105783,23.635999806722005,35.45193567583638,28.75372050022139,74.06,0.0,0.0,1,1,23.066071714673722,-4.107154303432061,23.066071714673722,-4.107154303432061,25.373870911136752,-1.7993551069690312,21.914333216349284,-5.258892801756499,0.7045454545454546,0.5555555555555556,0.29545454545454547,0.5324074074074074,0.0,0.5085016835016835,medium
2022-01-01,Haldia,Iron Ore,23.47161311487998,86.2074193548387,22045.612426908858,954.2921008287493,1.5806451612903225,True,0.0,0.0,27.173226018105783,23.635999806722005,35.45193567583638,28.75372050022139,74.06,0.0,0.0,1,1,23.066071714673722,-4.107154303432061,23.066071714673722,-4.107154303432061,25.373870911136752,-1.7993551069690312,21.914333216349284,-5.258892801756499,0.7045454545454546,0.5555555555555556,0.29545454545454547,0.5324074074074074,0.0,0.5085016835016835,medium
2022-01-01,Kamarajar,Bulk Minerals & Ores,23.47161311487998,86.2074193548387,22498.83421796258,0.0,0.6774193548387096,True,29830.26000000001,1.0,27.173226018105783,23.635999806722005,35.45193567583638,28.75372050022139,74.06,30769.69,0.34935690111104956,1,1,23.066071714673722,-4.107154303432061,23.066071714673722,-4.107154303432061,25.373870911136752,-1.7993551069690312,21.914333216349284,-5.258892801756499,0.7045454545454546,0.5555555555555556,0.29545454545454547,0.22685185185185186,0.0,0.4473905723905724,medium
2022-01-01,Kamarajar,Coal,23.47161311487998,86.2074193548387,22498.83421796258,0.0,0.6774193548387096,True,0.0,0.0,27.173226018105783,23.635999806722005,35.45193567583638,28.75372050022139,74.06,0.0,0.0,1,1,23.066071714673722,-4.107154303432061,23.066071714673722,-4.107154303432061,25.373870911136752,-1.7993551069690312,21.914333216349284,-5.258892801756499,0.7045454545454546,0.5555555555555556,0.29545454545454547,0.22685185185185186,0.0,0.4473905723905724,medium
2022-01-01,Kamarajar,Iron Ore,23.47161311487998,86.2074193548387,22498.83421796258,0.0,0.6774193548387096,True,0.0,0.0,27.173226018105783,23.635999806722005,35.45193567583638,28.75372050022139,74.06,0.0,0.0,1,1,23.066071714673722,-4.107154303432061,23.066071714673722,-4.107154303432061,25.373870911136752,-1.7993551069690312,21.914333216349284,-5.258892801756499,0.7045454545454546,0.5555555555555556,0.29545454545454547,0.22685185185185186,0.0,0.4473905723905724,medium
2022-01-01,Paradip,Bulk Minerals & Ores,23.47161311487998,86.2074193548387,43927.442547220955,84736.58610263592,3.967741935483871,True,29830.26000000001,1.0,27.173226018105783,23.635999806722005,35.45193567583638,28.75372050022139,74.06,30769.69,0.34935690111104956,1,1,23.066071714673722,-4.107154303432061,23.066071714673722,-4.107154303432061,25.373870911136752,-1.7993551069690312,21.914333216349284,-5.258892801756499,0.7045454545454546,0.5555555555555556,0.29545454545454547,0.9722222222222222,0.0,0.5964646464646465,high
2022-01-01,Paradip,Coal,23.47161311487998,86.2074193548387,43927.442547220955,84736.58610263592,3.967741935483871,True,0.0,0.0,27.173226018105783,23.635999806722005,35.45193567583638,28.75372050022139,74.06,0.0,0.0,1,1,23.066071714673722,-4.107154303432061,23.066071714673722,-4.107154303432061,25.373870911136752,-1.7993551069690312,21.914333216349284,-5.258892801756499,0.7045454545454546,0.5555555555555556,0.29545454545454547,0.9722222222222222,0.0,0.5964646464646465,high
2022-01-01,Paradip,Iron Ore,23.47161311487998,86.2074193548387,43927.442547220955,84736.58610263592,3.967741935483871,True,0.0,0.0,27.173226018105783,23.635999806722005,35.45193567583638,28.75372050022139,74.06,0.0,0.0,1,1,23.066071714673722,-4.107154303432061,23.066071714673722,-4.107154303432061,25.373870911136752,-1.7993551069690312,21.914333216349284,-5.258892801756499,0.7045454545454546,0.5555555555555556,0.29545454545454547,0.9722222222222222,0.0,0.5964646464646465,high
2022-01-01,Sagar Sandheads,Bulk Minerals & Ores,23.47161311487998,86.2074193548387,0.0,0.0,0.0,False,29830.26000000001,1.0,27.173226018105783,23.635999806722005,35.45193567583638,28.75372050022139,74.06,30769.69,0.34935690111104956,1,1,23.066071714673722,-4.107154303432061,23.066071714673722,-4.107154303432061,25.373870911136752,-1.7993551069690312,21.914333216349284,-5.258892801756499,0.7045454545454546,0.5555555555555556,0.29545454545454547,0.5,1.0,0.602020202020202,high
2022-01-01,Sagar Sandheads,Coal,23.47161311487998,86.2074193548387,0.0,0.0,0.0,False,0.0,0.0,27.173226018105783,23.635999806722005,35.45193567583638,28.75372050022139,74.06,0.0,0.0,1,1,23.066071714673722,-4.107154303432061,23.066071714673722,-4.107154303432061,25.373870911136752,-1.7993551069690312,21.914333216349284,-5.258892801756499,0.7045454545454546,0.5555555555555556,0.29545454545454547,0.5,1.0,0.602020202020202,high
2022-01-01,Sagar Sandheads,Iron Ore,23.47161311487998,86.2074193548387,0.0,0.0,0.0,False,0.0,0.0,27.173226018105783,23.635999806722005,35.45193567583638,28.75372050022139,74.06,0.0,0.0,1,1,23.066071714673722,-4.107154303432061,23.066071714673722,-4.107154303432061,25.373870911136752,-1.7993551069690312,21.914333216349284,-5.258892801756499,0.7045454545454546,0.5555555555555556,0.29545454545454547,0.5,1.0,0.602020202020202,high
2022-01-01,Tuticorin,Bulk Minerals & Ores,23.47161311487998,86.2074193548387,13377.188839100934,0.0,0.6774193548387096,True,29830.26000000001,1.0,27.173226018105783,23.635999806722005,35.45193567583638,28.75372050022139,74.06,30769.69,0.34935690111104956,1,1,23.066071714673722,-4.107154303432061,23.066071714673722,-4.107154303432061,25.373870911136752,-1.7993551069690312,21.914333216349284,-5.258892801756499,0.7045454545454546,0.5555555555555556,0.29545454545454547,0.22685185185185186,0.0,0.4473905723905724,medium
2022-01-01,Tuticorin,Coal,23.47161311487998,86.2074193548387,13377.188839100934,0.0,0.6774193548387096,True,0.0,0.0,27.173226018105783,23.635999806722005,35.45193567583638,28.75372050022139,74.06,0.0,0.0,1,1,23.066071714673722,-4.107154303432061,23.066071714673722,-4.107154303432061,25.373870911136752,-1.7993551069690312,21.914333216349284,-5.258892801756499,0.7045454545454546,0.5555555555555556,0.29545454545454547,0.22685185185185186,0.0,0.4473905723905724,medium
2022-01-01,Tuticorin,Iron Ore,23.47161311487998,86.2074193548387,13377.188839100934,0.0,0.6774193548387096,True,0.0,0.0,27.173226018105783,23.635999806722005,35.45193567583638,28.75372050022139,74.06,0.0,0.0,1,1,23.066071714673722,-4.107154303432061,23.066071714673722,-4.107154303432061,25.373870911136752,-1.7993551069690312,21.914333216349284,-5.258892801756499,0.7045454545454546,0.5555555555555556,0.29545454545454547,0.22685185185185186,0.0,0.4473905723905724,medium
2022-01-01,Visakhapatnam,Bulk Minerals & Ores,23.47161311487998,86.2074193548387,56869.521269114775,30872.61808399465,3.096774193548387,True,29830.26000000001,1.0,27.173226018105783,23.635999806722005,35.45193567583638,28.75372050022139,74.06,30769.69,0.34935690111104956,1,1,23.066071714673722,-4.107154303432061,23.066071714673722,-4.107154303432061,25.373870911136752,-1.7993551069690312,21.914333216349284,-5.258892801756499,0.7045454545454546,0.5555555555555556,0.29545454545454547,0.8703703703703703,0.0,0.5760942760942761,medium
2022-01-01,Visakhapatnam,Coal,23.47161311487998,86.2074193548387,56869.521269114775,30872.61808399465,3.096774193548387,True,0.0,0.0,27.173226018105783,23.635999806722005,35.45193567583638,28.75372050022139,74.06,0.0,0.0,1,1,23.066071714673722,-4.107154303432061,23.066071714673722,-4.107154303432061,25.373870911136752,-1.7993551069690312,21.914333216349284,-5.258892801756499,0.7045454545454546,0.5555555555555556,0.29545454545454547,0.8703703703703703,0.0,0.5760942760942761,medium
2022-01-01,Visakhapatnam,Iron Ore,23.47161311487998,86.2074193548387,56869.521269114775,30872.61808399465,3.096774193548387,True,0.0,0.0,27.173226018105783,23.635999806722005,35.45193567583638,28.75372050022139,74.06,0.0,0.0,1,1,23.066071714673722,-4.107154303432061,23.066071714673722,-4.107154303432061,25.373870911136752,-1.7993551069690312,21.914333216349284,-5.258892801756499,0.7045454545454546,0.5555555555555556,0.29545454545454547,0.8703703703703703,0.0,0.5760942760942761,medium
2022-02-01,Chennai,Bulk Minerals & Ores,23.066071714673722,97.1707142857143,0.0,0.0,0.35714285714285715,True,31041.33,1.0,23.47161311487998,27.173226018105783,23.635999806722005,24.760279646569256,86.2074193548387,29830.26000000001,0.8333652268515095,2,1,25.373870911136752,1.902257796256773,25.373870911136752,1.902257796256773,21.914333216349284,-1.5572798985306946,23.343225786762854,-0.1283873281171246,0.45454545454545453,0.1111111111111111,0.3181818181818182,0.10185185185185185,0.0,0.24941077441077442,low
2022-02-01,Chennai,Coal,23.066071714673722,97.1707142857143,0.0,0.0,0.35714285714285715,True,0.0,0.0,23.47161311487998,27.173226018105783,23.635999806722005,24.760279646569256,86.2074193548387,0.0,0.0,2,1,25.373870911136752,1.902257796256773,25.373870911136752,1.902257796256773,21.914333216349284,-1.5572798985306946,23.343225786762854,-0.1283873281171246,0.45454545454545453,0.1111111111111111,0.3181818181818182,0.10185185185185185,0.0,0.24941077441077442,low
2022-02-01,Chennai,Iron Ore,23.066071714673722,97.1707142857143,0.0,0.0,0.35714285714285715,True,0.0,0.0,23.47161311487998,27.173226018105783,23.635999806722005,24.760279646569256,86.2074193548387,0.0,0.0,2,1,25.373870911136752,1.902257796256773,25.373870911136752,1.902257796256773,21.914333216349284,-1.5572798985306946,23.343225786762854,-0.1283873281171246,0.45454545454545453,0.1111111111111111,0.3181818181818182,0.10185185185185185,0.0,0.24941077441077442,low
2022-02-01,Dhamra,Bulk Minerals & Ores,23.066071714673722,97.1707142857143,0.0,0.0,0.0,False,31041.33,1.0,23.47161311487998,27.173226018105783,23.635999806722005,24.760279646569256,86.2074193548387,29830.26000000001,0.8333652268515095,2,1,25.373870911136752,1.902257796256773,25.373870911136752,1.902257796256773,21.914333216349284,-1.5572798985306946,23.343225786762854,-0.1283873281171246,0.45454545454545453,0.1111111111111111,0.3181818181818182,0.5,1.0,0.429040404040404,low
2022-02-01,Dhamra,Coal,23.066071714673722,97.1707142857143,0.0,0.0,0.0,False,0.0,0.0,23.47161311487998,27.173226018105783,23.635999806722005,24.760279646569256,86.2074193548387,0.0,0.0,2,1,25.373870911136752,1.902257796256773,25.373870911136752,1.902257796256773,21.914333216349284,-1.5572798985306946,23.343225786762854,-0.1283873281171246,0.45454545454545453,0.1111111111111111,0.3181818181818182,0.5,1.0,0.429040404040404,low
2022-02-01,Dhamra,Iron Ore,23.066071714673722,97.1707142857143,0.0,0.0,0.0,False,0.0,0.0,23.47161311487998,27.173226018105783,23.635999806722005,24.760279646569256,86.2074193548387,0.0,0.0,2,1,25.373870911136752,1.902257796256773,25.373870911136752,1.902257796256773,21.914333216349284,-1.5572798985306946,23.343225786762854,-0.1283873281171246,0.45454545454545453,0.1111111111111111,0.3181818181818182,0.5,1.0,0.429040404040404,low
2022-02-01,Gangavaram,Bulk Minerals & Ores,23.066071714673722,97.1707142857143,0.0,0.0,0.0,False,31041.33,1.0,23.47161311487998,27.173226018105783,23.635999806722005,24.760279646569256,86.2074193548387,29830.26000000001,0.8333652268515095,2,1,25.373870911136752,1.902257796256773,25.373870911136752,1.902257796256773,21.914333216349284,-1.5572798985306946,23.343225786762854,-0.1283873281171246,0.45454545454545453,0.1111111111111111,0.3181818181818182,0.5,1.0,0.429040404040404,low
2022-02-01,Gangavaram,Coal,23.066071714673722,97.1707142857143,0.0,0.0,0.0,False,0.0,0.0,23.47161311487998,27.173226018105783,23.635999806722005,24.760279646569256,86.2074193548387,0.0,0.0,2,1,25.373870911136752,1.902257796256773,25.373870911136752,1.902257796256773,21.914333216349284,-1.5572798985306946,23.343225786762854,-0.1283873281171246,0.45454545454545453,0.1111111111111111,0.3181818181818182,0.5,1.0,0.429040404040404,low
2022-02-01,Gangavaram,Iron Ore,23.066071714673722,97.1707142857143,0.0,0.0,0.0,False,0.0,0.0,23.47161311487998,27.173226018105783,23.635999806722005,24.760279646569256,86.2074193548387,0.0,0.0,2,1,25.373870911136752,1.902257796256773,25.373870911136752,1.902257796256773,21.914333216349284,-1.5572798985306946,23.343225786762854,-0.1283873281171246,0.45454545454545453,0.1111111111111111,0.3181818181818182,0.5,1.0,0.429040404040404,low
2022-02-01,Gopalpur,Bulk Minerals & Ores,23.066071714673722,97.1707142857143,0.0,0.0,0.0,False,31041.33,1.0,23.47161311487998,27.173226018105783,23.635999806722005,24.760279646569256,86.2074193548387,29830.26000000001,0.8333652268515095,2,1,25.373870911136752,1.902257796256773,25.373870911136752,1.902257796256773,21.914333216349284,-1.5572798985306946,23.343225786762854,-0.1283873281171246,0.45454545454545453,0.1111111111111111,0.3181818181818182,0.5,1.0,0.429040404040404,low
2022-02-01,Gopalpur,Coal,23.066071714673722,97.1707142857143,0.0,0.0,0.0,False,0.0,0.0,23.47161311487998,27.173226018105783,23.635999806722005,24.760279646569256,86.2074193548387,0.0,0.0,2,1,25.373870911136752,1.902257796256773,25.373870911136752,1.902257796256773,21.914333216349284,-1.5572798985306946,23.343225786762854,-0.1283873281171246,0.45454545454545453,0.1111111111111111,0.3181818181818182,0.5,1.0,0.429040404040404,low
2022-02-01,Gopalpur,Iron Ore,23.066071714673722,97.1707142857143,0.0,0.0,0.0,False,0.0,0.0,23.47161311487998,27.173226018105783,23.635999806722005,24.760279646569256,86.2074193548387,0.0,0.0,2,1,25.373870911136752,1.902257796256773,25.373870911136752,1.902257796256773,21.914333216349284,-1.5572798985306946,23.343225786762854,-0.1283873281171246,0.45454545454545453,0.1111111111111111,0.3181818181818182,0.5,1.0,0.429040404040404,low
2022-02-01,Haldia,Bulk Minerals & Ores,23.066071714673722,97.1707142857143,15924.539651398538,2166.7651000941837,1.7142857142857142,True,31041.33,1.0,23.47161311487998,27.173226018105783,23.635999806722005,24.760279646569256,86.2074193548387,29830.26000000001,0.8333652268515095,2,1,25.373870911136752,1.902257796256773,25.373870911136752,1.902257796256773,21.914333216349284,-1.5572798985306946,23.343225786762854,-0.1283873281171246,0.45454545454545453,0.1111111111111111,0.3181818181818182,0.5370370370370371,0.0,0.33644781144781144,low
2022-02-01,Haldia,Coal,23.066071714673722,97.1707142857143,15924.539651398538,2166.7651000941837,1.7142857142857142,True,0.0,0.0,23.47161311487998,27.173226018105783,23.635999806722005,24.760279646569256,86.2074193548387,0.0,0.0,2,1,25.373870911136752,1.902257796256773,25.373870911136752,1.902257796256773,21.914333216349284,-1.5572798985306946,23.343225786762854,-0.1283873281171246,0.45454545454545453,0.1111111111111111,0.3181818181818182,0.5370370370370371,0.0,0.33644781144781144,low
2022-02-01,Haldia,Iron Ore,23.066071714673722,97.1707142857143,15924.539651398538,2166.7651000941837,1.7142857142857142,True,0.0,0.0,23.47161311487998,27.173226018105783,23.635999806722005,24.760279646569256,86.2074193548387,0.0,0.0,2,1,25.373870911136752,1.902257796256773,25.373870911136752,1.902257796256773,21.914333216349284,-1.5572798985306946,23.343225786762854,-0.1283873281171246,0.45454545454545453,0.1111111111111111,0.3181818181818182,0.5370370370370371,0.0,0.33644781144781144,low
2022-02-01,Kamarajar,Bulk Minerals & Ores,23.066071714673722,97.1707142857143,33574.01677468171,0.0,1.0357142857142858,True,31041.33,1.0,23.47161311487998,27.173226018105783,23.635999806722005,24.760279646569256,86.2074193548387,29830.26000000001,0.8333652268515095,2,1,25.373870911136752,1.902257796256773,25.373870911136752,1.902257796256773,21.914333216349284,-1.5572798985306946,23.343225786762854,-0.1283873281171246,0.45454545454545453,0.1111111111111111,0.3181818181818182,0.44907407407407407,0.0,0.31885521885521884,low
2022-02-01,Kamarajar,Coal,23.066071714673722,97.1707142857143,33574.01677468171,0.0,1.0357142857142858,True,0.0,0.0,23.47161311487998,27.173226018105783,23.635999806722005,24.760279646569256,86.2074193548387,0.0,0.0,2,1,25.373870911136752,1.902257796256773,25.373870911136752,1.902257796256773,21.914333216349284,-1.5572798985306946,23.343225786762854,-0.1283873281171246,0.45454545454545453,0.1111111111111111,0.3181818181818182,0.44907407407407407,0.0,0.31885521885521884,low
2022-02-01,Kamarajar,Iron Ore,23.066071714673722,97.1707142857143,33574.01677468171,0.0,1.0357142857142858,True,0.0,0.0,23.47161311487998,27.173226018105783,23.635999806722005,24.760279646569256,86.2074193548387,0.0,0.0,2,1,25.373870911136752,1.902257796256773,25.373870911136752,1.902257796256773,21.914333216349284,-1.5572798985306946,23.343225786762854,-0.1283873281171246,0.45454545454545453,0.1111111111111111,0.3181818181818182,0.44907407407407407,0.0,0.31885521885521884,low
2022-02-01,Paradip,Bulk Minerals & Ores,23.066071714673722,97.1707142857143,46210.11663725321,92187.36062918918,4.035714285714286,True,31041.33,1.0,23.47161311487998,27.173226018105783,23.635999806722005,24.760279646569256,86.2074193548387,29830.26000000001,0.8333652268515095,2,1,25.373870911136752,1.902257796256773,25.373870911136752,1.902257796256773,21.914333216349284,-1.5572798985306946,23.343225786762854,-0.1283873281171246,0.45454545454545453,0.1111111111111111,0.3181818181818182,0.9861111111111112,0.0,0.4262626262626263,low
2022-02-01,Paradip,Coal,23.066071714673722,97.1707142857143,46210.11663725321,92187.36062918918,4.035714285714286,True,0.0,0.0,23.47161311487998,27.173226018105783,23.635999806722005,24.760279646569256,86.2074193548387,0.0,0.0,2,1,25.373870911136752,1.902257796256773,25.373870911136752,1.902257796256773,21.914333216349284,-1.5572798985306946,23.343225786762854,-0.1283873281171246,0.45454545454545453,0.1111111111111111,0.3181818181818182,0.9861111111111112,0.0,0.4262626262626263,low
2022-02-01,Paradip,Iron Ore,23.066071714673722,97.1707142857143,46210.11663725321,92187.36062918918,4.035714285714286,True,0.0,0.0,23.47161311487998,27.173226018105783,23.635999806722005,24.760279646569256,86.2074193548387,0.0,0.0,2,1,25.373870911136752,1.902257796256773,25.373870911136752,1.902257796256773,21.914333216349284,-1.5572798985306946,23.343225786762854,-0.1283873281171246,0.45454545454545453,0.1111111111111111,0.3181818181818182,0.9861111111111112,0.0,0.4262626262626263,low
2022-02-01,Sagar Sandheads,Bulk Minerals & Ores,23.066071714673722,97.1707142857143,0.0,0.0,0.0,False,31041.33,1.0,23.47161311487998,27.173226018105783,23.635999806722005,24.760279646569256,86.2074193548387,29830.26000000001,0.8333652268515095,2,1,25.373870911136752,1.902257796256773,25.373870911136752,1.902257796256773,21.914333216349284,-1.5572798985306946,23.343225786762854,-0.1283873281171246,0.45454545454545453,0.1111111111111111,0.3181818181818182,0.5,1.0,0.429040404040404,low
2022-02-01,Sagar Sandheads,Coal,23.066071714673722,97.1707142857143,0.0,0.0,0.0,False,0.0,0.0,23.47161311487998,27.173226018105783,23.635999806722005,24.760279646569256,86.2074193548387,0.0,0.0,2,1,25.373870911136752,1.902257796256773,25.373870911136752,1.902257796256773,21.914333216349284,-1.5572798985306946,23.343225786762854,-0.1283873281171246,0.45454545454545453,0.1111111111111111,0.3181818181818182,0.5,1.0,0.429040404040404,low
2022-02-01,Sagar Sandheads,Iron Ore,23.066071714673722,97.1707142857143,0.0,0.0,0.0,False,0.0,0.0,23.47161311487998,27.173226018105783,23.635999806722005,24.760279646569256,86.2074193548387,0.0,0.0,2,1,25.373870911136752,1.902257796256773,25.373870911136752,1.902257796256773,21.914333216349284,-1.5572798985306946,23.343225786762854,-0.1283873281171246,0.45454545454545453,0.1111111111111111,0.3181818181818182,0.5,1.0,0.429040404040404,low
2022-02-01,Tuticorin,Bulk Minerals & Ores,23.066071714673722,97.1707142857143,18087.707367150295,0.0,0.8571428571428571,True,31041.33,1.0,23.47161311487998,27.173226018105783,23.635999806722005,24.760279646569256,86.2074193548387,29830.26000000001,0.8333652268515095,2,1,25.373870911136752,1.902257796256773,25.373870911136752,1.902257796256773,21.914333216349284,-1.5572798985306946,23.343225786762854,-0.1283873281171246,0.45454545454545453,0.1111111111111111,0.3181818181818182,0.3148148148148148,0.0,0.29200336700336704,low
2022-02-01,Tuticorin,Coal,23.066071714673722,97.1707142857143,18087.707367150295,0.0,0.8571428571428571,True,0.0,0.0,23.47161311487998,27.173226018105783,23.635999806722005,24.760279646569256,86.2074193548387,0.0,0.0,2,1,25.373870911136752,1.902257796256773,25.373870911136752,1.902257796256773,21.914333216349284,-1.5572798985306946,23.343225786762854,-0.1283873281171246,0.45454545454545453,0.1111111111111111,0.3181818181818182,0.3148148148148148,0.0,0.29200336700336704,low
2022-02-01,Tuticorin,Iron Ore,23.066071714673722,97.1707142857143,18087.707367150295,0.0,0.8571428571428571,True,0.0,0.0,23.47161311487998,27.173226018105783,23.635999806722005,24.760279646569256,86.2074193548387,0.0,0.0,2,1,25.373870911136752,1.902257796256773,25.373870911136752,1.902257796256773,21.914333216349284,-1.5572798985306946,23.343225786762854,-0.1283873281171246,0.45454545454545453,0.1111111111111111,0.3181818181818182,0.3148148148148148,0.0,0.29200336700336704,low
2022-02-01,Visakhapatnam,Bulk Minerals & Ores,23.066071714673722,97.1707142857143,64017.98489746106,32912.02825700804,3.392857142857143,True,31041.33,1.0,23.47161311487998,27.173226018105783,23.635999806722005,24.760279646569256,86.2074193548387,29830.26000000001,0.8333652268515095,2,1,25.373870911136752,1.902257796256773,25.373870911136752,1.902257796256773,21.914333216349284,-1.5572798985306946,23.343225786762854,-0.1283873281171246,0.45454545454545453,0.1111111111111111,0.3181818181818182,0.9212962962962963,0.0,0.4132996632996633,low
2022-02-01,Visakhapatnam,Coal,23.066071714673722,97.1707142857143,64017.98489746106,32912.02825700804,3.392857142857143,True,0.0,0.0,23.47161311487998,27.173226018105783,23.635999806722005,24.760279646569256,86.2074193548387,0.0,0.0,2,1,25.373870911136752,1.902257796256773,25.373870911136752,1.902257796256773,21.914333216349284,-1.5572798985306946,23.343225786762854,-0.1283873281171246,0.45454545454545453,0.1111111111111111,0.3181818181818182,0.9212962962962963,0.0,0.4132996632996633,low
2022-02-01,Visakhapatnam,Iron Ore,23.066071714673722,97.1707142857143,64017.98489746106,32912.02825700804,3.392857142857143,True,0.0,0.0,23.47161311487998,27.173226018105783,23.635999806722005,24.760279646569256,86.2074193548387,0.0,0.0,2,1,25.373870911136752,1.902257796256773,25.373870911136752,1.902257796256773,21.914333216349284,-1.5572798985306946,23.343225786762854,-0.1283873281171246,0.45454545454545453,0.1111111111111111,0.3181818181818182,0.9212962962962963,0.0,0.4132996632996633,low
2022-03-01,Chennai,Bulk Minerals & Ores,25.373870911136752,117.88903225806452,0.0,0.0,0.5483870967741935,True,44816.77000000002,1.0,23.066071714673722,23.47161311487998,27.173226018105783,24.57030361588649,97.1707142857143,31041.33,0.6941191457576676,3,1,21.914333216349284,-1.1517384983244376,21.914333216349284,-1.1517384983244376,23.343225786762854,0.27715407208913234,19.281333351135252,-3.7847383635384695,0.45454545454545453,0.4888888888888889,0.3181818181818182,0.18518518518518517,0.0,0.3416329966329966,low
2022-03-01,Chennai,Coal,25.373870911136752,117.88903225806452,0.0,0.0,0.5483870967741935,True,0.0,0.0,23.066071714673722,23.47161311487998,27.173226018105783,24.57030361588649,97.1707142857143,0.0,0.0,3,1,21.914333216349284,-1.1517384983244376,21.914333216349284,-1.1517384983244376,23.343225786762854,0.27715407208913234,19.281333351135252,-3.7847383635384695,0.45454545454545453,0.4888888888888889,0.3181818181818182,0.18518518518518517,0.0,0.3416329966329966,low
2022-03-01,Chennai,Iron Ore,25.373870911136752,117.88903225806452,0.0,0.0,0.5483870967741935,True,0.0,0.0,23.066071714673722,23.47161311487998,27.173226018105783,24.57030361588649,97.1707142857143,0.0,0.0,3,1,21.914333216349284,-1.1517384983244376,21.914333216349284,-1.1517384983244376,23.343225786762854,0.27715407208913234,19.281333351135252,-3.7847383635384695,0.45454545454545453,0.4888888888888889,0.3181818181818182,0.18518518518518517,0.0,0.3416329966329966,low
2022-03-01,Dhamra,Bulk Minerals & Ores,25.373870911136752,117.88903225806452,0.0,0.0,0.0,False,44816.77000000002,1.0,23.066071714673722,23.47161311487998,27.173226018105783,24.57030361588649,97.1707142857143,31041.33,0.6941191457576676,3,1,21.914333216349284,-1.1517384983244376,21.914333216349284,-1.1517384983244376,23.343225786762854,0.27715407208913234,19.281333351135252,-3.7847383635384695,0.45454545454545453,0.4888888888888889,0.3181818181818182,0.5,1.0,0.5045959595959596,medium
2022-03-01,Dhamra,Coal,25.373870911136752,117.88903225806452,0.0,0.0,0.0,False,0.0,0.0,23.066071714673722,23.47161311487998,27.173226018105783,24.57030361588649,97.1707142857143,0.0,0.0,3,1,21.914333216349284,-1.1517384983244376,21.914333216349284,-1.1517384983244376,23.343225786762854,0.27715407208913234,19.281333351135252,-3.7847383635384695,0.45454545454545453,0.4888888888888889,0.3181818181818182,0.5,1.0,0.5045959595959596,medium
2022-03-01,Dhamra,Iron Ore,25.373870911136752,117.88903225806452,0.0,0.0,0.0,False,0.0,0.0,23.066071714673722,23.47161311487998,27.173226018105783,24.57030361588649,97.1707142857143,0.0,0.0,3,1,21.914333216349284,-1.1517384983244376,21.914333216349284,-1.1517384983244376,23.343225786762854,0.27715407208913234,19.281333351135252,-3.7847383635384695,0.45454545454545453,0.4888888888888889,0.3181818181818182,0.5,1.0,0.5045959595959596,medium
2022-03-01,Gangavaram,Bulk Minerals & Ores,25.373870911136752,117.88903225806452,0.0,0.0,0.0,False,44816.77000000002,1.0,23.066071714673722,23.47161311487998,27.173226018105783,24.57030361588649,97.1707142857143,31041.33,0.6941191457576676,3,1,21.914333216349284,-1.1517384983244376,21.914333216349284,-1.1517384983244376,23.343225786762854,0.27715407208913234,19.281333351135252,-3.7847383635384695,0.45454545454545453,0.4888888888888889,0.3181818181818182,0.5,1.0,0.5045959595959596,medium
2022-03-01,Gangavaram,Coal,25.373870911136752,117.88903225806452,0.0,0.0,0.0,False,0.0,0.0,23.066071714673722,23.47161311487998,27.173226018105783,24.57030361588649,97.1707142857143,0.0,0.0,3,1,21.914333216349284,-1.1517384983244376,21.914333216349284,-1.1517384983244376,23.343225786762854,0.27715407208913234,19.281333351135252,-3.7847383635384695,0.45454545454545453,0.4888888888888889,0.3181818181818182,0.5,1.0,0.5045959595959596,medium
2022-03-01,Gangavaram,Iron Ore,25.373870911136752,117.88903225806452,0.0,0.0,0.0,False,0.0,0.0,23.066071714673722,23.47161311487998,27.173226018105783,24.57030361588649,97.1707142857143,0.0,0.0,3,1,21.914333216349284,-1.1517384983244376,21.914333216349284,-1.1517384983244376,23.343225786762854,0.27715407208913234,19.281333351135252,-3.7847383635384695,0.45454545454545453,0.4888888888888889,0.3181818181818182,0.5,1.0,0.5045959595959596,medium
2022-03-01,Gopalpur,Bulk Minerals & Ores,25.373870911136752,117.88903225806452,0.0,0.0,0.0,False,44816.77000000002,1.0,23.066071714673722,23.47161311487998,27.173226018105783,24.57030361588649,97.1707142857143,31041.33,0.6941191457576676,3,1,21.914333216349284,-1.1517384983244376,21.914333216349284,-1.1517384983244376,23.343225786762854,0.27715407208913234,19.281333351135252,-3.7847383635384695,0.45454545454545453,0.4888888888888889,0.3181818181818182,0.5,1.0,0.5045959595959596,medium
2022-03-01,Gopalpur,Coal,25.373870911136752,117.88903225806452,0.0,0.0,0.0,False,0.0,0.0,23.066071714673722,23.47161311487998,27.173226018105783,24.57030361588649,97.1707142857143,0.0,0.0,3,1,21.914333216349284,-1.1517384983244376,21.914333216349284,-1.1517384983244376,23.343225786762854,0.27715407208913234,19.281333351135252,-3.7847383635384695,0.45454545454545453,0.4888888888888889,0.3181818181818182,0.5,1.0,0.5045959595959596,medium
2022-03-01,Gopalpur,Iron Ore,25.373870911136752,117.88903225806452,0.0,0.0,0.0,False,0.0,0.0,23.066071714673722,23.47161311487998,27.173226018105783,24.57030361588649,97.1707142857143,0.0,0.0,3,1,21.914333216349284,-1.1517384983244376,21.914333216349284,-1.1517384983244376,23.343225786762854,0.27715407208913234,19.281333351135252,-3.7847383635384695,0.45454545454545453,0.4888888888888889,0.3181818181818182,0.5,1.0,0.5045959595959596,medium
2022-03-01,Haldia,Bulk Minerals & Ores,25.373870911136752,117.88903225806452,15171.959432555475,1572.4884679984646,2.096774193548387,True,44816.77000000002,1.0,23.066071714673722,23.47161311487998,27.173226018105783,24.57030361588649,97.1707142857143,31041.33,0.6941191457576676,3,1,21.914333216349284,-1.1517384983244376,21.914333216349284,-1.1517384983244376,23.343225786762854,0.27715407208913234,19.281333351135252,-3.7847383635384695,0.45454545454545453,0.4888888888888889,0.3181818181818182,0.5925925925925926,0.0,0.4231144781144781,low
2022-03-01,Haldia,Coal,25.373870911136752,117.88903225806452,15171.959432555475,1572.4884679984646,2.096774193548387,True,0.0,0.0,23.066071714673722,23.47161311487998,27.173226018105783,24.57030361588649,97.1707142857143,0.0,0.0,3,1,21.914333216349284,-1.1517384983244376,21.914333216349284,-1.1517384983244376,23.343225786762854,0.27715407208913234,19.281333351135252,-3.7847383635384695,0.45454545454545453,0.4888888888888889,0.3181818181818182,0.5925925925925926,0.0,0.4231144781144781,low
2022-03-01,Haldia,Iron Ore,25.373870911136752,117.88903225806452,15171.959432555475,1572.4884679984646,2.096774193548387,True,0.0,0.0,23.066071714673722,23.47161311487998,27.173226018105783,24.57030361588649,97.1707142857143,0.0,0.0,3,1,21.914333216349284,-1.1517384983244376,21.914333216349284,-1.1517384983244376,23.343225786762854,0.27715407208913234,19.281333351135252,-3.7847383635384695,0.45454545454545453,0.4888888888888889,0.3181818181818182,0.5925925925925926,0.0,0.4231144781144781,low
2022-03-01,Kamarajar,Bulk Minerals & Ores,25.373870911136752,117.88903225806452,37549.26419612567,0.0,1.064516129032258,True,44816.77000000002,1.0,23.066071714673722,23.47161311487998,27.173226018105783,24.57030361588649,97.1707142857143,31041.33,0.6941191457576676,3,1,21.914333216349284,-1.1517384983244376,21.914333216349284,-1.1517384983244376,23.343225786762854,0.27715407208913234,19.281333351135252,-3.7847383635384695,0.45454545454545453,0.4888888888888889,0.3181818181818182,0.4583333333333333,0.0,0.39626262626262626,low
2022-03-01,Kamarajar,Coal,25.373870911136752,117.88903225806452,37549.26419612567,0.0,1.064516129032258,True,0.0,0.0,23.066071714673722,23.47161311487998,27.173226018105783,24.57030361588649,97.1707142857143,0.0,0.0,3,1,21.914333216349284,-1.1517384983244376,21.914333216349284,-1.1517384983244376,23.343225786762854,0.27715407208913234,19.281333351135252,-3.7847383635384695,0.45454545454545453,0.4888888888888889,0.3181818181818182,0.4583333333333333,0.0,0.39626262626262626,low
2022-03-01,Kamarajar,Iron Ore,25.373870911136752,117.88903225806452,37549.26419612567,0.0,1.064516129032258,True,0.0,0.0,23.066071714673722,23.47161311487998,27.173226018105783,24.57030361588649,97.1707142857143,0.0,0.0,3,1,21.914333216349284,-1.1517384983244376,21.914333216349284,-1.1517384983244376,23.343225786762854,0.27715407208913234,19.281333351135252,-3.7847383635384695,0.45454545454545453,0.4888888888888889,0.3181818181818182,0.4583333333333333,0.0,0.39626262626262626,low
2022-03-01,Paradip,Bulk Minerals & Ores,25.373870911136752,117.88903225806452,54498.4300286854,99355.43360916087,4.258064516129032,True,44816.77000000002,1.0,23.066071714673722,23.47161311487998,27.173226018105783,24.57030361588649,97.1707142857143,31041.33,0.6941191457576676,3,1,21.914333216349284,-1.1517384983244376,21.914333216349284,-1.1517384983244376,23.343225786762854,0.27715407208913234,19.281333351135252,-3.7847383635384695,0.45454545454545453,0.4888888888888889,0.3181818181818182,0.9953703703703703,0.0,0.5036700336700337,medium
2022-03-01,Paradip,Coal,25.373870911136752,117.88903225806452,54498.4300286854,99355.43360916087,4.258064516129032,True,0.0,0.0,23.066071714673722,23.47161311487998,27.173226018105783,24.57030361588649,97.1707142857143,0.0,0.0,3,1,21.914333216349284,-1.1517384983244376,21.914333216349284,-1.1517384983244376,23.343225786762854,0.27715407208913234,19.281333351135252,-3.7847383635384695,0.45454545454545453,0.4888888888888889,0.3181818181818182,0.9953703703703703,0.0,0.5036700336700337,medium
2022-03-01,Paradip,Iron Ore,25.373870911136752,117.88903225806452,54498.4300286854,99355.43360916087,4.258064516129032,True,0.0,0.0,23.066071714673722,23.47161311487998,27.173226018105783,24.57030361588649,97.1707142857143,0.0,0.0,3,1,21.914333216349284,-1.1517384983244376,21.914333216349284,-1.1517384983244376,23.343225786762854,0.27715407208913234,19.281333351135252,-3.7847383635384695,0.45454545454545453,0.4888888888888889,0.3181818181818182,0.9953703703703703,0.0,0.5036700336700337,medium
2022-03-01,Sagar Sandheads,Bulk Minerals & Ores,25.373870911136752,117.88903225806452,0.0,0.0,0.0,False,44816.77000000002,1.0,23.066071714673722,23.47161311487998,27.173226018105783,24.57030361588649,97.1707142857143,31041.33,0.6941191457576676,3,1,21.914333216349284,-1.1517384983244376,21.914333216349284,-1.1517384983244376,23.343225786762854,0.27715407208913234,19.281333351135252,-3.7847383635384695,0.45454545454545453,0.4888888888888889,0.3181818181818182,0.5,1.0,0.5045959595959596,medium
2022-03-01,Sagar Sandheads,Coal,25.373870911136752,117.88903225806452,0.0,0.0,0.0,False,0.0,0.0,23.066071714673722,23.47161311487998,27.173226018105783,24.57030361588649,97.1707142857143,0.0,0.0,3,1,21.914333216349284,-1.1517384983244376,21.914333216349284,-1.1517384983244376,23.343225786762854,0.27715407208913234,19.281333351135252,-3.7847383635384695,0.45454545454545453,0.4888888888888889,0.3181818181818182,0.5,1.0,0.5045959595959596,medium
2022-03-01,Sagar Sandheads,Iron Ore,25.373870911136752,117.88903225806452,0.0,0.0,0.0,False,0.0,0.0,23.066071714673722,23.47161311487998,27.173226018105783,24.57030361588649,97.1707142857143,0.0,0.0,3,1,21.914333216349284,-1.1517384983244376,21.914333216349284,-1.1517384983244376,23.343225786762854,0.27715407208913234,19.281333351135252,-3.7847383635384695,0.45454545454545453,0.4888888888888889,0.3181818181818182,0.5,1.0,0.5045959595959596,medium
2022-03-01,Tuticorin,Bulk Minerals & Ores,25.373870911136752,117.88903225806452,32190.474083596895,0.0,1.1935483870967742,True,44816.77000000002,1.0,23.066071714673722,23.47161311487998,27.173226018105783,24.57030361588649,97.1707142857143,31041.33,0.6941191457576676,3,1,21.914333216349284,-1.1517384983244376,21.914333216349284,-1.1517384983244376,23.343225786762854,0.27715407208913234,19.281333351135252,-3.7847383635384695,0.45454545454545453,0.4888888888888889,0.3181818181818182,0.49537037037037035,0.0,0.4036700336700337,low
2022-03-01,Tuticorin,Coal,25.373870911136752,117.88903225806452,32190.474083596895,0.0,1.1935483870967742,True,0.0,0.0,23.066071714673722,23.47161311487998,27.173226018105783,24.57030361588649,97.1707142857143,0.0,0.0,3,1,21.914333216349284,-1.1517384983244376,21.914333216349284,-1.1517384983244376,23.343225786762854,0.27715407208913234,19.281333351135252,-3.7847383635384695,0.45454545454545453,0.4888888888888889,0.3181818181818182,0.49537037037037035,0.0,0.4036700336700337,low
2022-03-01,Tuticorin,Iron Ore,25.373870911136752,117.88903225806452,32190.474083596895,0.0,1.1935483870967742,True,0.0,0.0,23.066071714673722,23.47161311487998,27.173226018105783,24.57030361588649,97.1707142857143,0.0,0.0,3,1,21.914333216349284,-1.1517384983244376,21.914333216349284,-1.1517384983244376,23.343225786762854,0.27715407208913234,19.281333351135252,-3.7847383635384695,0.45454545454545453,0.4888888888888889,0.3181818181818182,0.49537037037037035,0.0,0.4036700336700337,low
2022-03-01,Visakhapatnam,Bulk Minerals & Ores,25.373870911136752,117.88903225806452,85699.63370599525,37271.65270542577,3.5806451612903225,True,44816.77000000002,1.0,23.066071714673722,23.47161311487998,27.173226018105783,24.57030361588649,97.1707142857143,31041.33,0.6941191457576676,3,1,21.914333216349284,-1.1517384983244376,21.914333216349284,-1.1517384983244376,23.343225786762854,0.27715407208913234,19.281333351135252,-3.7847383635384695,0.45454545454545453,0.4888888888888889,0.3181818181818182,0.9398148148148148,0.0,0.49255892255892253,medium
2022-03-01,Visakhapatnam,Coal,25.373870911136752,117.88903225806452,85699.63370599525,37271.65270542577,3.5806451612903225,True,0.0,0.0,23.066071714673722,23.47161311487998,27.173226018105783,24.57030361588649,97.1707142857143,0.0,0.0,3,1,21.914333216349284,-1.1517384983244376,21.914333216349284,-1.1517384983244376,23.343225786762854,0.27715407208913234,19.281333351135252,-3.7847383635384695,0.45454545454545453,0.4888888888888889,0.3181818181818182,0.9398148148148148,0.0,0.49255892255892253,medium
2022-03-01,Visakhapatnam,Iron Ore,25.373870911136752,117.88903225806452,85699.63370599525,37271.65270542577,3.5806451612903225,True,0.0,0.0,23.066071714673722,23.47161311487998,27.173226018105783,24.57030361588649,97.1707142857143,0.0,0.0,3,1,21.914333216349284,-1.1517384983244376,21.914333216349284,-1.1517384983244376,23.343225786762854,0.27715407208913234,19.281333351135252,-3.7847383635384695,0.45454545454545453,0.4888888888888889,0.3181818181818182,0.9398148148148148,0.0,0.49255892255892253,medium
2022-04-01,Chennai,Bulk Minerals & Ores,21.914333216349284,105.45633333333333,0.0,0.0,0.3,True,49004.81,1.0,25.373870911136752,23.066071714673722,23.47161311487998,23.970518580230152,117.88903225806452,44816.77000000002,0.922529282347107,4,2,23.343225786762854,-2.0306451243738977,23.343225786762854,-2.0306451243738977,19.281333351135252,-6.0925375600014995,14.86354846339072,-10.510322447746033,0.4772727272727273,0.5555555555555556,0.3409090909090909,0.06481481481481481,0.0,0.34225589225589226,low
2022-04-01,Chennai,Coal,21.914333216349284,105.45633333333333,0.0,0.0,0.3,True,0.0,0.0,25.373870911136752,23.066071714673722,23.47161311487998,23.970518580230152,117.88903225806452,0.0,0.0,4,2,23.343225786762854,-2.0306451243738977,23.343225786762854,-2.0306451243738977,19.281333351135252,-6.0925375600014995,14.86354846339072,-10.510322447746033,0.4772727272727273,0.5555555555555556,0.3409090909090909,0.06481481481481481,0.0,0.34225589225589226,low
2022-04-01,Chennai,Iron Ore,21.914333216349284,105.45633333333333,0.0,0.0,0.3,True,0.0,0.0,25.373870911136752,23.066071714673722,23.47161311487998,23.970518580230152,117.88903225806452,0.0,0.0,4,2,23.343225786762854,-2.0306451243738977,23.343225786762854,-2.0306451243738977,19.281333351135252,-6.0925375600014995,14.86354846339072,-10.510322447746033,0.4772727272727273,0.5555555555555556,0.3409090909090909,0.06481481481481481,0.0,0.34225589225589226,low
2022-04-01,Dhamra,Bulk Minerals & Ores,21.914333216349284,105.45633333333333,0.0,0.0,0.0,False,49004.81,1.0,25.373870911136752,23.066071714673722,23.47161311487998,23.970518580230152,117.88903225806452,44816.77000000002,0.922529282347107,4,2,23.343225786762854,-2.0306451243738977,23.343225786762854,-2.0306451243738977,19.281333351135252,-6.0925375600014995,14.86354846339072,-10.510322447746033,0.4772727272727273,0.5555555555555556,0.3409090909090909,0.5,1.0,0.5292929292929293,medium
2022-04-01,Dhamra,Coal,21.914333216349284,105.45633333333333,0.0,0.0,0.0,False,0.0,0.0,25.373870911136752,23.066071714673722,23.47161311487998,23.970518580230152,117.88903225806452,0.0,0.0,4,2,23.343225786762854,-2.0306451243738977,23.343225786762854,-2.0306451243738977,19.281333351135252,-6.0925375600014995,14.86354846339072,-10.510322447746033,0.4772727272727273,0.5555555555555556,0.3409090909090909,0.5,1.0,0.5292929292929293,medium
2022-04-01,Dhamra,Iron Ore,21.914333216349284,105.45633333333333,0.0,0.0,0.0,False,0.0,0.0,25.373870911136752,23.066071714673722,23.47161311487998,23.970518580230152,117.88903225806452,0.0,0.0,4,2,23.343225786762854,-2.0306451243738977,23.343225786762854,-2.0306451243738977,19.281333351135252,-6.0925375600014995,14.86354846339072,-10.510322447746033,0.4772727272727273,0.5555555555555556,0.3409090909090909,0.5,1.0,0.5292929292929293,medium
2022-04-01,Gangavaram,Bulk Minerals & Ores,21.914333216349284,105.45633333333333,0.0,0.0,0.0,False,49004.81,1.0,25.373870911136752,23.066071714673722,23.47161311487998,23.970518580230152,117.88903225806452,44816.77000000002,0.922529282347107,4,2,23.343225786762854,-2.0306451243738977,23.343225786762854,-2.0306451243738977,19.281333351135252,-6.0925375600014995,14.86354846339072,-10.510322447746033,0.4772727272727273,0.5555555555555556,0.3409090909090909,0.5,1.0,0.5292929292929293,medium
2022-04-01,Gangavaram,Coal,21.914333216349284,105.45633333333333,0.0,0.0,0.0,False,0.0,0.0,25.373870911136752,23.066071714673722,23.47161311487998,23.970518580230152,117.88903225806452,0.0,0.0,4,2,23.343225786762854,-2.0306451243738977,23.343225786762854,-2.0306451243738977,19.281333351135252,-6.0925375600014995,14.86354846339072,-10.510322447746033,0.4772727272727273,0.5555555555555556,0.3409090909090909,0.5,1.0,0.5292929292929293,medium
2022-04-01,Gangavaram,Iron Ore,21.914333216349284,105.45633333333333,0.0,0.0,0.0,False,0.0,0.0,25.373870911136752,23.066071714673722,23.47161311487998,23.970518580230152,117.88903225806452,0.0,0.0,4,2,23.343225786762854,-2.0306451243738977,23.343225786762854,-2.0306451243738977,19.281333351135252,-6.0925375600014995,14.86354846339072,-10.510322447746033,0.4772727272727273,0.5555555555555556,0.3409090909090909,0.5,1.0,0.5292929292929293,medium
2022-04-01,Gopalpur,Bulk Minerals & Ores,21.914333216349284,105.45633333333333,0.0,0.0,0.0,False,49004.81,1.0,25.373870911136752,23.066071714673722,23.47161311487998,23.970518580230152,117.88903225806452,44816.77000000002,0.922529282347107,4,2,23.343225786762854,-2.0306451243738977,23.343225786762854,-2.0306451243738977,19.281333351135252,-6.0925375600014995,14.86354846339072,-10.510322447746033,0.4772727272727273,0.5555555555555556,0.3409090909090909,0.5,1.0,0.5292929292929293,medium
2022-04-01,Gopalpur,Coal,21.914333216349284,105.45633333333333,0.0,0.0,0.0,False,0.0,0.0,25.373870911136752,23.066071714673722,23.47161311487998,23.970518580230152,117.88903225806452,0.0,0.0,4,2,23.343225786762854,-2.0306451243738977,23.343225786762854,-2.0306451243738977,19.281333351135252,-6.0925375600014995,14.86354846339072,-10.510322447746033,0.4772727272727273,0.5555555555555556,0.3409090909090909,0.5,1.0,0.5292929292929293,medium
2022-04-01,Gopalpur,Iron Ore,21.914333216349284,105.45633333333333,0.0,0.0,0.0,False,0.0,0.0,25.373870911136752,23.066071714673722,23.47161311487998,23.970518580230152,117.88903225806452,0.0,0.0,4,2,23.343225786762854,-2.0306451243738977,23.343225786762854,-2.0306451243738977,19.281333351135252,-6.0925375600014995,14.86354846339072,-10.510322447746033,0.4772727272727273,0.5555555555555556,0.3409090909090909,0.5,1.0,0.5292929292929293,medium
2022-04-01,Haldia,Bulk Minerals & Ores,21.914333216349284,105.45633333333333,9768.67857659558,498.0551924747906,1.6,True,49004.81,1.0,25.373870911136752,23.066071714673722,23.47161311487998,23.970518580230152,117.88903225806452,44816.77000000002,0.922529282347107,4,2,23.343225786762854,-2.0306451243738977,23.343225786762854,-2.0306451243738977,19.281333351135252,-6.0925375600014995,14.86354846339072,-10.510322447746033,0.4772727272727273,0.5555555555555556,0.3409090909090909,0.5324074074074074,0.0,0.4357744107744108,medium
2022-04-01,Haldia,Coal,21.914333216349284,105.45633333333333,9768.67857659558,498.0551924747906,1.6,True,0.0,0.0,25.373870911136752,23.066071714673722,23.47161311487998,23.970518580230152,117.88903225806452,0.0,0.0,4,2,23.343225786762854,-2.0306451243738977,23.343225786762854,-2.0306451243738977,19.281333351135252,-6.0925375600014995,14.86354846339072,-10.510322447746033,0.4772727272727273,0.5555555555555556,0.3409090909090909,0.5324074074074074,0.0,0.4357744107744108,medium
2022-04-01,Haldia,Iron Ore,21.914333216349284,105.45633333333333,9768.67857659558,498.0551924747906,1.6,True,0.0,0.0,25.373870911136752,23.066071714673722,23.47161311487998,23.970518580230152,117.88903225806452,0.0,0.0,4,2,23.343225786762854,-2.0306451243738977,23.343225786762854,-2.0306451243738977,19.281333351135252,-6.0925375600014995,14.86354846339072,-10.510322447746033,0.4772727272727273,0.5555555555555556,0.3409090909090909,0.5324074074074074,0.0,0.4357744107744108,medium
2022-04-01,Kamarajar,Bulk Minerals & Ores,21.914333216349284,105.45633333333333,35138.67422184861,0.0,0.9666666666666667,True,49004.81,1.0,25.373870911136752,23.066071714673722,23.47161311487998,23.970518580230152,117.88903225806452,44816.77000000002,0.922529282347107,4,2,23.343225786762854,-2.0306451243738977,23.343225786762854,-2.0306451243738977,19.281333351135252,-6.0925375600014995,14.86354846339072,-10.510322447746033,0.4772727272727273,0.5555555555555556,0.3409090909090909,0.39351851851851855,0.0,0.407996632996633,low
2022-04-01,Kamarajar,Coal,21.914333216349284,105.45633333333333,35138.67422184861,0.0,0.9666666666666667,True,0.0,0.0,25.373870911136752,23.066071714673722,23.47161311487998,23.970518580230152,117.88903225806452,0.0,0.0,4,2,23.343225786762854,-2.0306451243738977,23.343225786762854,-2.0306451243738977,19.281333351135252,-6.0925375600014995,14.86354846339072,-10.510322447746033,0.4772727272727273,0.5555555555555556,0.3409090909090909,0.39351851851851855,0.0,0.407996632996633,low
2022-04-01,Kamarajar,Iron Ore,21.914333216349284,105.45633333333333,35138.67422184861,0.0,0.9666666666666667,True,0.0,0.0,25.373870911136752,23.066071714673722,23.47161311487998,23.970518580230152,117.88903225806452,0.0,0.0,4,2,23.343225786762854,-2.0306451243738977,23.343225786762854,-2.0306451243738977,19.281333351135252,-6.0925375600014995,14.86354846339072,-10.510322447746033,0.4772727272727273,0.5555555555555556,0.3409090909090909,0.39351851851851855,0.0,0.407996632996633,low
2022-04-01,Paradip,Bulk Minerals & Ores,21.914333216349284,105.45633333333333,57896.602142822885,108497.79435065947,4.633333333333334,True,49004.81,1.0,25.373870911136752,23.066071714673722,23.47161311487998,23.970518580230152,117.88903225806452,44816.77000000002,0.922529282347107,4,2,23.343225786762854,-2.0306451243738977,23.343225786762854,-2.0306451243738977,19.281333351135252,-6.0925375600014995,14.86354846339072,-10.510322447746033,0.4772727272727273,0.5555555555555556,0.3409090909090909,1.0,0.0,0.5292929292929294,medium
2022-04-01,Paradip,Coal,21.914333216349284,105.45633333333333,57896.602142822885,108497.79435065947,4.633333333333334,True,0.0,0.0,25.373870911136752,23.066071714673722,23.47161311487998,23.970518580230152,117.88903225806452,0.0,0.0,4,2,23.343225786762854,-2.0306451243738977,23.343225786762854,-2.0306451243738977,19.281333351135252,-6.0925375600014995,14.86354846339072,-10.510322447746033,0.4772727272727273,0.5555555555555556,0.3409090909090909,1.0,0.0,0.5292929292929294,medium
2022-04-01,Paradip,Iron Ore,21.914333216349284,105.45633333333333,57896.602142822885,108497.79435065947,4.633333333333334,True,0.0,0.0,25.373870911136752,23.066071714673722,23.47161311487998,23.970518580230152,117.88903225806452,0.0,0.0,4,2,23.343225786762854,-2.0306451243738977,23.343225786762854,-2.0306451243738977,19.281333351135252,-6.0925375600014995,14.86354846339072,-10.510322447746033,0.4772727272727273,0.5555555555555556,0.3409090909090909,1.0,0.0,0.5292929292929294,medium
2022-04-01,Sagar Sandheads,Bulk Minerals & Ores,21.914333216349284,105.45633333333333,0.0,0.0,0.0,False,49004.81,1.0,25.373870911136752,23.066071714673722,23.47161311487998,23.970518580230152,117.88903225806452,44816.77000000002,0.922529282347107,4,2,23.343225786762854,-2.0306451243738977,23.343225786762854,-2.0306451243738977,19.281333351135252,-6.0925375600014995,14.86354846339072,-10.510322447746033,0.4772727272727273,0.5555555555555556,0.3409090909090909,0.5,1.0,0.5292929292929293,medium
2022-04-01,Sagar Sandheads,Coal,21.914333216349284,105.45633333333333,0.0,0.0,0.0,False,0.0,0.0,25.373870911136752,23.066071714673722,23.47161311487998,23.970518580230152,117.88903225806452,0.0,0.0,4,2,23.343225786762854,-2.0306451243738977,23.343225786762854,-2.0306451243738977,19.281333351135252,-6.0925375600014995,14.86354846339072,-10.510322447746033,0.4772727272727273,0.5555555555555556,0.3409090909090909,0.5,1.0,0.5292929292929293,medium
2022-04-01,Sagar Sandheads,Iron Ore,21.914333216349284,105.45633333333333,0.0,0.0,0.0,False,0.0,0.0,25.373870911136752,23.066071714673722,23.47161311487998,23.970518580230152,117.88903225806452,0.0,0.0,4,2,23.343225786762854,-2.0306451243738977,23.343225786762854,-2.0306451243738977,19.281333351135252,-6.0925375600014995,14.86354846339072,-10.510322447746033,0.4772727272727273,0.5555555555555556,0.3409090909090909,0.5,1.0,0.5292929292929293,medium
2022-04-01,Tuticorin,Bulk Minerals & Ores,21.914333216349284,105.45633333333333,24427.393992506954,0.0,0.9,True,49004.81,1.0,25.373870911136752,23.066071714673722,23.47161311487998,23.970518580230152,117.88903225806452,44816.77000000002,0.922529282347107,4,2,23.343225786762854,-2.0306451243738977,23.343225786762854,-2.0306451243738977,19.281333351135252,-6.0925375600014995,14.86354846339072,-10.510322447746033,0.4772727272727273,0.5555555555555556,0.3409090909090909,0.35185185185185186,0.0,0.39966329966329966,low
2022-04-01,Tuticorin,Coal,21.914333216349284,105.45633333333333,24427.393992506954,0.0,0.9,True,0.0,0.0,25.373870911136752,23.066071714673722,23.47161311487998,23.970518580230152,117.88903225806452,0.0,0.0,4,2,23.343225786762854,-2.0306451243738977,23.343225786762854,-2.0306451243738977,19.281333351135252,-6.0925375600014995,14.86354846339072,-10.510322447746033,0.4772727272727273,0.5555555555555556,0.3409090909090909,0.35185185185185186,0.0,0.39966329966329966,low
2022-04-01,Tuticorin,Iron Ore,21.914333216349284,105.45633333333333,24427.393992506954,0.0,0.9,True,0.0,0.0,25.373870911136752,23.066071714673722,23.47161311487998,23.970518580230152,117.88903225806452,0.0,0.0,4,2,23.343225786762854,-2.0306451243738977,23.343225786762854,-2.0306451243738977,19.281333351135252,-6.0925375600014995,14.86354846339072,-10.510322447746033,0.4772727272727273,0.5555555555555556,0.3409090909090909,0.35185185185185186,0.0,0.39966329966329966,low
2022-04-01,Visakhapatnam,Bulk Minerals & Ores,21.914333216349284,105.45633333333333,92816.37456678144,57038.14505046385,4.4,True,49004.81,1.0,25.373870911136752,23.066071714673722,23.47161311487998,23.970518580230152,117.88903225806452,44816.77000000002,0.922529282347107,4,2,23.343225786762854,-2.0306451243738977,23.343225786762854,-2.0306451243738977,19.281333351135252,-6.0925375600014995,14.86354846339072,-10.510322447746033,0.4772727272727273,0.5555555555555556,0.3409090909090909,1.0,0.0,0.5292929292929294,medium
2022-04-01,Visakhapatnam,Coal,21.914333216349284,105.45633333333333,92816.37456678144,57038.14505046385,4.4,True,0.0,0.0,25.373870911136752,23.066071714673722,23.47161311487998,23.970518580230152,117.88903225806452,0.0,0.0,4,2,23.343225786762854,-2.0306451243738977,23.343225786762854,-2.0306451243738977,19.281333351135252,-6.0925375600014995,14.86354846339072,-10.510322447746033,0.4772727272727273,0.5555555555555556,0.3409090909090909,1.0,0.0,0.5292929292929294,medium
2022-04-01,Visakhapatnam,Iron Ore,21.914333216349284,105.45633333333333,92816.37456678144,57038.14505046385,4.4,True,0.0,0.0,25.373870911136752,23.066071714673722,23.47161311487998,23.970518580230152,117.88903225806452,0.0,0.0,4,2,23.343225786762854,-2.0306451243738977,23.343225786762854,-2.0306451243738977,19.281333351135252,-6.0925375600014995,14.86354846339072,-10.510322447746033,0.4772727272727273,0.5555555555555556,0.3409090909090909,1.0,0.0,0.5292929292929294,medium
2022-05-01,Chennai,Bulk Minerals & Ores,23.343225786762854,113.49709677419354,0.0,0.0,0.45161290322580644,True,52420.259999999995,1.0,21.914333216349284,25.373870911136752,23.066071714673722,23.451425280719917,105.45633333333333,49004.81,1.0858812167765772,5,2,19.281333351135252,-2.632999865214032,19.281333351135252,-2.632999865214032,14.86354846339072,-7.050784752958565,9.81774200931672,-12.096591207032564,0.4772727272727273,0.24444444444444444,0.06818181818181818,0.12037037037037036,0.0,0.25023569023569026,low
2022-05-01,Chennai,Coal,23.343225786762854,113.49709677419354,0.0,0.0,0.45161290322580644,True,0.0,0.0,21.914333216349284,25.373870911136752,23.066071714673722,23.451425280719917,105.45633333333333,0.0,0.0,5,2,19.281333351135252,-2.632999865214032,19.281333351135252,-2.632999865214032,14.86354846339072,-7.050784752958565,9.81774200931672,-12.096591207032564,0.4772727272727273,0.24444444444444444,0.06818181818181818,0.12037037037037036,0.0,0.25023569023569026,low
2022-05-01,Chennai,Iron Ore,23.343225786762854,113.49709677419354,0.0,0.0,0.45161290322580644,True,0.0,0.0,21.914333216349284,25.373870911136752,23.066071714673722,23.451425280719917,105.45633333333333,0.0,0.0,5,2,19.281333351135252,-2.632999865214032,19.281333351135252,-2.632999865214032,14.86354846339072,-7.050784752958565,9.81774200931672,-12.096591207032564,0.4772727272727273,0.24444444444444444,0.06818181818181818,0.12037037037037036,0.0,0.25023569023569026,low
2022-05-01,Dhamra,Bulk Minerals & Ores,23.343225786762854,113.49709677419354,0.0,0.0,0.0,False,52420.259999999995,1.0,21.914333216349284,25.373870911136752,23.066071714673722,23.451425280719917,105.45633333333333,49004.81,1.0858812167765772,5,2,19.281333351135252,-2.632999865214032,19.281333351135252,-2.632999865214032,14.86354846339072,-7.050784752958565,9.81774200931672,-12.096591207032564,0.4772727272727273,0.24444444444444444,0.06818181818181818,0.5,1.0,0.4261616161616162,low
2022-05-01,Dhamra,Coal,23.343225786762854,113.49709677419354,0.0,0.0,0.0,False,0.0,0.0,21.914333216349284,25.373870911136752,23.066071714673722,23.451425280719917,105.45633333333333,0.0,0.0,5,2,19.281333351135252,-2.632999865214032,19.281333351135252,-2.632999865214032,14.86354846339072,-7.050784752958565,9.81774200931672,-12.096591207032564,0.4772727272727273,0.24444444444444444,0.06818181818181818,0.5,1.0,0.4261616161616162,low
2022-05-01,Dhamra,Iron Ore,23.343225786762854,113.49709677419354,0.0,0.0,0.0,False,0.0,0.0,21.914333216349284,25.373870911136752,23.066071714673722,23.451425280719917,105.45633333333333,0.0,0.0,5,2,19.281333351135252,-2.632999865214032,19.281333351135252,-2.632999865214032,14.86354846339072,-7.050784752958565,9.81774200931672,-12.096591207032564,0.4772727272727273,0.24444444444444444,0.06818181818181818,0.5,1.0,0.4261616161616162,low
2022-05-01,Gangavaram,Bulk Minerals & Ores,23.343225786762854,113.49709677419354,0.0,0.0,0.0,False,52420.259999999995,1.0,21.914333216349284,25.373870911136752,23.066071714673722,23.451425280719917,105.45633333333333,49004.81,1.0858812167765772,5,2,19.281333351135252,-2.632999865214032,19.281333351135252,-2.632999865214032,14.86354846339072,-7.050784752958565,9.81774200931672,-12.096591207032564,0.4772727272727273,0.24444444444444444,0.06818181818181818,0.5,1.0,0.4261616161616162,low
2022-05-01,Gangavaram,Coal,23.343225786762854,113.49709677419354,0.0,0.0,0.0,False,0.0,0.0,21.914333216349284,25.373870911136752,23.066071714673722,23.451425280719917,105.45633333333333,0.0,0.0,5,2,19.281333351135252,-2.632999865214032,19.281333351135252,-2.632999865214032,14.86354846339072,-7.050784752958565,9.81774200931672,-12.096591207032564,0.4772727272727273,0.24444444444444444,0.06818181818181818,0.5,1.0,0.4261616161616162,low
2022-05-01,Gangavaram,Iron Ore,23.343225786762854,113.49709677419354,0.0,0.0,0.0,False,0.0,0.0,21.914333216349284,25.373870911136752,23.066071714673722,23.451425280719917,105.45633333333333,0.0,0.0,5,2,19.281333351135252,-2.632999865214032,19.281333351135252,-2.632999865214032,14.86354846339072,-7.050784752958565,9.81774200931672,-12.096591207032564,0.4772727272727273,0.24444444444444444,0.06818181818181818,0.5,1.0,0.4261616161616162,low
2022-05-01,Gopalpur,Bulk Minerals & Ores,23.343225786762854,113.49709677419354,0.0,0.0,0.0,False,52420.259999999995,1.0,21.914333216349284,25.373870911136752,23.066071714673722,23.451425280719917,105.45633333333333,49004.81,1.0858812167765772,5,2,19.281333351135252,-2.632999865214032,19.281333351135252,-2.632999865214032,14.86354846339072,-7.050784752958565,9.81774200931672,-12.096591207032564,0.4772727272727273,0.24444444444444444,0.06818181818181818,0.5,1.0,0.4261616161616162,low
2022-05-01,Gopalpur,Coal,23.343225786762854,113.49709677419354,0.0,0.0,0.0,False,0.0,0.0,21.914333216349284,25.373870911136752,23.066071714673722,23.451425280719917,105.45633333333333,0.0,0.0,5,2,19.281333351135252,-2.632999865214032,19.281333351135252,-2.632999865214032,14.86354846339072,-7.050784752958565,9.81774200931672,-12.096591207032564,0.4772727272727273,0.24444444444444444,0.06818181818181818,0.5,1.0,0.4261616161616162,low
2022-05-01,Gopalpur,Iron Ore,23.343225786762854,113.49709677419354,0.0,0.0,0.0,False,0.0,0.0,21.914333216349284,25.373870911136752,23.066071714673722,23.451425280719917,105.45633333333333,0.0,0.0,5,2,19.281333351135252,-2.632999865214032,19.281333351135252,-2.632999865214032,14.86354846339072,-7.050784752958565,9.81774200931672,-12.096591207032564,0.4772727272727273,0.24444444444444444,0.06818181818181818,0.5,1.0,0.4261616161616162,low
2022-05-01,Haldia,Bulk Minerals & Ores,23.343225786762854,113.49709677419354,14519.159301564727,460.16664716467966,2.064516129032258,True,52420.259999999995,1.0,21.914333216349284,25.373870911136752,23.066071714673722,23.451425280719917,105.45633333333333,49004.81,1.0858812167765772,5,2,19.281333351135252,-2.632999865214032,19.281333351135252,-2.632999865214032,14.86354846339072,-7.050784752958565,9.81774200931672,-12.096591207032564,0.4772727272727273,0.24444444444444444,0.06818181818181818,0.5925925925925926,0.0,0.3446801346801347,low
2022-05-01,Haldia,Coal,23.343225786762854,113.49709677419354,14519.159301564727,460.16664716467966,2.064516129032258,True,0.0,0.0,21.914333216349284,25.373870911136752,23.066071714673722,23.451425280719917,105.45633333333333,0.0,0.0,5,2,19.281333351135252,-2.632999865214032,19.281333351135252,-2.632999865214032,14.86354846339072,-7.050784752958565,9.81774200931672,-12.096591207032564,0.4772727272727273,0.24444444444444444,0.06818181818181818,0.5925925925925926,0.0,0.3446801346801347,low
2022-05-01,Haldia,Iron Ore,23.343225786762854,113.49709677419354,14519.159301564727,460.16664716467966,2.064516129032258,True,0.0,0.0,21.914333216349284,25.373870911136752,23.066071714673722,23.451425280719917,105.45633333333333,0.0,0.0,5,2,19.281333351135252,-2.632999865214032,19.281333351135252,-2.632999865214032,14.86354846339072,-7.050784752958565,9.81774200931672,-12.096591207032564,0.4772727272727273,0.24444444444444444,0.06818181818181818,0.5925925925925926,0.0,0.3446801346801347,low
2022-05-01,Kamarajar,Bulk Minerals & Ores,23.343225786762854,113.49709677419354,40154.659285272995,0.0,0.9354838709677419,True,52420.259999999995,1.0,21.914333216349284,25.373870911136752,23.066071714673722,23.451425280719917,105.45633333333333,49004.81,1.0858812167765772,5,2,19.281333351135252,-2.632999865214032,19.281333351135252,-2.632999865214032,14.86354846339072,-7.050784752958565,9.81774200931672,-12.096591207032564,0.4772727272727273,0.24444444444444444,0.06818181818181818,0.38425925925925924,0.0,0.303013468013468,low
2022-05-01,Kamarajar,Coal,23.343225786762854,113.49709677419354,40154.659285272995,0.0,0.9354838709677419,True,0.0,0.0,21.914333216349284,25.373870911136752,23.066071714673722,23.451425280719917,105.45633333333333,0.0,0.0,5,2,19.281333351135252,-2.632999865214032,19.281333351135252,-2.632999865214032,14.86354846339072,-7.050784752958565,9.81774200931672,-12.096591207032564,0.4772727272727273,0.24444444444444444,0.06818181818181818,0.38425925925925924,0.0,0.303013468013468,low
2022-05-01,Kamarajar,Iron Ore,23.343225786762854,113.49709677419354,40154.659285272995,0.0,0.9354838709677419,True,0.0,0.0,21.914333216349284,25.373870911136752,23.066071714673722,23.451425280719917,105.45633333333333,0.0,0.0,5,2,19.281333351135252,-2.632999865214032,19.281333351135252,-2.632999865214032,14.86354846339072,-7.050784752958565,9.81774200931672,-12.096591207032564,0.4772727272727273,0.24444444444444444,0.06818181818181818,0.38425925925925924,0.0,0.303013468013468,low
2022-05-01,Paradip,Bulk Minerals & Ores,23.343225786762854,113.49709677419354,45164.838967312506,79408.23913791323,3.903225806451613,True,52420.259999999995,1.0,21.914333216349284,25.373870911136752,23.066071714673722,23.451425280719917,105.45633333333333,49004.81,1.0858812167765772,5,2,19.281333351135252,-2.632999865214032,19.281333351135252,-2.632999865214032,14.86354846339072,-7.050784752958565,9.81774200931672,-12.096591207032564,0.4772727272727273,0.24444444444444444,0.06818181818181818,0.9675925925925926,0.0,0.4196801346801347,low
2022-05-01,Paradip,Coal,23.343225786762854,113.49709677419354,45164.838967312506,79408.23913791323,3.903225806451613,True,0.0,0.0,21.914333216349284,25.373870911136752,23.066071714673722,23.451425280719917,105.45633333333333,0.0,0.0,5,2,19.281333351135252,-2.632999865214032,19.281333351135252,-2.632999865214032,14.86354846339072,-7.050784752958565,9.81774200931672,-12.096591207032564,0.4772727272727273,0.24444444444444444,0.06818181818181818,0.9675925925925926,0.0,0.4196801346801347,low
2022-05-01,Paradip,Iron Ore,23.343225786762854,113.49709677419354,45164.838967312506,79408.23913791323,3.903225806451613,True,0.0,0.0,21.914333216349284,25.373870911136752,23.066071714673722,23.451425280719917,105.45633333333333,0.0,0.0,5,2,19.281333351135252,-2.632999865214032,19.281333351135252,-2.632999865214032,14.86354846339072,-7.050784752958565,9.81774200931672,-12.096591207032564,0.4772727272727273,0.24444444444444444,0.06818181818181818,0.9675925925925926,0.0,0.4196801346801347,low
2022-05-01,Sagar Sandheads,Bulk Minerals & Ores,23.343225786762854,113.49709677419354,0.0,0.0,0.0,False,52420.259999999995,1.0,21.914333216349284,25.373870911136752,23.066071714673722,23.451425280719917,105.45633333333333,49004.81,1.0858812167765772,5,2,19.281333351135252,-2.632999865214032,19.281333351135252,-2.632999865214032,14.86354846339072,-7.050784752958565,9.81774200931672,-12.096591207032564,0.4772727272727273,0.24444444444444444,0.06818181818181818,0.5,1.0,0.4261616161616162,low
2022-05-01,Sagar Sandheads,Coal,23.343225786762854,113.49709677419354,0.0,0.0,0.0,False,0.0,0.0,21.914333216349284,25.373870911136752,23.066071714673722,23.451425280719917,105.45633333333333,0.0,0.0,5,2,19.281333351135252,-2.632999865214032,19.281333351135252,-2.632999865214032,14.86354846339072,-7.050784752958565,9.81774200931672,-12.096591207032564,0.4772727272727273,0.24444444444444444,0.06818181818181818,0.5,1.0,0.4261616161616162,low
2022-05-01,Sagar Sandheads,Iron Ore,23.343225786762854,113.49709677419354,0.0,0.0,0.0,False,0.0,0.0,21.914333216349284,25.373870911136752,23.066071714673722,23.451425280719917,105.45633333333333,0.0,0.0,5,2,19.281333351135252,-2.632999865214032,19.281333351135252,-2.632999865214032,14.86354846339072,-7.050784752958565,9.81774200931672,-12.096591207032564,0.4772727272727273,0.24444444444444444,0.06818181818181818,0.5,1.0,0.4261616161616162,low
2022-05-01,Tuticorin,Bulk Minerals & Ores,23.343225786762854,113.49709677419354,29452.21410712358,0.0,1.096774193548387,True,52420.259999999995,1.0,21.914333216349284,25.373870911136752,23.066071714673722,23.451425280719917,105.45633333333333,49004.81,1.0858812167765772,5,2,19.281333351135252,-2.632999865214032,19.281333351135252,-2.632999865214032,14.86354846339072,-7.050784752958565,9.81774200931672,-12.096591207032564,0.4772727272727273,0.24444444444444444,0.06818181818181818,0.47685185185185186,0.0,0.32153198653198656,low
2022-05-01,Tuticorin,Coal,23.343225786762854,113.49709677419354,29452.21410712358,0.0,1.096774193548387,True,0.0,0.0,21.914333216349284,25.373870911136752,23.066071714673722,23.451425280719917,105.45633333333333,0.0,0.0,5,2,19.281333351135252,-2.632999865214032,19.281333351135252,-2.632999865214032,14.86354846339072,-7.050784752958565,9.81774200931672,-12.096591207032564,0.4772727272727273,0.24444444444444444,0.06818181818181818,0.47685185185185186,0.0,0.32153198653198656,low
2022-05-01,Tuticorin,Iron Ore,23.343225786762854,113.49709677419354,29452.21410712358,0.0,1.096774193548387,True,0.0,0.0,21.914333216349284,25.373870911136752,23.066071714673722,23.451425280719917,105.45633333333333,0.0,0.0,5,2,19.281333351135252,-2.632999865214032,19.281333351135252,-2.632999865214032,14.86354846339072,-7.050784752958565,9.81774200931672,-12.096591207032564,0.4772727272727273,0.24444444444444444,0.06818181818181818,0.47685185185185186,0.0,0.32153198653198656,low
2022-05-01,Visakhapatnam,Bulk Minerals & Ores,23.343225786762854,113.49709677419354,82691.79679929081,36267.457685258814,3.6774193548387095,True,52420.259999999995,1.0,21.914333216349284,25.373870911136752,23.066071714673722,23.451425280719917,105.45633333333333,49004.81,1.0858812167765772,5,2,19.281333351135252,-2.632999865214032,19.281333351135252,-2.632999865214032,14.86354846339072,-7.050784752958565,9.81774200931672,-12.096591207032564,0.4772727272727273,0.24444444444444444,0.06818181818181818,0.9444444444444444,0.0,0.41505050505050506,low
2022-05-01,Visakhapatnam,Coal,23.343225786762854,113.49709677419354,82691.79679929081,36267.457685258814,3.6774193548387095,True,0.0,0.0,21.914333216349284,25.373870911136752,23.066071714673722,23.451425280719917,105.45633333333333,0.0,0.0,5,2,19.281333351135252,-2.632999865214032,19.281333351135252,-2.632999865214032,14.86354846339072,-7.050784752958565,9.81774200931672,-12.096591207032564,0.4772727272727273,0.24444444444444444,0.06818181818181818,0.9444444444444444,0.0,0.41505050505050506,low
2022-05-01,Visakhapatnam,Iron Ore,23.343225786762854,113.49709677419354,82691.79679929081,36267.457685258814,3.6774193548387095,True,0.0,0.0,21.914333216349284,25.373870911136752,23.066071714673722,23.451425280719917,105.45633333333333,0.0,0.0,5,2,19.281333351135252,-2.632999865214032,19.281333351135252,-2.632999865214032,14.86354846339072,-7.050784752958565,9.81774200931672,-12.096591207032564,0.4772727272727273,0.24444444444444444,0.06818181818181818,0.9444444444444444,0.0,0.41505050505050506,low
2022-06-01,Chennai,Bulk Minerals & Ores,19.281333351135252,122.61766666666668,0.0,0.0,0.4666666666666667,True,62409.81,1.0,23.343225786762854,21.914333216349284,25.373870911136752,23.543809971416295,113.49709677419354,52420.259999999995,1.7053070300918107,6,2,14.86354846339072,-8.479677323372135,14.86354846339072,-8.479677323372135,9.81774200931672,-13.525483777446134,9.268333339691162,-14.074892447071692,0.75,0.6888888888888889,0.4318181818181818,0.12037037037037036,0.0,0.4891245791245791,medium
2022-06-01,Chennai,Coal,19.281333351135252,122.61766666666668,0.0,0.0,0.4666666666666667,True,0.0,0.0,23.343225786762854,21.914333216349284,25.373870911136752,23.543809971416295,113.49709677419354,0.0,0.0,6,2,14.86354846339072,-8.479677323372135,14.86354846339072,-8.479677323372135,9.81774200931672,-13.525483777446134,9.268333339691162,-14.074892447071692,0.75,0.6888888888888889,0.4318181818181818,0.12037037037037036,0.0,0.4891245791245791,medium
2022-06-01,Chennai,Iron Ore,19.281333351135252,122.61766666666668,0.0,0.0,0.4666666666666667,True,0.0,0.0,23.343225786762854,21.914333216349284,25.373870911136752,23.543809971416295,113.49709677419354,0.0,0.0,6,2,14.86354846339072,-8.479677323372135,14.86354846339072,-8.479677323372135,9.81774200931672,-13.525483777446134,9.268333339691162,-14.074892447071692,0.75,0.6888888888888889,0.4318181818181818,0.12037037037037036,0.0,0.4891245791245791,medium
2022-06-01,Dhamra,Bulk Minerals & Ores,19.281333351135252,122.61766666666668,0.0,0.0,0.0,False,62409.81,1.0,23.343225786762854,21.914333216349284,25.373870911136752,23.543809971416295,113.49709677419354,52420.259999999995,1.7053070300918107,6,2,14.86354846339072,-8.479677323372135,14.86354846339072,-8.479677323372135,9.81774200931672,-13.525483777446134,9.268333339691162,-14.074892447071692,0.75,0.6888888888888889,0.4318181818181818,0.5,1.0,0.665050505050505,high
2022-06-01,Dhamra,Coal,19.281333351135252,122.61766666666668,0.0,0.0,0.0,False,0.0,0.0,23.343225786762854,21.914333216349284,25.373870911136752,23.543809971416295,113.49709677419354,0.0,0.0,6,2,14.86354846339072,-8.479677323372135,14.86354846339072,-8.479677323372135,9.81774200931672,-13.525483777446134,9.268333339691162,-14.074892447071692,0.75,0.6888888888888889,0.4318181818181818,0.5,1.0,0.665050505050505,high
2022-06-01,Dhamra,Iron Ore,19.281333351135252,122.61766666666668,0.0,0.0,0.0,False,0.0,0.0,23.343225786762854,21.914333216349284,25.373870911136752,23.543809971416295,113.49709677419354,0.0,0.0,6,2,14.86354846339072,-8.479677323372135,14.86354846339072,-8.479677323372135,9.81774200931672,-13.525483777446134,9.268333339691162,-14.074892447071692,0.75,0.6888888888888889,0.4318181818181818,0.5,1.0,0.665050505050505,high
2022-06-01,Gangavaram,Bulk Minerals & Ores,19.281333351135252,122.61766666666668,0.0,0.0,0.0,False,62409.81,1.0,23.343225786762854,21.914333216349284,25.373870911136752,23.543809971416295,113.49709677419354,52420.259999999995,1.7053070300918107,6,2,14.86354846339072,-8.479677323372135,14.86354846339072,-8.479677323372135,9.81774200931672,-13.525483777446134,9.268333339691162,-14.074892447071692,0.75,0.6888888888888889,0.4318181818181818,0.5,1.0,0.665050505050505,high
2022-06-01,Gangavaram,Coal,19.281333351135252,122.61766666666668,0.0,0.0,0.0,False,0.0,0.0,23.343225786762854,21.914333216349284,25.373870911136752,23.543809971416295,113.49709677419354,0.0,0.0,6,2,14.86354846339072,-8.479677323372135,14.86354846339072,-8.479677323372135,9.81774200931672,-13.525483777446134,9.268333339691162,-14.074892447071692,0.75,0.6888888888888889,0.4318181818181818,0.5,1.0,0.665050505050505,high
2022-06-01,Gangavaram,Iron Ore,19.281333351135252,122.61766666666668,0.0,0.0,0.0,False,0.0,0.0,23.343225786762854,21.914333216349284,25.373870911136752,23.543809971416295,113.49709677419354,0.0,0.0,6,2,14.86354846339072,-8.479677323372135,14.86354846339072,-8.479677323372135,9.81774200931672,-13.525483777446134,9.268333339691162,-14.074892447071692,0.75,0.6888888888888889,0.4318181818181818,0.5,1.0,0.665050505050505,high
2022-06-01,Gopalpur,Bulk Minerals & Ores,19.281333351135252,122.61766666666668,0.0,0.0,0.0,False,62409.81,1.0,23.343225786762854,21.914333216349284,25.373870911136752,23.543809971416295,113.49709677419354,52420.259999999995,1.7053070300918107,6,2,14.86354846339072,-8.479677323372135,14.86354846339072,-8.479677323372135,9.81774200931672,-13.525483777446134,9.268333339691162,-14.074892447071692,0.75,0.6888888888888889,0.4318181818181818,0.5,1.0,0.665050505050505,high
2022-06-01,Gopalpur,Coal,19.281333351135252,122.61766666666668,0.0,0.0,0.0,False,0.0,0.0,23.343225786762854,21.914333216349284,25.373870911136752,23.543809971416295,113.49709677419354,0.0,0.0,6,2,14.86354846339072,-8.479677323372135,14.86354846339072,-8.479677323372135,9.81774200931672,-13.525483777446134,9.268333339691162,-14.074892447071692,0.75,0.6888888888888889,0.4318181818181818,0.5,1.0,0.665050505050505,high
2022-06-01,Gopalpur,Iron Ore,19.281333351135252,122.61766666666668,0.0,0.0,0.0,False,0.0,0.0,23.343225786762854,21.914333216349284,25.373870911136752,23.543809971416295,113.49709677419354,0.0,0.0,6,2,14.86354846339072,-8.479677323372135,14.86354846339072,-8.479677323372135,9.81774200931672,-13.525483777446134,9.268333339691162,-14.074892447071692,0.75,0.6888888888888889,0.4318181818181818,0.5,1.0,0.665050505050505,high
2022-06-01,Haldia,Bulk Minerals & Ores,19.281333351135252,122.61766666666668,13773.304903037315,3217.004767256119,2.1666666666666665,True,62409.81,1.0,23.343225786762854,21.914333216349284,25.373870911136752,23.543809971416295,113.49709677419354,52420.259999999995,1.7053070300918107,6,2,14.86354846339072,-8.479677323372135,14.86354846339072,-8.479677323372135,9.81774200931672,-13.525483777446134,9.268333339691162,-14.074892447071692,0.75,0.6888888888888889,0.4318181818181818,0.6157407407407407,0.0,0.5881986531986532,medium
2022-06-01,Haldia,Coal,19.281333351135252,122.61766666666668,13773.304903037315,3217.004767256119,2.1666666666666665,True,0.0,0.0,23.343225786762854,21.914333216349284,25.373870911136752,23.543809971416295,113.49709677419354,0.0,0.0,6,2,14.86354846339072,-8.479677323372135,14.86354846339072,-8.479677323372135,9.81774200931672,-13.525483777446134,9.268333339691162,-14.074892447071692,0.75,0.6888888888888889,0.4318181818181818,0.6157407407407407,0.0,0.5881986531986532,medium
2022-06-01,Haldia,Iron Ore,19.281333351135252,122.61766666666668,13773.304903037315,3217.004767256119,2.1666666666666665,True,0.0,0.0,23.343225786762854,21.914333216349284,25.373870911136752,23.543809971416295,113.49709677419354,0.0,0.0,6,2,14.86354846339072,-8.479677323372135,14.86354846339072,-8.479677323372135,9.81774200931672,-13.525483777446134,9.268333339691162,-14.074892447071692,0.75,0.6888888888888889,0.4318181818181818,0.6157407407407407,0.0,0.5881986531986532,medium
2022-06-01,Kamarajar,Bulk Minerals & Ores,19.281333351135252,122.61766666666668,33839.67381082767,0.0,0.9333333333333333,True,62409.81,1.0,23.343225786762854,21.914333216349284,25.373870911136752,23.543809971416295,113.49709677419354,52420.259999999995,1.7053070300918107,6,2,14.86354846339072,-8.479677323372135,14.86354846339072,-8.479677323372135,9.81774200931672,-13.525483777446134,9.268333339691162,-14.074892447071692,0.75,0.6888888888888889,0.4318181818181818,0.37037037037037035,0.0,0.5391245791245791,medium
2022-06-01,Kamarajar,Coal,19.281333351135252,122.61766666666668,33839.67381082767,0.0,0.9333333333333333,True,0.0,0.0,23.343225786762854,21.914333216349284,25.373870911136752,23.543809971416295,113.49709677419354,0.0,0.0,6,2,14.86354846339072,-8.479677323372135,14.86354846339072,-8.479677323372135,9.81774200931672,-13.525483777446134,9.268333339691162,-14.074892447071692,0.75,0.6888888888888889,0.4318181818181818,0.37037037037037035,0.0,0.5391245791245791,medium
2022-06-01,Kamarajar,Iron Ore,19.281333351135252,122.61766666666668,33839.67381082767,0.0,0.9333333333333333,True,0.0,0.0,23.343225786762854,21.914333216349284,25.373870911136752,23.543809971416295,113.49709677419354,0.0,0.0,6,2,14.86354846339072,-8.479677323372135,14.86354846339072,-8.479677323372135,9.81774200931672,-13.525483777446134,9.268333339691162,-14.074892447071692,0.75,0.6888888888888889,0.4318181818181818,0.37037037037037035,0.0,0.5391245791245791,medium
2022-06-01,Paradip,Bulk Minerals & Ores,19.281333351135252,122.61766666666668,56499.28452476116,84315.63859211701,4.133333333333334,True,62409.81,1.0,23.343225786762854,21.914333216349284,25.373870911136752,23.543809971416295,113.49709677419354,52420.259999999995,1.7053070300918107,6,2,14.86354846339072,-8.479677323372135,14.86354846339072,-8.479677323372135,9.81774200931672,-13.525483777446134,9.268333339691162,-14.074892447071692,0.75,0.6888888888888889,0.4318181818181818,0.9953703703703703,0.0,0.6641245791245791,high
2022-06-01,Paradip,Coal,19.281333351135252,122.61766666666668,56499.28452476116,84315.63859211701,4.133333333333334,True,0.0,0.0,23.343225786762854,21.914333216349284,25.373870911136752,23.543809971416295,113.49709677419354,0.0,0.0,6,2,14.86354846339072,-8.479677323372135,14.86354846339072,-8.479677323372135,9.81774200931672,-13.525483777446134,9.268333339691162,-14.074892447071692,0.75,0.6888888888888889,0.4318181818181818,0.9953703703703703,0.0,0.6641245791245791,high
2022-06-01,Paradip,Iron Ore,19.281333351135252,122.61766666666668,56499.28452476116,84315.63859211701,4.133333333333334,True,0.0,0.0,23.343225786762854,21.914333216349284,25.373870911136752,23.543809971416295,113.49709677419354,0.0,0.0,6,2,14.86354846339072,-8.479677323372135,14.86354846339072,-8.479677323372135,9.81774200931672,-13.525483777446134,9.268333339691162,-14.074892447071692,0.75,0.6888888888888889,0.4318181818181818,0.9953703703703703,0.0,0.6641245791245791,high
2022-06-01,Sagar Sandheads,Bulk Minerals & Ores,19.281333351135252,122.61766666666668,0.0,0.0,0.0,False,62409.81,1.0,23.343225786762854,21.914333216349284,25.373870911136752,23.543809971416295,113.49709677419354,52420.259999999995,1.7053070300918107,6,2,14.86354846339072,-8.479677323372135,14.86354846339072,-8.479677323372135,9.81774200931672,-13.525483777446134,9.268333339691162,-14.074892447071692,0.75,0.6888888888888889,0.4318181818181818,0.5,1.0,0.665050505050505,high
2022-06-01,Sagar Sandheads,Coal,19.281333351135252,122.61766666666668,0.0,0.0,0.0,False,0.0,0.0,23.343225786762854,21.914333216349284,25.373870911136752,23.543809971416295,113.49709677419354,0.0,0.0,6,2,14.86354846339072,-8.479677323372135,14.86354846339072,-8.479677323372135,9.81774200931672,-13.525483777446134,9.268333339691162,-14.074892447071692,0.75,0.6888888888888889,0.4318181818181818,0.5,1.0,0.665050505050505,high
2022-06-01,Sagar Sandheads,Iron Ore,19.281333351135252,122.61766666666668,0.0,0.0,0.0,False,0.0,0.0,23.343225786762854,21.914333216349284,25.373870911136752,23.543809971416295,113.49709677419354,0.0,0.0,6,2,14.86354846339072,-8.479677323372135,14.86354846339072,-8.479677323372135,9.81774200931672,-13.525483777446134,9.268333339691162,-14.074892447071692,0.75,0.6888888888888889,0.4318181818181818,0.5,1.0,0.665050505050505,high
2022-06-01,Tuticorin,Bulk Minerals & Ores,19.281333351135252,122.61766666666668,39517.9472681407,0.0,1.4,True,62409.81,1.0,23.343225786762854,21.914333216349284,25.373870911136752,23.543809971416295,113.49709677419354,52420.259999999995,1.7053070300918107,6,2,14.86354846339072,-8.479677323372135,14.86354846339072,-8.479677323372135,9.81774200931672,-13.525483777446134,9.268333339691162,-14.074892447071692,0.75,0.6888888888888889,0.4318181818181818,0.5,0.0,0.565050505050505,medium
2022-06-01,Tuticorin,Coal,19.281333351135252,122.61766666666668,39517.9472681407,0.0,1.4,True,0.0,0.0,23.343225786762854,21.914333216349284,25.373870911136752,23.543809971416295,113.49709677419354,0.0,0.0,6,2,14.86354846339072,-8.479677323372135,14.86354846339072,-8.479677323372135,9.81774200931672,-13.525483777446134,9.268333339691162,-14.074892447071692,0.75,0.6888888888888889,0.4318181818181818,0.5,0.0,0.565050505050505,medium
2022-06-01,Tuticorin,Iron Ore,19.281333351135252,122.61766666666668,39517.9472681407,0.0,1.4,True,0.0,0.0,23.343225786762854,21.914333216349284,25.373870911136752,23.543809971416295,113.49709677419354,0.0,0.0,6,2,14.86354846339072,-8.479677323372135,14.86354846339072,-8.479677323372135,9.81774200931672,-13.525483777446134,9.268333339691162,-14.074892447071692,0.75,0.6888888888888889,0.4318181818181818,0.5,0.0,0.565050505050505,medium
2022-06-01,Visakhapatnam,Bulk Minerals & Ores,19.281333351135252,122.61766666666668,117687.1404289407,28623.805733375466,4.466666666666667,True,62409.81,1.0,23.343225786762854,21.914333216349284,25.373870911136752,23.543809971416295,113.49709677419354,52420.259999999995,1.7053070300918107,6,2,14.86354846339072,-8.479677323372135,14.86354846339072,-8.479677323372135,9.81774200931672,-13.525483777446134,9.268333339691162,-14.074892447071692,0.75,0.6888888888888889,0.4318181818181818,1.0,0.0,0.665050505050505,high
2022-06-01,Visakhapatnam,Coal,19.281333351135252,122.61766666666668,117687.1404289407,28623.805733375466,4.466666666666667,True,0.0,0.0,23.343225786762854,21.914333216349284,25.373870911136752,23.543809971416295,113.49709677419354,0.0,0.0,6,2,14.86354846339072,-8.479677323372135,14.86354846339072,-8.479677323372135,9.81774200931672,-13.525483777446134,9.268333339691162,-14.074892447071692,0.75,0.6888888888888889,0.4318181818181818,1.0,0.0,0.665050505050505,high
2022-06-01,Visakhapatnam,Iron Ore,19.281333351135252,122.61766666666668,117687.1404289407,28623.805733375466,4.466666666666667,True,0.0,0.0,23.343225786762854,21.914333216349284,25.373870911136752,23.543809971416295,113.49709677419354,0.0,0.0,6,2,14.86354846339072,-8.479677323372135,14.86354846339072,-8.479677323372135,9.81774200931672,-13.525483777446134,9.268333339691162,-14.074892447071692,0.75,0.6888888888888889,0.4318181818181818,1.0,0.0,0.665050505050505,high
2022-07-01,Chennai,Bulk Minerals & Ores,14.86354846339072,112.18838709677419,0.0,0.0,0.5161290322580645,True,49979.049999999996,1.0,19.281333351135252,23.343225786762854,21.914333216349284,21.512964118082465,122.61766666666668,62409.81,1.1447161651505748,7,3,9.81774200931672,-9.463591341818532,9.81774200931672,-9.463591341818532,9.268333339691162,-10.01300001144409,8.884516146875196,-10.396817204260056,0.2727272727272727,0.7555555555555555,0.8409090909090909,0.16666666666666666,0.0,0.40603535353535347,low
2022-07-01,Chennai,Coal,14.86354846339072,112.18838709677419,0.0,0.0,0.5161290322580645,True,0.0,0.0,19.281333351135252,23.343225786762854,21.914333216349284,21.512964118082465,122.61766666666668,0.0,0.0,7,3,9.81774200931672,-9.463591341818532,9.81774200931672,-9.463591341818532,9.268333339691162,-10.01300001144409,8.884516146875196,-10.396817204260056,0.2727272727272727,0.7555555555555555,0.8409090909090909,0.16666666666666666,0.0,0.40603535353535347,low
2022-07-01,Chennai,Iron Ore,14.86354846339072,112.18838709677419,0.0,0.0,0.5161290322580645,True,0.0,0.0,19.281333351135252,23.343225786762854,21.914333216349284,21.512964118082465,122.61766666666668,0.0,0.0,7,3,9.81774200931672,-9.463591341818532,9.81774200931672,-9.463591341818532,9.268333339691162,-10.01300001144409,8.884516146875196,-10.396817204260056,0.2727272727272727,0.7555555555555555,0.8409090909090909,0.16666666666666666,0.0,0.40603535353535347,low
2022-07-01,Dhamra,Bulk Minerals & Ores,14.86354846339072,112.18838709677419,0.0,0.0,0.0,False,49979.049999999996,1.0,19.281333351135252,23.343225786762854,21.914333216349284,21.512964118082465,122.61766666666668,62409.81,1.1447161651505748,7,3,9.81774200931672,-9.463591341818532,9.81774200931672,-9.463591341818532,9.268333339691162,-10.01300001144409,8.884516146875196,-10.396817204260056,0.2727272727272727,0.7555555555555555,0.8409090909090909,0.5,1.0,0.5727020202020201,medium
2022-07-01,Dhamra,Coal,14.86354846339072,112.18838709677419,0.0,0.0,0.0,False,0.0,0.0,19.281333351135252,23.343225786762854,21.914333216349284,21.512964118082465,122.61766666666668,0.0,0.0,7,3,9.81774200931672,-9.463591341818532,9.81774200931672,-9.463591341818532,9.268333339691162,-10.01300001144409,8.884516146875196,-10.396817204260056,0.2727272727272727,0.7555555555555555,0.8409090909090909,0.5,1.0,0.5727020202020201,medium
2022-07-01,Dhamra,Iron Ore,14.86354846339072,112.18838709677419,0.0,0.0,0.0,False,0.0,0.0,19.281333351135252,23.343225786762854,21.914333216349284,21.512964118082465,122.61766666666668,0.0,0.0,7,3,9.81774200931672,-9.463591341818532,9.81774200931672,-9.463591341818532,9.268333339691162,-10.01300001144409,8.884516146875196,-10.396817204260056,0.2727272727272727,0.7555555555555555,0.8409090909090909,0.5,1.0,0.5727020202020201,medium
2022-07-01,Gangavaram,Bulk Minerals & Ores,14.86354846339072,112.18838709677419,0.0,0.0,0.0,False,49979.049999999996,1.0,19.281333351135252,23.343225786762854,21.914333216349284,21.512964118082465,122.61766666666668,62409.81,1.1447161651505748,7,3,9.81774200931672,-9.463591341818532,9.81774200931672,-9.463591341818532,9.268333339691162,-10.01300001144409,8.884516146875196,-10.396817204260056,0.2727272727272727,0.7555555555555555,0.8409090909090909,0.5,1.0,0.5727020202020201,medium
2022-07-01,Gangavaram,Coal,14.86354846339072,112.18838709677419,0.0,0.0,0.0,False,0.0,0.0,19.281333351135252,23.343225786762854,21.914333216349284,21.512964118082465,122.61766666666668,0.0,0.0,7,3,9.81774200931672,-9.463591341818532,9.81774200931672,-9.463591341818532,9.268333339691162,-10.01300001144409,8.884516146875196,-10.396817204260056,0.2727272727272727,0.7555555555555555,0.8409090909090909,0.5,1.0,0.5727020202020201,medium
2022-07-01,Gangavaram,Iron Ore,14.86354846339072,112.18838709677419,0.0,0.0,0.0,False,0.0,0.0,19.281333351135252,23.343225786762854,21.914333216349284,21.512964118082465,122.61766666666668,0.0,0.0,7,3,9.81774200931672,-9.463591341818532,9.81774200931672,-9.463591341818532,9.268333339691162,-10.01300001144409,8.884516146875196,-10.396817204260056,0.2727272727272727,0.7555555555555555,0.8409090909090909,0.5,1.0,0.5727020202020201,medium
2022-07-01,Gopalpur,Bulk Minerals & Ores,14.86354846339072,112.18838709677419,0.0,0.0,0.0,False,49979.049999999996,1.0,19.281333351135252,23.343225786762854,21.914333216349284,21.512964118082465,122.61766666666668,62409.81,1.1447161651505748,7,3,9.81774200931672,-9.463591341818532,9.81774200931672,-9.463591341818532,9.268333339691162,-10.01300001144409,8.884516146875196,-10.396817204260056,0.2727272727272727,0.7555555555555555,0.8409090909090909,0.5,1.0,0.5727020202020201,medium
2022-07-01,Gopalpur,Coal,14.86354846339072,112.18838709677419,0.0,0.0,0.0,False,0.0,0.0,19.281333351135252,23.343225786762854,21.914333216349284,21.512964118082465,122.61766666666668,0.0,0.0,7,3,9.81774200931672,-9.463591341818532,9.81774200931672,-9.463591341818532,9.268333339691162,-10.01300001144409,8.884516146875196,-10.396817204260056,0.2727272727272727,0.7555555555555555,0.8409090909090909,0.5,1.0,0.5727020202020201,medium
2022-07-01,Gopalpur,Iron Ore,14.86354846339072,112.18838709677419,0.0,0.0,0.0,False,0.0,0.0,19.281333351135252,23.343225786762854,21.914333216349284,21.512964118082465,122.61766666666668,0.0,0.0,7,3,9.81774200931672,-9.463591341818532,9.81774200931672,-9.463591341818532,9.268333339691162,-10.01300001144409,8.884516146875196,-10.396817204260056,0.2727272727272727,0.7555555555555555,0.8409090909090909,0.5,1.0,0.5727020202020201,medium
2022-07-01,Haldia,Bulk Minerals & Ores,14.86354846339072,112.18838709677419,19881.62466212791,1069.4058456089647,2.3548387096774195,True,49979.049999999996,1.0,19.281333351135252,23.343225786762854,21.914333216349284,21.512964118082465,122.61766666666668,62409.81,1.1447161651505748,7,3,9.81774200931672,-9.463591341818532,9.81774200931672,-9.463591341818532,9.268333339691162,-10.01300001144409,8.884516146875196,-10.396817204260056,0.2727272727272727,0.7555555555555555,0.8409090909090909,0.6666666666666666,0.0,0.5060353535353534,medium
2022-07-01,Haldia,Coal,14.86354846339072,112.18838709677419,19881.62466212791,1069.4058456089647,2.3548387096774195,True,0.0,0.0,19.281333351135252,23.343225786762854,21.914333216349284,21.512964118082465,122.61766666666668,0.0,0.0,7,3,9.81774200931672,-9.463591341818532,9.81774200931672,-9.463591341818532,9.268333339691162,-10.01300001144409,8.884516146875196,-10.396817204260056,0.2727272727272727,0.7555555555555555,0.8409090909090909,0.6666666666666666,0.0,0.5060353535353534,medium
2022-07-01,Haldia,Iron Ore,14.86354846339072,112.18838709677419,19881.62466212791,1069.4058456089647,2.3548387096774195,True,0.0,0.0,19.281333351135252,23.343225786762854,21.914333216349284,21.512964118082465,122.61766666666668,0.0,0.0,7,3,9.81774200931672,-9.463591341818532,9.81774200931672,-9.463591341818532,9.268333339691162,-10.01300001144409,8.884516146875196,-10.396817204260056,0.2727272727272727,0.7555555555555555,0.8409090909090909,0.6666666666666666,0.0,0.5060353535353534,medium
2022-07-01,Kamarajar,Bulk Minerals & Ores,14.86354846339072,112.18838709677419,38035.51863234221,0.0,0.9032258064516129,True,49979.049999999996,1.0,19.281333351135252,23.343225786762854,21.914333216349284,21.512964118082465,122.61766666666668,62409.81,1.1447161651505748,7,3,9.81774200931672,-9.463591341818532,9.81774200931672,-9.463591341818532,9.268333339691162,-10.01300001144409,8.884516146875196,-10.396817204260056,0.2727272727272727,0.7555555555555555,0.8409090909090909,0.36574074074074076,0.0,0.44585016835016833,medium
2022-07-01,Kamarajar,Coal,14.86354846339072,112.18838709677419,38035.51863234221,0.0,0.9032258064516129,True,0.0,0.0,19.281333351135252,23.343225786762854,21.914333216349284,21.512964118082465,122.61766666666668,0.0,0.0,7,3,9.81774200931672,-9.463591341818532,9.81774200931672,-9.463591341818532,9.268333339691162,-10.01300001144409,8.884516146875196,-10.396817204260056,0.2727272727272727,0.7555555555555555,0.8409090909090909,0.36574074074074076,0.0,0.44585016835016833,medium
2022-07-01,Kamarajar,Iron Ore,14.86354846339072,112.18838709677419,38035.51863234221,0.0,0.9032258064516129,True,0.0,0.0,19.281333351135252,23.343225786762854,21.914333216349284,21.512964118082465,122.61766666666668,0.0,0.0,7,3,9.81774200931672,-9.463591341818532,9.81774200931672,-9.463591341818532,9.268333339691162,-10.01300001144409,8.884516146875196,-10.396817204260056,0.2727272727272727,0.7555555555555555,0.8409090909090909,0.36574074074074076,0.0,0.44585016835016833,medium
2022-07-01,Paradip,Bulk Minerals & Ores,14.86354846339072,112.18838709677419,50998.33859963959,74120.87847229342,3.6451612903225805,True,49979.049999999996,1.0,19.281333351135252,23.343225786762854,21.914333216349284,21.512964118082465,122.61766666666668,62409.81,1.1447161651505748,7,3,9.81774200931672,-9.463591341818532,9.81774200931672,-9.463591341818532,9.268333339691162,-10.01300001144409,8.884516146875196,-10.396817204260056,0.2727272727272727,0.7555555555555555,0.8409090909090909,0.9398148148148148,0.0,0.5606649831649831,medium
2022-07-01,Paradip,Coal,14.86354846339072,112.18838709677419,50998.33859963959,74120.87847229342,3.6451612903225805,True,0.0,0.0,19.281333351135252,23.343225786762854,21.914333216349284,21.512964118082465,122.61766666666668,0.0,0.0,7,3,9.81774200931672,-9.463591341818532,9.81774200931672,-9.463591341818532,9.268333339691162,-10.01300001144409,8.884516146875196,-10.396817204260056,0.2727272727272727,0.7555555555555555,0.8409090909090909,0.9398148148148148,0.0,0.5606649831649831,medium
2022-07-01,Paradip,Iron Ore,14.86354846339072,112.18838709677419,50998.33859963959,74120.87847229342,3.6451612903225805,True,0.0,0.0,19.281333351135252,23.343225786762854,21.914333216349284,21.512964118082465,122.61766666666668,0.0,0.0,7,3,9.81774200931672,-9.463591341818532,9.81774200931672,-9.463591341818532,9.268333339691162,-10.01300001144409,8.884516146875196,-10.396817204260056,0.2727272727272727,0.7555555555555555,0.8409090909090909,0.9398148148148148,0.0,0.5606649831649831,medium
2022-07-01,Sagar Sandheads,Bulk Minerals & Ores,14.86354846339072,112.18838709677419,0.0,0.0,0.0,False,49979.049999999996,1.0,19.281333351135252,23.343225786762854,21.914333216349284,21.512964118082465,122.61766666666668,62409.81,1.1447161651505748,7,3,9.81774200931672,-9.463591341818532,9.81774200931672,-9.463591341818532,9.268333339691162,-10.01300001144409,8.884516146875196,-10.396817204260056,0.2727272727272727,0.7555555555555555,0.8409090909090909,0.5,1.0,0.5727020202020201,medium
2022-07-01,Sagar Sandheads,Coal,14.86354846339072,112.18838709677419,0.0,0.0,0.0,False,0.0,0.0,19.281333351135252,23.343225786762854,21.914333216349284,21.512964118082465,122.61766666666668,0.0,0.0,7,3,9.81774200931672,-9.463591341818532,9.81774200931672,-9.463591341818532,9.268333339691162,-10.01300001144409,8.884516146875196,-10.396817204260056,0.2727272727272727,0.7555555555555555,0.8409090909090909,0.5,1.0,0.5727020202020201,medium
2022-07-01,Sagar Sandheads,Iron Ore,14.86354846339072,112.18838709677419,0.0,0.0,0.0,False,0.0,0.0,19.281333351135252,23.343225786762854,21.914333216349284,21.512964118082465,122.61766666666668,0.0,0.0,7,3,9.81774200931672,-9.463591341818532,9.81774200931672,-9.463591341818532,9.268333339691162,-10.01300001144409,8.884516146875196,-10.396817204260056,0.2727272727272727,0.7555555555555555,0.8409090909090909,0.5,1.0,0.5727020202020201,medium
2022-07-01,Tuticorin,Bulk Minerals & Ores,14.86354846339072,112.18838709677419,31933.996992252964,0.0,1.3548387096774193,True,49979.049999999996,1.0,19.281333351135252,23.343225786762854,21.914333216349284,21.512964118082465,122.61766666666668,62409.81,1.1447161651505748,7,3,9.81774200931672,-9.463591341818532,9.81774200931672,-9.463591341818532,9.268333339691162,-10.01300001144409,8.884516146875196,-10.396817204260056,0.2727272727272727,0.7555555555555555,0.8409090909090909,0.5,0.0,0.4727020202020201,medium
2022-07-01,Tuticorin,Coal,14.86354846339072,112.18838709677419,31933.996992252964,0.0,1.3548387096774193,True,0.0,0.0,19.281333351135252,23.343225786762854,21.914333216349284,21.512964118082465,122.61766666666668,0.0,0.0,7,3,9.81774200931672,-9.463591341818532,9.81774200931672,-9.463591341818532,9.268333339691162,-10.01300001144409,8.884516146875196,-10.396817204260056,0.2727272727272727,0.7555555555555555,0.8409090909090909,0.5,0.0,0.4727020202020201,medium
2022-07-01,Tuticorin,Iron Ore,14.86354846339072,112.18838709677419,31933.996992252964,0.0,1.3548387096774193,True,0.0,0.0,19.281333351135252,23.343225786762854,21.914333216349284,21.512964118082465,122.61766666666668,0.0,0.0,7,3,9.81774200931672,-9.463591341818532,9.81774200931672,-9.463591341818532,9.268333339691162,-10.01300001144409,8.884516146875196,-10.396817204260056,0.2727272727272727,0.7555555555555555,0.8409090909090909,0.5,0.0,0.4727020202020201,medium
2022-07-01,Visakhapatnam,Bulk Minerals & Ores,14.86354846339072,112.18838709677419,118896.79762750438,27347.164188945153,4.387096774193548,True,49979.049999999996,1.0,19.281333351135252,23.343225786762854,21.914333216349284,21.512964118082465,122.61766666666668,62409.81,1.1447161651505748,7,3,9.81774200931672,-9.463591341818532,9.81774200931672,-9.463591341818532,9.268333339691162,-10.01300001144409,8.884516146875196,-10.396817204260056,0.2727272727272727,0.7555555555555555,0.8409090909090909,1.0,0.0,0.5727020202020201,medium
2022-07-01,Visakhapatnam,Coal,14.86354846339072,112.18838709677419,118896.79762750438,27347.164188945153,4.387096774193548,True,0.0,0.0,19.281333351135252,23.343225786762854,21.914333216349284,21.512964118082465,122.61766666666668,0.0,0.0,7,3,9.81774200931672,-9.463591341818532,9.81774200931672,-9.463591341818532,9.268333339691162,-10.01300001144409,8.884516146875196,-10.396817204260056,0.2727272727272727,0.7555555555555555,0.8409090909090909,1.0,0.0,0.5727020202020201,medium
2022-07-01,Visakhapatnam,Iron Ore,14.86354846339072,112.18838709677419,118896.79762750438,27347.164188945153,4.387096774193548,True,0.0,0.0,19.281333351135252,23.343225786762854,21.914333216349284,21.512964118082465,122.61766666666668,0.0,0.0,7,3,9.81774200931672,-9.463591341818532,9.81774200931672,-9.463591341818532,9.268333339691162,-10.01300001144409,8.884516146875196,-10.396817204260056,0.2727272727272727,0.7555555555555555,0.8409090909090909,1.0,0.0,0.5727020202020201,medium
2022-08-01,Chennai,Bulk Minerals & Ores,9.81774200931672,100.4558064516129,0.0,0.0,0.3870967741935484,True,44224.92000000002,1.0,14.86354846339072,19.281333351135252,23.343225786762854,19.162702533762943,112.18838709677419,49979.049999999996,0.936685063565863,8,3,9.268333339691162,-5.595215123699557,9.268333339691162,-5.595215123699557,8.884516146875196,-5.979032316515523,7.623666652043661,-7.239881811347058,0.7045454545454546,0.9333333333333333,1.0,0.10648148148148148,0.0,0.604553872053872,high
2022-08-01,Chennai,Coal,9.81774200931672,100.4558064516129,0.0,0.0,0.3870967741935484,True,0.0,0.0,14.86354846339072,19.281333351135252,23.343225786762854,19.162702533762943,112.18838709677419,0.0,0.0,8,3,9.268333339691162,-5.595215123699557,9.268333339691162,-5.595215123699557,8.884516146875196,-5.979032316515523,7.623666652043661,-7.239881811347058,0.7045454545454546,0.9333333333333333,1.0,0.10648148148148148,0.0,0.604553872053872,high
2022-08-01,Chennai,Iron Ore,9.81774200931672,100.4558064516129,0.0,0.0,0.3870967741935484,True,0.0,0.0,14.86354846339072,19.281333351135252,23.343225786762854,19.162702533762943,112.18838709677419,0.0,0.0,8,3,9.268333339691162,-5.595215123699557,9.268333339691162,-5.595215123699557,8.884516146875196,-5.979032316515523,7.623666652043661,-7.239881811347058,0.7045454545454546,0.9333333333333333,1.0,0.10648148148148148,0.0,0.604553872053872,high
2022-08-01,Dhamra,Bulk Minerals & Ores,9.81774200931672,100.4558064516129,0.0,0.0,0.0,False,44224.92000000002,1.0,14.86354846339072,19.281333351135252,23.343225786762854,19.162702533762943,112.18838709677419,49979.049999999996,0.936685063565863,8,3,9.268333339691162,-5.595215123699557,9.268333339691162,-5.595215123699557,8.884516146875196,-5.979032316515523,7.623666652043661,-7.239881811347058,0.7045454545454546,0.9333333333333333,1.0,0.5,1.0,0.7832575757575757,high
2022-08-01,Dhamra,Coal,9.81774200931672,100.4558064516129,0.0,0.0,0.0,False,0.0,0.0,14.86354846339072,19.281333351135252,23.343225786762854,19.162702533762943,112.18838709677419,0.0,0.0,8,3,9.268333339691162,-5.595215123699557,9.268333339691162,-5.595215123699557,8.884516146875196,-5.979032316515523,7.623666652043661,-7.239881811347058,0.7045454545454546,0.9333333333333333,1.0,0.5,1.0,0.7832575757575757,high
2022-08-01,Dhamra,Iron Ore,9.81774200931672,100.4558064516129,0.0,0.0,0.0,False,0.0,0.0,14.86354846339072,19.281333351135252,23.343225786762854,19.162702533762943,112.18838709677419,0.0,0.0,8,3,9.268333339691162,-5.595215123699557,9.268333339691162,-5.595215123699557,8.884516146875196,-5.979032316515523,7.623666652043661,-7.239881811347058,0.7045454545454546,0.9333333333333333,1.0,0.5,1.0,0.7832575757575757,high
2022-08-01,Gangavaram,Bulk Minerals & Ores,9.81774200931672,100.4558064516129,0.0,0.0,0.0,False,44224.92000000002,1.0,14.86354846339072,19.281333351135252,23.343225786762854,19.162702533762943,112.18838709677419,49979.049999999996,0.936685063565863,8,3,9.268333339691162,-5.595215123699557,9.268333339691162,-5.595215123699557,8.884516146875196,-5.979032316515523,7.623666652043661,-7.239881811347058,0.7045454545454546,0.9333333333333333,1.0,0.5,1.0,0.7832575757575757,high
2022-08-01,Gangavaram,Coal,9.81774200931672,100.4558064516129,0.0,0.0,0.0,False,0.0,0.0,14.86354846339072,19.281333351135252,23.343225786762854,19.162702533762943,112.18838709677419,0.0,0.0,8,3,9.268333339691162,-5.595215123699557,9.268333339691162,-5.595215123699557,8.884516146875196,-5.979032316515523,7.623666652043661,-7.239881811347058,0.7045454545454546,0.9333333333333333,1.0,0.5,1.0,0.7832575757575757,high
2022-08-01,Gangavaram,Iron Ore,9.81774200931672,100.4558064516129,0.0,0.0,0.0,False,0.0,0.0,14.86354846339072,19.281333351135252,23.343225786762854,19.162702533762943,112.18838709677419,0.0,0.0,8,3,9.268333339691162,-5.595215123699557,9.268333339691162,-5.595215123699557,8.884516146875196,-5.979032316515523,7.623666652043661,-7.239881811347058,0.7045454545454546,0.9333333333333333,1.0,0.5,1.0,0.7832575757575757,high
2022-08-01,Gopalpur,Bulk Minerals & Ores,9.81774200931672,100.4558064516129,0.0,0.0,0.0,False,44224.92000000002,1.0,14.86354846339072,19.281333351135252,23.343225786762854,19.162702533762943,112.18838709677419,49979.049999999996,0.936685063565863,8,3,9.268333339691162,-5.595215123699557,9.268333339691162,-5.595215123699557,8.884516146875196,-5.979032316515523,7.623666652043661,-7.239881811347058,0.7045454545454546,0.9333333333333333,1.0,0.5,1.0,0.7832575757575757,high
2022-08-01,Gopalpur,Coal,9.81774200931672,100.4558064516129,0.0,0.0,0.0,False,0.0,0.0,14.86354846339072,19.281333351135252,23.343225786762854,19.162702533762943,112.18838709677419,0.0,0.0,8,3,9.268333339691162,-5.595215123699557,9.268333339691162,-5.595215123699557,8.884516146875196,-5.979032316515523,7.623666652043661,-7.239881811347058,0.7045454545454546,0.9333333333333333,1.0,0.5,1.0,0.7832575757575757,high
2022-08-01,Gopalpur,Iron Ore,9.81774200931672,100.4558064516129,0.0,0.0,0.0,False,0.0,0.0,14.86354846339072,19.281333351135252,23.343225786762854,19.162702533762943,112.18838709677419,0.0,0.0,8,3,9.268333339691162,-5.595215123699557,9.268333339691162,-5.595215123699557,8.884516146875196,-5.979032316515523,7.623666652043661,-7.239881811347058,0.7045454545454546,0.9333333333333333,1.0,0.5,1.0,0.7832575757575757,high
2022-08-01,Haldia,Bulk Minerals & Ores,9.81774200931672,100.4558064516129,19242.28111145048,1144.030841835818,2.161290322580645,True,44224.92000000002,1.0,14.86354846339072,19.281333351135252,23.343225786762854,19.162702533762943,112.18838709677419,49979.049999999996,0.936685063565863,8,3,9.268333339691162,-5.595215123699557,9.268333339691162,-5.595215123699557,8.884516146875196,-5.979032316515523,7.623666652043661,-7.239881811347058,0.7045454545454546,0.9333333333333333,1.0,0.6111111111111112,0.0,0.705479797979798,high
2022-08-01,Haldia,Coal,9.81774200931672,100.4558064516129,19242.28111145048,1144.030841835818,2.161290322580645,True,0.0,0.0,14.86354846339072,19.281333351135252,23.343225786762854,19.162702533762943,112.18838709677419,0.0,0.0,8,3,9.268333339691162,-5.595215123699557,9.268333339691162,-5.595215123699557,8.884516146875196,-5.979032316515523,7.623666652043661,-7.239881811347058,0.7045454545454546,0.9333333333333333,1.0,0.6111111111111112,0.0,0.705479797979798,high
2022-08-01,Haldia,Iron Ore,9.81774200931672,100.4558064516129,19242.28111145048,1144.030841835818,2.161290322580645,True,0.0,0.0,14.86354846339072,19.281333351135252,23.343225786762854,19.162702533762943,112.18838709677419,0.0,0.0,8,3,9.268333339691162,-5.595215123699557,9.268333339691162,-5.595215123699557,8.884516146875196,-5.979032316515523,7.623666652043661,-7.239881811347058,0.7045454545454546,0.9333333333333333,1.0,0.6111111111111112,0.0,0.705479797979798,high
2022-08-01,Kamarajar,Bulk Minerals & Ores,9.81774200931672,100.4558064516129,26910.969323504993,0.0,0.6129032258064516,True,44224.92000000002,1.0,14.86354846339072,19.281333351135252,23.343225786762854,19.162702533762943,112.18838709677419,49979.049999999996,0.936685063565863,8,3,9.268333339691162,-5.595215123699557,9.268333339691162,-5.595215123699557,8.884516146875196,-5.979032316515523,7.623666652043661,-7.239881811347058,0.7045454545454546,0.9333333333333333,1.0,0.20833333333333334,0.0,0.6249242424242424,high
2022-08-01,Kamarajar,Coal,9.81774200931672,100.4558064516129,26910.969323504993,0.0,0.6129032258064516,True,0.0,0.0,14.86354846339072,19.281333351135252,23.343225786762854,19.162702533762943,112.18838709677419,0.0,0.0,8,3,9.268333339691162,-5.595215123699557,9.268333339691162,-5.595215123699557,8.884516146875196,-5.979032316515523,7.623666652043661,-7.239881811347058,0.7045454545454546,0.9333333333333333,1.0,0.20833333333333334,0.0,0.6249242424242424,high
2022-08-01,Kamarajar,Iron Ore,9.81774200931672,100.4558064516129,26910.969323504993,0.0,0.6129032258064516,True,0.0,0.0,14.86354846339072,19.281333351135252,23.343225786762854,19.162702533762943,112.18838709677419,0.0,0.0,8,3,9.268333339691162,-5.595215123699557,9.268333339691162,-5.595215123699557,8.884516146875196,-5.979032316515523,7.623666652043661,-7.239881811347058,0.7045454545454546,0.9333333333333333,1.0,0.20833333333333334,0.0,0.6249242424242424,high
2022-08-01,Paradip,Bulk Minerals & Ores,9.81774200931672,100.4558064516129,51957.69927383809,67908.37053511373,3.7419354838709675,True,44224.92000000002,1.0,14.86354846339072,19.281333351135252,23.343225786762854,19.162702533762943,112.18838709677419,49979.049999999996,0.936685063565863,8,3,9.268333339691162,-5.595215123699557,9.268333339691162,-5.595215123699557,8.884516146875196,-5.979032316515523,7.623666652043661,-7.239881811347058,0.7045454545454546,0.9333333333333333,1.0,0.9537037037037037,0.0,0.7739983164983165,high
2022-08-01,Paradip,Coal,9.81774200931672,100.4558064516129,51957.69927383809,67908.37053511373,3.7419354838709675,True,0.0,0.0,14.86354846339072,19.281333351135252,23.343225786762854,19.162702533762943,112.18838709677419,0.0,0.0,8,3,9.268333339691162,-5.595215123699557,9.268333339691162,-5.595215123699557,8.884516146875196,-5.979032316515523,7.623666652043661,-7.239881811347058,0.7045454545454546,0.9333333333333333,1.0,0.9537037037037037,0.0,0.7739983164983165,high
2022-08-01,Paradip,Iron Ore,9.81774200931672,100.4558064516129,51957.69927383809,67908.37053511373,3.7419354838709675,True,0.0,0.0,14.86354846339072,19.281333351135252,23.343225786762854,19.162702533762943,112.18838709677419,0.0,0.0,8,3,9.268333339691162,-5.595215123699557,9.268333339691162,-5.595215123699557,8.884516146875196,-5.979032316515523,7.623666652043661,-7.239881811347058,0.7045454545454546,0.9333333333333333,1.0,0.9537037037037037,0.0,0.7739983164983165,high
2022-08-01,Sagar Sandheads,Bulk Minerals & Ores,9.81774200931672,100.4558064516129,0.0,0.0,0.0,False,44224.92000000002,1.0,14.86354846339072,19.281333351135252,23.343225786762854,19.162702533762943,112.18838709677419,49979.049999999996,0.936685063565863,8,3,9.268333339691162,-5.595215123699557,9.268333339691162,-5.595215123699557,8.884516146875196,-5.979032316515523,7.623666652043661,-7.239881811347058,0.7045454545454546,0.9333333333333333,1.0,0.5,1.0,0.7832575757575757,high
2022-08-01,Sagar Sandheads,Coal,9.81774200931672,100.4558064516129,0.0,0.0,0.0,False,0.0,0.0,14.86354846339072,19.281333351135252,23.343225786762854,19.162702533762943,112.18838709677419,0.0,0.0,8,3,9.268333339691162,-5.595215123699557,9.268333339691162,-5.595215123699557,8.884516146875196,-5.979032316515523,7.623666652043661,-7.239881811347058,0.7045454545454546,0.9333333333333333,1.0,0.5,1.0,0.7832575757575757,high
2022-08-01,Sagar Sandheads,Iron Ore,9.81774200931672,100.4558064516129,0.0,0.0,0.0,False,0.0,0.0,14.86354846339072,19.281333351135252,23.343225786762854,19.162702533762943,112.18838709677419,0.0,0.0,8,3,9.268333339691162,-5.595215123699557,9.268333339691162,-5.595215123699557,8.884516146875196,-5.979032316515523,7.623666652043661,-7.239881811347058,0.7045454545454546,0.9333333333333333,1.0,0.5,1.0,0.7832575757575757,high
2022-08-01,Tuticorin,Bulk Minerals & Ores,9.81774200931672,100.4558064516129,24636.967592296915,0.0,1.032258064516129,True,44224.92000000002,1.0,14.86354846339072,19.281333351135252,23.343225786762854,19.162702533762943,112.18838709677419,49979.049999999996,0.936685063565863,8,3,9.268333339691162,-5.595215123699557,9.268333339691162,-5.595215123699557,8.884516146875196,-5.979032316515523,7.623666652043661,-7.239881811347058,0.7045454545454546,0.9333333333333333,1.0,0.4444444444444444,0.0,0.6721464646464647,high
2022-08-01,Tuticorin,Coal,9.81774200931672,100.4558064516129,24636.967592296915,0.0,1.032258064516129,True,0.0,0.0,14.86354846339072,19.281333351135252,23.343225786762854,19.162702533762943,112.18838709677419,0.0,0.0,8,3,9.268333339691162,-5.595215123699557,9.268333339691162,-5.595215123699557,8.884516146875196,-5.979032316515523,7.623666652043661,-7.239881811347058,0.7045454545454546,0.9333333333333333,1.0,0.4444444444444444,0.0,0.6721464646464647,high
2022-08-01,Tuticorin,Iron Ore,9.81774200931672,100.4558064516129,24636.967592296915,0.0,1.032258064516129,True,0.0,0.0,14.86354846339072,19.281333351135252,23.343225786762854,19.162702533762943,112.18838709677419,0.0,0.0,8,3,9.268333339691162,-5.595215123699557,9.268333339691162,-5.595215123699557,8.884516146875196,-5.979032316515523,7.623666652043661,-7.239881811347058,0.7045454545454546,0.9333333333333333,1.0,0.4444444444444444,0.0,0.6721464646464647,high
2022-08-01,Visakhapatnam,Bulk Minerals & Ores,9.81774200931672,100.4558064516129,97357.90860050479,27977.032663544356,4.0,True,44224.92000000002,1.0,14.86354846339072,19.281333351135252,23.343225786762854,19.162702533762943,112.18838709677419,49979.049999999996,0.936685063565863,8,3,9.268333339691162,-5.595215123699557,9.268333339691162,-5.595215123699557,8.884516146875196,-5.979032316515523,7.623666652043661,-7.239881811347058,0.7045454545454546,0.9333333333333333,1.0,0.9814814814814815,0.0,0.779553872053872,high
2022-08-01,Visakhapatnam,Coal,9.81774200931672,100.4558064516129,97357.90860050479,27977.032663544356,4.0,True,0.0,0.0,14.86354846339072,19.281333351135252,23.343225786762854,19.162702533762943,112.18838709677419,0.0,0.0,8,3,9.268333339691162,-5.595215123699557,9.268333339691162,-5.595215123699557,8.884516146875196,-5.979032316515523,7.623666652043661,-7.239881811347058,0.7045454545454546,0.9333333333333333,1.0,0.9814814814814815,0.0,0.779553872053872,high
2022-08-01,Visakhapatnam,Iron Ore,9.81774200931672,100.4558064516129,97357.90860050479,27977.032663544356,4.0,True,0.0,0.0,14.86354846339072,19.281333351135252,23.343225786762854,19.162702533762943,112.18838709677419,0.0,0.0,8,3,9.268333339691162,-5.595215123699557,9.268333339691162,-5.595215123699557,8.884516146875196,-5.979032316515523,7.623666652043661,-7.239881811347058,0.7045454545454546,0.9333333333333333,1.0,0.9814814814814815,0.0,0.779553872053872,high
2022-09-01,Chennai,Bulk Minerals & Ores,9.268333339691162,89.71566666666668,0.0,0.0,0.6333333333333333,True,36456.69999999998,1.0,9.81774200931672,14.86354846339072,19.281333351135252,14.654207941280896,100.4558064516129,44224.92000000002,0.47220209842113614,9,3,8.884516146875196,-0.9332258624415246,8.884516146875196,-0.9332258624415246,7.623666652043661,-2.19407535727306,9.032903040609051,-0.7848389687076693,0.8409090909090909,0.2,0.6818181818181818,0.20833333333333334,0.0,0.4782575757575758,medium
2022-09-01,Chennai,Coal,9.268333339691162,89.71566666666668,0.0,0.0,0.6333333333333333,True,0.0,0.0,9.81774200931672,14.86354846339072,19.281333351135252,14.654207941280896,100.4558064516129,0.0,0.0,9,3,8.884516146875196,-0.9332258624415246,8.884516146875196,-0.9332258624415246,7.623666652043661,-2.19407535727306,9.032903040609051,-0.7848389687076693,0.8409090909090909,0.2,0.6818181818181818,0.20833333333333334,0.0,0.4782575757575758,medium
2022-09-01,Chennai,Iron Ore,9.268333339691162,89.71566666666668,0.0,0.0,0.6333333333333333,True,0.0,0.0,9.81774200931672,14.86354846339072,19.281333351135252,14.654207941280896,100.4558064516129,0.0,0.0,9,3,8.884516146875196,-0.9332258624415246,8.884516146875196,-0.9332258624415246,7.623666652043661,-2.19407535727306,9.032903040609051,-0.7848389687076693,0.8409090909090909,0.2,0.6818181818181818,0.20833333333333334,0.0,0.4782575757575758,medium
2022-09-01,Dhamra,Bulk Minerals & Ores,9.268333339691162,89.71566666666668,0.0,0.0,0.0,False,36456.69999999998,1.0,9.81774200931672,14.86354846339072,19.281333351135252,14.654207941280896,100.4558064516129,44224.92000000002,0.47220209842113614,9,3,8.884516146875196,-0.9332258624415246,8.884516146875196,-0.9332258624415246,7.623666652043661,-2.19407535727306,9.032903040609051,-0.7848389687076693,0.8409090909090909,0.2,0.6818181818181818,0.5,1.0,0.6365909090909091,high
2022-09-01,Dhamra,Coal,9.268333339691162,89.71566666666668,0.0,0.0,0.0,False,0.0,0.0,9.81774200931672,14.86354846339072,19.281333351135252,14.654207941280896,100.4558064516129,0.0,0.0,9,3,8.884516146875196,-0.9332258624415246,8.884516146875196,-0.9332258624415246,7.623666652043661,-2.19407535727306,9.032903040609051,-0.7848389687076693,0.8409090909090909,0.2,0.6818181818181818,0.5,1.0,0.6365909090909091,high
2022-09-01,Dhamra,Iron Ore,9.268333339691162,89.71566666666668,0.0,0.0,0.0,False,0.0,0.0,9.81774200931672,14.86354846339072,19.281333351135252,14.654207941280896,100.4558064516129,0.0,0.0,9,3,8.884516146875196,-0.9332258624415246,8.884516146875196,-0.9332258624415246,7.623666652043661,-2.19407535727306,9.032903040609051,-0.7848389687076693,0.8409090909090909,0.2,0.6818181818181818,0.5,1.0,0.6365909090909091,high
2022-09-01,Gangavaram,Bulk Minerals & Ores,9.268333339691162,89.71566666666668,0.0,0.0,0.0,False,36456.69999999998,1.0,9.81774200931672,14.86354846339072,19.281333351135252,14.654207941280896,100.4558064516129,44224.92000000002,0.47220209842113614,9,3,8.884516146875196,-0.9332258624415246,8.884516146875196,-0.9332258624415246,7.623666652043661,-2.19407535727306,9.032903040609051,-0.7848389687076693,0.8409090909090909,0.2,0.6818181818181818,0.5,1.0,0.6365909090909091,high
2022-09-01,Gangavaram,Coal,9.268333339691162,89.71566666666668,0.0,0.0,0.0,False,0.0,0.0,9.81774200931672,14.86354846339072,19.281333351135252,14.654207941280896,100.4558064516129,0.0,0.0,9,3,8.884516146875196,-0.9332258624415246,8.884516146875196,-0.9332258624415246,7.623666652043661,-2.19407535727306,9.032903040609051,-0.7848389687076693,0.8409090909090909,0.2,0.6818181818181818,0.5,1.0,0.6365909090909091,high
2022-09-01,Gangavaram,Iron Ore,9.268333339691162,89.71566666666668,0.0,0.0,0.0,False,0.0,0.0,9.81774200931672,14.86354846339072,19.281333351135252,14.654207941280896,100.4558064516129,0.0,0.0,9,3,8.884516146875196,-0.9332258624415246,8.884516146875196,-0.9332258624415246,7.623666652043661,-2.19407535727306,9.032903040609051,-0.7848389687076693,0.8409090909090909,0.2,0.6818181818181818,0.5,1.0,0.6365909090909091,high
2022-09-01,Gopalpur,Bulk Minerals & Ores,9.268333339691162,89.71566666666668,0.0,0.0,0.0,False,36456.69999999998,1.0,9.81774200931672,14.86354846339072,19.281333351135252,14.654207941280896,100.4558064516129,44224.92000000002,0.47220209842113614,9,3,8.884516146875196,-0.9332258624415246,8.884516146875196,-0.9332258624415246,7.623666652043661,-2.19407535727306,9.032903040609051,-0.7848389687076693,0.8409090909090909,0.2,0.6818181818181818,0.5,1.0,0.6365909090909091,high
2022-09-01,Gopalpur,Coal,9.268333339691162,89.71566666666668,0.0,0.0,0.0,False,0.0,0.0,9.81774200931672,14.86354846339072,19.281333351135252,14.654207941280896,100.4558064516129,0.0,0.0,9,3,8.884516146875196,-0.9332258624415246,8.884516146875196,-0.9332258624415246,7.623666652043661,-2.19407535727306,9.032903040609051,-0.7848389687076693,0.8409090909090909,0.2,0.6818181818181818,0.5,1.0,0.6365909090909091,high
2022-09-01,Gopalpur,Iron Ore,9.268333339691162,89.71566666666668,0.0,0.0,0.0,False,0.0,0.0,9.81774200931672,14.86354846339072,19.281333351135252,14.654207941280896,100.4558064516129,0.0,0.0,9,3,8.884516146875196,-0.9332258624415246,8.884516146875196,-0.9332258624415246,7.623666652043661,-2.19407535727306,9.032903040609051,-0.7848389687076693,0.8409090909090909,0.2,0.6818181818181818,0.5,1.0,0.6365909090909091,high
2022-09-01,Haldia,Bulk Minerals & Ores,9.268333339691162,89.71566666666668,23751.263395975046,2931.5324706224974,2.3666666666666667,True,36456.69999999998,1.0,9.81774200931672,14.86354846339072,19.281333351135252,14.654207941280896,100.4558064516129,44224.92000000002,0.47220209842113614,9,3,8.884516146875196,-0.9332258624415246,8.884516146875196,-0.9332258624415246,7.623666652043661,-2.19407535727306,9.032903040609051,-0.7848389687076693,0.8409090909090909,0.2,0.6818181818181818,0.6666666666666666,0.0,0.5699242424242424,medium
2022-09-01,Haldia,Coal,9.268333339691162,89.71566666666668,23751.263395975046,2931.5324706224974,2.3666666666666667,True,0.0,0.0,9.81774200931672,14.86354846339072,19.281333351135252,14.654207941280896,100.4558064516129,0.0,0.0,9,3,8.884516146875196,-0.9332258624415246,8.884516146875196,-0.9332258624415246,7.623666652043661,-2.19407535727306,9.032903040609051,-0.7848389687076693,0.8409090909090909,0.2,0.6818181818181818,0.6666666666666666,0.0,0.5699242424242424,medium
2022-09-01,Haldia,Iron Ore,9.268333339691162,89.71566666666668,23751.263395975046,2931.5324706224974,2.3666666666666667,True,0.0,0.0,9.81774200931672,14.86354846339072,19.281333351135252,14.654207941280896,100.4558064516129,0.0,0.0,9,3,8.884516146875196,-0.9332258624415246,8.884516146875196,-0.9332258624415246,7.623666652043661,-2.19407535727306,9.032903040609051,-0.7848389687076693,0.8409090909090909,0.2,0.6818181818181818,0.6666666666666666,0.0,0.5699242424242424,medium
2022-09-01,Kamarajar,Bulk Minerals & Ores,9.268333339691162,89.71566666666668,29103.705694893357,0.0,0.8333333333333334,True,36456.69999999998,1.0,9.81774200931672,14.86354846339072,19.281333351135252,14.654207941280896,100.4558064516129,44224.92000000002,0.47220209842113614,9,3,8.884516146875196,-0.9332258624415246,8.884516146875196,-0.9332258624415246,7.623666652043661,-2.19407535727306,9.032903040609051,-0.7848389687076693,0.8409090909090909,0.2,0.6818181818181818,0.3055555555555556,0.0,0.49770202020202026,medium
2022-09-01,Kamarajar,Coal,9.268333339691162,89.71566666666668,29103.705694893357,0.0,0.8333333333333334,True,0.0,0.0,9.81774200931672,14.86354846339072,19.281333351135252,14.654207941280896,100.4558064516129,0.0,0.0,9,3,8.884516146875196,-0.9332258624415246,8.884516146875196,-0.9332258624415246,7.623666652043661,-2.19407535727306,9.032903040609051,-0.7848389687076693,0.8409090909090909,0.2,0.6818181818181818,0.3055555555555556,0.0,0.49770202020202026,medium
2022-09-01,Kamarajar,Iron Ore,9.268333339691162,89.71566666666668,29103.705694893357,0.0,0.8333333333333334,True,0.0,0.0,9.81774200931672,14.86354846339072,19.281333351135252,14.654207941280896,100.4558064516129,0.0,0.0,9,3,8.884516146875196,-0.9332258624415246,8.884516146875196,-0.9332258624415246,7.623666652043661,-2.19407535727306,9.032903040609051,-0.7848389687076693,0.8409090909090909,0.2,0.6818181818181818,0.3055555555555556,0.0,0.49770202020202026,medium
2022-09-01,Paradip,Bulk Minerals & Ores,9.268333339691162,89.71566666666668,53452.47846288064,47579.50307756622,3.3,True,36456.69999999998,1.0,9.81774200931672,14.86354846339072,19.281333351135252,14.654207941280896,100.4558064516129,44224.92000000002,0.47220209842113614,9,3,8.884516146875196,-0.9332258624415246,8.884516146875196,-0.9332258624415246,7.623666652043661,-2.19407535727306,9.032903040609051,-0.7848389687076693,0.8409090909090909,0.2,0.6818181818181818,0.9120370370370371,0.0,0.6189983164983166,high
2022-09-01,Paradip,Coal,9.268333339691162,89.71566666666668,53452.47846288064,47579.50307756622,3.3,True,0.0,0.0,9.81774200931672,14.86354846339072,19.281333351135252,14.654207941280896,100.4558064516129,0.0,0.0,9,3,8.884516146875196,-0.9332258624415246,8.884516146875196,-0.9332258624415246,7.623666652043661,-2.19407535727306,9.032903040609051,-0.7848389687076693,0.8409090909090909,0.2,0.6818181818181818,0.9120370370370371,0.0,0.6189983164983166,high
2022-09-01,Paradip,Iron Ore,9.268333339691162,89.71566666666668,53452.47846288064,47579.50307756622,3.3,True,0.0,0.0,9.81774200931672,14.86354846339072,19.281333351135252,14.654207941280896,100.4558064516129,0.0,0.0,9,3,8.884516146875196,-0.9332258624415246,8.884516146875196,-0.9332258624415246,7.623666652043661,-2.19407535727306,9.032903040609051,-0.7848389687076693,0.8409090909090909,0.2,0.6818181818181818,0.9120370370370371,0.0,0.6189983164983166,high
2022-09-01,Sagar Sandheads,Bulk Minerals & Ores,9.268333339691162,89.71566666666668,0.0,0.0,0.0,False,36456.69999999998,1.0,9.81774200931672,14.86354846339072,19.281333351135252,14.654207941280896,100.4558064516129,44224.92000000002,0.47220209842113614,9,3,8.884516146875196,-0.9332258624415246,8.884516146875196,-0.9332258624415246,7.623666652043661,-2.19407535727306,9.032903040609051,-0.7848389687076693,0.8409090909090909,0.2,0.6818181818181818,0.5,1.0,0.6365909090909091,high
2022-09-01,Sagar Sandheads,Coal,9.268333339691162,89.71566666666668,0.0,0.0,0.0,False,0.0,0.0,9.81774200931672,14.86354846339072,19.281333351135252,14.654207941280896,100.4558064516129,0.0,0.0,9,3,8.884516146875196,-0.9332258624415246,8.884516146875196,-0.9332258624415246,7.623666652043661,-2.19407535727306,9.032903040609051,-0.7848389687076693,0.8409090909090909,0.2,0.6818181818181818,0.5,1.0,0.6365909090909091,high
2022-09-01,Sagar Sandheads,Iron Ore,9.268333339691162,89.71566666666668,0.0,0.0,0.0,False,0.0,0.0,9.81774200931672,14.86354846339072,19.281333351135252,14.654207941280896,100.4558064516129,0.0,0.0,9,3,8.884516146875196,-0.9332258624415246,8.884516146875196,-0.9332258624415246,7.623666652043661,-2.19407535727306,9.032903040609051,-0.7848389687076693,0.8409090909090909,0.2,0.6818181818181818,0.5,1.0,0.6365909090909091,high
2022-09-01,Tuticorin,Bulk Minerals & Ores,9.268333339691162,89.71566666666668,31698.19079900549,0.0,1.1333333333333333,True,36456.69999999998,1.0,9.81774200931672,14.86354846339072,19.281333351135252,14.654207941280896,100.4558064516129,44224.92000000002,0.47220209842113614,9,3,8.884516146875196,-0.9332258624415246,8.884516146875196,-0.9332258624415246,7.623666652043661,-2.19407535727306,9.032903040609051,-0.7848389687076693,0.8409090909090909,0.2,0.6818181818181818,0.49074074074074076,0.0,0.5347390572390573,medium
2022-09-01,Tuticorin,Coal,9.268333339691162,89.71566666666668,31698.19079900549,0.0,1.1333333333333333,True,0.0,0.0,9.81774200931672,14.86354846339072,19.281333351135252,14.654207941280896,100.4558064516129,0.0,0.0,9,3,8.884516146875196,-0.9332258624415246,8.884516146875196,-0.9332258624415246,7.623666652043661,-2.19407535727306,9.032903040609051,-0.7848389687076693,0.8409090909090909,0.2,0.6818181818181818,0.49074074074074076,0.0,0.5347390572390573,medium
2022-09-01,Tuticorin,Iron Ore,9.268333339691162,89.71566666666668,31698.19079900549,0.0,1.1333333333333333,True,0.0,0.0,9.81774200931672,14.86354846339072,19.281333351135252,14.654207941280896,100.4558064516129,0.0,0.0,9,3,8.884516146875196,-0.9332258624415246,8.884516146875196,-0.9332258624415246,7.623666652043661,-2.19407535727306,9.032903040609051,-0.7848389687076693,0.8409090909090909,0.2,0.6818181818181818,0.49074074074074076,0.0,0.5347390572390573,medium
2022-09-01,Visakhapatnam,Bulk Minerals & Ores,9.268333339691162,89.71566666666668,78060.43180491471,36112.76551877896,4.033333333333333,True,36456.69999999998,1.0,9.81774200931672,14.86354846339072,19.281333351135252,14.654207941280896,100.4558064516129,44224.92000000002,0.47220209842113614,9,3,8.884516146875196,-0.9332258624415246,8.884516146875196,-0.9332258624415246,7.623666652043661,-2.19407535727306,9.032903040609051,-0.7848389687076693,0.8409090909090909,0.2,0.6818181818181818,0.9861111111111112,0.0,0.6338131313131314,high
2022-09-01,Visakhapatnam,Coal,9.268333339691162,89.71566666666668,78060.43180491471,36112.76551877896,4.033333333333333,True,0.0,0.0,9.81774200931672,14.86354846339072,19.281333351135252,14.654207941280896,100.4558064516129,0.0,0.0,9,3,8.884516146875196,-0.9332258624415246,8.884516146875196,-0.9332258624415246,7.623666652043661,-2.19407535727306,9.032903040609051,-0.7848389687076693,0.8409090909090909,0.2,0.6818181818181818,0.9861111111111112,0.0,0.6338131313131314,high
2022-09-01,Visakhapatnam,Iron Ore,9.268333339691162,89.71566666666668,78060.43180491471,36112.76551877896,4.033333333333333,True,0.0,0.0,9.81774200931672,14.86354846339072,19.281333351135252,14.654207941280896,100.4558064516129,0.0,0.0,9,3,8.884516146875196,-0.9332258624415246,8.884516146875196,-0.9332258624415246,7.623666652043661,-2.19407535727306,9.032903040609051,-0.7848389687076693,0.8409090909090909,0.2,0.6818181818181818,0.9861111111111112,0.0,0.6338131313131314,high
2022-10-01,Chennai,Bulk Minerals & Ores,8.884516146875196,93.31903225806451,0.0,0.0,0.8709677419354839,True,34109.38000000002,1.0,9.268333339691162,9.81774200931672,14.86354846339072,11.316541270799533,89.71566666666668,36456.69999999998,0.027713207665416295,10,4,7.623666652043661,-1.6446666876475016,7.623666652043661,-1.6446666876475016,9.032903040609051,-0.2354302990821111,8.989838600158691,-0.27849473953247106,0.09090909090909091,0.2,0.18181818181818182,0.3425925925925926,0.0,0.1676094276094276,low
2022-10-01,Chennai,Coal,8.884516146875196,93.31903225806451,0.0,0.0,0.8709677419354839,True,0.0,0.0,9.268333339691162,9.81774200931672,14.86354846339072,11.316541270799533,89.71566666666668,0.0,0.0,10,4,7.623666652043661,-1.6446666876475016,7.623666652043661,-1.6446666876475016,9.032903040609051,-0.2354302990821111,8.989838600158691,-0.27849473953247106,0.09090909090909091,0.2,0.18181818181818182,0.3425925925925926,0.0,0.1676094276094276,low
2022-10-01,Chennai,Iron Ore,8.884516146875196,93.31903225806451,0.0,0.0,0.8709677419354839,True,0.0,0.0,9.268333339691162,9.81774200931672,14.86354846339072,11.316541270799533,89.71566666666668,0.0,0.0,10,4,7.623666652043661,-1.6446666876475016,7.623666652043661,-1.6446666876475016,9.032903040609051,-0.2354302990821111,8.989838600158691,-0.27849473953247106,0.09090909090909091,0.2,0.18181818181818182,0.3425925925925926,0.0,0.1676094276094276,low
2022-10-01,Dhamra,Bulk Minerals & Ores,8.884516146875196,93.31903225806451,0.0,0.0,0.0,False,34109.38000000002,1.0,9.268333339691162,9.81774200931672,14.86354846339072,11.316541270799533,89.71566666666668,36456.69999999998,0.027713207665416295,10,4,7.623666652043661,-1.6446666876475016,7.623666652043661,-1.6446666876475016,9.032903040609051,-0.2354302990821111,8.989838600158691,-0.27849473953247106,0.09090909090909091,0.2,0.18181818181818182,0.5,1.0,0.2990909090909091,low
2022-10-01,Dhamra,Coal,8.884516146875196,93.31903225806451,0.0,0.0,0.0,False,0.0,0.0,9.268333339691162,9.81774200931672,14.86354846339072,11.316541270799533,89.71566666666668,0.0,0.0,10,4,7.623666652043661,-1.6446666876475016,7.623666652043661,-1.6446666876475016,9.032903040609051,-0.2354302990821111,8.989838600158691,-0.27849473953247106,0.09090909090909091,0.2,0.18181818181818182,0.5,1.0,0.2990909090909091,low
2022-10-01,Dhamra,Iron Ore,8.884516146875196,93.31903225806451,0.0,0.0,0.0,False,0.0,0.0,9.268333339691162,9.81774200931672,14.86354846339072,11.316541270799533,89.71566666666668,0.0,0.0,10,4,7.623666652043661,-1.6446666876475016,7.623666652043661,-1.6446666876475016,9.032903040609051,-0.2354302990821111,8.989838600158691,-0.27849473953247106,0.09090909090909091,0.2,0.18181818181818182,0.5,1.0,0.2990909090909091,low
2022-10-01,Gangavaram,Bulk Minerals & Ores,8.884516146875196,93.31903225806451,0.0,0.0,0.0,False,34109.38000000002,1.0,9.268333339691162,9.81774200931672,14.86354846339072,11.316541270799533,89.71566666666668,36456.69999999998,0.027713207665416295,10,4,7.623666652043661,-1.6446666876475016,7.623666652043661,-1.6446666876475016,9.032903040609051,-0.2354302990821111,8.989838600158691,-0.27849473953247106,0.09090909090909091,0.2,0.18181818181818182,0.5,1.0,0.2990909090909091,low
2022-10-01,Gangavaram,Coal,8.884516146875196,93.31903225806451,0.0,0.0,0.0,False,0.0,0.0,9.268333339691162,9.81774200931672,14.86354846339072,11.316541270799533,89.71566666666668,0.0,0.0,10,4,7.623666652043661,-1.6446666876475016,7.623666652043661,-1.6446666876475016,9.032903040609051,-0.2354302990821111,8.989838600158691,-0.27849473953247106,0.09090909090909091,0.2,0.18181818181818182,0.5,1.0,0.2990909090909091,low
2022-10-01,Gangavaram,Iron Ore,8.884516146875196,93.31903225806451,0.0,0.0,0.0,False,0.0,0.0,9.268333339691162,9.81774200931672,14.86354846339072,11.316541270799533,89.71566666666668,0.0,0.0,10,4,7.623666652043661,-1.6446666876475016,7.623666652043661,-1.6446666876475016,9.032903040609051,-0.2354302990821111,8.989838600158691,-0.27849473953247106,0.09090909090909091,0.2,0.18181818181818182,0.5,1.0,0.2990909090909091,low
2022-10-01,Gopalpur,Bulk Minerals & Ores,8.884516146875196,93.31903225806451,0.0,0.0,0.0,False,34109.38000000002,1.0,9.268333339691162,9.81774200931672,14.86354846339072,11.316541270799533,89.71566666666668,36456.69999999998,0.027713207665416295,10,4,7.623666652043661,-1.6446666876475016,7.623666652043661,-1.6446666876475016,9.032903040609051,-0.2354302990821111,8.989838600158691,-0.27849473953247106,0.09090909090909091,0.2,0.18181818181818182,0.5,1.0,0.2990909090909091,low
2022-10-01,Gopalpur,Coal,8.884516146875196,93.31903225806451,0.0,0.0,0.0,False,0.0,0.0,9.268333339691162,9.81774200931672,14.86354846339072,11.316541270799533,89.71566666666668,0.0,0.0,10,4,7.623666652043661,-1.6446666876475016,7.623666652043661,-1.6446666876475016,9.032903040609051,-0.2354302990821111,8.989838600158691,-0.27849473953247106,0.09090909090909091,0.2,0.18181818181818182,0.5,1.0,0.2990909090909091,low
2022-10-01,Gopalpur,Iron Ore,8.884516146875196,93.31903225806451,0.0,0.0,0.0,False,0.0,0.0,9.268333339691162,9.81774200931672,14.86354846339072,11.316541270799533,89.71566666666668,0.0,0.0,10,4,7.623666652043661,-1.6446666876475016,7.623666652043661,-1.6446666876475016,9.032903040609051,-0.2354302990821111,8.989838600158691,-0.27849473953247106,0.09090909090909091,0.2,0.18181818181818182,0.5,1.0,0.2990909090909091,low
2022-10-01,Haldia,Bulk Minerals & Ores,8.884516146875196,93.31903225806451,22116.05328508725,1475.2994055667102,2.2580645161290325,True,34109.38000000002,1.0,9.268333339691162,9.81774200931672,14.86354846339072,11.316541270799533,89.71566666666668,36456.69999999998,0.027713207665416295,10,4,7.623666652043661,-1.6446666876475016,7.623666652043661,-1.6446666876475016,9.032903040609051,-0.2354302990821111,8.989838600158691,-0.27849473953247106,0.09090909090909091,0.2,0.18181818181818182,0.6342592592592593,0.0,0.22594276094276095,low
2022-10-01,Haldia,Coal,8.884516146875196,93.31903225806451,22116.05328508725,1475.2994055667102,2.2580645161290325,True,0.0,0.0,9.268333339691162,9.81774200931672,14.86354846339072,11.316541270799533,89.71566666666668,0.0,0.0,10,4,7.623666652043661,-1.6446666876475016,7.623666652043661,-1.6446666876475016,9.032903040609051,-0.2354302990821111,8.989838600158691,-0.27849473953247106,0.09090909090909091,0.2,0.18181818181818182,0.6342592592592593,0.0,0.22594276094276095,low
2022-10-01,Haldia,Iron Ore,8.884516146875196,93.31903225806451,22116.05328508725,1475.2994055667102,2.2580645161290325,True,0.0,0.0,9.268333339691162,9.81774200931672,14.86354846339072,11.316541270799533,89.71566666666668,0.0,0.0,10,4,7.623666652043661,-1.6446666876475016,7.623666652043661,-1.6446666876475016,9.032903040609051,-0.2354302990821111,8.989838600158691,-0.27849473953247106,0.09090909090909091,0.2,0.18181818181818182,0.6342592592592593,0.0,0.22594276094276095,low
2022-10-01,Kamarajar,Bulk Minerals & Ores,8.884516146875196,93.31903225806451,30475.59247016302,0.0,0.8387096774193549,True,34109.38000000002,1.0,9.268333339691162,9.81774200931672,14.86354846339072,11.316541270799533,89.71566666666668,36456.69999999998,0.027713207665416295,10,4,7.623666652043661,-1.6446666876475016,7.623666652043661,-1.6446666876475016,9.032903040609051,-0.2354302990821111,8.989838600158691,-0.27849473953247106,0.09090909090909091,0.2,0.18181818181818182,0.3101851851851852,0.0,0.16112794612794612,low
2022-10-01,Kamarajar,Coal,8.884516146875196,93.31903225806451,30475.59247016302,0.0,0.8387096774193549,True,0.0,0.0,9.268333339691162,9.81774200931672,14.86354846339072,11.316541270799533,89.71566666666668,0.0,0.0,10,4,7.623666652043661,-1.6446666876475016,7.623666652043661,-1.6446666876475016,9.032903040609051,-0.2354302990821111,8.989838600158691,-0.27849473953247106,0.09090909090909091,0.2,0.18181818181818182,0.3101851851851852,0.0,0.16112794612794612,low
2022-10-01,Kamarajar,Iron Ore,8.884516146875196,93.31903225806451,30475.59247016302,0.0,0.8387096774193549,True,0.0,0.0,9.268333339691162,9.81774200931672,14.86354846339072,11.316541270799533,89.71566666666668,0.0,0.0,10,4,7.623666652043661,-1.6446666876475016,7.623666652043661,-1.6446666876475016,9.032903040609051,-0.2354302990821111,8.989838600158691,-0.27849473953247106,0.09090909090909091,0.2,0.18181818181818182,0.3101851851851852,0.0,0.16112794612794612,low
2022-10-01,Paradip,Bulk Minerals & Ores,8.884516146875196,93.31903225806451,40312.6619619625,42700.48248414294,2.7096774193548385,True,34109.38000000002,1.0,9.268333339691162,9.81774200931672,14.86354846339072,11.316541270799533,89.71566666666668,36456.69999999998,0.027713207665416295,10,4,7.623666652043661,-1.6446666876475016,7.623666652043661,-1.6446666876475016,9.032903040609051,-0.2354302990821111,8.989838600158691,-0.27849473953247106,0.09090909090909091,0.2,0.18181818181818182,0.7824074074074074,0.0,0.25557239057239056,low
2022-10-01,Paradip,Coal,8.884516146875196,93.31903225806451,40312.6619619625,42700.48248414294,2.7096774193548385,True,0.0,0.0,9.268333339691162,9.81774200931672,14.86354846339072,11.316541270799533,89.71566666666668,0.0,0.0,10,4,7.623666652043661,-1.6446666876475016,7.623666652043661,-1.6446666876475016,9.032903040609051,-0.2354302990821111,8.989838600158691,-0.27849473953247106,0.09090909090909091,0.2,0.18181818181818182,0.7824074074074074,0.0,0.25557239057239056,low
2022-10-01,Paradip,Iron Ore,8.884516146875196,93.31903225806451,40312.6619619625,42700.48248414294,2.7096774193548385,True,0.0,0.0,9.268333339691162,9.81774200931672,14.86354846339072,11.316541270799533,89.71566666666668,0.0,0.0,10,4,7.623666652043661,-1.6446666876475016,7.623666652043661,-1.6446666876475016,9.032903040609051,-0.2354302990821111,8.989838600158691,-0.27849473953247106,0.09090909090909091,0.2,0.18181818181818182,0.7824074074074074,0.0,0.25557239057239056,low
2022-10-01,Sagar Sandheads,Bulk Minerals & Ores,8.884516146875196,93.31903225806451,0.0,0.0,0.0,False,34109.38000000002,1.0,9.268333339691162,9.81774200931672,14.86354846339072,11.316541270799533,89.71566666666668,36456.69999999998,0.027713207665416295,10,4,7.623666652043661,-1.6446666876475016,7.623666652043661,-1.6446666876475016,9.032903040609051,-0.2354302990821111,8.989838600158691,-0.27849473953247106,0.09090909090909091,0.2,0.18181818181818182,0.5,1.0,0.2990909090909091,low
2022-10-01,Sagar Sandheads,Coal,8.884516146875196,93.31903225806451,0.0,0.0,0.0,False,0.0,0.0,9.268333339691162,9.81774200931672,14.86354846339072,11.316541270799533,89.71566666666668,0.0,0.0,10,4,7.623666652043661,-1.6446666876475016,7.623666652043661,-1.6446666876475016,9.032903040609051,-0.2354302990821111,8.989838600158691,-0.27849473953247106,0.09090909090909091,0.2,0.18181818181818182,0.5,1.0,0.2990909090909091,low
2022-10-01,Sagar Sandheads,Iron Ore,8.884516146875196,93.31903225806451,0.0,0.0,0.0,False,0.0,0.0,9.268333339691162,9.81774200931672,14.86354846339072,11.316541270799533,89.71566666666668,0.0,0.0,10,4,7.623666652043661,-1.6446666876475016,7.623666652043661,-1.6446666876475016,9.032903040609051,-0.2354302990821111,8.989838600158691,-0.27849473953247106,0.09090909090909091,0.2,0.18181818181818182,0.5,1.0,0.2990909090909091,low
2022-10-01,Tuticorin,Bulk Minerals & Ores,8.884516146875196,93.31903225806451,26597.83264814548,0.0,1.2258064516129032,True,34109.38000000002,1.0,9.268333339691162,9.81774200931672,14.86354846339072,11.316541270799533,89.71566666666668,36456.69999999998,0.027713207665416295,10,4,7.623666652043661,-1.6446666876475016,7.623666652043661,-1.6446666876475016,9.032903040609051,-0.2354302990821111,8.989838600158691,-0.27849473953247106,0.09090909090909091,0.2,0.18181818181818182,0.49537037037037035,0.0,0.19816498316498316,low
2022-10-01,Tuticorin,Coal,8.884516146875196,93.31903225806451,26597.83264814548,0.0,1.2258064516129032,True,0.0,0.0,9.268333339691162,9.81774200931672,14.86354846339072,11.316541270799533,89.71566666666668,0.0,0.0,10,4,7.623666652043661,-1.6446666876475016,7.623666652043661,-1.6446666876475016,9.032903040609051,-0.2354302990821111,8.989838600158691,-0.27849473953247106,0.09090909090909091,0.2,0.18181818181818182,0.49537037037037035,0.0,0.19816498316498316,low
2022-10-01,Tuticorin,Iron Ore,8.884516146875196,93.31903225806451,26597.83264814548,0.0,1.2258064516129032,True,0.0,0.0,9.268333339691162,9.81774200931672,14.86354846339072,11.316541270799533,89.71566666666668,0.0,0.0,10,4,7.623666652043661,-1.6446666876475016,7.623666652043661,-1.6446666876475016,9.032903040609051,-0.2354302990821111,8.989838600158691,-0.27849473953247106,0.09090909090909091,0.2,0.18181818181818182,0.49537037037037035,0.0,0.19816498316498316,low
2022-10-01,Visakhapatnam,Bulk Minerals & Ores,8.884516146875196,93.31903225806451,67957.08384374333,22762.35409223389,2.935483870967742,True,34109.38000000002,1.0,9.268333339691162,9.81774200931672,14.86354846339072,11.316541270799533,89.71566666666668,36456.69999999998,0.027713207665416295,10,4,7.623666652043661,-1.6446666876475016,7.623666652043661,-1.6446666876475016,9.032903040609051,-0.2354302990821111,8.989838600158691,-0.27849473953247106,0.09090909090909091,0.2,0.18181818181818182,0.8518518518518519,0.0,0.2694612794612795,low
2022-10-01,Visakhapatnam,Coal,8.884516146875196,93.31903225806451,67957.08384374333,22762.35409223389,2.935483870967742,True,0.0,0.0,9.268333339691162,9.81774200931672,14.86354846339072,11.316541270799533,89.71566666666668,0.0,0.0,10,4,7.623666652043661,-1.6446666876475016,7.623666652043661,-1.6446666876475016,9.032903040609051,-0.2354302990821111,8.989838600158691,-0.27849473953247106,0.09090909090909091,0.2,0.18181818181818182,0.8518518518518519,0.0,0.2694612794612795,low
2022-10-01,Visakhapatnam,Iron Ore,8.884516146875196,93.31903225806451,67957.08384374333,22762.35409223389,2.935483870967742,True,0.0,0.0,9.268333339691162,9.81774200931672,14.86354846339072,11.316541270799533,89.71566666666668,0.0,0.0,10,4,7.623666652043661,-1.6446666876475016,7.623666652043661,-1.6446666876475016,9.032903040609051,-0.2354302990821111,8.989838600158691,-0.27849473953247106,0.09090909090909091,0.2,0.18181818181818182,0.8518518518518519,0.0,0.2694612794612795,low
2022-11-01,Chennai,Bulk Minerals & Ores,7.623666652043661,96.55642857142857,0.0,0.0,0.8666666666666667,True,37352.639999999985,1.0,8.884516146875196,9.268333339691162,9.81774200931672,9.323530498627692,93.31903225806451,34109.38000000002,0.04064439055702129,11,4,9.032903040609051,0.14838689373385527,9.032903040609051,0.14838689373385527,8.989838600158691,0.10532245328349532,7.261785694531032,-1.6227304523441637,0.8409090909090909,0.6,0.5227272727272727,0.32407407407407407,0.0,0.5575420875420875,medium
2022-11-01,Chennai,Coal,7.623666652043661,96.55642857142857,0.0,0.0,0.8666666666666667,True,0.0,0.0,8.884516146875196,9.268333339691162,9.81774200931672,9.323530498627692,93.31903225806451,0.0,0.0,11,4,9.032903040609051,0.14838689373385527,9.032903040609051,0.14838689373385527,8.989838600158691,0.10532245328349532,7.261785694531032,-1.6227304523441637,0.8409090909090909,0.6,0.5227272727272727,0.32407407407407407,0.0,0.5575420875420875,medium
2022-11-01,Chennai,Iron Ore,7.623666652043661,96.55642857142857,0.0,0.0,0.8666666666666667,True,0.0,0.0,8.884516146875196,9.268333339691162,9.81774200931672,9.323530498627692,93.31903225806451,0.0,0.0,11,4,9.032903040609051,0.14838689373385527,9.032903040609051,0.14838689373385527,8.989838600158691,0.10532245328349532,7.261785694531032,-1.6227304523441637,0.8409090909090909,0.6,0.5227272727272727,0.32407407407407407,0.0,0.5575420875420875,medium
2022-11-01,Dhamra,Bulk Minerals & Ores,7.623666652043661,96.55642857142857,0.0,0.0,0.0,False,37352.639999999985,1.0,8.884516146875196,9.268333339691162,9.81774200931672,9.323530498627692,93.31903225806451,34109.38000000002,0.04064439055702129,11,4,9.032903040609051,0.14838689373385527,9.032903040609051,0.14838689373385527,8.989838600158691,0.10532245328349532,7.261785694531032,-1.6227304523441637,0.8409090909090909,0.6,0.5227272727272727,0.5,1.0,0.6927272727272726,high
2022-11-01,Dhamra,Coal,7.623666652043661,96.55642857142857,0.0,0.0,0.0,False,0.0,0.0,8.884516146875196,9.268333339691162,9.81774200931672,9.323530498627692,93.31903225806451,0.0,0.0,11,4,9.032903040609051,0.14838689373385527,9.032903040609051,0.14838689373385527,8.989838600158691,0.10532245328349532,7.261785694531032,-1.6227304523441637,0.8409090909090909,0.6,0.5227272727272727,0.5,1.0,0.6927272727272726,high
2022-11-01,Dhamra,Iron Ore,7.623666652043661,96.55642857142857,0.0,0.0,0.0,False,0.0,0.0,8.884516146875196,9.268333339691162,9.81774200931672,9.323530498627692,93.31903225806451,0.0,0.0,11,4,9.032903040609051,0.14838689373385527,9.032903040609051,0.14838689373385527,8.989838600158691,0.10532245328349532,7.261785694531032,-1.6227304523441637,0.8409090909090909,0.6,0.5227272727272727,0.5,1.0,0.6927272727272726,high
2022-11-01,Gangavaram,Bulk Minerals & Ores,7.623666652043661,96.55642857142857,0.0,0.0,0.0,False,37352.639999999985,1.0,8.884516146875196,9.268333339691162,9.81774200931672,9.323530498627692,93.31903225806451,34109.38000000002,0.04064439055702129,11,4,9.032903040609051,0.14838689373385527,9.032903040609051,0.14838689373385527,8.989838600158691,0.10532245328349532,7.261785694531032,-1.6227304523441637,0.8409090909090909,0.6,0.5227272727272727,0.5,1.0,0.6927272727272726,high
2022-11-01,Gangavaram,Coal,7.623666652043661,96.55642857142857,0.0,0.0,0.0,False,0.0,0.0,8.884516146875196,9.268333339691162,9.81774200931672,9.323530498627692,93.31903225806451,0.0,0.0,11,4,9.032903040609051,0.14838689373385527,9.032903040609051,0.14838689373385527,8.989838600158691,0.10532245328349532,7.261785694531032,-1.6227304523441637,0.8409090909090909,0.6,0.5227272727272727,0.5,1.0,0.6927272727272726,high
2022-11-01,Gangavaram,Iron Ore,7.623666652043661,96.55642857142857,0.0,0.0,0.0,False,0.0,0.0,8.884516146875196,9.268333339691162,9.81774200931672,9.323530498627692,93.31903225806451,0.0,0.0,11,4,9.032903040609051,0.14838689373385527,9.032903040609051,0.14838689373385527,8.989838600158691,0.10532245328349532,7.261785694531032,-1.6227304523441637,0.8409090909090909,0.6,0.5227272727272727,0.5,1.0,0.6927272727272726,high
2022-11-01,Gopalpur,Bulk Minerals & Ores,7.623666652043661,96.55642857142857,0.0,0.0,0.0,False,37352.639999999985,1.0,8.884516146875196,9.268333339691162,9.81774200931672,9.323530498627692,93.31903225806451,34109.38000000002,0.04064439055702129,11,4,9.032903040609051,0.14838689373385527,9.032903040609051,0.14838689373385527,8.989838600158691,0.10532245328349532,7.261785694531032,-1.6227304523441637,0.8409090909090909,0.6,0.5227272727272727,0.5,1.0,0.6927272727272726,high
2022-11-01,Gopalpur,Coal,7.623666652043661,96.55642857142857,0.0,0.0,0.0,False,0.0,0.0,8.884516146875196,9.268333339691162,9.81774200931672,9.323530498627692,93.31903225806451,0.0,0.0,11,4,9.032903040609051,0.14838689373385527,9.032903040609051,0.14838689373385527,8.989838600158691,0.10532245328349532,7.261785694531032,-1.6227304523441637,0.8409090909090909,0.6,0.5227272727272727,0.5,1.0,0.6927272727272726,high
2022-11-01,Gopalpur,Iron Ore,7.623666652043661,96.55642857142857,0.0,0.0,0.0,False,0.0,0.0,8.884516146875196,9.268333339691162,9.81774200931672,9.323530498627692,93.31903225806451,0.0,0.0,11,4,9.032903040609051,0.14838689373385527,9.032903040609051,0.14838689373385527,8.989838600158691,0.10532245328349532,7.261785694531032,-1.6227304523441637,0.8409090909090909,0.6,0.5227272727272727,0.5,1.0,0.6927272727272726,high
2022-11-01,Haldia,Bulk Minerals & Ores,7.623666652043661,96.55642857142857,10364.46076002867,2684.225992991892,1.6666666666666667,True,37352.639999999985,1.0,8.884516146875196,9.268333339691162,9.81774200931672,9.323530498627692,93.31903225806451,34109.38000000002,0.04064439055702129,11,4,9.032903040609051,0.14838689373385527,9.032903040609051,0.14838689373385527,8.989838600158691,0.10532245328349532,7.261785694531032,-1.6227304523441637,0.8409090909090909,0.6,0.5227272727272727,0.5370370370370371,0.0,0.6001346801346801,high
2022-11-01,Haldia,Coal,7.623666652043661,96.55642857142857,10364.46076002867,2684.225992991892,1.6666666666666667,True,0.0,0.0,8.884516146875196,9.268333339691162,9.81774200931672,9.323530498627692,93.31903225806451,0.0,0.0,11,4,9.032903040609051,0.14838689373385527,9.032903040609051,0.14838689373385527,8.989838600158691,0.10532245328349532,7.261785694531032,-1.6227304523441637,0.8409090909090909,0.6,0.5227272727272727,0.5370370370370371,0.0,0.6001346801346801,high
2022-11-01,Haldia,Iron Ore,7.623666652043661,96.55642857142857,10364.46076002867,2684.225992991892,1.6666666666666667,True,0.0,0.0,8.884516146875196,9.268333339691162,9.81774200931672,9.323530498627692,93.31903225806451,0.0,0.0,11,4,9.032903040609051,0.14838689373385527,9.032903040609051,0.14838689373385527,8.989838600158691,0.10532245328349532,7.261785694531032,-1.6227304523441637,0.8409090909090909,0.6,0.5227272727272727,0.5370370370370371,0.0,0.6001346801346801,high
2022-11-01,Kamarajar,Bulk Minerals & Ores,7.623666652043661,96.55642857142857,34666.581048649634,0.0,0.8666666666666667,True,37352.639999999985,1.0,8.884516146875196,9.268333339691162,9.81774200931672,9.323530498627692,93.31903225806451,34109.38000000002,0.04064439055702129,11,4,9.032903040609051,0.14838689373385527,9.032903040609051,0.14838689373385527,8.989838600158691,0.10532245328349532,7.261785694531032,-1.6227304523441637,0.8409090909090909,0.6,0.5227272727272727,0.32407407407407407,0.0,0.5575420875420875,medium
2022-11-01,Kamarajar,Coal,7.623666652043661,96.55642857142857,34666.581048649634,0.0,0.8666666666666667,True,0.0,0.0,8.884516146875196,9.268333339691162,9.81774200931672,9.323530498627692,93.31903225806451,0.0,0.0,11,4,9.032903040609051,0.14838689373385527,9.032903040609051,0.14838689373385527,8.989838600158691,0.10532245328349532,7.261785694531032,-1.6227304523441637,0.8409090909090909,0.6,0.5227272727272727,0.32407407407407407,0.0,0.5575420875420875,medium
2022-11-01,Kamarajar,Iron Ore,7.623666652043661,96.55642857142857,34666.581048649634,0.0,0.8666666666666667,True,0.0,0.0,8.884516146875196,9.268333339691162,9.81774200931672,9.323530498627692,93.31903225806451,0.0,0.0,11,4,9.032903040609051,0.14838689373385527,9.032903040609051,0.14838689373385527,8.989838600158691,0.10532245328349532,7.261785694531032,-1.6227304523441637,0.8409090909090909,0.6,0.5227272727272727,0.32407407407407407,0.0,0.5575420875420875,medium
2022-11-01,Paradip,Bulk Minerals & Ores,7.623666652043661,96.55642857142857,41536.18234752271,49363.46091129458,2.8,True,37352.639999999985,1.0,8.884516146875196,9.268333339691162,9.81774200931672,9.323530498627692,93.31903225806451,34109.38000000002,0.04064439055702129,11,4,9.032903040609051,0.14838689373385527,9.032903040609051,0.14838689373385527,8.989838600158691,0.10532245328349532,7.261785694531032,-1.6227304523441637,0.8409090909090909,0.6,0.5227272727272727,0.7962962962962963,0.0,0.6519865319865319,high
2022-11-01,Paradip,Coal,7.623666652043661,96.55642857142857,41536.18234752271,49363.46091129458,2.8,True,0.0,0.0,8.884516146875196,9.268333339691162,9.81774200931672,9.323530498627692,93.31903225806451,0.0,0.0,11,4,9.032903040609051,0.14838689373385527,9.032903040609051,0.14838689373385527,8.989838600158691,0.10532245328349532,7.261785694531032,-1.6227304523441637,0.8409090909090909,0.6,0.5227272727272727,0.7962962962962963,0.0,0.6519865319865319,high
2022-11-01,Paradip,Iron Ore,7.623666652043661,96.55642857142857,41536.18234752271,49363.46091129458,2.8,True,0.0,0.0,8.884516146875196,9.268333339691162,9.81774200931672,9.323530498627692,93.31903225806451,0.0,0.0,11,4,9.032903040609051,0.14838689373385527,9.032903040609051,0.14838689373385527,8.989838600158691,0.10532245328349532,7.261785694531032,-1.6227304523441637,0.8409090909090909,0.6,0.5227272727272727,0.7962962962962963,0.0,0.6519865319865319,high
2022-11-01,Sagar Sandheads,Bulk Minerals & Ores,7.623666652043661,96.55642857142857,0.0,0.0,0.0,False,37352.639999999985,1.0,8.884516146875196,9.268333339691162,9.81774200931672,9.323530498627692,93.31903225806451,34109.38000000002,0.04064439055702129,11,4,9.032903040609051,0.14838689373385527,9.032903040609051,0.14838689373385527,8.989838600158691,0.10532245328349532,7.261785694531032,-1.6227304523441637,0.8409090909090909,0.6,0.5227272727272727,0.5,1.0,0.6927272727272726,high
2022-11-01,Sagar Sandheads,Coal,7.623666652043661,96.55642857142857,0.0,0.0,0.0,False,0.0,0.0,8.884516146875196,9.268333339691162,9.81774200931672,9.323530498627692,93.31903225806451,0.0,0.0,11,4,9.032903040609051,0.14838689373385527,9.032903040609051,0.14838689373385527,8.989838600158691,0.10532245328349532,7.261785694531032,-1.6227304523441637,0.8409090909090909,0.6,0.5227272727272727,0.5,1.0,0.6927272727272726,high
2022-11-01,Sagar Sandheads,Iron Ore,7.623666652043661,96.55642857142857,0.0,0.0,0.0,False,0.0,0.0,8.884516146875196,9.268333339691162,9.81774200931672,9.323530498627692,93.31903225806451,0.0,0.0,11,4,9.032903040609051,0.14838689373385527,9.032903040609051,0.14838689373385527,8.989838600158691,0.10532245328349532,7.261785694531032,-1.6227304523441637,0.8409090909090909,0.6,0.5227272727272727,0.5,1.0,0.6927272727272726,high
2022-11-01,Tuticorin,Bulk Minerals & Ores,7.623666652043661,96.55642857142857,26196.880177616476,0.0,0.9666666666666667,True,37352.639999999985,1.0,8.884516146875196,9.268333339691162,9.81774200931672,9.323530498627692,93.31903225806451,34109.38000000002,0.04064439055702129,11,4,9.032903040609051,0.14838689373385527,9.032903040609051,0.14838689373385527,8.989838600158691,0.10532245328349532,7.261785694531032,-1.6227304523441637,0.8409090909090909,0.6,0.5227272727272727,0.39351851851851855,0.0,0.5714309764309764,medium
2022-11-01,Tuticorin,Coal,7.623666652043661,96.55642857142857,26196.880177616476,0.0,0.9666666666666667,True,0.0,0.0,8.884516146875196,9.268333339691162,9.81774200931672,9.323530498627692,93.31903225806451,0.0,0.0,11,4,9.032903040609051,0.14838689373385527,9.032903040609051,0.14838689373385527,8.989838600158691,0.10532245328349532,7.261785694531032,-1.6227304523441637,0.8409090909090909,0.6,0.5227272727272727,0.39351851851851855,0.0,0.5714309764309764,medium
2022-11-01,Tuticorin,Iron Ore,7.623666652043661,96.55642857142857,26196.880177616476,0.0,0.9666666666666667,True,0.0,0.0,8.884516146875196,9.268333339691162,9.81774200931672,9.323530498627692,93.31903225806451,0.0,0.0,11,4,9.032903040609051,0.14838689373385527,9.032903040609051,0.14838689373385527,8.989838600158691,0.10532245328349532,7.261785694531032,-1.6227304523441637,0.8409090909090909,0.6,0.5227272727272727,0.39351851851851855,0.0,0.5714309764309764,medium
2022-11-01,Visakhapatnam,Bulk Minerals & Ores,7.623666652043661,96.55642857142857,67523.02297452485,29181.883587376713,3.4,True,37352.639999999985,1.0,8.884516146875196,9.268333339691162,9.81774200931672,9.323530498627692,93.31903225806451,34109.38000000002,0.04064439055702129,11,4,9.032903040609051,0.14838689373385527,9.032903040609051,0.14838689373385527,8.989838600158691,0.10532245328349532,7.261785694531032,-1.6227304523441637,0.8409090909090909,0.6,0.5227272727272727,0.9212962962962963,0.0,0.6769865319865319,high
2022-11-01,Visakhapatnam,Coal,7.623666652043661,96.55642857142857,67523.02297452485,29181.883587376713,3.4,True,0.0,0.0,8.884516146875196,9.268333339691162,9.81774200931672,9.323530498627692,93.31903225806451,0.0,0.0,11,4,9.032903040609051,0.14838689373385527,9.032903040609051,0.14838689373385527,8.989838600158691,0.10532245328349532,7.261785694531032,-1.6227304523441637,0.8409090909090909,0.6,0.5227272727272727,0.9212962962962963,0.0,0.6769865319865319,high
2022-11-01,Visakhapatnam,Iron Ore,7.623666652043661,96.55642857142857,67523.02297452485,29181.883587376713,3.4,True,0.0,0.0,8.884516146875196,9.268333339691162,9.81774200931672,9.323530498627692,93.31903225806451,0.0,0.0,11,4,9.032903040609051,0.14838689373385527,9.032903040609051,0.14838689373385527,8.989838600158691,0.10532245328349532,7.261785694531032,-1.6227304523441637,0.8409090909090909,0.6,0.5227272727272727,0.9212962962962963,0.0,0.6769865319865319,high
