port_name,country,latitude,longitude,harborsize,harbortype,shelter,chan_depth,anch_depth,cargodepth,oil_depth,max_vessel,cargowharf,cargo_anch,cranefixed,cranemobil,cranefloat,fuel_oil,diesel,drydock,pilot_reqd,tugsalvage,tug_assist
SHAKOTAN,RU,43.866667,146.833333,V,CN,G,K,G,O,,,,Y,,,,,,,,,
MOMBETSU KO,JP,44.35,143.35,V,CB,G,J,J,J,,,Y,,,,,,Y,,N,,
CHARLOTTETOWN,CA,46.233333,-63.133333,S,CN,G,K,K,L,L,L,Y,,,,,Y,Y,,Y,N,Y
ABASHIRI KO,JP,44.016667,144.283333,S,CB,G,M,G,J,,M,Y,Y,,,N,,Y,,N,,Y
NEMURO KO,JP,43.333333,145.583333,S,CB,F,M,G,,,M,Y,Y,,,,Y,,,,,
HANASAKI KO,JP,43.283333,145.583333,V,CB,F,H,K,K,,L,,Y,,,,Y,,,,,
KUSHIRO KO,JP,42.983333,144.366667,M,CB,G,K,K,G,J,L,Y,,,,Y,Y,Y,,N,,Y
TOMAKOMAI KO,JP,42.633333,141.633333,S,CB,E,G,G,G,F,L,Y,,Y,Y,,Y,,S,N,,Y
MURORAN KO,JP,42.35,140.966667,M,CN,G,F,L,F,G,L,Y,,Y,Y,,Y,,M,N,,Y
MORI,JP,42.116667,140.583333,V,OR,P,J,J,O,,M,,Y,,,,,,,,,
GOPALPUR,IN,19.25,84.916667,S,CB,G,,,,,,Y,Y,Y,Y,,,,,Y,,
EL GHARDAQA,EG,27.216667,33.85,V,CN,F,N,K,,N,,,Y,,,,N,N,,,,
RAS SHUKHIER,EG,28.133333,33.283333,M,OR,F,J,A,N,F,M,,Y,Y,Y,Y,N,,,Y,,Y
RAS GHARIB,EG,28.35,33.1,V,OR,P,A,A,,M,M,Y,Y,Y,,,Y,Y,,Y,N,N
AS SUWAYS,EG,29.966667,32.55,L,CB,G,D,M,N,L,M,Y,Y,,,Y,Y,Y,M,Y,N,Y
EL-ADABIYA,EG,29.866667,32.466667,S,CN,E,G,G,H,,L,Y,Y,,Y,,Y,Y,,Y,,Y
EL ISMAILIYA,EG,30.583333,32.283333,S,LC,E,D,J,P,,L,,Y,,,,,,,Y,,
RAS ABU ZANIMAH,EG,29.033333,33.116667,S,CN,F,A,A,M,,L,Y,Y,,,,N,,,,,N
WADI FEIRAN,EG,28.75,33.2,S,OR,F,C,A,,J,M,Y,Y,,,,Y,N,,Y,,Y
ELAT,IL,29.55,34.95,S,CN,F,A,A,K,J,L,Y,Y,Y,,,Y,Y,S,Y,Y,Y
AL AQABAH,JO,29.516667,35.0,V,OR,P,A,A,G,A,M,Y,Y,Y,Y,,Y,Y,,Y,N,Y
YANBU,SA,24.083333,38.05,V,CB,P,G,,J,A,M,Y,N,,Y,Y,Y,,,Y,,Y
JIDDAH,SA,21.483333,39.183333,S,CB,G,F,M,M,M,M,Y,,Y,Y,Y,Y,Y,L,Y,,Y
JIZAN,SA,16.9,42.483333,S,CB,G,H,D,J,F,M,Y,Y,Y,Y,Y,Y,Y,,Y,,Y
SIMONSTOWN,ZA,-34.183333,18.433333,V,CB,G,L,H,L,,M,Y,Y,Y,Y,,N,N,M,Y,Y,Y
MOSSEL BAY,ZA,-34.183333,22.15,S,CB,G,L,C,O,J,M,Y,,Y,,,Y,Y,M,Y,,Y
PORT ELIZABETH,ZA,-33.966667,25.616667,M,CB,F,J,H,N,K,M,Y,,Y,Y,,Y,Y,,Y,Y,Y
BELFAST,GB,54.616667,-5.9,L,RB,E,L,K,K,J,L,Y,N,Y,Y,Y,Y,Y,L,Y,Y,Y
LARNE,GB,54.85,-5.8,S,CN,G,L,J,M,K,L,Y,,Y,Y,,Y,Y,,Y,,Y
COLERAINE,GB,55.133333,-6.666667,S,RN,E,O,J,O,,M,Y,,Y,Y,,Y,Y,,Y,,
LONDONDERRY,GB,55.0,-7.316667,M,RN,E,L,E,L,L,L,Y,,Y,Y,,Y,Y,S,Y,,Y
ORNSAY,GB,57.15,-5.8,V,CN,F,H,G,P,,M,,,,N,,,,,,,
BUCKIE HARBOR,GB,57.683333,-2.966667,V,CB,G,P,L,N,,M,Y,,Y,,,Y,Y,,N,,
LOSSIEMOUTH,GB,57.716667,-3.283333,V,CB,G,O,H,Q,,M,Y,,,Y,,Y,Y,,Y,N,N
BURGHEAD,GB,57.7,-3.5,V,CN,G,O,J,O,,M,,,,Y,,Y,,,Y,N,N
INVERNESS,GB,57.483333,-4.233333,S,RN,G,P,K,N,P,M,Y,,,Y,,Y,,,Y,,N
CROMARTY,GB,57.683333,-4.033333,S,CB,G,G,L,L,E,M,,,,Y,,Y,,L,Y,Y,Y
INVERGORDON,GB,57.683333,-4.166667,S,OR,F,G,C,J,G,L,Y,,,Y,,Y,Y,,Y,Y,Y
PORTMAHOMACK HARBOR,GB,57.833333,-3.833333,S,CB,G,P,N,P,,,,,,,,,,,Y,,
HELMSDALE HARBOR,GB,58.116667,-3.65,S,CB,F,P,P,P,,M,,,,,,,,,,,
WICK,GB,58.433333,-3.083333,S,CB,F,F,K,P,P,M,Y,,,,,Y,,,Y,,
PIEROWALL,GB,59.3,-2.983333,S,CN,G,O,M,P,,,Y,,,,,,,,,,
KETTLETOFT,GB,59.233333,-2.6,V,CN,P,Q,P,P,,,Y,,,,,,,,,,
WHITEHALL,GB,59.133333,-2.6,V,CN,P,O,P,P,,,Y,,,,,,,,,,
KIRKWALL,GB,58.983333,-2.966667,V,CB,G,N,H,N,,M,Y,,,Y,,Y,Y,,Y,,Y
STROMNESS,GB,58.966667,-3.3,V,OR,G,N,M,M,,M,Y,,,Y,,Y,,,Y,,Y
SOUTH NESS,GB,58.8,-3.2,V,CN,F,O,M,O,,,Y,,,,,,,,,,
ST MARGARETS HOPE,GB,58.833333,-2.95,V,CN,G,P,N,P,,,,,,,,,,,,,
LYNESS,GB,58.833333,-3.2,M,CN,F,H,J,L,C,,Y,,,,,Y,Y,,Y,,Y
SCAPA BAY,GB,58.95,-2.983333,S,CN,G,G,G,P,G,L,Y,,,,,Y,Y,,Y,,Y
CHICAGO,US,41.883333,-87.6,M,CT,E,L,M,M,,L,Y,,Y,Y,Y,Y,Y,M,Y,,Y
WILMETTE,US,42.083333,-87.683333,V,CB,F,Q,P,P,,M,Y,,,,,Y,Y,,Y,N,N
GREAT LAKES,US,42.3,-87.833333,V,CB,G,O,M,O,,M,Y,,,,,Y,Y,,Y,N,N
WAUKEGAN,US,42.366667,-87.816667,S,CB,F,N,M,N,,M,Y,,,,,Y,Y,,Y,N,N
KENOSHA,US,42.583333,-87.816667,V,CB,G,P,F,N,,M,Y,,,Y,,Y,Y,,Y,,Y
RACINE,US,42.733333,-87.783333,S,CB,G,O,N,O,,M,Y,,,,,Y,Y,,Y,,Y
MILWAUKEE,US,43.033333,-87.883333,M,RN,E,M,N,M,L,M,Y,,Y,Y,,Y,Y,,Y,Y,Y
PORT WASHINGTON,US,43.383333,-87.866667,S,CB,F,M,M,M,,M,Y,,,,,Y,Y,,Y,,Y
SHEBOYGAN,US,43.75,-87.7,S,RN,F,O,K,O,,M,Y,,,,,Y,Y,,Y,N,Y
MANITOWOC,US,44.1,-87.65,M,RN,F,N,M,N,,L,Y,,Y,Y,,Y,Y,L,Y,Y,Y
PORT HOPE,US,43.95,-82.7,V,OR,P,P,K,P,,L,,,,,,,,,Y,N,N
BAY CITY,US,43.6,-83.866667,S,RN,E,L,M,M,N,M,Y,,Y,Y,,Y,Y,S,Y,N,Y
SARNIA,CA,42.983333,-82.416667,S,RN,E,N,L,M,M,L,Y,,,,,Y,Y,,Y,,Y
POINT EDWARD,CA,43.0,-82.416667,S,RN,E,M,L,M,,L,Y,,,,,Y,Y,,Y,N,N
GODERICH,CA,43.75,-81.733333,S,CB,E,M,M,M,,L,Y,,,,,Y,Y,,Y,,Y
PORT ELGIN,CA,44.433333,-81.4,V,CB,G,O,O,P,,M,Y,,,,,Y,Y,,Y,N,N
SOUTHAMPTON,CA,44.5,-81.383333,V,CB,P,P,O,P,,M,Y,,,,,Y,Y,,Y,N,N
TOBERMORY,CA,45.266667,-81.666667,V,CN,E,M,H,N,,M,Y,,,,,Y,Y,,Y,N,N
LIONS HEAD,CA,44.983333,-81.25,V,CB,G,O,O,O,,M,Y,,,,,Y,,,Y,N,N
WIARTON,CA,44.75,-81.133333,V,CN,E,O,L,N,,M,Y,,,,,Y,,,Y,N,N
OWEN SOUND,CA,44.583333,-80.933333,S,RN,E,M,J,M,,L,Y,,,,,,Y,,N,N,N
MEAFORD,CA,44.616667,-80.6,V,CB,G,O,K,O,,,Y,,,Y,,Y,Y,,,N,N
THORNBURY,CA,44.566667,-80.45,V,CB,G,O,O,O,,M,Y,,,,,,,,Y,N,N
COLLINGWOOD,CA,44.5,-80.233333,S,CB,G,M,,M,N,M,Y,,,,,N,N,S,Y,N,N
PENETANGUISHENE,CA,44.766667,-79.933333,V,CN,E,N,K,N,,M,,,,,,Y,Y,,Y,,Y
MIDLAND,CA,44.75,-79.916667,S,CN,E,M,M,M,,M,Y,,Y,,,Y,Y,,N,,Y
TIFFIN,CA,44.75,-79.85,V,CN,E,M,M,M,,M,Y,,,,,,,,Y,N,N
PORT MCNICOLL,CA,44.75,-79.8,V,CN,E,M,M,L,,M,Y,,,,,N,N,,Y,N,N
VICTORIA HARBOUR,CA,44.75,-79.816667,V,CN,E,O,O,O,,,Y,,,,,Y,,,Y,N,N
WAUBAUSHENE,CA,44.766667,-79.716667,V,CN,E,N,N,P,,M,Y,,,,,Y,,,Y,N,N
PORT SEVERN,CA,44.8,-79.716667,V,RN,E,P,P,P,,,Y,,,,,Y,,,Y,N,N
DEPOT HARBOUR,CA,45.316667,-80.1,V,CN,E,M,M,M,,M,Y,,,,,,,,Y,N,N
PARRY SOUND,CA,45.333333,-80.033333,S,CN,E,L,H,M,M,L,Y,,,,,,Y,,N,,Y
BYNG INLET,CA,45.766667,-80.566667,V,CN,E,N,O,M,,M,Y,,,,,Y,,,Y,N,N
KEY HARBOUR,CA,45.883333,-80.75,V,CN,E,N,M,Q,,M,Y,,,,,Y,,,Y,N,N
KILLARNEY,CA,45.966667,-81.516667,V,CN,E,N,P,O,,M,Y,,,,,Y,,,Y,N,N
MAMONAL,CO,10.316667,-75.516667,S,OR,P,K,J,M,M,M,Y,,,,Y,,,,Y,,Y
IMBITUBA,BR,-28.233333,-48.666667,V,CN,P,J,K,K,,L,Y,,Y,Y,,,Y,,Y,,Y
GUAIBA ISLAND TERMINAL,BR,-23.016667,-44.033333,S,CN,P,B,B,B,,L,Y,,Y,,,N,N,,Y,N,Y
DTSE / GEGUA OIL TERMINAL,BR,-22.816667,-43.15,M,OR,F,J,G,,L,L,,,,,Y,Y,Y,M,Y,,Y
GEBIG,BR,-23.05,-44.216667,S,OR,P,A,A,,A,L,Y,Y,,,Y,Y,Y,,Y,Y,Y
DE KASTRI,RU,51.466667,140.783333,M,CN,P,M,K,K,K,M,Y,Y,,Y,,Y,,,Y,,Y
NIKOLAYEVSK NA AMUR,RU,53.133333,140.733333,V,RN,G,M,C,N,,M,Y,,Y,Y,Y,Y,,S,Y,,
OKHA,RU,53.55,143.0,V,CN,F,M,B,,,M,,Y,,,,,,,,,
PORONAYSK,RU,49.216667,143.133333,V,OR,F,H,K,P,,M,,Y,,Y,,N,N,,N,,
KORSAKOV,RU,46.616667,142.766667,S,CB,P,G,K,L,M,M,Y,,Y,Y,Y,Y,,,Y,,Y
NEVELSK,RU,46.666667,141.866667,V,CB,P,N,D,M,,M,Y,Y,,Y,,,Y,S,Y,,Y
KHOLMSK,RU,47.05,142.05,S,CB,F,M,J,M,,M,Y,,Y,Y,,Y,N,,Y,,Y
UGLEGORSK,RU,49.083333,142.033333,V,OR,P,D,D,O,,M,,Y,,Y,Y,,,,,,Y
LESOGORSK,RU,49.45,142.133333,V,OR,P,H,H,,,,,Y,,,,,,,,,
MASAN,KR,35.183333,128.566667,M,CN,G,K,H,J,N,L,Y,Y,,Y,,Y,,S,Y,,Y
PUSAN,KR,35.1,129.033333,L,CB,E,H,H,F,M,L,Y,,Y,Y,Y,Y,Y,L,Y,,Y
ULSAN,KR,35.45,129.4,M,RN,E,D,A,E,A,L,Y,,,Y,Y,Y,Y,M,Y,,Y
WENZHOU,CN,28.016667,120.65,M,RN,G,O,B,H,J,M,Y,Y,Y,,,,Y,S,Y,,Y
ZHEN HAI,CN,29.95,121.7,V,RN,G,N,O,M,G,M,Y,,,Y,,Y,,,Y,,Y
ZHOUSHAN,CN,30.0,122.1,S,CN,G,B,B,A,O,L,,Y,Y,Y,,,Y,M,Y,,Y
JIANGYIN,CN,31.916667,120.233333,S,RN,F,M,N,L,N,M,Y,,Y,Y,Y,Y,,,Y,,Y
GAOGANG,CN,32.283333,119.85,S,RN,F,K,K,L,M,L,Y,Y,,Y,Y,Y,,,Y,,Y
YANGZHOU,CN,32.266667,119.433333,S,RN,F,N,K,K,M,M,,,,Y,Y,Y,,,Y,,Y
ZHENJIANG,CN,32.216667,119.433333,S,RN,F,K,L,J,L,M,,Y,,Y,Y,Y,,,Y,,Y
NANJING,CN,32.083333,118.75,V,RN,F,K,L,K,K,L,Y,Y,Y,,Y,Y,Y,,Y,,Y
WU HU,CN,31.333333,118.366667,S,RN,F,M,L,N,,,Y,,Y,Y,Y,,,,Y,,Y
ANKINGCHENG,CN,30.516667,117.033333,V,RN,F,O,M,P,N,M,Y,Y,Y,Y,Y,Y,Y,,Y,,Y
HANKOW,CN,30.583333,114.283333,M,RN,F,O,M,N,H,,Y,,,Y,Y,N,Y,,Y,,Y
WANXIAN,CN,30.816667,108.433333,V,RN,G,P,H,,,,,,Y,Y,,Y,,,,,
CHUNG CHING,CN,29.566667,106.633333,V,RN,F,P,,,,,,,,Y,,Y,,,Y,,Y
LIANYUNGANG,CN,34.733333,119.45,S,CB,F,F,F,H,,M,Y,Y,Y,Y,Y,Y,Y,,Y,,Y
QINGDAO GANG,CN,36.033333,120.266667,L,OR,E,E,A,D,K,M,Y,,Y,Y,Y,Y,,M,Y,,Y
DOUALA,CM,4.05,9.683333,M,RN,G,L,J,H,H,L,Y,Y,,,Y,Y,Y,L,Y,,Y
KOLE OIL TERMINAL,CM,4.25,8.55,V,OR,P,,A,,A,M,Y,,,,,N,,,Y,N,Y
BATA,GQ,1.866667,9.766667,V,OR,P,J,J,G,J,L,Y,Y,Y,Y,,N,N,,,,Y
LIBREVILLE,GA,0.383333,9.45,M,OR,G,P,L,P,,,,Y,Y,Y,,Y,N,,Y,,Y
PORT OWENDO,GA,0.283333,9.5,S,OR,G,J,K,J,,L,Y,Y,Y,Y,,Y,N,,Y,,Y
PORT GENTIL,GA,-0.7,8.8,M,CN,E,G,H,K,H,L,Y,Y,Y,Y,Y,Y,Y,,Y,N,Y
CAP LOPEZ,GA,-0.633333,8.716667,V,OR,F,A,A,,A,L,Y,,,,,Y,Y,,Y,Y,Y
SAILOLOF,ID,-1.25,130.75,V,CN,F,,A,,,,,Y,,,,,,,,,
BAUBAU,ID,-5.466667,122.616667,V,CN,G,N,A,O,M,M,,Y,,,,,,,,,
RAHA ROADSTEAD,ID,-4.85,122.733333,V,OR,F,N,L,,N,M,,Y,,,,,,,,,
POMALAA,ID,-4.166667,121.6,V,CN,F,N,L,M,,M,Y,Y,N,N,N,N,N,,N,N,Y
UJUNG PANDANG,ID,-5.133333,119.4,M,CB,F,K,B,K,L,M,Y,,,Y,Y,,Y,S,Y,N,Y
DONGGALA,ID,-0.65,119.733333,V,OR,F,A,A,P,P,,,Y,,,,N,N,,N,,
TAHUNA,ID,3.616667,125.483333,V,CN,G,O,A,O,,M,,Y,,,,,,,,,
TERNATE,ID,0.783333,127.383333,V,OR,F,L,A,M,D,M,,Y,Y,,Y,Y,,,Y,Y,Y
LABUHA,ID,-0.633333,127.466667,V,OR,F,,G,P,,,,Y,,,,,,,,,
BULA,ID,-3.1,130.5,V,OR,F,J,B,K,,M,Y,,,Y,,N,N,,,,Y
SALAWATI,ID,-1.35,130.983333,S,RN,P,F,A,,H,M,,Y,N,,,N,N,,Y,N,Y
AMBON,ID,-3.683333,128.166667,S,CN,F,J,J,J,L,M,Y,Y,Y,Y,Y,Y,,,Y,Y,Y
NAMLEA,ID,-3.283333,127.083333,V,CN,F,P,C,P,,,Y,Y,,,,,,,,,
SAUMLAKI,ID,-7.983333,131.3,V,CN,G,N,A,N,N,,,,,,,,,,,,
SERUI,ID,-1.9,136.25,V,CN,F,J,A,N,J,L,,Y,,,,,,,,,
MANOKWARI ROAD,ID,-0.866667,134.083333,V,CN,G,K,A,O,,M,,Y,Y,Y,Y,Y,N,S,Y,,Y
MANGKASA OIL TERMINAL,ID,-2.733333,121.066667,S,OR,P,K,C,,K,L,Y,,,,,N,N,,Y,N,Y
KENDARI,ID,-3.966667,122.583333,V,CN,G,G,E,M,,M,,Y,,Y,,,Y,,Y,Y,N
KASIM TERMINAL,ID,-1.3,131.016667,L,OR,P,F,A,M,N,M,Y,,Y,Y,,N,N,,Y,,Y
BINTULU PORT,MY,3.266667,113.066667,S,CB,P,H,C,H,G,L,Y,Y,Y,Y,,Y,Y,S,Y,N,Y
MIRI,MY,4.383333,113.966667,S,RN,F,P,L,P,,M,Y,Y,,Y,,,,,Y,,Y
LUTONG,MY,4.466667,114.0,S,OR,F,B,L,,H,L,,Y,,Y,,Y,Y,,Y,,Y
MUARA HARBOR,BN,5.033333,115.066667,S,CN,G,L,K,L,L,M,,Y,,Y,,Y,Y,,Y,Y,Y
BANDAR SERI BEGAWAN,BN,4.883333,114.883333,S,RN,G,N,J,N,N,,Y,Y,,Y,,,Y,,,,
SERIA OIL LOADING TERMINAL,BN,4.616667,114.316667,V,OR,P,,N,,L,L,Y,,,,,Y,N,,Y,N,N
PORTOVECCHIO DI PIOMBINO,IT,42.933333,10.55,V,CB,F,J,M,J,,M,Y,Y,Y,Y,Y,Y,Y,,Y,,Y
PORTO SANTO STEFANO,IT,42.433333,11.116667,V,CB,F,J,A,M,,M,Y,Y,,Y,,Y,Y,,Y,Y,Y
CIVITAVECCHIA,IT,42.1,11.783333,M,CB,F,H,F,K,A,M,Y,,Y,Y,Y,Y,Y,,Y,,Y
FIUMICINO,IT,41.766667,12.233333,V,LC,F,O,A,O,P,M,Y,,,Y,,N,N,,Y,,Y
ANZIO,IT,41.45,12.633333,V,CB,F,N,L,O,,,Y,Y,Y,Y,,,,,Y,N,N
GAETA,IT,41.2,13.583333,S,CB,P,A,G,K,,M,Y,Y,,Y,,Y,Y,S,Y,,Y
POZZUOLI,IT,40.816667,14.116667,V,CB,F,H,J,N,,,Y,Y,,Y,,Y,Y,,Y,,Y
BAGNOLI,IT,40.816667,14.166667,S,OR,P,A,C,H,,L,Y,Y,,Y,,Y,Y,,Y,,Y
NAPOLI,IT,40.85,14.266667,L,CB,E,G,C,K,H,L,Y,Y,Y,Y,Y,Y,Y,L,Y,Y,Y
CARLOFORTE,IT,39.15,8.316667,V,CB,F,N,B,M,,,Y,Y,Y,,,,,,Y,N,N
PORTO VESME,IT,39.2,8.4,V,CB,P,G,G,J,,L,Y,Y,Y,,,Y,Y,,N,,Y
PUERTO BOLIVAR,CO,12.25,-71.966667,S,CB,F,K,J,E,K,L,Y,,,,,N,N,,Y,,Y
SCALLOWAY,GB,60.133333,-1.283333,V,CN,G,M,,M,,M,Y,,,Y,,Y,Y,,,N,Y
LERWICK,GB,60.15,-1.15,M,CN,F,L,G,J,L,L,Y,Y,Y,Y,,Y,Y,S,Y,N,Y
SULLOM VOE,GB,60.466667,-1.3,S,CN,G,F,,O,B,L,Y,,N,N,N,Y,Y,,Y,,Y
TVOROYRI,FO,61.55,-6.8,V,CN,F,N,G,N,,M,Y,,N,N,N,,Y,,,N,N
TORSHAVN,FO,62.0,-6.75,V,CB,P,M,F,M,L,L,Y,,,Y,,Y,Y,S,N,N,Y
KONGSHAVN,FO,62.116667,-6.733333,V,CB,G,H,A,K,N,,Y,,,,,Y,,,,,
VESTMANNA,FO,62.15,-7.166667,V,CN,E,O,H,M,,,Y,,,,,Y,Y,,N,,
SORVAGUR,FO,62.083333,-7.25,V,CN,G,A,A,L,L,M,Y,,,Y,,,Y,S,N,N,N
FUGLAFJORDUR,FO,62.25,-6.8,V,CN,G,M,A,N,N,,,,,Y,,Y,Y,,N,,
KLAKSVIK,FO,62.233333,-6.583333,V,CN,G,O,A,L,L,M,Y,,,Y,,Y,Y,,N,N,N
SCRABSTER HARBOR,GB,58.616667,-3.55,S,CB,F,A,C,L,O,L,Y,,Y,Y,,Y,Y,,N,N,N
ULLAPOOL,GB,57.9,-5.15,V,OR,P,M,A,N,,M,Y,,,,,,Y,,N,N,N
AULTBEA,GB,57.833333,-5.583333,V,OR,P,K,H,O,,,,,,N,,,,,,,
GAIRLOCH,GB,57.716667,-5.683333,V,RN,F,,A,N,,M,,,,N,,,Y,,,,
PLOCKTON,GB,57.333333,-5.65,V,CN,F,N,O,,,M,,,,,,,,,,,
KYLE OF LOCHALSH,GB,57.283333,-5.716667,V,OR,F,N,H,N,,M,Y,,Y,,,,Y,,,,Y
KYLEAKIN,GB,57.266667,-5.733333,V,CN,F,K,J,P,,,,,,,,,,,,,
BROADFORD BAY,GB,57.25,-5.883333,V,CN,P,H,K,O,,,,,,N,,,,,,,
PORTREE HARBOR,GB,57.416667,-6.2,V,CN,F,M,A,O,,M,,,,N,,Y,Y,,,N,N
PUERTO MIRANDA,VE,10.766667,-71.566667,S,LC,F,J,K,,J,L,Y,,,Y,,Y,Y,,Y,,Y
LA SALINA,VE,10.366667,-71.466667,S,LC,F,H,J,,K,L,Y,Y,,,,Y,Y,,Y,,Y
HIROSHIMA,JP,34.35,132.466667,M,OR,F,L,E,J,F,L,Y,,,,Y,Y,Y,M,N,,Y
PORTOCEL,BR,-19.85,-40.05,S,CB,F,J,C,J,,L,,,N,N,N,Y,,,Y,,Y
SANTA CLARA,BR,-20.883333,-51.366667,V,CN,F,N,N,N,N,M,,,Y,,,Y,,,Y,,Y
EL TABIAZO,VE,10.766667,-71.533333,V,OR,P,J,L,N,L,L,Y,N,,,,Y,Y,,Y,,Y
VENTERMINALS,VE,10.483333,-68.033333,V,OR,F,J,J,K,K,,Y,,,Y,,Y,,,Y,,
JOSE IGNACIO,UY,-34.95,-54.7,V,OR,P,F,L,,E,,,Y,,,,,,,Y,,
COCKBURN HARBOR,TC,21.5,-71.533333,V,OR,G,O,P,O,O,,,,,,,Y,Y,,N,,
RISAN,ME,42.516667,18.7,V,CB,F,P,C,N,,,,,N,,,,,M,Y,,
KOTOR,ME,42.416667,18.766667,V,CN,F,F,G,N,,M,Y,Y,N,N,Y,Y,,M,Y,,Y
TIVAT,ME,42.433333,18.7,V,CB,F,L,A,O,,,Y,,Y,,Y,Y,,M,Y,,
BAR,ME,42.083333,19.083333,S,CB,F,E,A,K,H,L,Y,,Y,Y,Y,Y,Y,M,Y,,Y
PORT ALUCROIX,VI,17.7,-64.766667,V,OR,P,K,K,,,L,Y,,,,,Y,Y,,Y,,Y
CIUDAD BOLIVAR,VE,8.133333,-63.55,S,RN,G,N,H,L,,,Y,Y,,,,,,,Y,,
DJENO TERMINAL,CG,-4.933333,11.9,V,OR,P,B,A,,B,L,N,Y,,,,N,N,,Y,,Y
N'KOSSA TERMINAL,CG,-5.266667,11.566667,V,OR,P,A,A,,A,,,,,,,N,,,Y,,Y
MATADI,CD,-5.816667,13.45,S,RN,G,L,H,K,K,L,Y,Y,Y,Y,Y,Y,Y,,Y,N,Y
TIN CAN ISLAND,NG,6.35,3.35,V,RN,F,K,L,K,,L,Y,,Y,Y,,Y,Y,,Y,,Y
SAPELE,NG,5.9,5.683333,V,RN,F,N,M,K,,L,Y,Y,,,,Y,Y,,Y,N,Y
WARRI,NG,5.516667,5.733333,V,RN,G,M,M,J,M,L,Y,Y,Y,Y,Y,Y,Y,S,Y,Y,
YOHO TERMINAL,NG,4.016667,7.466667,V,OR,P,A,A,,A,,,Y,,,,N,N,,Y,,Y
SEA EAGLE TERMINAL,NG,4.8,5.316667,V,OR,P,A,A,,A,L,,Y,,,,N,N,,Y,,Y
QUA IBOE OIL TERMINAL,NG,4.233333,8.033333,V,OR,P,A,A,,A,L,,Y,,,,Y,N,,Y,N,N
PENNINGTON OIL TERMINAL,NG,4.25,5.616667,L,OR,P,,A,,A,L,,,N,,,N,N,,Y,N,N
BONNY OFFSHORE TERMINAL,NG,4.183333,7.233333,V,OR,P,A,A,,A,L,,Y,,,,N,,,Y,N,N
LOMONOSOV,RU,59.916667,29.766667,V,CN,F,N,P,N,,M,Y,,Y,Y,,,,,Y,,
KRONSHTADT,RU,59.983333,29.783333,S,CB,G,M,L,O,,L,Y,,Y,,Y,Y,,L,Y,,
REKA LUGA,RU,59.666667,28.316667,V,RN,F,O,M,G,,M,,Y,,,,,,,Y,,Y
KUNDA,EE,59.533333,26.533333,V,OR,P,L,J,M,,M,,Y,,Y,,,Y,,,,
TALLINN,EE,59.45,24.766667,L,CB,G,M,C,O,N,M,Y,Y,Y,Y,Y,,Y,M,Y,,Y
PALDISKI,EE,59.35,24.033333,V,CB,F,K,L,J,,M,Y,,Y,Y,,Y,,,Y,,
OSMUSSAAR,EE,59.3,23.366667,V,CN,G,O,H,O,,M,Y,,,,,,,,Y,,
PARNU,EE,58.383333,24.5,S,RN,G,N,N,N,,M,Y,,Y,,,Y,,,Y,,Y
RIGA,LV,56.95,24.1,L,RN,F,H,B,K,M,L,Y,,Y,Y,,Y,,,Y,,Y
VENTSPILS,LV,57.4,21.533333,M,CB,G,J,L,N,N,M,Y,,Y,Y,Y,Y,Y,M,Y,,Y
OGUENDJO TERMINAL,GA,-1.466667,8.916667,S,OR,P,B,A,,A,L,Y,,,,,N,N,,Y,Y,Y
GAMBA OIL TERMINAL,GA,-2.833333,10.0,V,OR,P,A,A,,B,L,,Y,,,,N,N,,Y,Y,Y
POINTE NOIRE,CG,-4.783333,11.833333,S,CB,G,J,G,H,K,L,Y,Y,Y,,N,Y,Y,S,Y,N,Y
MALONGO OIL TERMINAL,AO,-5.433333,12.083333,S,OR,P,,A,,A,L,Y,Y,,,,N,N,,Y,,Y
CABINDA,AO,-5.533333,12.2,S,OR,G,O,K,O,K,L,,Y,Y,,,Y,N,,Y,N,N
BANANA,CD,-5.983333,12.383333,V,RN,G,N,H,N,J,M,Y,Y,Y,,,Y,Y,,Y,N,Y
BOMA,CD,-5.85,13.05,S,RN,F,L,L,K,,M,Y,Y,,Y,,Y,Y,S,Y,N,Y
PALANCA TERMINAL,AO,-6.95,12.4,S,OR,P,,A,,A,L,,,,,,N,N,,Y,,Y
PORTO DO AMBRIZ,AO,-7.833333,13.1,V,CB,P,O,N,N,,M,Y,Y,,,,,Y,,Y,,Y
LUANDA,AO,-8.8,13.25,S,CN,E,H,A,K,H,L,Y,Y,Y,Y,Y,Y,Y,S,Y,N,Y
LOBITO,AO,-12.333333,13.566667,S,CN,G,G,G,K,K,L,Y,Y,Y,Y,Y,Y,N,S,Y,N,Y
NAMIBE,AO,-15.2,12.15,S,OR,F,E,L,E,J,L,Y,Y,Y,Y,Y,Y,Y,,Y,Y,Y
GEORGETOWN,SH,-7.933333,-14.416667,M,OR,P,A,C,P,J,L,Y,Y,Y,Y,,N,N,,N,N,N
BONNY,NG,4.45,7.166667,M,RN,G,G,D,,H,L,Y,Y,,,,Y,Y,,Y,N,N
BANJUL,GM,13.45,-16.566667,V,RN,F,L,G,K,N,M,Y,Y,,Y,,Y,N,,Y,,Y
RIO CACHEU,GW,12.283333,-16.233333,V,RN,G,O,J,P,,,,Y,,,,,,,Y,,
BISSAU,GW,11.866667,-15.633333,V,RN,G,J,N,L,O,L,Y,Y,,Y,,,Y,,Y,N,N
VICTORIA,GN,10.816667,-14.566667,V,RN,G,N,M,,,,,Y,,,,,,,Y,,
KAMSAR,GN,10.633333,-14.616667,V,RN,F,M,K,N,H,M,Y,,Y,,,Y,Y,,Y,,Y
CONAKRY,GN,9.516667,-13.716667,M,CB,G,K,J,M,L,L,Y,Y,,Y,,Y,Y,S,Y,,Y
BENTI,GN,9.166667,-13.2,V,RN,G,O,G,J,,,Y,Y,,,,,,,Y,,
WEIHAI,CN,37.5,122.1,M,CN,E,A,C,J,,M,,Y,Y,Y,,Y,,,Y,,Y
YANTAI,CN,37.55,121.45,S,CB,G,G,F,G,,M,Y,,,Y,,,Y,,Y,,Y
LONGKOU GANG,CN,37.633333,120.283333,S,CN,F,J,G,K,,M,Y,Y,,Y,,Y,,S,Y,,Y
DAGU TANGGU,CN,38.966667,117.666667,V,RN,F,O,F,N,,M,Y,,Y,,,Y,Y,M,Y,,Y
TIANJIN XIN GANG,CN,38.966667,117.833333,L,RN,E,G,F,B,H,L,Y,Y,Y,Y,,Y,Y,L,Y,,Y
HULUDAO GANG,CN,40.7,120.983333,V,CB,G,L,N,L,L,,Y,,,,Y,Y,,L,Y,,
YINGKOU,CN,40.683333,122.233333,S,CB,F,N,L,N,J,L,Y,Y,Y,Y,,Y,Y,,Y,,Y
LUSHUN,CN,38.783333,121.25,V,CB,F,L,K,,,,Y,,Y,Y,Y,Y,,,Y,,Y
DALIAN,CN,38.916667,121.666667,L,CB,G,A,A,E,A,L,Y,Y,Y,Y,Y,Y,,M,Y,,Y
PUERTO DE ALCUDIA,ES,39.833333,3.133333,V,CB,F,M,H,M,M,M,Y,,Y,,,Y,Y,,Y,,Y
MAHON,ES,39.883333,4.266667,V,RB,P,G,A,J,,M,Y,,Y,Y,Y,Y,Y,S,Y,,Y
ROSAS,ES,42.266667,3.183333,V,CN,G,M,E,O,,,,Y,Y,,,Y,,,N,N,Y
PORT-VENDRES,FR,42.516667,3.116667,S,CB,G,L,A,L,,M,Y,Y,Y,Y,,Y,Y,S,Y,N,N
PORT-LA-NOUVELLE,FR,43.016667,3.066667,S,LC,G,N,C,L,G,M,Y,Y,,Y,,Y,Y,,Y,N,Y
SETE,FR,43.4,3.7,S,CB,E,G,L,H,J,M,Y,Y,,Y,,Y,Y,,Y,Y,Y
PORT SAINT LOUIS DU RHONE,FR,43.383333,4.816667,S,LC,F,M,M,E,B,L,Y,,Y,,Y,Y,Y,,Y,N,Y
FOS,FR,43.416667,4.883333,V,CB,F,B,J,M,C,L,Y,,,Y,,Y,Y,M,Y,Y,Y
PORT-DE-BOUC,FR,43.4,4.983333,S,CB,F,J,J,L,,L,Y,,Y,Y,Y,Y,Y,,Y,,Y
MARSEILLE,FR,43.316667,5.366667,S,CB,E,H,J,F,J,L,Y,,Y,Y,Y,Y,Y,L,Y,Y,Y
SAINT-TROPEZ,FR,43.266667,6.633333,V,CB,F,N,H,N,,,Y,Y,,,,N,,,,,
SAINT-RAPHAEL,FR,43.416667,6.766667,V,CB,F,,J,P,,,Y,Y,,,,Y,Y,,,,
CANNES,FR,43.55,7.016667,S,CN,G,L,A,N,,M,Y,Y,,Y,,Y,Y,,,,Y
ANTIBES,FR,43.583333,7.133333,V,CB,G,M,K,M,,M,Y,Y,,Y,,Y,Y,M,N,N,N
NICE,FR,43.7,7.283333,S,CB,E,M,H,L,,M,Y,Y,Y,Y,,Y,Y,,Y,,Y
VILLEFRANCHE,FR,43.7,7.316667,V,CB,G,N,A,,,M,Y,Y,Y,,,Y,Y,S,Y,,
MONACO,MC,43.733333,7.416667,V,CB,G,L,A,J,,M,Y,Y,Y,Y,,Y,Y,,Y,,Y
BASTIA,FR,42.7,9.45,V,CB,F,E,A,L,K,M,Y,Y,,Y,,Y,Y,,Y,N,N
BONIFACIO,FR,41.383333,9.166667,V,CN,E,J,J,L,,,Y,Y,Y,,,N,N,,Y,N,N
PORT DE PROPRIANO,FR,41.683333,8.9,V,CB,G,K,K,N,,M,Y,Y,,,,Y,Y,,Y,N,N
PORT D' AJACCIO,FR,41.916667,8.75,S,CB,F,A,A,L,N,L,Y,Y,Y,Y,,Y,Y,,Y,N,N
CALVI,FR,42.566667,8.75,V,CN,F,K,A,K,,M,Y,Y,,Y,,,Y,S,N,N,N
L'ILE ROUSSE,FR,42.633333,8.933333,V,CB,F,M,A,L,,M,Y,Y,,,,Y,Y,,N,N,N
LA MADDALENA,IT,41.2,9.416667,S,CN,G,O,M,N,,L,Y,Y,Y,,,Y,,,,,Y
OLBIA,IT,40.916667,9.5,S,CN,P,M,B,K,,M,Y,Y,Y,Y,Y,Y,Y,,Y,,Y
ARBATAX,IT,39.933333,9.7,V,CB,P,N,M,L,,L,Y,Y,Y,Y,,Y,Y,,N,,Y
CAGLIARI,IT,39.216667,9.116667,S,CB,G,G,H,L,,L,Y,Y,Y,Y,,Y,Y,,Y,,Y
SARROCH OIL TERMINAL,IT,39.083333,9.033333,M,OR,E,B,J,,B,L,Y,,,,,Y,Y,,Y,,Y
VICTORIA,MY,5.283333,115.233333,S,CN,E,M,,M,H,L,Y,,,Y,,Y,Y,M,N,Y,Y
KOTA KINABALU,MY,5.983333,116.066667,M,CN,F,L,F,K,M,L,Y,Y,,Y,,Y,Y,,N,,Y
KUDAT,MY,6.883333,116.85,V,OR,F,J,J,M,,L,Y,,,,,Y,,,N,N,N
PELABUHAN SANDAKAN,MY,5.833333,118.116667,S,CN,G,K,F,N,K,M,Y,,,Y,,N,Y,,N,,Y
LAHAD DATU,MY,5.016667,118.316667,V,CN,G,K,A,O,K,M,Y,,N,N,N,Y,,,N,N,Y
TANJUNG ARANG  (BUNYU),ID,3.466667,117.833333,V,CN,F,M,H,,H,M,Y,Y,,,,Y,,,Y,,
LINGKAS,ID,3.283333,117.6,S,OR,G,M,D,L,L,M,Y,Y,,Y,,Y,,,Y,,Y
TANJUNGREDEB,ID,2.15,117.483333,S,RN,G,N,M,N,,,Y,,,,,,,,,,
BENOA,ID,0.983333,117.966667,V,RN,G,K,C,M,M,,,,,,,,,,,,
BONTANG LNG TERMINAL,ID,0.1,117.483333,V,CN,F,H,B,H,H,L,Y,,N,Y,N,,,,Y,,Y
TANJUNG SANTAN,ID,-0.1,117.533333,V,CN,P,A,A,J,C,M,Y,N,N,N,N,N,N,,Y,,Y
POZOS COLORADOS,CO,11.15,-74.25,S,OR,F,,M,,E,L,,Y,,,,N,N,,Y,,Y
BARRANQUILLA,CO,10.966667,-74.766667,M,RN,E,L,J,K,,L,Y,Y,Y,Y,,Y,,S,Y,,Y
BAHIA DE LAS MINAS,PA,9.4,-79.816667,S,RN,F,H,D,M,J,L,Y,,,,,Y,,,Y,,Y
PUERTO CRISTOBAL,PA,9.35,-79.916667,M,CB,G,H,L,H,K,L,Y,,,Y,,Y,Y,S,,N,Y
PUERTO MOIN,CR,10.0,-83.083333,V,CB,P,J,A,J,H,L,Y,,,,,Y,,,Y,,Y
BLUEFIELDS,NI,12.016667,-83.75,S,OR,G,O,M,N,,L,Y,,,,,Y,,,Y,N,Y
TANGIER-MEDITERRANEAN,MA,35.9,-5.516667,L,CB,G,,,E,,,Y,,Y,Y,,,,,Y,,
PUERTO ESTE,HN,16.083333,-86.9,V,CN,G,K,M,,,M,,Y,,,,Y,,,Y,,Y
NEUM,BA,42.916667,17.6,S,,,,,,,,Y,Y,,,,,,,Y,,
BELIZE CITY,BZ,17.5,-88.183333,S,OR,G,E,L,K,N,L,Y,Y,Y,Y,,,,,Y,N,Y
CAMPECHE,MX,19.85,-90.55,S,OR,G,,N,O,,M,,Y,,Y,,Y,Y,,Y,N,Y
FRONTERA,MX,18.533333,-92.65,V,RN,G,O,M,N,,M,Y,,,,,Y,,,Y,N,Y
NANCHITAL,MX,18.066667,-94.416667,V,RN,E,K,A,L,L,L,Y,,,,,Y,,,Y,N,Y
MAGDALLA,IN,21.15,72.75,V,RN,G,M,J,O,,M,Y,Y,Y,N,,Y,,S,N,,
HAZIRA,IN,21.083333,72.633333,S,CB,P,H,J,H,H,L,,Y,N,N,,N,,,Y,,Y
BEPPU,JP,33.316667,131.516667,V,CB,F,A,A,H,,L,,Y,,,,Y,Y,,N,,Y
KOKURA KO,JP,33.883333,130.883333,S,CB,G,J,J,J,M,L,Y,,,Y,Y,Y,Y,M,Y,N,Y
SHIMONOSEKI,JP,33.933333,130.933333,S,CN,G,H,K,J,F,M,Y,Y,Y,Y,,Y,Y,S,Y,,Y
RATNAGIRI,IN,16.983333,73.283333,V,CN,P,K,K,,K,L,N,Y,N,N,N,,,,N,N,N
TRIVANDRUM,IN,8.483333,76.95,V,OR,N,E,E,,,M,Y,Y,,,,,,,N,,
SHIMMINATO,JP,36.766667,137.116667,V,RB,F,H,H,M,,,Y,,Y,Y,,Y,,,N,,Y
GUAYAQUIL,EC,-2.2,-79.883333,S,RN,G,K,K,K,K,L,Y,Y,Y,Y,,Y,,S,Y,,Y
MONTOIR,FR,47.3,-2.133333,M,RN,G,H,,J,J,,,,,,,,,,Y,,
POINT SAN PABLO,US,37.966667,-122.433333,V,CN,E,P,L,L,,,Y,Y,,,,,Y,,Y,,
SAUSALITO,US,37.85,-122.483333,V,CN,G,N,,,,,Y,,,,,Y,Y,,,,
PINOLE POINT,US,38.016667,-122.366667,V,CN,G,,,,K,,Y,,,,,,,,Y,,
OLEUM,US,38.05,-122.266667,V,CN,E,,M,K,K,,Y,Y,,,,Y,Y,,Y,,
MARE ISLAND,US,38.1,-122.266667,S,CN,E,L,L,L,,,Y,Y,Y,Y,Y,Y,Y,L,Y,,
SOUTH VALLEJO,US,38.083333,-122.25,S,CN,E,L,M,L,,,Y,Y,,,,Y,Y,,Y,,
CROCKETT,US,38.05,-122.216667,V,CN,E,K,M,,K,,Y,Y,Y,,,Y,Y,,Y,,
PORT COSTA,US,38.05,-122.183333,V,CN,E,K,,,H,,Y,,,,,Y,,,Y,,
LIEPAJA,LV,56.516667,21.016667,M,CB,G,J,E,L,O,M,Y,,Y,Y,,Y,,L,Y,,Y
KLAIPEDA,LT,55.716667,21.116667,M,RN,G,K,A,M,H,M,Y,Y,,Y,Y,Y,,,Y,,Y
BALTIYSK,RU,54.633333,19.9,S,CB,F,K,G,L,M,L,Y,,Y,Y,Y,Y,,S,Y,,
KALININGRAD,RU,54.7,20.483333,M,RB,E,L,G,M,M,M,Y,Y,Y,Y,Y,Y,Y,S,Y,,
GDANSK,PL,54.35,18.666667,L,LC,E,M,K,M,K,L,Y,,Y,Y,Y,Y,Y,L,Y,,Y
PORT POLNOCHNY,PL,54.4,18.716667,M,CB,F,E,F,G,K,M,Y,,,,,Y,Y,,Y,,Y
NOWY PORT,PL,54.416667,18.666667,S,LC,E,J,K,N,,M,Y,,,Y,Y,Y,Y,L,Y,,Y
GDYNIA,PL,54.533333,18.55,L,CB,G,G,K,M,K,M,Y,Y,Y,Y,Y,Y,,L,Y,,Y
USTKA,PL,54.583333,16.85,S,RN,F,N,H,N,,M,,Y,,Y,,Y,,,Y,,Y
DARLOWO,PL,54.433333,16.416667,V,RB,F,M,F,N,,M,Y,,,Y,,Y,,,Y,Y,Y
KOLOBRZEG,PL,54.216667,15.55,V,RN,F,N,J,N,,M,Y,,,Y,,Y,Y,,Y,N,N
SWINOUJSCIE,PL,53.916667,14.266667,S,RN,G,G,M,M,K,M,Y,Y,Y,Y,Y,Y,Y,M,Y,,Y
SZCZECIN,PL,53.416667,14.55,M,RN,G,L,M,P,N,M,Y,,Y,Y,Y,Y,Y,S,Y,Y,Y
WOLGAST,DE,54.05,13.783333,V,RN,G,N,L,N,,M,Y,,Y,Y,,Y,Y,,Y,,Y
SASSNITZ,DE,54.516667,13.65,V,OR,G,K,J,O,,L,Y,,Y,,Y,Y,Y,,Y,,Y
EKENAS,FI,59.983333,23.433333,S,CN,G,N,N,O,,M,Y,,Y,Y,,Y,N,,Y,,
JUSSARO,FI,59.833333,23.566667,V,CN,G,N,A,,,,,Y,,,,,,,Y,N,N
PORKKALA,FI,60.083333,24.383333,V,CN,G,L,,N,L,M,Y,,,,N,Y,,,Y,,
KARLSBORG,SE,65.8,23.283333,M,CN,G,M,H,N,L,L,Y,Y,,Y,,Y,,,Y,,Y
SANDVIK,SE,65.733333,23.766667,V,CN,F,O,N,N,,M,Y,,,,,Y,,,Y,,Y
TORNIO,FI,65.766667,24.166667,S,RN,F,L,L,M,L,M,Y,,,Y,Y,Y,,,Y,,Y
KEMI,FI,65.733333,24.566667,S,CN,F,K,F,M,K,M,Y,Y,,Y,,Y,,,Y,,Y
OULU,FI,65.016667,25.4,L,RN,F,M,J,M,K,M,Y,N,,Y,,Y,,S,Y,,Y
RAAHE,FI,64.683333,24.416667,S,CB,G,L,G,L,L,M,Y,Y,,Y,,Y,,,Y,N,Y
HIMANKA,FI,64.0,23.65,S,CN,F,M,O,P,,M,,Y,,,,,,,Y,,Y
KOKKOLA,FI,63.85,23.016667,L,CN,F,N,O,L,K,L,Y,,Y,Y,,Y,Y,,Y,,Y
JAKOBSTAD,FI,63.683333,22.666667,M,CN,P,L,F,N,N,M,Y,,Y,Y,,Y,,,Y,,Y
NYKARLEBY,FI,63.516667,22.533333,V,RB,G,L,,N,L,M,,Y,,,,Y,,,Y,,Y
KANTLAX,FI,63.416667,22.283333,V,OR,F,P,J,,,M,,Y,,,,,,,Y,,
HELLNAS,FI,63.283333,22.233333,V,OR,G,N,N,,,M,,Y,,,,,,,Y,,
VAASA,FI,63.1,21.583333,M,CN,G,L,M,M,L,L,Y,Y,,Y,,Y,Y,,Y,,Y
KASKINEN,FI,62.383333,21.233333,M,CN,G,L,G,M,,M,Y,,Y,Y,,Y,,,Y,N,Y
KRISTINESTAD,FI,62.283333,21.4,M,CN,G,N,L,O,J,M,Y,,,Y,,Y,Y,,Y,,Y
MANTYLUOTO,FI,61.6,21.483333,M,CB,G,M,C,L,,M,Y,Y,Y,Y,,Y,Y,,Y,,Y
TAHKOLUOTO,FI,61.633333,21.4,V,OR,P,K,M,K,K,L,Y,Y,Y,Y,,Y,Y,,Y,,Y
PUERTO NATALES,CL,-51.716667,-72.566667,V,OR,P,,A,L,,,Y,Y,,,,,,,Y,,
PUERTO CHACABUCO,CL,-45.466667,-72.833333,V,RN,F,P,A,K,M,L,Y,Y,Y,Y,,Y,Y,,Y,,Y
PUERTO CASTRO,CL,-42.483333,-73.766667,V,CN,E,J,G,N,F,M,Y,,,,,Y,,,,,
PUERTO QUEMCHI,CL,-42.15,-73.483333,V,CN,E,,A,,,M,Y,,,,,,,,,,
PUERTO MONTT,CL,-41.483333,-72.966667,S,CN,F,A,A,M,J,L,Y,Y,Y,Y,,Y,Y,,Y,,Y
PUERTO DE CORRAL,CL,-39.866667,-73.433333,V,CN,F,J,H,J,,L,Y,Y,,,,,Y,,Y,,
BAHIA DE VALDIVIA,CL,-39.8,-73.25,S,RN,E,O,H,N,J,L,Y,,Y,,,Y,Y,S,Y,,
LOTA,CL,-37.1,-73.15,V,CN,P,J,J,L,,M,Y,,,,,N,N,,Y,,N
NAMPO,KP,38.716667,125.4,S,RN,F,B,F,H,,L,Y,Y,Y,Y,,Y,Y,M,Y,,Y
KYOMIP'O,KP,38.733333,125.616667,V,RN,F,K,K,,,,,Y,Y,Y,,,,,,,
HAEJU HANG,KP,38.0,125.7,S,CB,F,O,K,O,,,Y,Y,,Y,Y,,,,Y,,
INCHON,KR,37.466667,126.616667,L,RB,G,J,A,K,A,M,Y,Y,Y,Y,Y,Y,Y,S,Y,,Y
KUNSAN,KR,35.983333,126.616667,S,RN,F,K,K,J,O,L,Y,,,Y,Y,Y,Y,,Y,,Y
MOKPO,KR,34.783333,126.383333,M,RN,G,B,B,G,,M,Y,Y,,Y,Y,Y,Y,,Y,,Y
CHEJU HANG,KR,33.516667,126.533333,S,CB,G,L,M,J,L,M,,Y,,,,Y,,S,N,,Y
YOSU,KR,34.733333,127.75,S,CB,F,A,A,A,A,L,Y,Y,,Y,Y,Y,Y,L,Y,,Y
SURIGAO CITY,PH,9.783333,125.5,V,OR,G,A,A,L,,,,Y,Y,,,Y,,,Y,,Y
NASIPIT PORT,PH,8.983333,125.333333,V,RN,F,M,A,H,,M,Y,Y,Y,Y,N,,Y,,Y,N,Y
HINATUAN,PH,8.366667,126.333333,V,CN,F,P,M,P,,,,Y,,,,,,,,,
MANGAGOY,PH,8.233333,126.316667,S,CN,G,L,H,L,,M,Y,,,,Y,Y,Y,,Y,,Y
MATI,PH,6.95,126.216667,V,OR,E,A,A,M,G,L,Y,,,,,Y,,,Y,N,N
DAVAO,PH,7.066667,125.616667,S,CN,G,N,B,K,K,L,Y,,Y,Y,,Y,Y,S,Y,,Y
GENERAL SANTOS,PH,6.116667,125.183333,V,CN,G,N,A,L,,M,Y,Y,,Y,,Y,,,Y,N,Y
POLLOC (COTABATO),PH,7.35,124.216667,V,OR,F,A,A,K,,,,Y,Y,Y,,N,N,,Y,N,N
PAGADIAN,PH,7.833333,123.433333,V,CN,G,A,A,N,,L,,Y,,,,,,,,,
MARGOSATUBIG,PH,7.583333,123.166667,V,CN,E,E,A,O,,,,Y,,,,,,,,,
SANTA CLARA,PH,7.783333,122.683333,V,CN,F,K,H,M,M,,Y,,,,,,,,,,
ZAMBOANGA,PH,6.9,122.066667,S,OR,G,A,A,L,N,M,Y,,N,N,N,Y,,M,Y,N,N
JIMENEZ,PH,8.333333,123.866667,V,CN,G,A,B,J,,L,,Y,,,,Y,,,Y,,Y
PORT OZAMIS,PH,8.133333,123.85,V,OR,E,K,E,N,,M,Y,,,,,Y,Y,,,,Y
ILIGAN,PH,8.233333,124.233333,V,OR,F,A,A,K,,M,Y,,Y,Y,,Y,Y,,Y,Y,Y
CAGAYAN DE ORO,PH,8.5,124.666667,M,CN,G,A,A,J,N,M,Y,,Y,Y,,Y,N,S,Y,,Y
BUGO,PH,8.516667,124.75,V,CN,G,A,A,K,L,M,Y,,,,,,,,Y,,
VILLANUEVA,PH,8.583333,124.766667,V,OR,G,,A,A,,M,Y,Y,Y,Y,,Y,Y,,Y,,Y
BUTUAN CITY,PH,8.95,125.533333,V,RN,E,O,P,N,,,,Y,,,,,Y,,,,
BASILIAN CITY (ISABELA),PH,6.716667,121.966667,V,OR,E,K,G,L,N,M,Y,,,Y,,,,,N,,Y
PORT HOLLAND,PH,6.55,121.866667,V,CN,G,L,J,L,,,Y,,,,,,,,,,
JOLO,PH,6.05,121.0,V,OR,G,A,B,L,N,M,Y,,,,,Y,,,Y,N,N
SIASI,PH,5.55,120.816667,V,CN,P,K,G,O,,,,,,,,,,,,,
FREETOWN,SL,8.5,-13.233333,S,CN,F,L,G,K,J,M,Y,Y,Y,Y,,Y,Y,,Y,Y,Y
PEPEL,SL,8.583333,-13.05,V,RN,G,K,K,J,K,M,,Y,Y,,,N,N,,Y,N,N
BONTHE,SL,7.533333,-12.5,V,RN,G,O,M,M,,M,,Y,,,,N,N,,Y,,N
PORTO GRANDE,CV,16.883333,-25.0,V,CN,F,,B,J,J,M,Y,Y,Y,Y,Y,Y,Y,,Y,,Y
PORTO DA PRAIA,CV,14.916667,-23.516667,S,CB,F,M,F,L,,,,Y,Y,Y,,Y,Y,,Y,,Y
MONROVIA,LR,6.316667,-10.816667,S,CB,F,L,H,L,L,L,Y,Y,Y,Y,,Y,Y,,Y,,Y
BUCHANAN,LR,5.866667,-10.066667,V,CB,F,H,C,K,K,L,Y,,Y,Y,,N,N,,Y,,Y
GREENVILLE,LR,4.983333,-9.05,V,CN,F,K,H,N,N,M,,,,,,,Y,,Y,,Y
CAPE PALMAS,LR,4.366667,-7.716667,V,OR,P,A,K,J,,M,,Y,,Y,Y,Y,Y,,,,Y
SAN PEDRO,CI,4.733333,-6.616667,V,OR,G,K,E,J,N,L,Y,Y,,Y,Y,Y,Y,,Y,,Y
SAMARINDA,ID,-0.516667,117.116667,V,RN,G,M,B,M,M,M,Y,,,Y,Y,,,,Y,,Y
SENIPAH OIL TERMINAL,ID,-0.95,117.166667,V,OR,P,,A,,A,M,,,N,,,N,Y,,Y,Y,Y
BALIKPAPAN,ID,-1.25,116.816667,S,CN,E,H,H,J,J,M,Y,,,Y,Y,Y,Y,S,Y,N,Y
LAWI LAWI OIL TERMINAL,ID,-1.45,116.766667,S,OR,P,,B,,B,L,N,,N,N,N,N,N,,Y,,Y
GUNUNG BATU BESAR,ID,-2.616667,116.3,V,RN,G,N,K,M,,,Y,,,,,,,,,,
KOTA BARU,ID,-3.233333,116.216667,V,CN,G,D,F,N,G,M,Y,Y,,,,,,,Y,,Y
BANJARMASIN,ID,-3.333333,114.583333,V,RN,E,O,C,K,C,M,Y,,Y,Y,Y,Y,,S,Y,,Y
KUMAI,ID,-2.75,111.716667,V,RN,G,M,J,N,,L,Y,,,,,,,,,,
PONTIANAK,ID,-0.016667,109.333333,V,RN,E,N,E,O,B,M,Y,Y,Y,Y,,Y,N,,Y,N,Y
MANADO,ID,1.5,124.833333,S,CN,P,,A,P,,,,Y,,Y,,Y,,,,,
GORONTALO,ID,0.5,123.05,V,OR,P,K,A,K,L,M,,Y,,,,,,,Y,,Y
POSO,ID,-1.366667,120.75,V,OR,P,N,A,N,N,M,,Y,,,,,,,N,,Y
KOLONODALE,ID,-1.983333,121.333333,V,CN,F,M,H,,M,L,,Y,,,,,,,,,
KUCHING,MY,1.566667,110.35,S,RN,E,N,M,L,M,M,Y,Y,Y,Y,,,Y,S,N,Y,Y
SIBU,MY,2.283333,111.816667,V,RN,G,O,L,L,N,M,Y,,,Y,,,Y,S,,N,N
SARIKEI,MY,2.133333,111.533333,V,RN,G,M,J,M,,,Y,,,,,,Y,,,N,N
SUNGAIPAKNING,ID,1.35,102.166667,S,CN,F,C,C,M,G,L,Y,,Y,,,N,,,Y,,Y
FLYING FISH COVE,CX,-10.416667,105.7,M,CN,F,A,,N,,M,Y,Y,,Y,,Y,N,,Y,N,N
BANTEN,ID,-6.016667,105.966667,V,OR,P,G,C,G,E,M,Y,,,Y,Y,Y,N,,Y,,Y
ANYER LOR,ID,-6.05,105.916667,V,OR,F,,K,K,,M,Y,Y,,,,,,,Y,,
TANJUNG SEKONG,ID,-5.916667,106.0,V,CN,F,H,,M,H,M,Y,Y,Y,Y,,Y,,,,N,Y
JAKARTA,ID,-6.1,106.883333,L,CB,E,J,,J,B,M,Y,Y,,Y,Y,Y,Y,M,Y,,Y
CIREBON,ID,-6.716667,108.566667,V,CB,G,P,M,P,,M,,Y,,Y,,Y,Y,S,Y,,Y
PALMA DE MALLORCA,ES,39.566667,2.633333,M,CB,F,K,G,D,F,L,Y,,Y,Y,Y,Y,Y,S,Y,,Y
PORTO PONTE ROMANO,IT,39.05,8.466667,V,OR,F,M,K,L,,,Y,Y,Y,,,N,,,Y,,
SANTA CRUZ DE LA PALMA,ES,28.683333,-17.75,V,CB,F,H,A,J,,L,,,,,,,,,Y,,N
SANTA CRUZ DE TENERIFE,ES,28.466667,-16.233333,M,CB,G,J,A,D,A,L,Y,,,Y,,Y,Y,M,Y,,Y
LAS PALMAS,ES,28.15,-15.416667,L,CB,G,J,A,B,,L,Y,,Y,Y,Y,Y,,,Y,Y,Y
PUERTO DEL ROSARIO,ES,28.5,-13.85,V,CB,F,H,E,J,,M,,,,,,,,S,Y,,N
ARRECIFE,ES,28.95,-13.533333,V,CB,F,N,A,G,,M,,,,Y,,Y,,M,Y,,
HUELVA,ES,37.25,-6.95,M,RN,G,H,C,H,C,M,Y,,Y,Y,,Y,Y,S,Y,,Y
SEVILLA,ES,37.366667,-6.0,M,LC,G,L,,M,,M,Y,,Y,Y,,Y,Y,M,Y,,Y
ROTA,ES,36.616667,-6.333333,V,CB,F,K,K,J,,L,,,Y,,,,,,Y,,Y
CADIZ,ES,36.533333,-6.3,M,CB,G,H,G,G,,M,Y,,Y,Y,,Y,Y,L,Y,,Y
BENICIA,US,38.05,-122.15,V,CN,E,K,,K,,,Y,,,,,Y,Y,M,Y,N,Y
MARTINEZ,US,38.033333,-122.133333,V,CN,E,K,,,K,L,Y,Y,,,,Y,,,Y,,
PITTSBURG,US,38.033333,-121.883333,V,RN,E,,,K,,,Y,,,,,Y,Y,,Y,,
ANTIOCH,US,38.016667,-121.8,V,RN,E,,K,K,,,Y,,,,,,Y,,Y,,
STOCKTON,US,37.95,-121.3,S,RN,E,L,L,J,K,L,Y,,Y,Y,Y,Y,Y,,Y,,Y
RIO VISTA,US,38.15,-121.7,V,RN,E,L,,M,,,Y,,,,,,Y,,Y,,
ISLETON,US,38.166667,-121.6,V,RN,E,O,,,,,,,,,,Y,Y,,Y,,
WALNUT GROVE,US,38.233333,-121.516667,V,RN,E,O,,,,,,,,,,Y,Y,,Y,,
COURTLAND,US,38.333333,-121.566667,V,RN,E,,,,,,,,,,,Y,Y,,Y,,
SACRAMENTO,US,38.583333,-121.5,S,RN,E,L,,L,,L,Y,,Y,Y,,Y,Y,,Y,,Y
BODEGA BAY,US,38.333333,-123.05,V,CN,F,P,P,,,,,Y,,,,,Y,,Y,,Y
FORT BRAGG,US,39.45,-123.816667,V,CN,G,,,,,,,,,,,N,Y,,,,
FIELDS LANDING,US,40.716667,-124.216667,V,CN,G,L,,N,,,Y,Y,,,,N,Y,,Y,,
EUREKA,US,40.8,-124.183333,S,CN,G,L,M,L,L,L,Y,,,,,Y,Y,,Y,,Y
SAMOA,US,40.816667,-124.183333,V,CN,G,M,,L,,,,,,,,Y,Y,,Y,,
CRESCENT CITY,US,41.75,-124.2,V,CB,F,O,M,O,,,Y,Y,,,,Y,Y,,Y,,
PORT ORFORD,US,42.733333,-124.5,V,CN,F,,J,O,,,Y,Y,,,,Y,Y,,Y,,
BANDON,US,43.116667,-124.416667,V,RN,E,,O,O,,,Y,Y,,,,N,N,,Y,,
PROSPER,US,43.15,-124.366667,V,RN,E,P,P,,,,,Y,,,,,,,Y,,
EMPIRE,US,43.4,-124.283333,M,CN,E,L,L,N,,,Y,,,,,Y,Y,,Y,,
NORTH BEND,US,43.4,-124.216667,V,CN,E,L,L,L,,,,,,,,,,,Y,,
COOS BAY,US,43.366667,-124.216667,S,CN,E,L,L,L,L,L,Y,Y,,Y,,Y,Y,S,Y,,Y
WINCHESTER BAY,US,43.683333,-124.183333,V,RN,E,P,,,,,Y,,,,,Y,Y,,Y,,
GARDINER,US,43.716667,-124.1,V,RN,E,N,,,,,Y,,,,,,,,Y,,
REEDSPORT,US,43.7,-124.1,V,RN,E,M,,M,,,Y,,,,,Y,Y,,Y,,
FLORENCE,US,43.966667,-124.116667,V,RN,E,O,,O,,,Y,,,,,Y,Y,,,,
GLENADA,US,43.966667,-124.116667,V,RN,E,O,,O,,,Y,,,,,Y,Y,,,,
CUSHMAN,US,43.983333,-124.066667,V,RN,E,P,,P,,,Y,,,,,Y,Y,,,,
WALDPORT,US,44.433333,-124.066667,V,CN,G,P,,,,,,,,,,,,,,,
NEWPORT,US,44.633333,-124.05,V,RN,E,L,P,N,,,Y,,,,,Y,Y,,Y,,Y
TOLEDO,US,44.616667,-123.933333,V,RN,E,P,,P,,L,Y,,Y,,,Y,Y,,,,Y
DEPOE BAY,US,44.8,-124.066667,V,CN,G,P,,,,,Y,,,,,Y,Y,,,,
ILWACO,US,46.3,-124.05,V,RN,G,P,,P,,,Y,,,,,Y,Y,,,,
PRINCETOWN,US,37.5,-122.483333,V,CB,G,,,O,,,Y,Y,,,,,Y,,,,
PUERTO VALLARTA,MX,20.616667,-105.266667,S,RB,G,J,E,K,,L,Y,Y,,,,Y,,,Y,N,N
MAZATLAN,MX,23.2,-106.416667,M,RN,G,J,D,J,,L,Y,Y,N,N,N,Y,Y,,Y,,Y
TOPOLOBAMPO,MX,25.6,-109.066667,S,CN,E,H,G,J,H,L,Y,Y,,,,Y,Y,,Y,,
GUAYMAS,MX,27.916667,-110.916667,S,CB,G,L,G,J,L,L,,Y,Y,Y,,Y,Y,,Y,,Y
SANTA ROSALIA,MX,27.333333,-112.283333,S,CB,F,K,A,M,L,,,Y,Y,,,,,,Y,,N
MONHEGAN,US,43.766667,-69.316667,V,CN,P,O,O,O,,M,Y,,,,,,,,N,N,N
PORT CLYDE,US,43.916667,-69.25,V,CN,G,O,K,N,,M,Y,,,,,,Y,,N,N,N
THOMASTON,US,44.066667,-69.183333,V,RN,G,N,N,O,,M,Y,,,,,,Y,,N,N,N
FRIENDSHIP,US,43.966667,-69.333333,V,CN,G,M,L,O,,M,Y,,,,,,Y,,N,N,N
NEW HARBOR,US,43.866667,-69.483333,V,CN,F,M,M,P,,,Y,,,,,,Y,,N,N,N
PEMAQUID BEACH,US,43.866667,-69.533333,V,CN,F,H,J,P,,M,Y,,,,,Y,Y,,N,N,N
SOUTH BRISTOL,US,43.866667,-69.55,V,CN,F,N,H,O,,M,Y,,,,,,Y,,N,N,N
BOOTHBAY HARBOR,US,43.866667,-69.583333,V,CN,F,N,H,O,,M,Y,,,Y,,,Y,,N,N,Y
MAR DEL PLATA,AR,-38.033333,-57.533333,S,CB,G,M,H,J,M,L,Y,,Y,Y,Y,Y,Y,,Y,,Y
ITAJAI,BR,-26.916667,-48.633333,M,RN,G,K,K,H,N,L,Y,,,Y,Y,N,N,,Y,N,Y
LAGUNA,BR,-28.5,-48.783333,V,RN,F,O,N,N,,,Y,Y,Y,Y,,,,,Y,,
TRAMANDAI,BR,-29.983333,-50.133333,S,OR,P,C,C,,C,L,,Y,N,N,N,,,,Y,N,Y
RIO GRANDE,BR,-32.05,-52.083333,L,RN,G,H,M,J,K,L,Y,Y,Y,Y,,Y,,,Y,,Y
PELOTAS,BR,-31.783333,-52.333333,V,RN,G,N,,N,,,Y,,Y,Y,,Y,N,,Y,,Y
PORTO ALEGRE,BR,-30.033333,-51.233333,M,RN,E,N,M,N,N,L,Y,Y,Y,,,Y,Y,S,Y,,Y
LA PALOMA,UY,-34.65,-54.15,V,CN,G,O,N,N,,,,,,Y,,,,,Y,,
PUERTO SAUCE,UY,-34.433333,-57.45,V,OR,F,O,O,O,,,,,Y,,,,,,Y,N,N
FRAY BENTOS,UY,-33.116667,-58.316667,V,RN,G,N,M,O,,M,Y,Y,Y,,,N,N,,Y,,N
PAYSANDU,UY,-32.316667,-58.066667,S,RN,G,O,,M,,M,Y,,Y,,,N,N,,Y,,N
PARANA,AR,-31.716667,-60.533333,V,RN,E,O,,O,,,Y,,Y,,,Y,Y,,,,Y
DIAMANTE,AR,-32.066667,-60.65,V,RN,E,M,,M,,L,Y,,Y,,,Y,N,,N,N,N
PUERTO SAN MARTIN,AR,-32.716667,-60.733333,V,RN,E,N,,O,K,L,Y,,,,Y,Y,Y,,Y,,Y
VILLA CONSTITUCION,AR,-33.233333,-60.333333,V,RN,E,M,,N,,L,Y,,Y,,Y,N,N,,Y,,Y
SAN NICOLAS,AR,-33.333333,-60.233333,V,RN,E,K,K,K,K,L,Y,Y,Y,Y,,Y,Y,,Y,N,Y
RAMALLO,AR,-33.483333,-60.016667,V,RN,E,M,,M,,,Y,,,,,N,N,,,N,N
ZARATE,AR,-34.083333,-59.033333,S,RN,G,K,K,K,L,L,Y,,Y,Y,,N,N,,Y,N,Y
CAMPANA,AR,-34.15,-58.966667,S,RN,G,O,J,L,K,L,Y,,Y,Y,,Y,Y,,Y,Y,Y
CONCORDIA,AR,-31.4,-58.033333,V,RN,E,O,,P,,,Y,,,,,Y,Y,,Y,,
MANITOWANING,CA,45.75,-81.8,V,CN,E,M,N,N,,M,Y,,,,,,,,Y,N,N
SHEGUIANDAH,CA,45.9,-81.916667,V,CN,E,N,N,N,,M,Y,,,,,,,,Y,N,N
LITTLE CURRENT,CA,45.983333,-81.933333,S,CN,E,M,M,M,,M,Y,,Y,,,Y,Y,,Y,N,N
HONORA,CA,45.866667,-82.166667,V,CN,E,M,L,P,,M,Y,,,,,,,,Y,N,N
KAGAWONG,CA,45.916667,-82.25,V,CN,E,M,J,N,,,Y,,,,,Y,Y,,Y,N,N
GORE BAY,CA,45.916667,-82.466667,V,CN,E,N,E,N,,M,Y,,,,,Y,Y,,Y,N,N
MELDRUM BAY,CA,45.933333,-83.116667,V,CN,G,M,L,O,,M,Y,,,,,Y,Y,,Y,N,N
BLIND RIVER,CA,46.183333,-82.95,V,CN,F,P,N,N,,M,Y,,,,,Y,Y,,Y,N,N
COCKBURN,CA,45.95,-83.316667,V,CN,F,O,H,N,,M,Y,,,,,,,,Y,N,N
THESSALON,CA,46.25,-83.566667,V,CB,F,L,K,N,,M,Y,,,,,Y,Y,,,N,N
PORT BOUET,CI,5.233333,-3.966667,V,OR,P,A,A,,A,L,,,,,,Y,Y,,Y,,Y
ABIDJAN,CI,5.25,-4.016667,L,LC,E,H,A,H,K,L,Y,Y,Y,,Y,Y,Y,S,Y,N,Y
TAKORADI,GH,4.883333,-1.733333,M,CB,G,K,K,K,L,L,Y,Y,Y,Y,,Y,Y,S,Y,,Y
SEKONDI,GH,4.95,-1.7,V,CB,F,K,N,J,,,Y,Y,,,,,,,,,
SALTPOND,GH,5.2,-1.05,V,OR,P,A,H,,A,,,,,,,,,,,,Y
TEMA,GH,5.616667,0.016667,S,CB,G,H,A,J,A,M,Y,Y,Y,Y,,Y,Y,M,Y,,Y
LOME,TG,6.133333,1.283333,M,CB,G,G,G,J,G,L,Y,,Y,Y,,Y,Y,S,Y,,Y
KPEME,TG,6.2,1.516667,V,OR,P,J,G,H,K,M,Y,,,,,,,,Y,N,N
COTONOU,BJ,6.35,2.433333,M,CB,G,K,H,K,L,L,Y,,Y,Y,,Y,Y,S,Y,,Y
LAGOS,NG,6.4,3.4,L,RN,G,L,G,H,G,L,Y,Y,,Y,Y,Y,Y,M,Y,,Y
ESCRAVOS OIL TERMINAL,NG,5.5,5.0,V,OR,P,A,A,,A,L,,Y,N,,,N,N,,Y,,Y
KOKO,NG,6.0,5.466667,V,RN,F,N,M,M,M,M,Y,,Y,,,Y,Y,,Y,N,N
FORCADOS,NG,5.366667,5.433333,V,RN,F,O,L,N,,L,Y,Y,,,,Y,N,,Y,N,N
BURUTU,NG,5.35,5.5,V,RN,G,O,M,M,,M,Y,Y,Y,Y,,N,N,S,Y,N,Y
BRASS OIL TERMINAL,NG,4.066667,6.283333,V,OR,P,A,A,,A,L,,Y,Y,,,N,,,Y,N,N
RUFISQUE,SN,14.7,-17.283333,V,OR,F,N,N,P,,,,Y,,,,N,N,L,,,
KARABANE,SN,12.566667,-16.666667,V,RN,G,O,K,O,L,M,Y,,,,,,,,Y,,
LA GOULETTE,TN,36.8,10.3,M,CB,F,J,J,M,K,M,Y,,Y,Y,Y,Y,Y,,Y,Y,Y
TUNIS,TN,36.8,10.25,M,LC,G,M,J,N,,M,Y,,Y,Y,Y,Y,Y,,Y,Y,Y
TAZERKA OIL TERMINAL,TN,36.6,11.683333,M,OR,P,A,,,A,M,,Y,,,,,,,Y,,N
BANZART,TN,37.283333,9.883333,S,CB,G,J,A,L,,L,Y,,,Y,Y,Y,,L,Y,,Y
FUZHOU,CN,26.083333,119.3,V,RN,G,J,J,J,J,M,Y,Y,Y,,Y,Y,,,Y,,Y
ORMOC,PH,11.0,124.6,V,OR,P,A,A,O,,,,Y,,,,Y,,,Y,,
PALOMPON,PH,11.05,124.383333,V,CN,G,A,F,M,,,Y,,,Y,,,,,Y,,
TAGBILARAN,PH,9.65,123.85,S,OR,G,M,A,N,,,Y,,,Y,,Y,,,,,Y
TUBIGAN,PH,9.95,123.966667,V,OR,F,M,N,L,,,,Y,,,,,,,,,
CEBU,PH,10.3,123.9,L,CB,E,K,G,K,M,M,Y,Y,Y,Y,,Y,,M,Y,,Y
TOLEDO,PH,10.366667,123.633333,S,OR,P,F,A,O,N,L,Y,Y,,Y,,Y,,,N,,
SAN CARLOS,PH,10.483333,123.416667,V,CB,G,H,E,L,,,Y,,,Y,,Y,,,,,Y
BAIS,PH,9.6,123.116667,V,OR,G,H,A,K,,,,,,,,,,,Y,,
DUMAGUETE,PH,9.316667,123.3,V,OR,G,A,A,O,,M,Y,,,Y,,Y,,,Y,,
LAZI,PH,9.133333,123.633333,V,CN,F,A,A,O,,M,Y,,,,,Y,,,Y,,Y
PULUPANDAN,PH,10.516667,122.8,V,OR,P,O,K,N,M,M,Y,,,,,Y,,,Y,,Y
ALGECIRAS,ES,36.133333,-5.433333,S,CB,F,M,A,A,C,L,Y,,Y,Y,,Y,Y,L,Y,,Y
EUROPA POINT,GI,36.133333,-5.35,M,CB,G,H,D,L,K,L,Y,,Y,Y,,Y,Y,M,Y,,Y
MALAGA,ES,36.716667,-4.416667,M,CB,G,H,A,E,,L,Y,,Y,Y,,Y,Y,M,Y,,Y
MOTRIL,ES,36.75,-3.516667,V,CB,F,J,G,K,,M,Y,,Y,Y,,Y,Y,,Y,,Y
ADRA,ES,36.733333,-3.033333,V,CB,F,L,G,N,,,Y,,Y,,,Y,Y,,Y,,
ALMERIA,ES,36.833333,-2.466667,S,CB,F,J,A,J,,M,Y,,Y,Y,,Y,Y,,Y,,Y
PUERTO DE CARBONERAS,ES,37.0,-1.883333,S,CB,F,A,A,G,,M,Y,,,Y,,Y,Y,,Y,,Y
AGUILAS,ES,37.4,-1.566667,V,CN,F,G,C,J,,M,Y,,Y,,,,,,Y,N,Y
HORNILLO,ES,37.4,-1.55,V,CN,F,G,A,N,,M,Y,,,,,,,,Y,,Y
CARTAGENA,ES,37.583333,-0.983333,S,CB,F,J,A,H,C,L,Y,Y,Y,Y,Y,Y,Y,S,Y,Y,Y
TORREVIEJA,ES,37.966667,-0.683333,V,CB,G,J,J,K,,M,,Y,,Y,,Y,Y,,Y,N,Y
ALICANTE,ES,38.333333,-0.483333,M,CB,F,G,J,G,,M,Y,,Y,Y,Y,Y,Y,,Y,,Y
PUERTO DE GANDIA,ES,39.0,-0.15,V,CB,P,L,C,K,,M,Y,,Y,Y,,Y,Y,,Y,,Y
VALENCIA,ES,39.45,-0.316667,M,CB,F,F,E,E,,M,Y,,Y,Y,Y,Y,Y,S,Y,,Y
SAGUNTO,ES,39.65,-0.216667,V,CB,F,L,C,G,,L,Y,,Y,Y,,Y,Y,,Y,N,Y
BURRIANA,ES,39.883333,-0.05,V,RN,F,N,J,N,,M,Y,,,,,Y,Y,,N,,Y
EL GRAO,ES,39.966667,0.016667,V,CB,F,K,J,L,B,M,Y,Y,Y,Y,,Y,Y,M,Y,,Y
TARRAGONA,ES,41.1,1.233333,L,CB,F,C,A,C,A,M,Y,,Y,Y,Y,Y,Y,,Y,,Y
BARCELONA,ES,41.35,2.166667,L,CB,G,K,A,F,,L,Y,,Y,Y,,Y,Y,M,Y,,Y
SAN FELIU DE GUIXOLS,ES,41.783333,3.033333,V,CB,F,M,C,M,,M,Y,,Y,Y,,Y,Y,,Y,N,N
PALAMOS,ES,41.833333,3.116667,S,CB,F,D,E,E,,M,Y,,Y,Y,,Y,Y,,Y,N,Y
FUNCHAL,PT,32.633333,-16.916667,L,CB,E,H,H,J,H,L,Y,Y,,Y,,Y,Y,S,Y,,Y
PUERTO DE PASAJES,ES,43.333333,-1.933333,M,RN,F,K,A,J,,M,Y,,Y,Y,Y,Y,Y,S,Y,,Y
BERMEO,ES,43.416667,-2.716667,V,CB,E,N,A,N,,M,,,,Y,,Y,Y,S,Y,,Y
PUERTO DE BILBAO,ES,43.35,-3.05,M,CB,E,M,A,C,A,L,Y,,Y,Y,Y,Y,Y,S,Y,Y,Y
SANTANDER,ES,43.466667,-3.783333,M,RN,G,J,B,H,H,L,Y,,Y,Y,,Y,Y,M,Y,,Y
GIJON,ES,43.55,-5.666667,S,CB,G,D,M,C,,M,,Y,Y,Y,Y,Y,Y,S,Y,,Y
PORTO DE SUAPE,BR,-8.4,-34.966667,S,CB,G,G,G,K,G,L,Y,Y,,,,Y,Y,L,Y,,Y
TEGAL,ID,-6.85,109.133333,V,OR,F,P,M,P,,M,,Y,,Y,,Y,,S,N,,Y
PEKALONGAN,ID,-6.85,109.7,V,OR,F,,M,,,M,,Y,,Y,,,,,,,
SEMARANG,ID,-6.95,110.416667,S,OR,G,L,J,L,J,M,,Y,Y,Y,,Y,Y,S,Y,N,Y
REMBANG,ID,-6.7,111.35,V,OR,F,K,K,,K,,,Y,,,,,,,,,
TUBAN,ID,-6.733333,112.15,V,OR,P,P,L,P,A,,,Y,,,,N,,,Y,,
SURABAYA,ID,-7.2,112.733333,M,CB,G,K,C,K,J,M,Y,,,,Y,Y,Y,M,Y,,Y
PANARUKAN,ID,-7.7,113.933333,V,CN,N,,F,,A,,,Y,,Y,,N,N,,N,Y,Y
ROBINHOOD,US,43.85,-69.733333,V,RN,G,H,C,P,,M,Y,,Y,,,Y,Y,S,N,N,Y
BATH,US,43.916667,-69.816667,S,RN,G,L,L,L,,M,Y,,Y,Y,Y,Y,Y,M,Y,N,Y
GARDINER,US,44.233333,-69.766667,V,RN,G,O,O,O,,M,Y,,,,,,,,Y,N,N
AUGUSTA,US,44.316667,-69.766667,V,RN,G,P,P,Q,,M,Y,,,,,Y,Y,,Y,N,N
CUNDY HARBOR,US,43.783333,-69.9,V,CN,F,O,M,P,,M,Y,,,,,,Y,,,N,N
SOUTH HARPSWELL,US,43.733333,-70.016667,V,CN,F,O,H,P,,M,Y,,,,,Y,Y,,,N,N
PORTLAND,US,43.666667,-70.25,M,CN,E,K,G,J,G,L,Y,,Y,Y,Y,Y,Y,M,Y,Y,Y
SACO,US,43.5,-70.45,V,RN,F,P,P,P,,M,Y,,,,,Y,Y,,,N,N
KENNEBUNKPORT,US,43.366667,-70.466667,V,RN,F,P,P,P,,M,Y,,,,,,,,,N,N
PORTSMOUTH,US,43.083333,-70.75,S,RN,G,K,C,K,K,L,Y,,,Y,,Y,Y,,Y,Y,Y
COREA,US,44.4,-67.966667,V,CN,F,P,P,P,,M,Y,,,,,Y,Y,,N,N,N
GOLDSBORO,CA,45.183333,-61.65,V,CN,G,M,M,N,,M,Y,,,,,,Y,,N,N,N
STORMONT,CA,45.216667,-61.716667,V,CN,G,E,L,N,,,Y,,,,,,,,N,N,N
SONORA,CA,45.066667,-61.916667,V,RN,E,O,O,O,,M,Y,,,,,,,,N,N,N
MUSQUODOBOIT HARBOUR,CA,44.783333,-63.15,V,CN,E,P,,N,,M,Y,,,,,,,,N,N,N
HALIFAX,CA,44.65,-63.583333,L,CN,E,C,H,F,G,L,Y,,Y,Y,Y,Y,Y,M,Y,,Y
DIGBY,CA,44.616667,-65.766667,S,CN,E,J,J,B,,M,Y,,,Y,,Y,Y,,N,Y,N
WINDSOR,CA,45.0,-64.15,V,RN,E,M,,M,,M,Y,,,,,Y,Y,,N,N,N
ST JOHN,CA,45.266667,-66.05,M,CB,E,L,K,J,A,L,Y,,,Y,Y,Y,Y,L,Y,,Y
PORT BAYSIDE NB,CA,45.15,-67.133333,V,RN,,,L,,,,,Y,Y,,,,,,,,
EASTPORT,US,44.9,-66.983333,V,CN,F,H,H,M,,L,Y,,Y,,,Y,Y,,Y,N,Y
LUBEC,US,44.866667,-66.983333,V,CN,G,J,A,J,,M,Y,,Y,,,,Y,,N,N,N
MACHIASPORT,US,44.7,-67.4,V,CN,G,M,K,P,,M,Y,,,,,,Y,,N,N,N
MACHIAS,US,44.716667,-67.466667,V,RN,G,P,J,Q,,M,Y,,Y,,,,Y,,N,N,N
JONESPORT,US,44.533333,-67.616667,V,CN,G,P,O,P,,M,Y,,,,,Y,Y,,N,N,N
WYMAN,US,44.516667,-67.866667,V,CN,G,P,P,P,,M,Y,,,,,Y,Y,,N,N,N
MILBRIDGE,US,44.533333,-67.883333,V,RN,G,P,O,P,,M,Y,,,,,,Y,,N,N,N
PORT WING,US,46.783333,-91.383333,V,CB,G,P,O,O,,M,Y,,,,,,,,Y,N,N
KERTEMINDE,DK,55.45,10.666667,V,CB,G,P,N,O,,M,Y,,Y,,,Y,Y,,N,,Y
CEUTA,ES,35.9,-5.316667,M,CB,F,,A,J,L,M,Y,,,Y,,Y,Y,,Y,,Y
INKOO,FI,60.016667,23.916667,V,RB,F,H,C,M,,M,,,,Y,,Y,,,Y,,
TOLKKINEN,FI,60.033333,25.583333,V,CB,F,M,J,M,,M,,,,Y,,Y,,,Y,,Y
RAHJA,FI,64.2,23.733333,V,CB,F,O,N,N,,M,,,Y,Y,,Y,,,,,Y
PORT D AL HOCEIMA,MA,35.25,-3.916667,V,CB,P,C,C,N,,M,Y,Y,Y,Y,,,,,Y,,
RABIGH,SA,22.733333,38.983333,V,CB,F,A,J,G,A,M,Y,Y,,,,,,,Y,,
BRUCE MINES,CA,46.283333,-83.783333,V,CN,F,N,N,N,,M,Y,,,,,Y,,,Y,N,N
HILTON,CA,46.25,-83.883333,V,CN,G,O,K,O,,M,Y,,,,,Y,Y,,Y,N,N
DESBARATS,CA,46.333333,-83.916667,V,RN,E,P,P,P,,M,,,,,,Y,Y,,Y,N,N
RICHARDS LANDING,CA,46.3,-84.033333,V,CN,E,M,M,O,,M,Y,,,,,Y,Y,,Y,N,N
SAULT STE MARIE,CA,46.516667,-84.35,S,RN,E,N,L,M,M,M,Y,,Y,,,Y,Y,S,Y,,Y
ALGONAC,US,42.616667,-82.516667,V,RN,E,M,L,O,,M,Y,,,,,Y,Y,,Y,N,Y
MARINE CITY,US,42.716667,-82.5,V,RN,E,K,K,K,,L,Y,,,,,Y,Y,,Y,N,Y
ST CLAIR,US,42.816667,-82.483333,V,RN,E,P,N,N,,M,Y,,,,,Y,Y,,Y,N,Y
PORT HURON,US,43.0,-82.433333,V,RN,E,M,L,M,L,L,Y,,,Y,,Y,Y,,Y,N,Y
HARBOR BEACH,US,43.85,-82.65,V,CB,G,M,M,O,,M,Y,,,,,,,,Y,N,N
COURTRIGHT,CA,42.816667,-82.466667,V,RN,E,M,M,O,,M,Y,,,,,N,N,,Y,N,N
SODUS BAY,US,43.266667,-76.983333,V,CN,E,O,O,O,,,Y,,,,Y,Y,Y,,Y,N,
ROCHESTER,US,43.266667,-77.6,S,RN,E,N,N,N,,M,Y,,,,Y,Y,Y,,Y,,N
YOUNGSTOWN,US,43.25,-79.05,V,RN,E,O,O,O,,M,Y,,,,,Y,Y,,Y,N,N
PORT COLBORNE,CA,42.883333,-79.25,S,LC,E,L,A,L,L,L,Y,,,Y,,Y,Y,L,Y,N,Y
PORT MAITLAND,CA,42.85,-79.583333,S,RB,E,M,K,M,,M,Y,,,,,Y,Y,,Y,N,N
PORT DOVER,CA,42.783333,-80.2,V,RN,E,P,P,P,,M,Y,,,,,Y,Y,,Y,N,N
PORT STANLEY,CA,42.666667,-81.2,V,RN,G,N,M,N,,M,Y,,,,,Y,Y,S,Y,N,N
RONDEAU,CA,42.266667,-81.9,S,CN,F,O,M,M,,M,Y,,,,,Y,Y,,Y,N,N
PELEE I NORTH WHARF,CA,41.816667,-82.666667,V,CN,F,O,N,O,,M,Y,,,,,,,,Y,N,N
PELEE I WEST DOCK,CA,41.766667,-82.683333,V,OR,P,O,N,O,,M,Y,,,,,,,,Y,N,N
LEAMINGTON,CA,42.033333,-82.6,V,OR,P,N,L,N,,M,Y,,Y,,,Y,Y,,Y,N,N
KINGSVILLE,CA,42.016667,-82.733333,V,CB,G,P,O,P,,M,Y,,,,,Y,Y,,Y,N,N
AMHERSTBURG,CA,42.1,-83.1,S,RN,E,N,M,N,M,M,Y,,Y,Y,,,,,Y,Y,N
WINDSOR,CA,42.316667,-83.033333,M,RN,E,M,K,M,M,M,Y,,Y,,,Y,Y,,Y,N,Y
TONAWANDA,US,43.033333,-78.883333,S,RN,E,O,O,O,,M,Y,,,,,Y,Y,,Y,N,N
BUFFALO,US,42.883333,-78.883333,L,CB,E,L,L,M,,L,Y,,Y,Y,,Y,Y,L,Y,,Y
DUNKIRK,US,42.483333,-79.333333,V,CB,F,P,P,P,,M,Y,,,,,Y,Y,,Y,,N
ERIE,US,42.15,-80.1,S,CN,E,L,M,L,L,L,Y,,Y,Y,Y,Y,Y,L,Y,,N
CONNEAUT,US,41.966667,-80.55,S,RN,E,M,L,M,,M,Y,,Y,,,Y,Y,,Y,,Y
ASHTABULA,US,41.9,-80.8,S,RB,E,M,M,M,M,M,Y,,Y,,Y,Y,Y,L,Y,,Y
FAIRPORT,US,41.766667,-81.3,S,RN,E,N,N,N,,M,Y,,,,,Y,Y,,Y,N,Y
CLEVELAND,US,41.5,-81.716667,L,CB,E,L,L,L,L,L,Y,,,Y,,Y,Y,M,Y,Y,Y
LORAIN,US,41.466667,-82.183333,S,RN,E,M,J,L,,L,Y,,Y,,,Y,Y,M,Y,N,Y
VERMILION,US,41.433333,-82.366667,V,RN,E,P,P,P,,M,Y,,,,,,,,Y,N,Y
HURON,US,41.4,-82.55,S,RN,E,L,L,L,,L,Y,,,,,Y,Y,L,Y,N,Y
SANDUSKY,US,41.45,-82.716667,S,CN,E,M,M,M,,M,Y,,,,,,Y,,Y,,Y
BLINYU,ID,-1.633333,105.783333,V,CN,F,,G,,,M,,Y,,,,,,,,,Y
RAS LAFFAN,QA,25.916667,51.583333,M,CB,G,G,C,H,H,M,Y,,Y,Y,,N,N,,Y,,Y
TANJUNGPANDAN,ID,-2.75,107.633333,V,OR,E,M,G,P,B,M,Y,Y,,Y,,Y,N,S,,,Y
PALEMBANG,ID,-2.983333,104.766667,M,RN,E,O,K,M,M,M,Y,,Y,Y,,Y,Y,S,Y,,Y
LUDERITZ BAY,,-26.65,15.15,S,CB,F,L,D,L,M,M,Y,Y,Y,Y,,Y,,,Y,,Y
PORT CAPIZ,PH,11.6,122.716667,V,CB,E,N,N,J,,M,Y,Y,,,,,,,,,
JORDAN,PH,10.666667,122.583333,V,OR,G,A,A,K,J,M,Y,,,,,Y,,,Y,,
ILOILO,PH,10.7,122.583333,V,OR,G,L,A,K,,L,Y,Y,Y,Y,,Y,,S,Y,,Y
PUERTO PRINCESA,PH,9.733333,118.733333,S,CN,G,A,E,L,,M,Y,,N,Y,N,Y,,,Y,,Y
MAASIN,PH,10.133333,124.833333,V,OR,F,H,K,N,,,,Y,,,,,Y,,Y,,
BAYBAY,PH,10.683333,124.8,V,OR,P,A,A,O,,,Y,,,,,,Y,,,,
SORSOGON,PH,12.966667,124.0,V,CN,E,P,N,Q,,,,Y,,,,,Y,,,,
SANTA CRUZ (MARINDUQUE ISL),PH,13.5,122.066667,V,CB,E,A,F,K,,,Y,,,,,N,N,,N,,Y
BATANGAS CITY,PH,13.75,121.05,M,OR,G,A,B,J,G,L,Y,Y,,Y,Y,Y,,M,Y,,Y
NASUGBU,PH,14.083333,120.616667,V,CN,P,Q,L,,,M,,Y,,,,,,,,,
MANILA,PH,14.583333,120.966667,L,CB,E,K,J,G,L,M,Y,,,Y,Y,Y,Y,M,Y,,Y
MARIVELES,PH,14.433333,120.483333,V,CN,F,O,A,G,G,M,Y,,Y,,,Y,,S,Y,,Y
MASINLOC,PH,15.55,119.95,V,CN,G,H,B,K,K,,Y,,,,,,N,,Y,,Y
SAN FERNANDO HARBOR,PH,16.616667,120.316667,M,OR,F,F,B,F,G,M,Y,,Y,Y,Y,Y,Y,S,Y,Y,Y
CALAPAN,PH,13.416667,121.183333,V,OR,P,H,E,N,,,Y,,,,,,Y,,,,
PORT ROMBLON,PH,12.583333,122.266667,V,CN,F,A,A,L,,,,Y,,,,Y,Y,,,,
MASBATE,PH,12.366667,123.616667,S,CN,E,A,A,L,,M,Y,,Y,Y,N,Y,Y,,Y,,Y
LAOANG,PH,12.566667,125.016667,V,RN,F,O,H,P,,,,Y,,,,,Y,,,,
PORT BORONGAN,PH,11.6,125.433333,V,OR,F,A,F,J,,,,Y,,,,Y,,,,,
GUIUAN,PH,11.033333,125.716667,V,CN,F,A,D,P,,,,Y,,,,Y,Y,,,,
CATBALOGAN,PH,11.766667,124.883333,V,OR,F,H,L,O,,,Y,,,,,Y,Y,,,,
TACLOBAN,PH,11.25,125.0,S,CN,G,N,L,N,M,M,Y,,N,N,N,N,Y,,Y,,Y
FANG-CHENG,CN,21.75,108.35,M,RN,G,F,J,H,K,M,Y,Y,,Y,Y,Y,Y,S,Y,,Y
BEIHAI,CN,21.483333,109.066667,V,OR,G,J,K,J,J,M,Y,Y,,Y,,,,,,,
HAIKOU,CN,20.05,110.283333,V,CN,F,K,F,K,,M,Y,Y,,Y,Y,Y,,,Y,,Y
BASUO,CN,19.1,108.616667,S,CB,G,L,J,L,L,M,Y,,Y,Y,N,Y,,,Y,,Y
ZHANJIANG,CN,21.2,110.4,S,RN,G,J,G,H,N,M,Y,,,Y,Y,Y,Y,,Y,Y,Y
LON SHUI TERMINAL,CN,20.833333,115.683333,L,OR,P,A,,,A,M,Y,N,,,,N,,,Y,Y,Y
MACAU,MO,22.183333,113.566667,M,CB,G,O,O,O,O,M,,Y,,,Y,Y,,S,Y,,Y
HUANGPUXINGANG,CN,23.05,113.5,S,RN,G,P,M,G,,L,Y,,,Y,Y,Y,Y,M,Y,,Y
GUANGZHOU,CN,23.116667,113.233333,M,RN,G,H,J,H,K,M,Y,Y,Y,Y,Y,Y,Y,M,Y,,Y
ANNABA,DZ,36.916667,7.766667,M,CB,F,H,C,H,,L,Y,Y,Y,Y,Y,Y,Y,,Y,Y,Y
SKIKDA,DZ,36.883333,6.916667,S,CB,G,F,E,K,,M,Y,Y,Y,Y,Y,Y,Y,,Y,Y,Y
COLLO,DZ,37.0,6.583333,V,CN,G,,A,O,,M,Y,Y,,,,,,,N,,
BEJAIA,DZ,36.75,5.083333,S,CB,G,G,K,K,,M,Y,Y,Y,,,Y,Y,L,Y,,Y
DELLYS,DZ,36.916667,3.916667,V,CB,F,,H,N,,M,Y,Y,,,,N,N,,Y,,N
ALGER,DZ,36.766667,3.066667,L,CB,E,D,J,K,,L,Y,,Y,,,Y,Y,S,Y,,Y
TENES,DZ,36.533333,1.316667,V,OR,F,A,G,M,,M,Y,Y,Y,Y,,,,,Y,,Y
MOSTAGANEM,DZ,35.933333,0.083333,V,CB,G,J,A,M,,M,Y,Y,Y,Y,,N,N,M,Y,N,Y
ARZEW,DZ,35.85,-0.3,S,CB,G,K,A,L,G,M,Y,,,Y,Y,Y,Y,,Y,,Y
ARZEW EL DJEDID,DZ,35.816667,-0.25,S,CB,P,L,A,,H,M,Y,,,,,Y,Y,,Y,,Y
ORAN,DZ,35.7,-0.633333,L,CB,E,A,A,J,,M,Y,,Y,Y,Y,Y,Y,,Y,,Y
MERS EL KEBIR,DZ,35.733333,-0.7,S,CB,G,K,J,J,,,Y,,,,,Y,Y,L,Y,,
CILACAP,ID,-7.733333,109.0,L,CN,E,J,C,J,J,L,Y,,,Y,,Y,Y,,Y,N,Y
BENOA,ID,-8.75,115.216667,V,CN,F,L,B,L,N,M,Y,,,Y,,Y,N,,Y,,Y
LABUHANHAJI,ID,-8.7,116.566667,V,OR,P,P,G,P,,,,Y,,,,,N,,,,Y
MAUMERE,ID,-8.616667,122.216667,V,OR,F,M,A,M,M,M,Y,Y,,,,Y,,,N,,
LARANTUKA,ID,-8.35,122.983333,V,OR,G,,B,,,,,Y,,,,,,,,,
ENDE,ID,-8.833333,121.65,V,CN,F,N,A,N,M,M,,Y,,Y,,,,,,,
TAREMPAH,ID,3.216667,106.216667,V,CN,F,O,A,O,,,,Y,,,,,,,,,
BENGKALIS,ID,1.466667,102.1,V,CN,G,L,K,N,,,Y,,N,N,N,,N,,Y,,Y
PULAU BUKOM,SG,1.233333,103.766667,M,OR,G,K,G,,F,L,Y,Y,,,,Y,Y,,Y,,Y
PULAU SEBAROK,SG,1.2,103.8,S,OR,F,J,J,,E,L,Y,,,,,Y,Y,,Y,,Y
TANJUNGUBAN,ID,1.066667,104.216667,V,CN,F,K,B,E,E,L,Y,,,,,Y,,,Y,N,Y
TANJUNGPINANG,ID,0.916667,104.45,V,OR,F,P,O,B,,M,,,,Y,,N,N,S,Y,,
KIJANG,ID,0.85,104.6,V,RN,G,K,A,K,,L,Y,,,,,N,N,,Y,,Y
PULAU SAMBU,ID,1.166667,103.9,S,CN,F,F,F,,J,L,Y,Y,,,,,,,Y,,Y
DABO,ID,-0.5,104.566667,V,OR,P,P,O,P,,M,,Y,,Y,,,Y,,N,,Y
TOBOALI,ID,-3.016667,106.45,V,OR,P,M,M,P,,M,,Y,,,,,,,,,Y
MUNTOK,ID,-2.066667,105.166667,V,CN,F,Q,B,Q,,M,Y,Y,,,,N,N,,N,,Y
PANGKALPINANG,ID,-2.116667,106.133333,V,OR,G,P,,,,M,Y,Y,,Y,,Y,,,N,,Y
CINTA OIL TERMINAL,ID,-5.5,106.233333,V,OR,P,A,A,,A,M,Y,Y,,,,N,N,,Y,N,Y
PANJANG,ID,-5.466667,105.316667,V,CN,G,H,H,H,J,M,Y,Y,,Y,,N,,S,Y,N,Y
TELUK BAYUR,ID,-1.0,100.366667,V,OR,F,L,L,H,M,L,Y,Y,,Y,,Y,Y,S,Y,,Y
AVILES,ES,43.6,-5.933333,S,LC,E,K,H,J,,M,Y,,Y,Y,,Y,Y,S,Y,,Y
RIBADEO,ES,43.533333,-7.033333,V,RN,G,H,K,N,,L,Y,,,Y,,Y,N,,Y,N,N
SAN CIPRIAN,ES,43.7,-7.433333,V,CN,F,E,H,H,,M,,,Y,Y,,,,,Y,,Y
FERROL,ES,43.483333,-8.233333,M,RN,E,J,J,G,,M,Y,,Y,Y,Y,Y,Y,M,Y,Y,Y
LA CORUNA,ES,43.366667,-8.4,S,CN,E,E,H,F,F,L,Y,,Y,Y,,Y,Y,S,Y,,Y
VILLAGARCIA DE AROSA,ES,42.6,-8.766667,V,CN,E,C,N,J,,M,Y,,,Y,,Y,Y,,Y,,Y
MARIN,ES,42.4,-8.7,S,CB,G,A,A,J,,M,,,Y,Y,Y,Y,,M,Y,,Y
VIGO,ES,42.233333,-8.716667,M,CB,G,A,A,E,,M,Y,,Y,Y,,Y,Y,M,Y,,Y
BROFJORDEN,SE,58.383333,11.416667,S,CN,P,J,M,A,C,M,Y,,,,,Y,Y,,Y,,Y
STENUNGSUND,SE,58.066667,11.833333,V,OR,F,H,L,,L,M,,,,Y,,,,,,,Y
MUUGA-PORT OF TALLIN,EE,59.5,24.95,S,CB,F,F,G,N,M,M,,,Y,Y,,Y,,,Y,,
FAGERSTRAND,NO,59.733333,10.6,S,OR,F,,H,,L,M,,,,,,,,,,,
GWADAR,PK,25.133333,62.3,M,CN,F,H,H,G,,M,,,,Y,Y,,,,,,Y
NEW MANGALORE,IN,12.916667,74.816667,M,CB,F,G,E,G,G,L,Y,,Y,Y,,Y,Y,,Y,,Y
PETCHBURI TERMINAL,TH,13.166667,100.15,V,OR,P,,E,J,,M,,,,,,,,,,,
RAYONG TPI TERMINAL,TH,12.633333,101.3,V,OR,P,D,N,G,N,M,,,,,,Y,,,Y,,Y
SIAM SEAPORT,TH,13.133333,100.883333,V,OR,F,G,N,G,,L,,,,Y,Y,,,,Y,,Y
LUMUT,MY,4.233333,100.633333,V,RN,F,M,B,E,K,L,Y,,Y,,,,Y,,Y,,Y
TAWA,MY,4.25,117.883333,V,CN,F,E,H,K,K,M,,,Y,Y,,Y,Y,,N,,
TELUK ANSON,MY,4.016667,101.016667,V,RN,F,,N,P,N,M,,,,,,,,,,,
KAMARAJAR PORT,IN,13.266667,80.316667,S,CB,P,F,F,H,G,M,,,Y,Y,,,,,Y,Y,Y
LUMUT,BN,4.716667,114.45,V,OR,P,,H,,K,M,,,,,,,Y,,,,Y
SIKKA,IN,22.433333,69.833333,V,OR,P,A,G,L,A,L,Y,Y,,,,,,,Y,,Y
MUNDRA,IN,22.733333,69.7,S,OR,N,E,J,F,A,L,Y,,Y,,,Y,Y,,Y,,Y
DAHEJ,IN,21.7,72.533333,V,OR,N,G,D,G,H,L,Y,Y,,,,,,,Y,,Y
JABUNG BATANGHARI MARINE TERMINAL,ID,-0.916667,104.066667,V,OR,P,H,G,J,H,M,,,,,,N,N,S,,,Y
KUALA KAPUS,ID,3.0,114.366667,V,OR,P,,,N,,M,,,,,,N,N,,Y,,Y
LALANG MARINE TERMINAL,ID,1.183333,102.216667,V,OR,P,E,B,,B,,,,,,,N,N,,Y,,Y
PAREPARE,ID,-4.0,119.616667,V,OR,G,G,C,G,L,M,,,Y,,,Y,,,N,,Y
BELANAK FIELD TERMINAL,ID,4.15,106.25,V,OR,P,,B,,H,,Y,Y,,,,N,N,,Y,,Y
BELIDA MARINE TERMINAL,ID,4.133333,105.133333,V,OR,P,,A,,A,L,Y,Y,,,,N,N,,Y,,
TANJUNG BENETE,ID,-8.9,116.75,V,CN,P,J,J,J,J,,,,N,N,N,N,N,,N,,Y
CELUKAN BAWANG,ID,-8.183333,114.833333,S,CN,F,B,E,M,,M,,,,Y,,Y,,,,,N
ZAFARANA TERMINAL,EG,29.166667,32.683333,V,OR,P,,A,,F,M,,,,,,,,,Y,,
ZEIT BAY LPG TERMINAL,EG,27.8,33.566667,V,OR,P,O,C,,L,M,,,,Y,,N,N,,Y,,
WHITSTABLE,GB,51.366667,1.033333,S,RN,F,P,O,N,,,,Y,,Y,,Y,Y,S,Y,,Y
SHEERNESS,GB,51.45,0.75,V,CN,F,J,G,J,,M,,,,,,Y,Y,S,Y,,Y
THAMESPORT,GB,51.433333,0.7,S,RN,G,J,G,F,,L,Y,,Y,Y,,Y,,,Y,,Y
CHATHAM DOCKS,GB,51.4,0.55,S,RB,G,P,G,L,,M,,,Y,Y,,,,L,Y,Y,Y
GRAVESEND,GB,51.45,0.366667,S,RN,E,L,F,M,,M,,,Y,,,Y,Y,,Y,,Y
LONDON,GB,51.5,-0.083333,L,RB,E,L,G,O,K,L,Y,Y,Y,Y,Y,Y,Y,M,Y,N,Y
COLCHESTER,GB,51.883333,0.916667,V,RN,G,P,N,,,M,,,Y,,,Y,Y,,Y,N,Y
HARWICH,GB,51.95,1.283333,S,RN,F,H,J,K,L,L,Y,,Y,Y,,Y,Y,,Y,,Y
SAINT-DENIS,RE,-20.866667,55.45,V,OR,F,A,E,,,L,,,,,,,,,,,
PORT OUEST,RE,-20.933333,55.283333,S,CB,F,K,A,L,,L,Y,Y,Y,,,Y,Y,,Y,,Y
PORT LOUIS,MU,-20.15,57.5,S,CB,G,J,C,L,J,M,Y,Y,Y,Y,,Y,Y,M,Y,Y,Y
PORT MATHURIN,MU,-19.683333,63.416667,V,CN,F,L,F,,,,,,Y,,,,,,Y,,Y
GASPE,CA,48.833333,-64.483333,S,CN,G,B,M,K,L,L,Y,,,,,Y,Y,M,N,N,Y
RIMOUSKI,CA,48.45,-68.516667,S,RN,G,N,L,M,N,M,Y,,,Y,,Y,Y,S,N,,N
CHICOUTIMI (PORT SAGUENAY),CA,48.433333,-71.066667,S,RN,G,N,A,H,L,M,Y,,,Y,,Y,Y,S,Y,Y,Y
SOREL,CA,46.05,-73.116667,S,RN,G,J,K,K,,L,Y,,Y,Y,,Y,Y,M,Y,,Y
JASK,IR,25.633333,57.766667,V,CN,,A,M,,,,,Y,,,,N,N,,,,
DORALEH,DJ,11.6,43.083333,S,CN,,,,E,D,L,Y,,,,,,,,Y,,
BOOSAASO,SO,11.283333,49.183333,S,CB,,,E,M,,M,,,,,,,,,,,
AL KHAIR OIL TERMINAL,SD,19.583333,37.25,S,CN,,,,,G,,,,,,,,,,Y,,
BESHAYER OIL TERMINAL,SD,19.4,37.316667,M,OR,,,,,A,,,,,,,,,,Y,,
SAWAKIN HARBOR,SD,19.133333,37.35,S,CN,,,,J,,,,,,,,,,,,,
UMM AL QAYWAYN,AE,25.583333,55.583333,S,CN,P,K,H,K,K,M,Y,,Y,,,Y,Y,,Y,,
SHARJAH OFFSHORE TERMINAL,AE,25.583333,55.4,S,OR,P,,J,,B,L,,Y,,,,N,N,,Y,,Y
ASH SHARIQAH,AE,25.416667,55.366667,S,CB,F,G,N,N,,L,Y,N,,Y,,Y,Y,M,Y,,Y
AJMAN,AE,25.416667,55.433333,V,OR,F,M,K,N,,M,Y,,,,,Y,Y,L,Y,,Y
AL JAZEERA PORT,AE,25.716667,55.783333,S,CN,,,C,N,,,,,,,,,,,Y,,
ZIRKUH PETROLEUM PORT,AE,25.016667,53.0,M,OR,,C,,,C,,,,,,,,,,Y,,
BENGKULU,ID,-3.783333,102.25,V,OR,P,P,J,K,K,M,Y,Y,,Y,,,Y,,Y,,Y
CANAPORT (ST. JOHN),CA,45.2,-65.983333,L,OR,G,A,,,A,L,Y,,,,,Y,,,Y,,Y
LIVERPOOL (BROOKLYN),CA,44.033333,-64.65,S,CN,G,L,H,L,,M,Y,,Y,Y,,Y,Y,,N,N,Y
JIJEL,DZ,36.833333,5.783333,V,CB,F,,,O,,M,Y,Y,,Y,,N,,,N,Y,Y
NORRSUNDET,SE,60.933333,17.166667,V,CN,G,M,J,O,,M,Y,Y,,Y,Y,,,,,,Y
SONGKHLA HARBOR,TH,7.216667,100.583333,V,RN,F,L,L,K,L,L,Y,Y,Y,,,Y,,S,Y,,Y
DAI HANG,VN,8.483333,108.683333,V,OR,P,,,,A,M,,,,,,Y,,,Y,,
VALLVIK,SE,61.183333,17.166667,S,CN,F,O,K,L,,,Y,Y,,Y,,,Y,,,,Y
MUI VUNG TAU,VN,10.316667,107.066667,V,CN,F,,,N,,M,,,,,,Y,Y,,Y,,Y
SODERHAMN,SE,61.3,17.083333,S,RN,E,N,G,N,K,L,Y,Y,,Y,,Y,,,Y,,Y
PHU MY,VN,10.583333,107.033333,V,RN,F,A,,M,G,M,Y,Y,,Y,Y,Y,,,Y,,Y
BENI SAF,DZ,35.3,-1.383333,V,CB,F,,D,L,,L,Y,Y,,Y,Y,,,,,,N
GHAZAOUET,DZ,35.1,-1.866667,V,CB,F,J,D,K,,L,Y,,Y,Y,Y,Y,Y,,Y,Y,Y
TANGER,MA,35.783333,-5.816667,M,CB,G,,K,G,J,M,Y,,Y,Y,,Y,Y,,Y,,Y
PORT NADOR,MA,35.283333,-2.933333,V,CB,F,J,A,K,,M,Y,,Y,,,Y,Y,,Y,Y,Y
KENITRA,MA,34.3,-6.6,S,RN,E,O,G,N,,M,Y,,Y,Y,Y,Y,Y,,Y,,Y
MOHAMMEDIA,MA,33.716667,-7.4,V,CB,G,M,F,M,F,L,Y,Y,,Y,Y,Y,Y,,Y,,Y
CASABLANCA,MA,33.6,-7.616667,L,CB,E,H,A,J,,L,Y,,Y,Y,,Y,Y,,Y,,Y
SAFI,MA,32.3,-9.25,S,CB,G,L,A,J,,M,Y,,Y,Y,,Y,Y,,Y,,Y
ESSAOUIRA,MA,31.5,-9.783333,V,CN,F,,B,,,,Y,Y,Y,Y,,N,,,,,Y
AD DAKHLA,EH,23.7,-15.916667,V,RN,G,H,H,L,,M,Y,,,Y,,Y,Y,,Y,N,Y
NOUADHIBOU,MR,20.916667,-17.05,M,CN,G,L,K,E,J,M,Y,Y,Y,Y,,Y,Y,,Y,N,Y
ST LOUIS,SN,16.016667,-16.516667,S,RN,G,P,J,L,,M,,Y,,,,,,,Y,,
DAKAR,SN,14.683333,-17.433333,M,CB,G,J,G,N,N,M,Y,Y,Y,Y,Y,Y,Y,M,Y,Y,Y
MERSA SFAX,TN,34.733333,10.766667,S,CB,G,J,M,K,K,M,,,Y,Y,Y,Y,Y,S,Y,N,Y
MAHDIA,TN,35.5,11.066667,V,CN,P,N,N,O,,,,Y,,,,N,N,,,,
SOUSSE,TN,35.833333,10.65,S,CB,E,J,M,L,L,M,Y,,Y,Y,,Y,Y,,Y,N,Y
MERSIN,TR,36.8,34.633333,M,CB,F,J,O,O,L,M,Y,Y,Y,Y,,Y,Y,,Y,,Y
BOTAS,TR,36.883333,35.933333,V,OR,P,,,A,A,L,,,,,,N,N,,Y,Y,Y
ISKENDERUN,TR,36.6,36.166667,V,CB,F,J,N,H,J,M,Y,Y,Y,Y,Y,Y,Y,,Y,,Y
KYRENIA,CY,35.35,33.333333,V,CB,F,L,A,L,,M,Y,Y,N,N,N,Y,Y,S,Y,,Y
XEROS,CY,35.133333,32.833333,V,OR,F,A,B,P,K,L,,,Y,,,N,N,,,,Y
LIMASSOL,CY,34.666667,33.05,S,CB,F,G,A,G,E,M,,Y,Y,Y,Y,Y,Y,,N,Y,Y
LARNACA,CY,34.916667,33.65,S,CB,F,H,D,J,H,M,,Y,Y,Y,,Y,Y,,N,Y,Y
DHEKELIA,CY,34.966667,33.716667,V,OR,P,K,A,M,H,M,,,,,,Y,Y,,Y,N,Y
FAMAGUSTA,CY,35.116667,33.933333,S,CB,F,K,E,K,,M,Y,Y,Y,Y,Y,N,N,M,Y,,Y
TARTUS,SY,34.9,35.866667,S,CB,F,G,G,H,B,M,Y,N,Y,Y,Y,Y,,M,Y,,Y
BANIYAS,SY,35.183333,35.95,L,CB,F,,G,,F,M,,Y,Y,,,Y,Y,,Y,,Y
AL LADHIQIYAH,SY,35.533333,35.766667,M,CB,F,G,G,H,J,M,Y,Y,Y,Y,Y,Y,Y,L,Y,N,Y
HONG KONG,HK,22.266667,114.2,L,CN,E,G,D,G,E,M,Y,Y,Y,Y,Y,Y,Y,M,Y,Y,Y
SHAN T OU,CN,23.366667,116.683333,S,RN,E,L,N,N,O,M,,Y,Y,Y,Y,,Y,,Y,,Y
XIAMEN,CN,24.45,118.066667,M,RN,G,L,K,M,A,M,,Y,,Y,Y,Y,,M,Y,,Y
CHI-LUNG,TW,25.133333,121.766667,L,CB,G,F,H,J,L,M,Y,,Y,Y,Y,Y,Y,L,Y,,Y
SU-AO,TW,24.6,121.866667,M,CB,G,G,C,H,J,M,Y,,,Y,,Y,Y,S,Y,,Y
HUA-LIEN KANG,TW,23.983333,121.6,M,CB,E,K,J,L,L,M,Y,,Y,Y,Y,Y,Y,S,Y,,Y
KAO-HSIUNG,TW,22.616667,120.25,M,CB,F,J,C,L,K,L,Y,,Y,Y,,Y,Y,L,Y,,Y
TAN-SHUI,TW,25.183333,121.4,V,RN,P,P,H,N,L,M,,Y,Y,,,,,,Y,,Y
PENG-HU KANG,TW,23.583333,119.533333,S,CN,F,L,L,N,N,M,Y,,Y,Y,Y,Y,Y,M,Y,,
TAI-CHUNG KANG,TW,24.3,120.5,S,LC,G,J,G,L,H,M,Y,N,,Y,,,,,Y,,Y
BASCO,PH,20.45,121.966667,V,CN,F,J,A,O,,M,Y,,,,,,,,N,,
VIANA DO CASTELO,PT,41.7,-8.833333,S,CT,G,L,C,B,,L,,,Y,Y,,Y,Y,S,Y,N,Y
PORTO DE LEIXOES,PT,41.183333,-8.7,V,CB,G,G,C,J,G,L,Y,,Y,Y,,Y,Y,S,Y,,Y
OPORTO,PT,41.15,-8.666667,V,RN,G,O,F,N,,M,Y,,Y,Y,,Y,Y,,Y,N,Y
AVEIRO,PT,40.65,-8.65,M,RN,G,M,J,K,,M,Y,,,Y,,Y,Y,S,Y,,Y
FIGUEIRA DA FOZ,PT,40.15,-8.85,V,RN,G,M,G,N,,M,Y,,,Y,,,Y,S,Y,N,Y
LISBOA,PT,38.7,-9.166667,L,RN,E,G,F,E,,L,Y,,Y,Y,,Y,Y,L,Y,Y,Y
SETUBAL,PT,38.516667,-8.9,S,RN,E,J,M,G,,L,Y,,Y,Y,,Y,Y,M,Y,,Y
SINES,PT,37.95,-8.866667,M,CB,G,,A,G,B,M,Y,,Y,Y,,Y,Y,,Y,Y,Y
FARO,PT,37.033333,-7.933333,V,RN,G,N,A,L,N,M,Y,,,,,,,,Y,,Y
VILA REAL DE S ANTONIO,PT,37.183333,-7.4,V,RN,G,O,K,N,,,Y,,Y,Y,,,,,Y,,Y
BORDEAUX,FR,44.866667,-0.566667,L,RT,E,H,K,L,,L,Y,,Y,Y,Y,Y,Y,M,Y,,Y
SAINT HELIER HARBOUR,JE,49.183333,-2.116667,S,CB,F,P,D,N,N,M,Y,,Y,Y,,Y,Y,,Y,,Y
PAIMPOL,FR,48.783333,-3.05,V,RT,G,Q,L,O,,M,,,Y,,,,Y,,Y,,N
RADE DE BREST,FR,48.383333,-4.5,L,CB,E,H,B,H,,M,Y,,Y,Y,,Y,Y,L,Y,,Y
CONCARNEAU,FR,47.866667,-3.916667,V,CB,F,N,H,N,,M,Y,,Y,Y,,Y,Y,,Y,,Y
LORIENT,FR,47.75,-3.35,M,RN,E,L,D,J,,M,Y,,Y,Y,,Y,Y,M,Y,,Y
ST NAZAIRE,FR,47.283333,-2.2,M,RT,E,H,D,L,L,L,Y,,Y,Y,Y,Y,Y,M,Y,N,Y
DONGES,FR,47.3,-2.066667,S,RN,E,G,D,H,F,L,Y,,,,,Y,Y,S,Y,Y,Y
NANTES,FR,47.2,-1.566667,M,RN,F,L,D,N,M,L,Y,,Y,Y,Y,Y,Y,S,Y,,Y
LES SABLES D' OLONNE,FR,46.5,-1.8,M,RB,F,M,L,M,,,Y,,Y,Y,,Y,,,Y,N,N
LA PALLICE,FR,46.166667,-1.216667,M,CT,E,J,H,G,F,L,Y,,Y,Y,Y,Y,Y,M,Y,,Y
LA ROCHELLE,FR,46.15,-1.15,M,CT,E,J,N,K,J,L,Y,,Y,Y,,Y,Y,S,Y,,Y
ROCHEFORT,FR,45.933333,-0.95,M,RT,E,P,,M,,M,,,Y,Y,,Y,Y,,Y,,Y
TONNAY CHARENTE,FR,45.933333,-0.9,S,RN,E,N,,N,,M,,,Y,Y,,Y,Y,,Y,,Y
LE VERDON,FR,45.55,-1.05,S,RN,F,H,K,F,F,L,,,,Y,,Y,Y,S,Y,Y,Y
PAUILLAC,FR,45.2,-0.75,S,RN,E,K,K,J,N,L,Y,,Y,Y,,Y,Y,M,Y,,Y
BLAYE,FR,45.133333,-0.666667,S,RN,E,L,K,M,M,L,Y,,Y,Y,,Y,Y,,Y,,Y
CONVENT,US,30.016667,-90.833333,S,RN,F,,,,J,M,Y,,,,,,,,Y,Y,
DEER PARK,US,29.75,-95.333333,V,RN,G,G,K,,L,L,,,,,,,,,Y,,Y
AIN SUKHNA TERMINAL,EG,29.583333,32.366667,L,OR,F,,A,,A,L,Y,Y,,,,Y,Y,,Y,Y,Y
KING FAHD PORT,SA,23.95,38.216667,V,CB,P,G,,F,A,M,Y,Y,Y,,,Y,Y,,Y,Y,Y
RAS ISA MARINE TERMINAL,YE,15.133333,42.6,L,,,,A,,J,M,,Y,Y,,,,Y,,Y,,Y
SHEKOU,CN,22.466667,113.866667,M,CN,G,H,H,F,J,M,Y,,Y,Y,Y,Y,Y,,Y,Y,Y
ARDJUNA OIL FIELD,ID,-5.883333,107.716667,V,OR,P,B,K,,B,M,Y,Y,,,,N,N,,Y,Y,Y
BAYUQUAN,CN,40.3,122.083333,V,OR,F,G,J,J,J,M,Y,,,,,,,,Y,,Y
IPSWICH,GB,52.05,1.166667,S,RT,F,N,J,M,M,M,Y,,Y,Y,,Y,Y,M,Y,,Y
LOWESTOFT,GB,52.483333,1.75,S,CB,E,O,L,N,N,M,Y,,,Y,,Y,Y,S,Y,,Y
GREAT YARMOUTH,GB,52.616667,1.733333,S,RN,E,O,K,O,O,M,Y,,Y,Y,,Y,Y,M,Y,,Y
KING'S LYNN,GB,52.75,0.4,S,RT,E,P,N,N,N,M,Y,,Y,Y,,Y,Y,,Y,,Y
BOSTON,GB,52.966667,-0.016667,S,RT,P,N,L,N,,,Y,,Y,Y,,Y,Y,,Y,,Y
GRIMSBY,GB,53.583333,-0.066667,M,RT,E,M,O,N,,M,Y,,Y,Y,,Y,Y,M,Y,N,Y
IMMINGHAM,GB,53.633333,-0.2,M,RT,E,L,N,H,K,L,,Y,Y,Y,,Y,Y,M,Y,N,Y
KINGSTON UPON HULL,GB,53.75,-0.283333,M,RT,E,N,N,K,K,L,Y,,Y,Y,Y,Y,Y,M,Y,N,Y
GOOLE,GB,53.7,-0.833333,S,RT,E,O,,N,,M,Y,,Y,Y,Y,Y,Y,,Y,,Y
BRIDLINGTON,GB,54.083333,-0.183333,V,CB,G,P,K,O,,M,Y,,Y,Y,,Y,,,N,N,N
SCARBOROUGH,GB,54.283333,-0.4,V,CB,G,P,L,N,,M,,,Y,Y,,Y,Y,,Y,N,N
WHITBY,GB,54.483333,-0.616667,S,CB,G,N,H,P,,M,,,,Y,,Y,Y,,Y,N,N
ROTTERDAM,NL,51.9,4.483333,L,RB,F,J,J,M,H,L,Y,N,Y,Y,Y,Y,Y,M,Y,,Y
RINGKOBING,DK,56.083333,8.25,V,CB,G,P,,P,,,,,,Y,,Y,,,,,
ESBJERG,DK,55.466667,8.45,S,CN,G,K,J,L,M,M,Y,,,Y,,Y,,S,Y,,Y
HUSUM,DE,54.483333,9.05,V,RN,F,P,M,O,,M,Y,,Y,,,Y,Y,,N,,Y
BRUNSBUTTEL ELBAHAFEN,DE,53.883333,9.166667,V,RN,F,H,J,H,G,L,Y,,Y,Y,,Y,Y,,Y,,Y
BRUNSBUTTEL CANAL TERMINALS,DE,53.9,9.15,S,LC,E,J,J,J,K,M,Y,,,,,Y,Y,,Y,,Y
RENDSBURG,DE,54.3,9.683333,S,LC,E,J,,O,,M,Y,,Y,,,Y,Y,M,Y,,Y
GLUCKSTADT,DE,53.783333,9.416667,S,CT,G,O,M,,,M,Y,,Y,,,Y,Y,,,,Y
HAMBURG,DE,53.55,9.933333,L,LC,E,K,,M,O,M,Y,,Y,Y,Y,Y,Y,M,Y,,Y
CUXHAVEN,DE,53.866667,8.716667,M,RB,G,G,O,M,,M,Y,Y,Y,,,Y,Y,,Y,,Y
BREMERHAVEN,DE,53.533333,8.583333,L,RT,E,J,L,N,,M,Y,,Y,Y,Y,Y,Y,S,Y,N,Y
NORDENHAM,DE,53.483333,8.483333,S,RN,G,J,L,H,L,M,Y,,Y,Y,,Y,Y,S,Y,,Y
BRAKE,DE,53.333333,8.483333,M,RT,G,L,L,J,,M,Y,,Y,Y,,Y,Y,S,Y,,Y
ELSFLETH,DE,53.233333,8.466667,V,RT,G,O,,O,,,Y,,Y,,,Y,Y,S,Y,,Y
OLDENBURG,DE,53.116667,8.216667,V,RN,G,P,,O,,M,,,Y,,,Y,,,Y,,
BREMEN,DE,53.133333,8.766667,L,RT,F,L,L,N,L,M,Y,Y,Y,Y,Y,Y,Y,S,Y,Y,Y
WILHELMSHAVEN,DE,53.533333,8.166667,S,CT,G,C,J,J,M,M,Y,Y,Y,Y,Y,Y,Y,S,Y,,Y
EMDEN,DE,53.333333,7.183333,M,RT,G,L,J,M,K,M,Y,,,Y,,Y,Y,L,Y,,Y
LEER,DE,53.233333,7.45,V,RT,G,O,L,O,,M,Y,,Y,Y,Y,Y,Y,S,N,,
PAPENBURG,DE,53.1,7.383333,S,LC,G,O,L,N,,M,Y,,Y,Y,,Y,Y,M,,,Y
DELFZIJL,NL,53.333333,6.933333,S,CT,G,M,L,M,O,M,Y,,Y,Y,,Y,Y,M,Y,,Y
HARLINGEN,NL,53.183333,5.416667,V,CT,F,O,O,O,N,M,Y,,Y,Y,Y,Y,Y,M,Y,N,Y
DEN HELDER,NL,52.966667,4.783333,S,RB,G,L,F,N,N,M,Y,Y,Y,Y,Y,Y,Y,S,Y,N,Y
ISLA SAN MARCOS,MX,27.183333,-112.1,V,OR,P,,E,H,,M,Y,,,,,,Y,,Y,,
SAN JUAN DE LA COSTA,MX,24.4,-110.7,V,OR,P,,,K,,L,Y,,,,,,,,Y,,N
LA PAZ,MX,24.166667,-110.316667,S,CN,G,P,E,L,K,M,Y,Y,,,,,,,Y,N,Y
ENSENADA,MX,31.866667,-116.633333,M,CB,G,J,N,L,,L,Y,Y,Y,Y,Y,Y,Y,,Y,,Y
ROSARITO,MX,32.366667,-117.1,V,OR,P,,C,G,H,L,,Y,,,,N,N,,Y,N,N
SAN DIEGO,US,32.716667,-117.183333,M,CN,E,J,J,K,K,L,Y,Y,Y,Y,Y,Y,Y,M,Y,,Y
WILSON COVE,US,33.0,-118.55,V,CN,F,,L,M,,,Y,Y,,,,Y,Y,,,,
ISTHMUS COVE,US,33.45,-118.5,V,CN,F,,,O,,,Y,,,,,Y,Y,,,,
PORT AUX BASQUES,CA,47.566667,-59.133333,S,CN,F,E,G,L,,M,Y,,Y,,,Y,Y,,N,,Y
STEPHENVILLE,CA,48.533333,-58.533333,V,CB,F,K,,L,L,L,Y,,,,,Y,Y,,Y,,Y
ST GEORGE'S,CA,48.45,-58.45,S,CN,G,H,J,H,,L,Y,,,,,,,,N,,N
CORNER BROOK,CA,48.95,-57.95,S,CN,G,K,A,K,L,L,Y,,Y,Y,,Y,Y,,Y,N,N
BLANC SABLON,CA,51.416667,-57.133333,V,RN,F,L,F,M,,M,Y,,,,,,,,N,N,N
HAVRE ST PIERRE,CA,50.233333,-63.6,V,CN,G,L,H,L,,M,Y,,Y,,,,,,N,N,N
POINTE NOIRE,CA,50.166667,-66.483333,S,RN,G,A,J,G,,L,Y,,Y,Y,Y,Y,Y,,Y,,N
PORT CARTIER,CA,50.033333,-66.783333,V,RN,P,F,C,G,,L,Y,Y,,,,Y,Y,,Y,,Y
MATANE,CA,48.85,-67.533333,V,RN,G,L,K,K,K,M,Y,,,Y,,Y,Y,,N,N,N
BAIE COMEAU,CA,49.233333,-68.133333,S,RN,G,L,A,J,,L,Y,,Y,Y,,Y,Y,,N,,Y
LA BAIE (PORT ALFRED),CA,48.333333,-70.883333,S,RN,G,K,A,J,K,L,Y,Y,,,,Y,Y,,Y,,Y
RIVIERE DU LOUP,CA,47.833333,-69.516667,S,RN,F,P,L,O,,M,Y,,,,,Y,Y,,Y,,N
QUEBEC,CA,46.816667,-71.216667,M,RN,G,J,A,F,F,L,Y,,Y,Y,Y,Y,Y,L,Y,,Y
TROIS RIVIERES,CA,46.35,-72.55,M,RN,G,J,J,K,N,L,Y,,Y,Y,,Y,Y,,Y,,Y
MONTREAL,CA,45.516667,-73.55,L,RN,G,J,J,K,K,L,Y,,Y,Y,Y,Y,Y,M,Y,,Y
VAUDREUIL,CA,45.4,-74.033333,V,RN,E,P,P,P,,,Y,,,,,,,,,,
OKA SUR LE LAC,CA,45.466667,-74.083333,V,RN,E,P,P,P,,,Y,,,,,,,,,,
HUDSON,CA,45.466667,-74.133333,V,RN,E,P,P,P,,,Y,,,,,,,,,,
ST PLACIDE,CA,45.533333,-74.2,V,RN,E,P,P,Q,,,Y,,,,,,,,,,
ST ANDREWS EAST,CA,45.566667,-74.333333,V,RN,E,P,P,P,,,Y,,,,,,,,,,
CARILLON,CA,45.566667,-74.366667,V,RN,E,P,K,P,,,Y,,,,,,,,,,
CHUTE A BLONDEAU,CA,45.583333,-74.466667,V,RN,E,P,P,P,,,Y,,,,,,,,,,
GRENVILLE,CA,45.633333,-74.6,V,RN,E,P,P,P,,,Y,,,,,,,,,,
HAWKESBURY,CA,45.616667,-74.616667,V,RN,E,P,P,P,,,Y,,,,,,,,,,
FASSETT,CA,45.65,-74.866667,V,RN,E,P,P,P,,,Y,,,,,,,,,,
MONTEBELLO,CA,45.65,-74.933333,V,RN,E,P,P,P,,,Y,,,,,,,,,,
PAPINEAUVILLE,CA,45.616667,-75.016667,V,RN,E,P,P,P,,,Y,,,,,,,,,,
THURSO,CA,45.6,-75.233333,V,RN,E,P,P,Q,,,Y,,,,,,,,,,
SYDNEY,CA,46.15,-60.2,M,CN,E,J,J,J,J,L,Y,,Y,Y,,Y,Y,S,Y,N,N
LOUISBURG,CA,45.916667,-59.966667,V,CN,E,L,K,M,,M,Y,,,,,Y,Y,,Y,N,N
CLAVERIA,PH,18.616667,121.083333,V,CN,F,A,A,N,,,,Y,,,,Y,,,Y,,Y
PORT SAN VICENTE,PH,18.516667,122.133333,V,CN,F,E,H,O,,M,,,,Y,,Y,Y,,Y,,Y
APARRI,PH,18.366667,121.633333,V,OR,P,O,C,,,M,,Y,Y,Y,N,,Y,,Y,,Y
HONDAGUA,PH,13.95,122.233333,V,OR,F,E,E,J,,L,Y,,,Y,,,Y,,Y,N,N
JOSE PANGANIBAN,PH,14.283333,122.683333,V,OR,P,H,L,N,N,M,,Y,N,N,N,Y,Y,,Y,N,Y
VIRAC,PH,13.583333,124.25,V,CN,G,L,F,N,,M,,,,,,,,,,,
TABACO,PH,13.366667,123.733333,V,OR,P,M,A,L,,L,Y,,Y,Y,,Y,Y,,Y,,
LEGAZPI PORT,PH,13.15,123.75,V,OR,F,H,A,O,K,M,Y,,N,Y,N,Y,,,Y,N,N
CAM PHA,VN,21.033333,107.366667,V,OR,F,M,K,K,,M,Y,Y,Y,Y,,Y,Y,S,Y,,Y
TULAGHI,SB,-9.1,160.15,V,CN,G,A,A,P,,M,,Y,,,,N,N,,,,
HONIARA,SB,-9.416667,159.95,V,OR,G,L,E,L,J,L,Y,Y,,Y,,Y,,,Y,,Y
LUGANVILLE,VU,-15.516667,167.166667,S,CN,G,H,A,K,L,L,,,,Y,,Y,Y,,Y,,Y
PORT VILA,VU,-17.733333,168.316667,V,CB,E,J,A,K,P,M,,Y,,Y,,Y,,,Y,,Y
FORARI BAY,VU,-17.683333,168.55,V,OR,F,,C,L,,M,Y,,,,,N,N,,,,Y
BAIE DE KOUAOUA,NC,-21.383333,165.816667,V,OR,F,N,C,L,,M,Y,Y,,,,,,,Y,,
KUANTAN NEW PORT,MY,3.966667,103.433333,S,CB,G,H,H,L,,M,Y,,Y,Y,,Y,,,Y,,Y
KIRTEH OIL TERMINAL,MY,4.566667,103.466667,S,OR,F,J,B,,J,L,Y,,,Y,,N,N,,Y,,Y
KUALA TRENGGANU,MY,5.35,103.133333,V,RB,G,N,L,,,,,Y,,Y,,,,S,,,
TAPIS MARINE TERMINAL A,MY,5.516667,105.016667,L,OR,N,A,,,A,L,Y,,,,,N,N,,Y,,Y
BANGKOK,TH,13.75,100.5,L,RN,G,L,H,L,L,M,Y,,Y,Y,,Y,Y,M,Y,Y,Y
SI RACHA TERMINAL,TH,13.116667,100.883333,V,OR,P,G,B,G,G,M,,,Y,Y,,Y,Y,,Y,,Y
KO SI CHANG TERMINAL,TH,13.166667,100.816667,V,OR,F,A,F,J,F,M,Y,Y,,,,Y,,,Y,,Y
KAMPONG SAOM,KH,10.633333,103.5,M,CB,G,L,H,H,K,M,Y,,Y,,,Y,,,Y,,Y
PHSAR REAM,KH,10.5,103.6,V,CN,F,N,J,O,,M,,Y,,,,,,,,,
DUONG DONG,VN,10.216667,103.966667,V,RN,F,H,J,,K,L,,Y,,,,,,,,,
THANH HO CHI MINH,VN,10.766667,106.716667,M,RN,E,K,D,G,G,L,Y,Y,Y,Y,Y,Y,Y,S,Y,,Y
TARABULUS,LB,34.45,35.833333,M,CB,G,J,H,E,C,M,Y,,,,Y,Y,Y,,Y,N,Y
SAYDA,LB,33.5,35.35,V,OR,F,M,J,K,,L,Y,Y,N,N,N,Y,Y,,Y,,
ASHDOD,IL,31.816667,34.65,S,CB,F,,A,F,F,M,Y,Y,Y,Y,,Y,,,Y,,Y
MERSA TOBRUQ,LY,32.083333,23.983333,S,CB,G,E,A,L,,M,Y,Y,,Y,,Y,Y,,Y,,Y
DARNAH,LY,32.766667,22.65,V,CB,F,K,F,K,,M,,Y,,Y,,Y,,,Y,,Y
BANGHAZI,LY,32.116667,20.05,M,CB,G,H,A,M,M,L,Y,Y,,Y,Y,Y,Y,S,Y,,Y
EZ ZUEITINA,LY,30.85,20.05,V,OR,N,D,A,,L,L,,Y,,,,N,N,,Y,,Y
AL BURAYQAH,LY,30.416667,19.6,S,CB,F,,A,J,A,M,Y,Y,,Y,Y,N,N,,Y,N,Y
RAS   LANUF,LY,30.516667,18.566667,V,OR,N,F,A,,A,M,,Y,,,,N,N,,Y,,Y
AS SIDR,LY,30.633333,18.366667,V,OR,P,A,A,,A,L,,Y,N,N,N,N,N,,Y,N,N
MISRATAH,LY,32.366667,15.216667,V,OR,F,H,H,J,J,L,,Y,Y,Y,Y,Y,N,M,Y,,Y
PIPAVAV BANDAR,IN,20.916667,71.516667,S,CN,G,G,L,G,H,L,Y,,Y,Y,,Y,,L,Y,,Y
SUBIC BAY,PH,14.8,120.266667,M,CN,E,A,A,J,K,L,Y,Y,Y,Y,,Y,,M,Y,Y,Y
YANTIAN,CN,22.583333,114.266667,S,CN,E,G,B,G,M,M,,,Y,Y,,Y,,,Y,,Y
ST. JAMES,US,29.983333,-90.933333,S,RN,F,,,,J,M,Y,,,,,,,,Y,,
PETROPAVLOVSK,RU,53.05,158.65,V,CN,G,J,C,K,,M,Y,,Y,Y,Y,Y,,M,,,
NIKOL SKOYE,RU,55.2,165.983333,V,CN,P,H,J,,,,,Y,,,,,,,,,
PROVIDENIYA,RU,64.416667,-173.233333,V,CN,G,A,A,K,L,,Y,,Y,Y,,Y,Y,,Y,,Y
TIKSI,RU,71.633333,128.866667,S,CN,F,M,M,M,P,,Y,Y,Y,Y,Y,Y,,,Y,,
PEVEK,RU,69.716667,170.3,V,CN,G,K,J,N,N,L,Y,Y,,Y,,Y,,,,,
PORT DIKSON,RU,73.5,80.516667,V,CN,G,J,M,J,N,M,Y,Y,Y,Y,,Y,,,N,,
DUDINKA,RU,69.4,86.166667,M,RN,G,M,L,M,P,M,Y,Y,,Y,Y,Y,,,Y,,
IGARKA,RU,67.483333,86.6,S,RN,G,E,J,L,J,M,Y,Y,,,Y,Y,Y,,Y,,Y
MEZEN,RU,65.833333,44.183333,S,CN,G,O,O,O,,M,Y,,,,Y,Y,,,Y,,Y
ARKHANGELS'K,RU,64.533333,40.533333,M,RN,G,L,K,L,L,L,Y,,Y,Y,Y,Y,Y,L,Y,,Y
SIBOLGA,ID,1.733333,98.766667,V,CN,F,M,J,N,L,M,Y,Y,,,,N,N,,N,,N
ULEELHEUE,ID,5.566667,95.283333,V,OR,F,L,L,K,L,M,Y,Y,,Y,,Y,,,Y,,N
SABANG,ID,5.883333,95.316667,V,CB,F,B,B,L,J,L,Y,Y,,,,Y,,M,Y,,Y
LHOKSEUMAWE,ID,5.25,97.116667,V,OR,F,K,J,K,G,L,Y,Y,Y,Y,,N,N,,Y,,Y
PANGKALANSUSU,ID,4.116667,98.216667,V,CN,F,,N,N,B,L,Y,Y,,Y,Y,N,N,S,Y,N,Y
MUAR,MY,2.05,102.566667,V,RN,F,P,O,O,,M,,Y,Y,,,Y,,,,,
DUMAI,ID,1.683333,101.45,M,RN,F,E,G,K,E,L,Y,,Y,Y,,,Y,,Y,,Y
TRINCOMALEE HARBOR,LK,8.55,81.216667,M,CN,G,B,A,H,H,L,,Y,,Y,,Y,,,Y,,Y
KANKESANTURAI,LK,9.816667,80.05,V,OR,F,K,K,M,,M,Y,Y,Y,,,,,,Y,,
TUTICORIN,IN,8.8,78.166667,S,CB,F,H,F,K,K,M,Y,Y,Y,Y,,Y,N,S,Y,,Y
NAGAPPATTINAM,IN,10.766667,79.85,S,OR,P,G,G,,,L,N,Y,,Y,,N,,,N,,Y
CUDDALORE,IN,11.716667,79.766667,V,OR,P,P,J,P,,L,,Y,,Y,,N,N,S,N,N,N
PONDICHERRY,IN,11.933333,79.833333,V,OR,P,J,J,N,,L,,Y,,Y,,N,N,S,N,N,Y
CHENNAI (MADRAS),IN,13.1,80.3,L,CB,G,D,F,H,F,M,Y,Y,Y,Y,Y,Y,Y,M,Y,,Y
MACHILIPATNAM,IN,16.15,81.166667,V,OR,P,G,G,H,G,M,,Y,,,,,,,N,,Y
KAKINADA BAY,IN,17.0,82.316667,V,CB,P,,K,P,,L,,Y,,Y,,Y,N,S,Y,,Y
VISHAKHAPATNAM,IN,17.683333,83.3,M,CB,G,E,O,K,K,M,Y,Y,,Y,,Y,,M,Y,N,Y
PARADIP,IN,20.266667,86.683333,S,CB,G,H,K,J,G,M,Y,,Y,Y,,Y,,,Y,,Y
AVALON,US,33.35,-118.316667,V,CN,F,,,,,,,,,,,N,Y,,,,
NEWPORT BEACH,US,33.616667,-117.9,V,CN,E,N,P,L,,,Y,Y,,,,Y,Y,,,,
LONG BEACH,US,33.766667,-118.183333,M,CB,E,D,G,E,F,L,Y,Y,Y,Y,Y,Y,Y,L,Y,,Y
LOS ANGELES,US,33.75,-118.25,L,CB,E,G,K,E,F,L,Y,Y,Y,Y,Y,Y,Y,M,Y,Y,Y
EL SEGUNDO,US,33.916667,-118.433333,V,OR,F,N,,,D,L,Y,Y,,,,N,N,,Y,,
PORT HUENEME,US,34.15,-119.2,V,CB,E,K,L,L,K,L,Y,,Y,,Y,Y,Y,,Y,,Y
PRISONERS,US,34.016667,-119.683333,V,OR,P,O,O,N,,,,,,,,,,,,,
VENTURA,US,34.283333,-119.283333,V,OR,P,O,J,N,,L,Y,Y,,,,,Y,,Y,,
CARPINTERIA,US,34.383333,-119.516667,V,CN,P,,,,F,L,,,,,,,,,,,
SANTA BARBARA,US,34.416667,-119.683333,V,CB,F,O,J,N,,,Y,Y,,,,Y,Y,,Y,,
ELLWOOD,US,34.433333,-119.916667,V,OR,F,J,L,,E,,Y,Y,,,,Y,,,Y,,
GAVIOTA,US,34.466667,-120.2,V,OR,F,J,L,M,E,,Y,Y,,,,N,N,,,,
PISMO BEACH,US,35.133333,-120.65,V,OR,F,J,K,O,,,Y,Y,,,,,,,Y,,
PORT SAN LUIS,US,35.166667,-120.75,V,CN,G,,M,K,K,L,Y,Y,,,Y,Y,Y,,Y,,
MORRO BAY,US,35.366667,-120.85,V,CB,E,N,Q,N,,,Y,Y,,,,Y,Y,,Y,,
MONTEREY,US,36.616667,-121.883333,S,CN,G,N,,M,,,Y,Y,,,,,Y,,Y,,
MOSS LANDING,US,36.8,-121.783333,V,CN,G,O,L,O,H,,Y,Y,,,,,Y,,Y,,
SANTA CRUZ,US,36.966667,-122.016667,V,CN,F,P,L,L,,,,,,Y,,N,Y,,Y,,
DAVENPORT,US,37.016667,-122.2,V,OR,P,,J,G,G,,Y,,,,,Y,,,Y,,
ACAPULCO,MX,16.85,-99.933333,M,CN,E,,A,J,N,L,Y,Y,Y,,,,Y,,Y,N,N
LAZARO CARDENAS,MX,17.933333,-102.166667,S,RB,G,K,A,H,G,L,Y,Y,,Y,,Y,Y,,Y,N,Y
MANZANILLO,MX,19.05,-104.316667,M,CB,G,F,F,G,H,L,Y,Y,Y,Y,,Y,Y,S,Y,,Y
CALETA LOBITOS,PE,-4.45,-81.283333,V,OR,P,H,E,M,K,,Y,Y,Y,Y,,,,,Y,,Y
PUERTO CABO BLANCO,PE,-4.25,-81.233333,V,OR,P,,F,,G,L,Y,Y,,Y,,Y,,M,Y,,Y
PUERTO BOLIVAR,EC,-3.266667,-80.0,V,RN,G,K,J,K,,,Y,Y,,Y,,,N,,Y,,Y
PUERTO MARITIMO DE GUAYAQUIL,EC,-2.283333,-79.9,S,RN,E,K,L,L,K,L,Y,Y,Y,,,Y,Y,M,Y,,Y
LA LIBERTAD,EC,-2.216667,-80.916667,V,OR,F,,K,N,J,L,Y,Y,Y,,,Y,Y,,Y,,Y
MANTA,EC,-0.95,-80.716667,V,CB,P,K,E,J,N,L,Y,Y,Y,Y,,Y,Y,,Y,N,Y
ESMERALDAS,EC,1.0,-79.65,V,RN,F,K,J,J,N,L,,Y,,Y,,Y,Y,,Y,N,Y
TUMACO,CO,1.816667,-78.75,V,OR,P,M,K,M,A,L,Y,Y,Y,Y,Y,Y,N,,Y,N,Y
BUENAVENTURA,CO,3.883333,-77.066667,S,CN,F,L,N,K,L,L,Y,,Y,Y,Y,Y,,,Y,,Y
BALBOA,PA,8.95,-79.566667,M,LC,G,H,J,F,K,L,Y,N,Y,Y,,Y,Y,L,Y,,Y
PEDREGAL,PA,8.35,-82.433333,S,RN,G,O,C,N,,M,Y,Y,N,N,N,Y,,,N,N,N
PUERTO ARMUELLES,PA,8.266667,-82.85,S,OR,G,,A,J,,M,Y,Y,,Y,,N,N,,Y,,
SUPERIOR,US,46.733333,-92.066667,M,CB,E,M,L,L,L,L,Y,,Y,Y,,Y,Y,L,Y,,Y
DULUTH,US,46.766667,-92.1,M,CB,E,M,L,L,L,L,Y,,Y,Y,,Y,Y,M,Y,,Y
TWO HARBORS,US,47.016667,-91.65,S,CB,G,M,L,L,,L,Y,,,,,Y,,,Y,,Y
GRAND MARAIS,US,47.75,-90.333333,V,CN,E,O,N,P,,M,Y,,,,,Y,Y,,Y,N,N
WASHINGTON HARBOR,US,47.916667,-89.15,V,CN,E,N,L,N,,M,Y,,,,,Y,,,Y,N,N
DOUGLASTOWN,CA,48.766667,-64.383333,V,OR,F,P,D,M,,M,,,,,,,,,N,N,N
CARAQUET,CA,47.8,-64.933333,S,CN,G,N,L,M,,M,Y,N,N,N,N,Y,Y,,Y,N,N
BELEM,BR,-1.45,-48.5,M,RN,G,O,J,M,K,L,Y,Y,Y,Y,Y,Y,Y,M,Y,N,Y
CAMETA,BR,-2.25,-49.5,V,TH,G,L,G,,,,,Y,,,,Y,Y,,,,
SANTAREM,BR,-2.416667,-54.716667,V,TH,G,K,G,K,,L,Y,,Y,Y,,Y,,,Y,,N
ITACOATIARA,BR,-3.15,-58.45,V,RN,E,J,,K,,,Y,Y,,,,Y,,,,N,N
MANAUS,BR,-3.133333,-60.016667,S,RN,E,M,C,A,L,L,Y,Y,Y,Y,Y,Y,Y,,Y,N,Y
TUTOIA,BR,-2.783333,-42.283333,V,RN,E,N,K,N,,,Y,Y,,,,Y,Y,,Y,,
CAMOCIM,BR,-2.9,-40.833333,V,RN,G,P,L,,,M,,,,,,,Y,,Y,,
CABEDELO,BR,-6.966667,-34.833333,S,RN,F,O,N,J,N,L,Y,,Y,Y,,Y,,,Y,N,Y
RECIFE,BR,-8.05,-34.866667,M,CB,F,L,L,K,K,L,Y,,Y,Y,,Y,Y,,Y,,Y
PORTO DE MACEIO,BR,-9.666667,-35.733333,S,CB,F,L,G,K,K,L,Y,Y,,,Y,,Y,,Y,N,Y
ARATU,BR,-12.783333,-38.5,S,OR,F,E,,J,J,L,Y,Y,,,,Y,,L,Y,N,Y
MADRE DE DEUS,BR,-12.75,-38.616667,V,OR,G,J,,O,B,L,Y,,,,,Y,,,Y,,Y
PORT OF ILHEUS,BR,-14.783333,-39.016667,S,CB,F,K,J,L,M,L,Y,Y,,Y,,Y,,,Y,,Y
MACAE,BR,-22.366667,-41.766667,V,RN,F,P,O,,N,,,,,,,,,,,,
PORTO DO FORNO,BR,-22.966667,-42.016667,V,CN,F,J,F,N,,L,,,Y,,Y,Y,,,Y,N,N
ANGRA DOS REIS,BR,-23.016667,-44.316667,S,CN,G,K,M,M,,M,Y,Y,Y,Y,Y,Y,,,Y,N,Y
SAO SEBASTIAO,BR,-23.8,-45.4,S,OR,P,K,C,L,D,L,Y,Y,,Y,,Y,Y,,Y,,Y
SANTOS,BR,-23.95,-46.3,L,CN,G,H,K,J,J,L,Y,,Y,Y,,Y,Y,M,Y,Y,Y
MOENGO,SR,5.633333,-54.416667,V,RN,E,P,,M,M,L,Y,,,,Y,Y,,,Y,,Y
MARACAIBO,VE,10.633333,-71.6,M,OR,E,K,A,K,,L,Y,Y,Y,Y,Y,Y,Y,,Y,N,Y
PORT CLINTON,US,41.516667,-82.933333,V,RN,E,P,P,P,,M,Y,,,,,Y,Y,,Y,,Y
PUT IN BAY,US,41.65,-82.816667,V,CN,G,P,L,O,,M,Y,,,,,Y,Y,,Y,,N
TOLEDO,US,41.7,-83.466667,M,RN,E,L,M,L,M,L,Y,,Y,Y,,Y,Y,L,Y,N,Y
MONROE,US,41.883333,-83.333333,V,RN,E,N,N,N,,L,Y,,Y,,,N,Y,,Y,N,N
TRENTON,US,42.133333,-83.166667,V,RN,E,L,L,L,N,M,Y,,,,,,,,Y,N,Y
WYANDOTTE,US,42.2,-83.15,S,RN,E,M,M,M,,M,,,,,,,,,Y,N,Y
ROUGE RIVER,US,42.283333,-83.116667,S,RN,E,M,K,L,N,M,Y,,,,,Y,Y,L,Y,,Y
DETROIT,US,42.333333,-83.033333,L,RN,E,M,L,L,L,L,Y,,Y,Y,,Y,Y,L,Y,N,Y
MINA TARABULUS (TRIPOLI),LY,32.9,13.183333,M,CB,G,J,K,K,K,M,Y,Y,Y,Y,Y,Y,,M,Y,,Y
AZ ZAWIYA,LY,32.8,12.716667,S,OR,P,,A,,D,L,,Y,N,N,N,N,N,,Y,,Y
MARSA SABRATAH,LY,32.816667,12.5,V,OR,N,O,N,P,,M,,,,,,,,,,,
HOUMT SOUK,TN,33.883333,10.85,V,OR,N,P,N,,,,,,,,,,,,,,
GABES,TN,33.9,10.116667,S,CB,G,H,M,K,K,M,,,Y,Y,,Y,Y,,Y,N,Y
SKHIRA,TN,34.283333,10.1,V,OR,F,J,J,M,G,L,Y,,,,,Y,N,,Y,N,Y
ANTALYA,TR,36.833333,30.616667,S,CB,P,M,C,N,E,L,Y,Y,Y,Y,,Y,Y,,Y,,Y
ALANYA,TR,36.533333,32.0,V,OR,P,,G,N,,M,,Y,,,,Y,,,Y,,N
TASUCU,TR,36.316667,33.883333,V,CB,G,A,L,N,,M,Y,Y,,,,Y,Y,,,,N
POTI,GE,42.15,41.583333,S,CB,F,J,A,L,K,M,Y,,Y,Y,Y,Y,,S,Y,,Y
BATUMI,GE,41.65,41.65,S,CB,G,K,L,L,L,M,Y,,Y,Y,Y,,,,Y,,Y
HOPA,TR,41.416667,41.4,V,CB,F,A,A,L,,M,Y,,Y,Y,Y,Y,Y,,Y,,Y
RIZE,TR,41.066667,40.516667,V,CB,P,A,J,L,,M,,,N,Y,N,Y,,,,,Y
TRABZON,TR,41.016667,39.766667,V,CB,F,K,A,K,A,L,,Y,Y,Y,,Y,Y,,Y,N,Y
GIRESUN,TR,40.933333,38.4,V,CB,F,A,A,M,M,M,,,Y,Y,,Y,Y,,Y,Y,Y
ORDU,TR,41.0,37.883333,V,OR,P,A,L,N,,M,,Y,,,,Y,Y,,Y,N,Y
SAMSUN,TR,41.3,36.35,L,CB,F,J,A,N,,L,Y,,Y,Y,,Y,Y,,Y,,Y
SINOP,TR,42.05,35.166667,V,OR,G,O,L,P,L,M,Y,,Y,Y,,N,N,,,,N
INEBOLU,TR,41.983333,33.766667,V,CB,P,N,N,N,,M,,,,,,Y,Y,,,,N
ZONGULDAK,TR,41.466667,31.816667,V,CB,G,N,A,N,K,M,,,Y,Y,Y,Y,N,,Y,Y,Y
EREGLI,TR,41.3,31.45,V,CB,F,C,H,K,,M,Y,,Y,Y,,Y,Y,,Y,,Y
HAYDARPASA,TR,41.0,29.016667,M,CB,G,A,J,N,,M,Y,Y,Y,Y,Y,Y,Y,,Y,,Y
KABA BURNU,TR,40.766667,29.533333,V,CN,F,J,C,K,N,L,Y,Y,Y,Y,,Y,Y,,Y,,Y
DERINCE BURNU,TR,40.75,29.816667,S,CB,F,N,A,P,L,L,Y,Y,Y,Y,,Y,Y,,Y,N,Y
IZMIT,TR,40.766667,29.916667,S,CN,F,N,F,N,N,M,,Y,,,,Y,Y,,Y,,Y
GOLCUK BURNU,TR,40.733333,29.816667,V,CB,F,N,H,,,M,,Y,Y,,Y,Y,Y,L,,N,N
MUDANYA,TR,40.383333,28.883333,V,OR,P,A,A,N,,M,Y,Y,,,,Y,Y,,Y,N,Y
BANDIRMA,TR,40.35,27.966667,V,CB,F,A,J,L,,M,Y,Y,,Y,,Y,N,,Y,N,Y
ERDEK,TR,40.383333,27.8,V,CN,F,A,E,O,,M,Y,Y,,,,Y,,,N,,
KARABIGA,TR,40.4,27.316667,V,CN,F,N,J,O,,M,Y,Y,,,,,,,N,N,N
CANAKKALE,TR,40.15,26.4,S,LC,G,A,C,N,,L,,,N,N,N,Y,Y,,Y,,Y
AYVALIK,TR,39.316667,26.7,V,CN,G,N,K,O,,M,,,,,,,,,,,
IZMIR,TR,38.433333,27.133333,L,CN,F,K,G,L,N,M,Y,Y,Y,Y,Y,Y,Y,M,Y,,Y
VINH CAM RANH,VN,11.883333,109.166667,S,CN,G,L,E,N,H,L,Y,Y,,,Y,,,,Y,,Y
NHA TRANG,VN,12.25,109.233333,S,OR,F,J,G,J,K,M,Y,Y,Y,Y,N,Y,,L,Y,,Y
QUI NHON,VN,13.766667,109.233333,V,CN,F,J,J,M,L,M,Y,,Y,Y,,Y,Y,M,Y,,Y
DA NANG,VN,16.1,108.216667,S,RN,F,H,F,J,H,M,Y,,,Y,,Y,Y,,Y,N,Y
HAI PHONG,VN,20.916667,106.683333,S,RN,G,M,J,K,O,M,Y,Y,Y,Y,Y,Y,Y,M,Y,,Y
HON GAI,VN,20.95,107.066667,V,OR,F,L,F,J,K,M,Y,,,Y,Y,Y,Y,,Y,,Y
YANDINA,SB,-9.083333,159.216667,V,CN,G,A,A,M,,M,Y,,,,,N,Y,,N,N,N
TERN ISLAND,US,23.866667,-166.283333,V,CN,P,N,A,N,,,,,,,,,,,,,
JOHNSTON ATOLL,XU,16.75,-169.516667,V,CN,F,L,K,O,,L,Y,,,Y,,,Y,,,,
MIDWAY ISLAND,QM,28.183333,-177.366667,V,CB,G,J,A,L,,,Y,,,Y,,,,,Y,,Y
HALDIA PORT,IN,22.016667,88.083333,V,RN,F,L,J,K,K,L,Y,Y,Y,Y,,Y,N,M,Y,,Y
CALCUTTA,IN,22.55,88.333333,L,RN,G,L,K,L,L,M,Y,Y,Y,Y,Y,Y,,M,Y,Y,Y
MONGLA,BD,22.466667,89.6,S,RN,F,N,M,N,,M,Y,Y,Y,Y,,Y,N,,Y,,Y
CHITTAGONG,BD,22.316667,91.816667,M,RN,G,N,L,L,L,M,Y,Y,,Y,Y,Y,Y,M,Y,,Y
SITTWE,MM,20.133333,92.9,S,OR,F,N,N,N,L,M,Y,Y,Y,Y,,,,,Y,,Y
BASSEIN,MM,16.783333,94.733333,S,RN,G,N,L,N,,M,Y,Y,N,N,N,N,N,,Y,,N
RANGOON,MM,16.766667,96.166667,S,RN,G,,M,M,L,M,Y,Y,Y,Y,,,,S,Y,Y,Y
MOULMEIN HARBOR,MM,16.483333,97.616667,S,RN,G,P,M,N,,M,Y,Y,Y,,Y,N,N,,Y,,Y
MERGUI,MM,12.433333,98.6,S,RN,E,N,K,Q,,M,Y,Y,,Y,,Y,,,,,
PORT BLAIR,IN,11.683333,92.75,S,CN,G,O,H,O,L,M,Y,Y,Y,Y,,Y,Y,,Y,,Y
PHUKET,TH,7.833333,98.4,S,OR,G,L,M,K,M,M,Y,Y,,Y,Y,Y,Y,S,Y,N,Y
KRABI,TH,8.066667,98.916667,V,RN,G,O,C,M,J,M,Y,Y,,,,N,N,,,,
KANTANG HARBOR,TH,7.4,99.516667,V,RN,G,P,,Q,,M,,Y,,Y,,Y,Y,,N,,
PORT KLANG,MY,3.0,101.4,L,CN,G,F,F,E,F,L,Y,Y,Y,Y,,Y,,S,Y,,Y
PORT DICKSON,MY,2.533333,101.783333,M,OR,F,J,A,L,G,L,Y,Y,,,,Y,N,,Y,,N
AMBES,FR,45.016667,-0.533333,S,RN,E,M,K,K,K,L,,,,,,Y,Y,,Y,,Y
TEIGNMOUTH HARBOUR,GB,50.55,-3.5,V,RN,F,Q,A,N,,M,,,Y,Y,,Y,Y,,Y,N,Y
BRIDPORT HARBOUR,GB,50.716667,-2.766667,V,CB,P,Q,J,P,,M,,,,Y,,Y,Y,,Y,N,N
POOLE HARBOUR,GB,50.683333,-1.95,S,RN,N,N,J,M,N,M,,,,Y,,Y,Y,,Y,N,Y
SOUTHAMPTON,GB,50.9,-1.4,L,RB,E,H,B,G,H,L,Y,,Y,Y,Y,Y,Y,L,Y,,Y
SHOREHAM HARBOUR,GB,50.816667,-0.25,V,LC,G,P,K,M,,M,Y,,Y,Y,,Y,Y,S,Y,N,Y
DUNKERQUE PORT EST,FR,51.05,2.383333,M,RT,E,G,C,G,H,L,Y,,Y,Y,Y,Y,Y,L,Y,,Y
SHIPPEGAN,CA,47.75,-64.7,V,CN,G,N,O,O,,M,Y,,,,,Y,Y,,Y,N,N
GEORGETOWN,CA,46.183333,-62.533333,S,RN,G,M,L,L,,L,Y,,,,,Y,Y,,N,N,N
SUMMERSIDE,CA,46.4,-63.783333,S,CN,G,M,M,M,,L,Y,,,,,Y,Y,,N,N,N
PICTOU,CA,45.666667,-62.716667,S,CN,G,M,L,M,,M,Y,,Y,Y,,Y,Y,S,Y,N,N
PORT HAWKESBURY,CA,45.616667,-61.366667,V,CN,G,N,H,K,A,L,Y,Y,,,,Y,Y,S,Y,Y,Y
PORT HASTINGS,CA,45.65,-61.4,V,CN,E,H,E,L,L,L,Y,,,,,,,,N,N,N
WHYCOCOMAGH,CA,45.966667,-61.133333,V,CN,E,O,M,N,,M,Y,,,,,,,,Y,N,N
GRAND NARROWS,CA,45.95,-60.783333,V,CN,E,L,H,O,,M,Y,,,,,,,,Y,N,N
LITTLE BRAS D OR,CA,46.25,-60.3,V,CN,E,O,M,O,,M,Y,,,,,,Y,,Y,N,N
NORTH SYDNEY,CA,46.216667,-60.25,S,CN,E,J,J,K,,L,Y,,,,,Y,Y,,Y,N,N
CORNUCOPIA,US,46.866667,-91.1,V,RB,F,P,O,P,,M,Y,,,,,,,,Y,N,N
STURGEON BAY,US,44.833333,-87.383333,S,LC,E,N,J,N,,L,Y,,Y,Y,,Y,Y,,Y,Y,Y
GREEN BAY,US,44.516667,-88.016667,S,RN,G,M,L,M,M,M,Y,,Y,,,Y,Y,,Y,,Y
DEPERE,US,44.45,-88.066667,V,RN,G,M,M,N,,M,Y,,,,,Y,Y,,Y,N,N
KAUKAUNA,US,44.283333,-88.266667,V,RT,E,P,P,P,,M,Y,,,,,Y,Y,S,Y,N,N
OCONTO,US,44.9,-87.833333,V,RN,G,P,P,P,,M,Y,,,,,Y,Y,,Y,N,N
MARINETTE,US,45.083333,-87.6,S,RN,E,N,M,N,,M,Y,,,Y,,Y,Y,,Y,,Y
MENOMINEE,US,45.1,-87.6,S,RN,G,N,M,M,,M,Y,,,Y,,Y,Y,,Y,,Y
ESCANABA,US,45.766667,-87.05,S,CN,G,L,J,L,,L,Y,,,,,Y,Y,,Y,,Y
GLADSTONE,US,45.85,-87.016667,V,CN,E,M,L,M,,M,Y,,,,,Y,Y,,Y,,Y
NAHMA,US,45.833333,-86.666667,V,CN,F,O,N,O,,M,Y,,,,,,,,Y,N,N
MANISTIQUE,US,45.95,-86.25,V,CB,F,P,H,P,,M,Y,,,,,Y,Y,,,N,N
PORT INLAND,US,45.966667,-85.866667,V,CB,F,L,L,L,,L,Y,,,,,,,,Y,N,N
GOULAIS BAY,CA,46.733333,-84.5,V,CN,E,P,E,P,,M,Y,,,,,,,,Y,N,N
BATCHAWANA BAY,CA,46.916667,-84.6,V,CN,E,M,K,O,,M,Y,,,,,,,,,N,N
EAST ZEIT TERMINAL,EG,27.85,33.6,V,OR,P,O,C,,A,M,,,,,,N,N,,Y,,
SHARM EL SHEIKH,EG,27.85,34.283333,V,OR,P,,A,O,,M,,,,,,Y,,,Y,Y,
EL TUR HARBOR,EG,28.233333,33.616667,V,CN,F,,K,N,,M,,,,,,,,,,,
NUWEIBA EL MUZEIMA,EG,28.966667,34.65,V,CN,F,,,L,,M,,,Y,Y,,Y,,,Y,Y,Y
SHARMAH,SA,27.933333,35.25,V,CN,P,A,,,,M,,,,,,,,,Y,,
DUBA,SA,27.566667,35.533333,S,OR,P,J,,K,,M,,,,Y,,,,,Y,,Y
DUBA BULK PLANT TANKER TERMINAL,SA,27.316667,35.9,V,OR,P,A,F,,A,M,,,,,,N,,,Y,,Y
NORTH AIN SUKHNA PORT,EG,29.65,32.366667,S,CB,F,F,A,F,,M,,Y,Y,Y,,,Y,,Y,,Y
GINGOOG,PH,8.833333,125.1,V,CN,P,,A,O,,M,Y,Y,,Y,,N,,,Y,,
IGGESUND,SE,61.65,17.083333,V,CN,E,M,L,L,,,Y,Y,Y,Y,,Y,,,,,Y
ISABEL,PH,10.916667,124.433333,V,OR,F,A,A,J,,M,Y,Y,,,,Y,Y,,Y,,Y
HUDIKSVALL,SE,61.733333,17.116667,S,RB,G,K,L,N,K,M,Y,Y,,Y,,Y,Y,,Y,,Y
MASAO,PH,9.0,125.416667,V,CN,P,P,A,N,N,M,,Y,,,,Y,,,Y,,Y
STOCKA,SE,61.9,17.35,V,CN,G,N,M,N,,,Y,Y,Y,,,Y,,,Y,,
TANAUAN,PH,11.1,125.016667,V,OR,F,J,,L,,M,,,,,,N,,,Y,N,N
SHAKHTERSK,RU,49.166667,142.066667,V,CN,F,N,L,,,,,Y,,Y,,,,,,,Y
KAVKAZ OIL TERMINAL,RU,45.333333,36.65,V,OR,P,,,N,N,M,Y,,,,,Y,,,Y,,Y
ZARUBINO,RU,42.633333,131.083333,V,CN,F,C,D,L,,,,,Y,Y,,N,,,Y,Y,Y
VITAZ MARINE TERMINAL,RU,52.7,143.55,V,OR,P,,A,,A,,,Y,,,,N,,,Y,Y,Y
STOCKVIK,SE,62.333333,17.383333,V,CN,G,A,D,M,,,Y,Y,Y,,,,,,Y,,
SUNDSVALL,SE,62.383333,17.35,M,CN,E,K,K,J,J,M,Y,Y,Y,Y,,Y,Y,,Y,,Y
VIVSTAVARV,SE,62.483333,17.35,V,CN,G,M,M,M,,M,Y,Y,Y,,,Y,,,Y,,Y
SORAKER,SE,62.5,17.5,V,CN,G,K,A,N,N,M,Y,Y,Y,,,,,,Y,,Y
HARNOSAND,SE,62.633333,17.933333,S,CN,E,M,G,L,K,L,Y,Y,Y,Y,,Y,Y,S,Y,,Y
ULVVIK,SE,62.666667,17.866667,V,CN,G,J,G,M,,L,Y,Y,,,,,,,Y,,
UTANSJO,SE,62.766667,17.933333,V,CN,G,L,F,L,K,L,Y,Y,Y,,,,,,Y,,
GUSTAVSVIK,SE,62.833333,17.883333,V,CN,G,K,J,O,,M,Y,Y,Y,Y,,,,M,Y,,
LUNDE,SE,62.883333,17.883333,V,CN,G,K,,O,,L,Y,Y,,,,,,,Y,,
KRAMFORS,SE,62.933333,17.8,V,CN,G,M,C,M,,L,Y,Y,,,Y,,,,Y,,
KARSKAR,SE,60.683333,17.266667,V,CN,G,M,J,O,N,M,Y,Y,,,,Y,,,Y,,Y
VAJA,SE,62.983333,17.716667,V,RN,G,O,C,L,,L,Y,Y,,,,Y,,,Y,,
BOLLSTABRUK,SE,63.0,17.7,V,CN,G,M,K,N,,L,Y,Y,,,,,,,Y,,
DEGERHAMN,SE,56.35,16.416667,V,CB,P,M,L,M,N,M,Y,Y,Y,,,Y,,,Y,,Y
RONEHAMN,SE,57.116667,18.5,S,CN,F,B,N,M,,M,Y,Y,,,,,,,Y,N,Y
SLITE,SE,57.7,18.816667,S,OR,G,O,N,M,M,M,Y,Y,Y,Y,,Y,,,Y,N,N
FAROSUND,SE,57.916667,19.05,S,CN,F,N,N,L,,M,Y,Y,,,,Y,,,Y,,
STORUGNS,SE,57.833333,18.8,V,OR,P,K,K,M,,M,Y,Y,Y,,,Y,,,Y,N,N
VISBY,SE,57.633333,18.283333,S,CB,G,N,A,M,M,M,Y,Y,,Y,,Y,,,Y,N,Y
KLINTEHAMN,SE,57.383333,18.2,V,CB,F,N,J,N,,M,Y,Y,,Y,,Y,Y,,,N,N
VERKEBACK,SE,57.733333,16.533333,V,CN,G,M,A,P,,M,Y,Y,Y,,,Y,,,Y,N,N
VASTERVIK,SE,57.766667,16.65,S,CB,E,O,K,N,L,M,Y,Y,Y,Y,,Y,,,Y,N,Y
NORRKOPING,SE,58.583333,16.2,M,RN,G,L,D,N,N,M,Y,Y,Y,Y,,Y,,S,Y,Y,Y
OXELOSUND,SE,58.666667,17.116667,S,CN,G,N,G,J,H,M,Y,Y,Y,Y,,Y,,,Y,,Y
NYKOPING,SE,58.75,17.016667,S,RB,G,K,N,N,,M,Y,Y,,Y,,Y,,,Y,,Y
SODERTALJE,SE,59.183333,17.65,S,LC,G,L,L,L,M,M,Y,Y,Y,,,Y,,,Y,,Y
NYNASHAMN,SE,58.9,17.966667,S,CN,E,G,L,,J,M,Y,Y,Y,,,Y,Y,,Y,,Y
SAN LORENZO,VE,9.783333,-71.066667,V,LC,F,J,K,,K,L,Y,,Y,,,,,,Y,,Y
PUNTA DE PALMAS,VE,10.783333,-71.583333,V,LC,F,H,,,H,L,Y,Y,,,,Y,Y,S,Y,,Y
BAJO GRANDE,VE,10.516667,-71.633333,V,LC,F,H,,,H,L,Y,Y,,,,Y,,,Y,,Y
PUNTA CARDON,VE,11.633333,-70.233333,S,OR,P,,E,L,B,L,Y,,,,,Y,Y,,Y,,Y
WAKE ISLAND,QW,19.283333,166.616667,V,CN,F,A,,,H,L,,Y,Y,,,N,Y,,,,
MAJURO ATOLL,MH,7.083333,171.383333,V,OR,G,G,A,F,J,,Y,Y,,Y,,Y,Y,,Y,N,N
TARAWA ATOLL,KI,1.333333,172.933333,V,OR,F,L,L,M,,M,,Y,Y,Y,,Y,N,,,,Y
NAURU,NR,-0.533333,166.916667,V,OR,F,A,,A,A,M,,Y,,,,Y,,,Y,N,N
SAIPAN,MP,15.2,145.683333,S,CN,P,K,N,N,N,M,,,Y,Y,,N,Y,,Y,N,Y
TINIAN,MP,14.966667,145.616667,V,CB,G,L,E,L,,M,Y,,,Y,,N,Y,,Y,N,N
ROTA,MP,14.133333,145.15,V,OR,P,A,A,P,,,,Y,,,,,,,Y,N,N
APRA HARBOR,GU,13.45,144.616667,M,CB,G,J,A,L,G,M,Y,,Y,Y,Y,Y,Y,M,Y,,Y
LELE HARBOR,FM,5.333333,163.033333,V,CN,F,G,H,L,L,,,Y,,,,Y,Y,,,N,N
COLONIA,FM,9.516667,138.133333,V,CN,G,A,A,L,,M,,Y,N,N,N,Y,,M,,N,N
MALAKAL HARBOR,PW,7.333333,134.45,V,OR,G,H,E,M,M,M,Y,Y,,Y,Y,Y,Y,,N,N,N
LONGAN ISLAND,PG,-1.216667,144.3,V,CN,P,J,L,P,,,,Y,,,,N,N,,,,
LORENGAU,PG,-2.016667,147.266667,V,OR,G,,F,,N,M,,,,Y,,Y,Y,,N,N,N
WEWAK HARBOR,PG,-3.566667,143.633333,S,OR,F,F,F,M,,M,Y,,N,Y,N,Y,Y,,N,N,N
HAMBURG HARBOR,PG,-1.633333,149.966667,V,CN,F,H,F,L,,M,Y,,,,,,,,,,
KOKOPO,PG,-4.333333,152.266667,V,OR,F,A,E,P,,,,Y,,,,N,N,,,,
KIMBE,PG,-5.133333,150.533333,V,CN,F,,,J,J,M,Y,N,N,N,N,Y,Y,,Y,N,N
KIETA,PG,-6.216667,155.633333,S,CN,F,A,A,L,,L,Y,Y,,Y,,,Y,,Y,Y,Y
GIZO HARBOR,SB,-8.1,156.85,V,CN,E,H,A,N,,M,Y,Y,,,,Y,N,,N,,
NONOPAPA,US,21.866667,-160.233333,V,OR,P,H,G,P,,,,Y,,Y,,,,,,,
APIA,WS,-13.816667,-171.766667,V,CN,G,J,A,L,J,L,Y,,,Y,,Y,,,Y,,Y
PAGO PAGO HARBOR,AS,-14.283333,-170.666667,S,CN,G,A,J,F,J,M,Y,,,,Y,Y,Y,,N,,Y
ALOFI,NU,-19.033333,-169.933333,V,CN,G,A,A,P,,,,Y,N,,,,,,,,
AVATIU,CK,-21.2,-159.783333,V,CN,G,N,A,N,N,M,Y,Y,,Y,,Y,,,N,N,Y
NEMRUT LIMANI BAY,TR,38.766667,26.916667,M,CB,P,F,F,M,M,L,Y,,Y,Y,,Y,Y,,Y,,Y
KUSADASI,TR,37.866667,27.25,V,CN,P,K,A,,,M,,,,,,Y,Y,,Y,,Y
MARMARIS,TR,36.85,28.283333,V,CB,P,A,H,M,,M,Y,,,,,Y,Y,,Y,,Y
FETHIYE,TR,36.633333,29.1,V,CB,F,A,J,K,,M,,,N,N,N,N,N,,Y,,N
SOKHUMI,GE,42.983333,40.983333,V,OR,F,K,J,P,N,M,Y,Y,,Y,Y,Y,,,Y,N,N
CHORNOMORS KE,UA,45.516667,32.7,V,CN,P,L,G,N,,M,Y,Y,,,Y,,,S,Y,,Y
YEVPATORIYA,UA,45.2,33.383333,V,CN,F,O,J,N,,M,Y,,Y,Y,,,,,Y,,Y
SEVASTOPOL,UA,44.616667,33.533333,L,CN,G,L,E,L,,M,Y,,Y,,,Y,Y,L,Y,,Y
BALAKLAVA,UA,44.5,33.6,V,CN,G,H,A,P,,M,,,,,,,,,Y,,
YALTA,UA,44.483333,34.166667,V,CB,F,L,A,M,M,M,Y,,,Y,Y,N,N,,Y,,Y
ALUSHTA,UA,44.683333,34.416667,V,OR,P,H,A,O,,M,,,,,,,,,Y,N,N
SUDAK,UA,44.85,34.983333,V,CN,F,J,A,A,G,M,Y,Y,,,,Y,,,Y,N,Y
FEODOSIYA,UA,45.016667,35.433333,S,CB,G,E,K,M,J,M,,,,Y,,Y,Y,,Y,N,Y
BOULOGNE-SUR-MER,FR,50.733333,1.6,M,RT,G,N,G,J,O,M,,,Y,Y,,Y,Y,S,Y,,Y
FECAMP,FR,49.766667,0.366667,S,LC,F,Q,J,M,M,M,Y,,Y,Y,,Y,Y,,Y,N,Y
HONFLEUR,FR,49.416667,0.216667,V,RT,G,O,H,L,K,M,Y,,Y,Y,,Y,Y,,Y,N,Y
RADE DE CHERBOURG,FR,49.65,-1.633333,L,CT,G,K,J,H,L,M,Y,,Y,Y,,Y,Y,M,Y,,Y
DARTMOUTH HARBOUR,GB,50.35,-3.616667,S,RN,E,M,K,M,,M,,,,Y,,Y,Y,S,Y,N,Y
FISHGUARD,GB,52.016667,-4.983333,S,CB,G,H,G,L,,L,Y,,Y,,,Y,Y,,Y,N,Y
MILFORD HAVEN,GB,51.716667,-5.033333,M,RN,F,K,K,,N,L,Y,Y,,Y,,Y,Y,S,Y,,
SWANSEA,GB,51.616667,-3.95,S,RT,E,O,K,K,K,L,Y,,Y,Y,,Y,Y,M,Y,,Y
SEVERODVINSK,RU,64.566667,39.783333,S,CN,F,L,K,K,L,,Y,,Y,Y,Y,Y,Y,S,Y,,Y
RABOCHEOSTROVSK,RU,64.983333,34.783333,S,CN,F,N,M,K,N,,Y,,Y,,,,,,Y,,
KANDALAKSHA,RU,67.133333,32.416667,V,RN,F,L,G,K,,M,Y,,,Y,,N,Y,,Y,,Y
BOLSHAYA PIRYU GUBA,RU,66.666667,34.366667,S,CN,G,N,J,N,,,Y,,,,,,,S,Y,,Y
OSTROVNOY GREMIKHA,RU,68.05,39.516667,S,CN,G,H,G,K,,,Y,,,,,Y,,M,Y,,
MURMANSK,RU,68.983333,33.05,L,RN,G,L,G,M,A,M,Y,,Y,Y,Y,Y,Y,L,Y,,Y
MYS ABRAM,RU,68.983333,33.033333,V,CN,F,H,H,N,,,Y,,Y,,,,,,Y,,
ELLEFSEN HARBOR,AQ,-60.733333,-45.033333,V,CN,G,J,A,,,,,Y,,,,,,,,,
SCOTIA BAY,AQ,-60.75,-44.716667,V,CN,P,A,G,,,,,Y,,,,,,,,,
ADMIRALTY BAY,AQ,-62.083333,-58.416667,V,CN,G,A,A,,,,,Y,,,,,,,,,
PORT FOSTER,AQ,-62.95,-60.633333,V,CN,F,A,B,,,,,Y,,,,,,,,,
PORT LOCKROY,AQ,-64.816667,-63.5,V,CN,P,C,E,,,,,Y,,,,,,,,,
MELCHIOR HARBOR,AQ,-64.316667,-63.0,V,CN,P,N,A,,,,,Y,,,,,,,,,
ANDERSEN HARBOR,AQ,-64.316667,-62.933333,V,CN,P,A,C,,,,,Y,,,,,,,,,
BUKHTA NAGAYEVA (MAGADAN),RU,59.566667,150.716667,S,CN,E,E,E,J,L,,Y,,,Y,Y,Y,Y,,Y,,
SOUTHWEST PASS,US,28.45,-90.7,S,RN,N,,,,J,M,Y,,,,,,,,,,
TRI-CITY PORT,US,38.716667,-90.2,L,RN,E,O,,,,L,Y,Y,Y,Y,Y,Y,Y,L,,Y,Y
MOJI KO,JP,33.95,130.966667,M,RN,G,J,K,K,H,M,Y,Y,,Y,Y,Y,Y,M,Y,N,Y
RAS BADRAN OIL TERMINAL,EG,28.95,33.166667,V,OR,P,A,A,N,A,M,,,,,,N,N,,Y,Y,Y
SOKHNA PORT GAS TANKER TERMINAL,EG,29.683333,32.366667,V,CB,F,L,A,,L,M,,Y,,,,,,,Y,,Y
BANDAR-E PARS TERMINAL,IR,27.533333,52.533333,V,OR,P,,A,L,A,M,,,,,,,,,,,
BARKAN OIL-LOADING TERMINAL,IR,29.733333,50.166667,V,OR,P,E,A,,F,M,,,,,,Y,,,Y,,Y
KHAWR AL ZUBAIR,IQ,30.183333,47.9,V,RN,F,O,J,L,,M,,,,,,Y,,,Y,,Y
KHAWR AL ZUBAIR LNG TERMINAL,IQ,30.133333,47.916667,V,RN,F,O,J,,L,M,,,,,,Y,,,Y,,Y
JU AYMAH LPG TERMINAL,SA,26.866667,50.05,V,OR,P,C,C,,A,M,,,Y,,,Y,,,Y,,
RAS AL GHAR,SA,26.9,49.866667,V,CB,F,K,K,J,,,,,,,,,,,Y,,
HULAYLAH OIL TERMINAL,AE,25.983333,55.933333,V,OR,P,C,A,,C,M,,,,,,,,,Y,,Y
RUDUM TERMINAL,YE,13.983333,47.916667,V,OR,P,,M,,,M,,,,,,,,,,,
BALHAF,YE,13.966667,48.183333,V,OR,P,,M,L,,M,,,,,,,,,,,
PORT DALRYMPLE,AU,-41.133333,146.833333,M,CN,G,K,M,,,L,,,,,,,,,Y,,
CAPE CUVIER,AU,-24.216667,113.383333,V,OR,P,E,G,G,,M,,,,,,N,N,,Y,,Y
KLEIN POINT,AU,-34.966667,137.766667,V,OR,P,M,N,M,,M,,,,,,N,N,,,,Y
USELESS LOOP,AU,-26.083333,113.4,V,OR,P,K,H,K,,,,,,,,N,N,,Y,N,N
BARBER'S POINT,US,21.316667,-158.116667,V,CB,F,H,A,J,N,M,,,,,,Y,Y,M,Y,N,N
PORT NORO,SB,-8.216667,157.183333,S,OR,F,A,A,L,,L,,,,,,N,N,,,N,N
THANH HOA,VN,10.816667,106.766667,V,CN,F,O,M,,,,,,,,,Y,Y,,Y,,Y
NGHE TINH,VN,18.766667,105.766667,S,RN,F,O,L,O,,,Y,,,,,Y,,S,Y,,Y
PORTO DI CHIOGGIA,IT,45.233333,12.3,V,RB,G,L,N,M,,L,,Y,,Y,Y,Y,,,Y,,Y
CAT LAI,VN,10.75,106.783333,V,CN,F,L,N,K,K,M,,,,Y,Y,,,,,,
MAILIAO,TW,23.783333,120.166667,V,CB,P,B,B,G,D,,,,Y,Y,,Y,Y,M,Y,,Y
CHAOZHOU,CN,23.616667,117.083333,M,CN,F,,H,,,M,Y,,Y,Y,,,Y,,Y,,
CHANGSHU,CN,31.766667,120.95,S,OR,F,M,H,M,L,M,Y,,,Y,Y,Y,,,Y,,Y
DANDONG,CN,39.816667,124.15,V,OR,F,N,N,M,O,M,,Y,Y,Y,,Y,,,Y,,Y
HUIZHOU,CN,22.716667,114.516667,V,CN,F,K,J,L,K,M,,,Y,Y,Y,N,N,,Y,Y,Y
DONGSHAN,CN,23.75,117.516667,S,CN,F,M,N,,N,M,,Y,Y,Y,,,Y,,Y,,
LANSHAN,CN,30.1,119.366667,V,OR,F,G,H,H,L,M,Y,Y,,,,N,N,,Y,,Y
PENGLAI,CN,37.816667,120.833333,V,CN,F,O,N,L,,M,,,Y,,,Y,,,,,Y
QUANZHOU,CN,24.883333,118.6,S,CN,F,N,J,N,F,,,Y,,Y,Y,Y,Y,,Y,,Y
RIZHAO,CN,35.383333,119.566667,V,CN,P,G,E,J,N,M,Y,,Y,Y,,Y,,,,,Y
TAICANG,CN,31.65,121.2,V,CB,F,K,J,J,N,M,,,Y,Y,,Y,,,Y,,Y
TANGSHAN (JINGTANG),CN,39.2,119.016667,V,CB,F,J,,K,,M,Y,,Y,,Y,Y,,,Y,,Y
XIUYU,CN,25.233333,118.983333,V,CB,F,H,L,O,N,M,Y,Y,,Y,Y,Y,,,Y,,Y
ZHANGZHOU,CN,24.683333,118.15,S,CN,F,J,H,M,,,,,Y,Y,,Y,,,Y,,Y
IJMUIDEN,NL,52.466667,4.583333,S,CT,G,G,G,K,,M,Y,Y,Y,Y,Y,Y,,,Y,,Y
ZAANDAM,NL,52.433333,4.833333,S,LC,E,L,G,L,,M,Y,,,Y,,Y,Y,,N,,Y
AMSTERDAM,NL,52.366667,4.9,L,LC,E,H,G,K,L,M,Y,,Y,Y,Y,Y,Y,M,Y,,Y
SCHEVENINGEN,NL,52.1,4.266667,V,CB,F,,K,M,,M,Y,,,,,Y,,S,N,,Y
HOEK VAN HOLLAND,NL,51.95,4.133333,V,RB,G,E,G,M,,,Y,,Y,Y,,Y,Y,,Y,,
EUROPOORT,NL,51.95,4.116667,M,LC,G,C,J,J,H,L,Y,Y,,Y,Y,Y,,,Y,,Y
MAASSLUIS,NL,51.916667,4.25,V,LC,G,H,J,N,C,M,Y,,,,,Y,Y,,Y,,Y
VLAARDINGEN,NL,51.9,4.35,V,RB,G,J,J,J,J,M,Y,,,Y,Y,Y,Y,S,Y,,Y
WALVIS BAY,,-22.95,14.5,S,CN,G,H,L,H,K,L,Y,Y,Y,Y,,Y,Y,,Y,Y,Y
EAST LONDON,ZA,-33.033333,27.916667,S,RN,E,J,A,K,K,M,Y,Y,Y,Y,,Y,Y,L,Y,Y,Y
DURBAN,ZA,-29.866667,31.066667,L,CB,E,J,B,N,K,M,Y,,,Y,Y,Y,Y,L,Y,Y,Y
INHAMBANE,MZ,-23.916667,35.4,S,RN,G,N,J,M,,,Y,Y,,,,,Y,,,,Y
BEIRA,MZ,-19.833333,34.833333,M,CN,G,N,L,L,L,M,Y,,Y,Y,,Y,Y,M,Y,,Y
PORTO BELO,MZ,-17.7,37.183333,S,OR,F,O,J,,,M,,,,,,,,,Y,,
PEBANE,MZ,-17.266667,38.15,S,RN,F,L,J,,,M,,Y,,,,,,,Y,,Y
PEMBA,MZ,-12.966667,40.5,V,CB,G,A,F,M,,,Y,,Y,,,Y,Y,,Y,N,N
IBO,MZ,-12.333333,40.616667,V,CN,F,K,J,,,,,Y,,,,,,,,,
KILWA KIVINJE,TZ,-8.733333,39.416667,V,OR,F,K,L,L,,,,Y,,,,,,,,,
MJIMWEMA TERMINAL,TZ,-6.816667,39.366667,V,OR,P,A,E,,F,M,,Y,,,,Y,N,,,,
TANGA,TZ,-5.083333,39.116667,S,CN,F,E,L,N,O,M,,Y,Y,Y,,N,N,,Y,,Y
ZANZIBAR,TZ,-6.166667,39.183333,S,CN,G,J,H,N,,M,,Y,N,Y,,Y,Y,S,Y,,Y
KISMAAYO,SO,-0.366667,42.55,V,CB,G,L,L,L,,L,Y,Y,,,,N,N,,Y,,Y
BARAAWE,SO,1.1,44.05,V,OR,F,A,F,,,,,Y,Y,,,Y,,,,,
VICTORIA,SC,-4.616667,55.45,V,CN,F,P,G,K,M,M,Y,Y,Y,,,Y,Y,,Y,,Y
MORONI,KM,-11.7,43.25,V,OR,P,A,B,O,O,M,,Y,,,,,,,,,
DZAOUDZI,KM,-12.783333,45.25,V,OR,P,N,K,J,J,M,,Y,Y,,,Y,Y,,Y,,Y
ANDOANY,MG,-13.4,48.3,V,OR,F,C,F,L,N,,,Y,Y,Y,,N,N,,,,Y
MORONDAVA,MG,-20.283333,44.3,V,OR,P,G,L,P,,,,Y,Y,Y,,,,,,N,Y
RAUMA,FI,61.133333,21.5,M,CB,G,K,L,N,L,M,Y,,,Y,,Y,,M,Y,,Y
UUSIKAUPUNKI,FI,60.8,21.4,S,CB,G,L,M,N,K,M,Y,,Y,Y,,Y,,S,Y,,Y
NAANTALI,FI,60.466667,22.016667,V,CN,F,H,K,M,M,M,Y,Y,,Y,,Y,Y,,Y,Y,Y
TURKU,FI,60.45,22.233333,M,RB,G,K,E,M,K,M,Y,,Y,Y,,Y,Y,M,N,N,Y
UDANG OILFIELD,ID,4.033333,106.483333,V,OR,P,,A,,A,M,,Y,,,,,,,Y,,Y
SIGNILSKAR,FI,60.2,19.333333,V,CN,F,N,J,,,M,,Y,,,,,,,Y,,
WIDURI MARINE TERMINAL,ID,-4.666667,106.65,V,CN,P,C,D,,,,,,,,,N,,,Y,,Y
MARIEHAMN,FI,60.1,19.916667,S,CN,G,M,K,N,N,M,Y,,,Y,,Y,,,Y,,Y
KUMUL,PG,-8.1,144.566667,V,OR,P,,A,,E,L,,,,Y,,N,N,,Y,N,Y
KERCH,UA,45.35,36.483333,S,OR,G,L,L,N,,M,Y,Y,,Y,Y,Y,Y,S,Y,,Y
HENICHESK,UA,46.166667,34.816667,V,CN,F,N,N,P,,M,Y,Y,,,,Y,,,Y,N,Y
KYRYLIVKA,UA,46.35,35.366667,V,OR,F,N,N,P,,M,Y,Y,,,,,,,Y,N,N
BERDYANSK,UA,46.75,36.783333,S,CB,F,N,L,L,L,M,Y,,Y,Y,,Y,Y,,Y,N,Y
MARIUPOL,UA,47.083333,37.566667,S,CB,G,M,N,M,,L,Y,Y,Y,Y,Y,Y,,S,Y,Y,Y
TAGANROG,RU,47.2,38.95,V,CB,F,O,O,O,,M,Y,Y,Y,,Y,,,,Y,,Y
ROSTOV-NA-DONU,RU,47.166667,39.716667,S,RB,G,P,O,O,,M,Y,Y,Y,Y,,Y,Y,S,,N,Y
AZOV,RU,47.1,39.433333,V,RN,G,P,O,O,,M,Y,,,Y,,Y,Y,,Y,N,Y
YEYSK,RU,46.733333,38.266667,V,CB,G,O,O,O,O,M,Y,,Y,Y,Y,N,N,,Y,Y,Y
TEMRYUK,RU,45.35,37.35,V,RN,F,O,P,O,,M,,,Y,Y,,Y,Y,,Y,,Y
ANAPA,RU,44.883333,37.316667,V,OR,F,P,J,O,,M,,,Y,Y,,,,,Y,,Y
NOVOROSSIYSK,RU,44.716667,37.783333,L,CB,G,H,J,K,A,M,Y,Y,Y,Y,Y,Y,Y,M,Y,Y,Y
TUAPSE,RU,44.1,39.066667,S,CB,G,H,H,M,K,M,Y,,,,,Y,Y,,Y,N,Y
SOCHI,RU,43.583333,39.733333,V,CB,F,K,J,M,N,M,Y,,,Y,,,Y,,Y,Y,Y
ADLER,RU,43.433333,39.933333,V,OR,P,A,K,O,,M,,,,,,Y,,,Y,N,N
SKADOVS'K,UA,46.1,32.916667,V,CB,F,O,O,N,,M,Y,,,,,,,,Y,,
KHORLY,UA,46.083333,33.283333,V,CN,F,M,L,N,,M,Y,,,,,Y,,,Y,,
MILOS,GR,36.716667,24.45,V,CN,G,B,E,O,,M,Y,Y,,,,,,,,N,Y
SOUDHA,GR,35.483333,24.183333,M,CN,G,G,A,M,,L,Y,Y,,Y,,,Y,,N,,
IRAKLION,GR,35.35,25.15,M,CB,G,L,A,L,K,M,Y,Y,Y,Y,,N,Y,,Y,Y,Y
SITIA,GR,35.216667,26.133333,V,CN,F,L,J,O,,M,Y,Y,,,,,,,,,
KALI LIMENES,GR,34.933333,24.833333,V,CN,F,H,,,G,L,,,,,,Y,Y,,Y,N,Y
RODHOS,GR,36.45,28.233333,S,CB,F,K,F,J,N,M,Y,Y,,Y,,Y,Y,,Y,,Y
LIMIN KOS,GR,36.9,27.283333,V,OR,P,N,J,O,,M,Y,Y,N,N,N,,,,,,N
KALIMNOS,GR,36.95,26.983333,V,CN,P,J,B,N,,M,Y,Y,,,,,,,,,
LAKKI,GR,37.133333,26.85,V,CN,G,A,H,M,L,M,Y,Y,,,,Y,,,,,N
ECEABAT,TR,40.183333,26.366667,V,LC,F,,A,,,M,,,,,,,,,,,Y
GELIBOLU,TR,40.4,26.666667,V,LC,F,,B,C,K,M,Y,Y,,,,,,,,,
TEKIRDAG,TR,40.983333,27.516667,V,LC,F,,J,K,L,M,Y,Y,Y,Y,,Y,Y,,Y,,Y
ISTANBUL,TR,41.016667,28.966667,L,LC,F,H,A,M,P,L,Y,Y,,Y,Y,Y,Y,S,Y,,Y
DEFTERDAR BURNU,TR,41.05,29.033333,V,CN,F,H,A,L,L,M,,Y,,,,Y,,,,,
ISTINYE,TR,41.116667,29.05,V,CN,F,A,A,P,,M,,Y,,,,,,M,,,
BURGAS,BG,42.483333,27.483333,S,CB,F,E,J,M,M,M,Y,Y,Y,Y,Y,Y,Y,M,Y,,Y
VAITAPE,PF,-16.5,-151.75,V,CB,G,K,A,O,,M,Y,,N,,,N,N,,N,N,N
UTUROA,PF,-16.733333,-151.45,V,CN,F,J,A,M,,,Y,Y,N,,,,,,,,
PAPEETE,PF,-17.533333,-149.583333,S,CN,E,K,E,K,N,M,Y,,,Y,,Y,Y,,Y,,Y
PORT RIKITEA,PF,-23.116667,-134.966667,V,CN,F,L,A,P,,M,Y,,,,,N,N,,,,
ATUONA,PF,-9.816667,-139.033333,V,CN,G,H,K,,,,,Y,,,,N,N,,,N,N
BAIE TAIOHAE,PF,-8.933333,-140.083333,V,CN,G,K,H,,,,,Y,,,,N,Y,,,N,N
CANTON ISLAND,KI,-2.833333,-171.716667,V,OR,F,L,M,L,,,,Y,Y,,,,Y,,,N,N
ENGLISH HARBOR,KI,3.85,-159.366667,V,CN,F,A,E,,,M,,Y,Y,,,,,,Y,N,Y
HONOKAA,US,20.1,-155.466667,V,OR,P,H,H,P,,,,Y,,,,N,N,,,,
HILO,US,19.733333,-155.066667,M,CB,G,K,L,K,K,L,Y,,,Y,,Y,Y,,Y,,Y
KANDA,JP,33.783333,131.016667,V,CN,G,J,M,H,,L,Y,Y,,,Y,Y,Y,,N,,Y
OITA KO,JP,33.25,131.666667,V,CB,F,A,A,G,D,L,Y,,,Y,Y,Y,Y,,N,,Y
SAGANOSEKI KO,JP,33.25,131.866667,S,CB,F,K,E,K,,M,Y,Y,,,,Y,,,N,,Y
TSUKUMI KO,JP,33.083333,131.866667,V,CB,F,A,A,F,,L,Y,,,,Y,Y,,,N,,Y
SAIKI KO,JP,32.966667,131.933333,S,CB,F,J,D,K,,M,Y,Y,,,Y,Y,,,N,,Y
HOSOSHIMA KO,JP,32.433333,131.666667,V,CB,F,K,G,K,K,L,Y,,Y,Y,Y,Y,,M,N,Y,Y
KAGOSHIMA KO,JP,31.583333,130.566667,M,CN,G,J,A,H,,L,Y,,Y,Y,,Y,,S,N,N,Y
SHIBUSHI WAN,JP,31.466667,131.1,S,CB,F,K,B,J,,L,,,,Y,,N,,,N,,Y
KIIRE,JP,31.383333,130.55,V,OR,F,A,A,A,A,L,Y,Y,,,,Y,,,Y,,Y
MINAMATA KO,JP,32.2,130.383333,V,CB,F,F,K,K,,L,Y,Y,,,Y,Y,,,N,,Y
YATSUSHIRO KO,JP,32.5,130.533333,S,RN,G,J,J,H,N,L,,,Y,Y,,Y,,,N,,Y
MISUMI KO,JP,32.6,130.466667,S,CN,F,J,G,L,,L,Y,Y,Y,,,Y,,,N,,Y
MIIKE KO,JP,33.0,130.416667,S,CB,G,M,H,K,M,L,Y,,Y,Y,Y,Y,,,Y,N,Y
NAGASAKI,JP,32.716667,129.85,L,CN,F,H,A,G,J,L,Y,Y,,Y,Y,Y,,L,N,,Y
SASEBO,JP,33.166667,129.716667,M,CN,G,J,A,J,H,L,Y,Y,,,Y,Y,Y,L,Y,,Y
IMARI,JP,33.283333,129.883333,V,RN,F,G,E,K,G,L,,Y,,,,Y,Y,L,Y,,Y
MELAKA,MY,2.2,102.25,S,RN,G,Q,N,O,L,M,Y,Y,Y,Y,,Y,,,Y,N,Y
COLOMBO,LK,6.95,79.85,M,CB,F,H,A,G,C,M,Y,Y,,Y,Y,Y,Y,M,Y,,Y
GALLE HARBOR,LK,6.016667,80.216667,S,CB,G,K,A,L,,M,,Y,Y,Y,,Y,,,Y,,Y
BANDAR-E MAHSHAHR,IR,30.466667,49.183333,S,RN,G,J,,,H,M,Y,,Y,,Y,N,N,,Y,Y,Y
BANDAR KHOMEYNI,IR,30.433333,49.083333,S,OR,G,F,A,H,,L,Y,,,Y,,Y,Y,,Y,,Y
KHARG ISLAND OIL TERMINAL,IR,29.233333,50.333333,S,OR,G,A,B,C,A,M,Y,Y,,,,Y,Y,,Y,Y,Y
SIRUS OIL TERMINAL,IR,29.016667,49.483333,S,OR,F,A,A,,A,L,,N,,,,N,N,,Y,,Y
BUSHEHR,IR,28.983333,50.833333,M,CN,F,M,H,L,M,M,Y,,,Y,Y,Y,Y,,Y,,Y
JAZIREH-YE LAVAN OIL TERMINAL,IR,26.783333,53.333333,V,OR,F,,A,,D,M,Y,Y,,,,Y,Y,,Y,Y,Y
JAZIREH-YE HORMOZ,IR,27.1,56.45,V,OR,F,M,H,O,,,,Y,,,,,,,Y,,
JAZIREH-YE SIRRI,IR,25.9,54.55,S,OR,F,,A,A,A,M,Y,Y,,,,,N,,Y,,Y
CHAH BAHAR,IR,25.266667,60.616667,V,CN,F,N,K,L,,M,,Y,,Y,,Y,Y,,Y,,Y
KARACHI,PK,24.783333,66.983333,M,CN,G,K,K,H,G,L,Y,Y,Y,Y,Y,Y,Y,L,Y,Y,Y
MUHAMAMAD BIN QASIM,PK,24.766667,67.35,S,CN,G,J,J,J,J,M,Y,Y,,Y,,Y,Y,,Y,N,Y
MANDVI,IN,22.833333,69.35,V,OR,N,L,M,O,,L,Y,Y,Y,Y,,,,,N,,Y
OKHA,IN,22.466667,69.083333,V,CN,G,L,L,L,,L,Y,Y,Y,,,Y,,,Y,,Y
SCHIEDAM,NL,51.9,4.4,V,RB,G,K,J,M,,M,Y,,N,N,Y,Y,Y,M,Y,,Y
THYBORON,DK,56.7,8.216667,V,CB,G,N,N,N,,M,Y,,Y,,,Y,,S,Y,,
SAKSKOBING,DK,54.8,11.633333,S,CN,E,P,P,P,,M,Y,,Y,Y,,Y,Y,S,Y,N,Y
BANDHOLM,DK,54.833333,11.5,S,CB,E,N,J,O,,M,Y,,,Y,,Y,Y,,N,N,N
NAKSKOV,DK,54.833333,11.133333,S,CN,E,N,N,M,,L,Y,,Y,Y,,Y,Y,M,N,N,Y
RODBY HAVN,DK,54.65,11.35,V,CB,F,N,K,O,O,M,Y,,,Y,Y,Y,Y,,N,N,N
NYSTED,DK,54.666667,11.733333,V,CB,F,O,O,O,,M,,,,,,,,,,N,N
RUDKOBING,DK,54.95,10.716667,S,CB,G,P,J,O,,M,,,Y,Y,,Y,Y,,N,N,Y
MARSTAL,DK,54.916667,10.333333,S,CB,G,B,O,O,,M,,,,Y,,Y,Y,S,N,N,Y
AEROSKOBING,DK,54.883333,10.416667,V,CB,G,O,M,N,,M,Y,,Y,,,Y,Y,S,,,Y
SVENDBORG,DK,55.066667,10.616667,S,CN,E,O,M,O,N,M,Y,,,Y,,Y,Y,S,N,N,Y
NYBORG,DK,55.316667,10.8,S,CB,G,M,K,N,N,M,Y,,,Y,,Y,Y,S,Y,N,Y
ODENSE,DK,55.416667,10.383333,S,LC,E,M,K,M,N,M,Y,,Y,Y,,Y,Y,,Y,,Y
MIDDELFART,DK,55.5,9.733333,S,CB,G,N,E,N,,M,Y,,Y,Y,,Y,Y,,N,,Y
ASSENS,DK,55.266667,9.883333,S,CB,G,M,K,M,,M,,,,Y,,Y,Y,,N,Y,Y
FABORG,DK,55.1,10.25,S,CN,G,M,M,O,,M,,,,Y,,Y,Y,,Y,Y,
SONDERBORG,DK,54.916667,9.783333,S,RN,G,M,M,M,,M,Y,,,Y,,Y,Y,,N,Y,Y
AUGUSTENBORG,DK,54.95,9.866667,S,CN,G,O,K,O,,M,,Y,,,,,,,N,,
ABENRA,DK,55.05,9.433333,S,CB,G,J,A,M,K,L,,,,Y,,Y,Y,,Y,,Y
ENSTED,DK,55.016667,9.433333,V,OR,G,H,A,F,G,M,Y,Y,Y,,,Y,Y,,Y,,N
HADERSLEV,DK,55.25,9.5,S,RB,G,N,A,P,,M,Y,,,Y,,Y,Y,,N,Y,Y
KOLDING,DK,55.483333,9.5,S,RB,E,M,J,M,M,M,,Y,Y,Y,,Y,Y,M,,Y,Y
FREDERICIA,DK,55.566667,9.766667,S,CN,G,G,G,N,M,M,Y,,Y,Y,,Y,Y,M,Y,,Y
VEJLE,DK,55.716667,9.55,S,CN,G,M,H,M,M,M,Y,,Y,Y,,Y,Y,,N,N,Y
HORSENS,DK,55.866667,9.85,V,CB,F,M,K,N,M,M,Y,,Y,,,Y,,,,N,N
ARHUS,DK,56.15,10.216667,M,CB,G,J,J,L,L,L,Y,,Y,Y,Y,Y,Y,M,Y,,Y
STUDSTRUP,DK,56.25,10.35,M,CN,G,J,H,J,K,M,Y,Y,,Y,,Y,,,Y,,
GRENAA HAVN,DK,56.416667,10.933333,V,CB,G,N,L,O,M,M,Y,,Y,Y,,Y,,,N,,
RANDERS,DK,56.466667,10.05,S,RN,G,M,L,N,,M,Y,,Y,Y,,Y,,,N,,Y
HADSUND,DK,56.716667,10.116667,V,CN,G,N,N,N,,M,,,,Y,,Y,,,Y,,Y
MARIAGER,DK,56.65,9.983333,V,CN,E,N,H,N,,M,Y,,,,,Y,Y,,Y,N,Y
HOBRO,DK,56.633333,9.8,V,RN,E,N,H,N,,M,Y,,Y,,,,,,N,N,Y
HALS,DK,56.983333,10.316667,V,RN,G,J,K,P,,M,,,,,,Y,,S,Y,N,Y
ALBORG,DK,57.05,9.933333,S,RN,G,K,M,K,,L,Y,,Y,,Y,Y,Y,S,Y,,Y
FREDERIKSHAVN,DK,57.433333,10.55,S,CB,G,L,J,M,L,M,Y,,,Y,,Y,,M,,,Y
SKAGEN HAVN,DK,57.716667,10.6,S,CB,G,L,G,N,N,M,Y,,,Y,,Y,,,,,Y
GOLFITO,CR,8.633333,-83.166667,S,CN,G,L,H,L,L,L,Y,,N,N,N,Y,Y,,N,N,N
PUERTO QUEPOS,CR,9.433333,-84.166667,V,CN,P,,A,L,,M,Y,Y,Y,Y,,Y,Y,,N,,
PUERTO CALDERA,CR,9.916667,-84.716667,V,CN,F,J,H,L,K,L,Y,,,Y,,Y,,,Y,,Y
PUNTARENAS,CR,9.983333,-84.833333,V,OR,F,K,L,L,M,L,Y,Y,,Y,,,,,Y,,Y
PUERTO SANDINO,NI,12.183333,-86.766667,V,OR,P,K,H,O,G,L,,Y,,Y,,Y,Y,,N,N,Y
WALPOLE ISLAND,CA,42.616667,-82.516667,V,RN,E,M,L,Q,,M,Y,,,,,N,N,,Y,N,N
SOMBRA,CA,42.716667,-82.483333,V,RN,E,M,L,O,,M,Y,,,,,N,N,,Y,N,N
SACKETS HARBOR,US,43.95,-76.116667,V,CN,E,P,P,A,M,M,Y,,,,,Y,Y,,Y,N,N
OSWEGO,US,43.466667,-76.516667,S,RN,E,M,M,M,,M,Y,,,Y,,Y,Y,,Y,,
MASSON,CA,45.533333,-75.416667,V,RN,E,P,K,P,,,Y,,,,,,,,,,
GATINEAU,CA,45.483333,-75.65,V,RN,E,Q,P,P,,,Y,,,,,,,,,,
OTTAWA,CA,45.433333,-75.7,S,RN,E,P,K,O,,,Y,,,,,,Y,,,,
HULL,CA,45.433333,-75.7,V,RN,E,P,P,O,,,Y,,,,,,,,,,
BEAUHARNOIS,CA,45.316667,-73.883333,V,LC,E,O,H,O,,,Y,,,,,,,,,,
COTEAU LANDING,CA,45.25,-74.2,V,LC,E,O,O,O,,,Y,,,,,,,M,Y,,Y
ST ZOTIQUE,CA,45.25,-74.25,V,LC,E,P,P,P,,,Y,,,,,,,,,,
ST ANICET,CA,45.133333,-74.366667,V,RN,E,P,O,P,,,Y,,,,,,,,,,
SOUTH LANCASTER,CA,45.133333,-74.5,V,RN,E,P,P,P,,,Y,,,,,,,,,,
CORNWALL,CA,45.016667,-74.733333,V,LC,E,L,,L,,M,Y,,,,,Y,Y,,Y,,Y
CARDINAL,CA,44.783333,-75.383333,V,LC,E,,,M,,,Y,,,,,,,,Y,,
LOWER LAKES TERMINAL,CA,44.733333,-75.466667,S,RN,E,L,J,L,,,Y,,,Y,,,,L,,,Y
BROCKVILLE,CA,44.583333,-75.666667,V,CN,E,P,P,P,,,Y,,,,,Y,Y,,Y,,
ROCKPORT,CA,44.383333,-75.933333,V,RN,E,O,J,O,,,Y,,,,,Y,Y,,Y,,Y
GANANOQUE,CA,44.333333,-76.166667,V,RN,E,O,M,N,,,Y,,,,,Y,Y,,Y,,
WOLFE ISLAND,CA,44.2,-76.433333,V,RN,E,P,P,P,,,Y,,,,,,,,Y,,
KINGSTON,CA,44.233333,-76.5,V,CN,E,M,M,N,,M,Y,,Y,,,Y,Y,S,Y,Y,Y
OGDENSBURG,US,44.7,-75.5,S,RN,E,N,E,L,,,Y,,,Y,,Y,Y,S,Y,N,Y
ALEXANDRIA BAY,US,44.333333,-75.916667,V,RN,E,O,O,O,,M,Y,,,,,Y,Y,,Y,N,N
CLAYTON,US,44.233333,-76.05,V,RN,E,M,J,M,,M,Y,,Y,,,Y,Y,,N,N,N
MILLHAVEN,CA,44.2,-76.733333,V,CN,E,O,O,P,,,Y,,,,,,,,Y,,
PICTON,CA,44.016667,-77.133333,V,CN,E,P,O,P,,M,Y,,,,,Y,Y,,Y,N,N
BELLEVILLE,CA,44.15,-77.4,S,CN,E,O,N,O,O,M,Y,,,,,Y,Y,,Y,N,Y
TRENTON,CA,44.1,-77.566667,S,RN,E,O,O,Q,Q,,Y,,,,,,Y,,Y,,
COBOURG,CA,43.95,-78.166667,S,CB,E,O,M,O,P,M,Y,,,,,Y,Y,,Y,N,
PORT HOPE,CA,43.933333,-78.283333,S,CB,E,P,O,N,,M,Y,,,,,,,,Y,Y,
OSHAWA,CA,43.866667,-78.816667,S,CB,E,L,L,M,,M,Y,,,Y,,Y,Y,,Y,Y,
PORT WHITBY,CA,43.85,-78.933333,S,CB,E,P,O,M,Q,M,Y,,Y,,,Y,,S,Y,Y,N
TORONTO,CA,43.616667,-79.383333,M,CN,E,L,A,L,L,L,Y,,Y,,Y,Y,Y,S,Y,,Y
PORT CREDIT,CA,43.55,-79.583333,V,CB,E,P,M,L,,L,Y,,,,,Y,Y,,Y,Y,Y
CLARKSON,CA,43.5,-79.6,V,OR,F,M,J,M,M,L,Y,,,,,,,,Y,Y,N
OAKVILLE,CA,43.433333,-79.666667,V,CB,E,P,O,O,L,M,Y,,,,,Y,Y,,Y,,
BRONTE,CA,43.4,-79.716667,V,CB,E,P,O,O,,M,Y,,,,Y,Y,Y,,Y,Y,N
HAMILTON,CA,43.25,-79.85,M,CN,E,L,E,L,M,L,Y,,,Y,Y,Y,Y,,Y,,Y
PORT DALHOUSIE,CA,43.216667,-79.266667,V,CB,E,N,O,O,,M,Y,,,,,Y,Y,S,Y,,
PORT WELLER,CA,43.233333,-79.216667,S,RT,E,L,J,L,M,L,Y,,Y,,,,Y,L,Y,,Y
WELLAND,CA,43.0,-79.25,S,LC,G,L,,M,M,L,Y,,,,,Y,Y,,Y,Y,N
TOLIARA,MG,-23.366667,43.666667,V,OR,F,J,K,L,L,M,Y,Y,Y,Y,,N,N,,Y,,Y
MANANJARY,MG,-21.25,48.333333,V,OR,F,A,G,P,,,,Y,Y,,,N,N,,,,N
TOAMASINA,MG,-18.166667,49.416667,S,CB,G,K,G,N,H,M,Y,Y,Y,Y,Y,Y,Y,,Y,Y,Y
ANTSIRANANA,MG,-12.266667,49.283333,S,CB,G,G,L,L,L,L,Y,Y,Y,Y,,N,N,M,Y,,Y
HONUAPO,US,19.083333,-155.55,V,OR,P,H,A,M,,,,Y,,,,N,N,,,,
MILOLII,US,19.183333,-155.9,V,OR,P,A,A,P,,,,Y,,,,N,N,,,,
KAUHAKO BAY,US,19.383333,-155.9,V,CN,F,A,A,P,,,,Y,,,,N,N,,,,
NAPOOPOO,US,19.483333,-155.933333,V,CN,F,H,K,Q,,,,Y,,,,,,,,,
KAILUA,US,19.633333,-156.0,V,CN,F,L,H,N,,,Y,,,,,N,N,,,,
KIHOLO,US,19.866667,-155.95,V,CN,F,J,K,P,,,,Y,,,,N,N,,,,
KAWAIHAE,US,20.033333,-155.833333,S,CB,F,J,G,N,,M,Y,,,,,Y,,M,Y,,Y
MAHUKONA,US,20.183333,-155.9,V,CN,F,J,E,P,,,,Y,,,,,,,Y,,
KAHULUI,US,20.9,-156.466667,V,CB,G,J,F,K,N,M,Y,,,,,Y,Y,,Y,,Y
HANA,US,20.75,-155.983333,V,CN,P,K,L,L,,,Y,,,,,,,,Y,,
LAHAINA,US,20.866667,-156.666667,V,CB,G,P,E,P,,M,,Y,Y,,,N,N,,,,
KAUMALAPAU HARBOR,US,20.783333,-157.0,V,CB,G,J,H,L,,M,Y,,Y,,,Y,Y,,,,
PUKOO,US,21.066667,-156.8,V,TH,F,O,O,N,,,,Y,,,,,,,,,
KAMALO,US,21.05,-156.883333,V,CN,P,O,H,N,,,,Y,,,,Y,,,,,
KAUNAKAKAI,US,21.083333,-157.033333,V,OR,G,M,A,M,P,,Y,,Y,,,Y,Y,,Y,N,N
HONOLULU,US,21.3,-157.866667,M,CB,E,J,A,M,M,M,Y,,Y,Y,,N,Y,,Y,Y,Y
PORT ALLEN,US,21.9,-159.583333,S,CB,G,K,F,J,K,M,Y,,,,,Y,Y,,Y,,Y
NAWILIWILI BAY,US,21.95,-159.35,S,CB,F,J,J,K,,M,Y,,N,N,N,Y,Y,,Y,,Y
AHUKINI LANDING,US,22.0,-159.333333,V,CB,F,K,K,L,,,Y,,,,,,,,,,
MATA-UTU,WF,-13.283333,-176.133333,V,OR,F,M,J,O,,M,,Y,N,,,,,,,,
DEVONPORT,AU,-41.183333,146.366667,S,RB,E,L,B,M,N,L,Y,,Y,Y,Y,Y,,,Y,,Y
BEAUTY POINT,AU,-41.15,146.816667,S,CN,E,B,L,K,,M,Y,,,Y,,Y,Y,,Y,,Y
LAUNCESTON,AU,-41.45,147.116667,S,RN,E,P,L,L,J,L,Y,,Y,Y,,Y,Y,S,Y,,Y
WHANGAROA,NZ,-35.05,173.766667,V,CN,E,F,L,N,,M,Y,,,,,Y,Y,,,,
OPUA,NZ,-35.316667,174.116667,V,RN,G,N,J,M,,M,Y,,Y,,,Y,,,Y,,Y
WHANGAREI,NZ,-35.8,174.433333,S,RN,G,L,H,N,H,M,Y,,,Y,,Y,,,Y,,Y
AUCKLAND,NZ,-36.85,174.766667,L,RN,E,K,J,K,K,L,Y,,Y,Y,Y,Y,Y,L,Y,,Y
TAURANGA,NZ,-37.633333,176.166667,S,CN,E,G,C,K,J,M,Y,,Y,Y,,Y,Y,,Y,,Y
GISBORNE,NZ,-38.666667,178.033333,S,RB,G,K,C,K,K,M,Y,,,Y,Y,,Y,,Y,Y,Y
NAPIER,NZ,-39.483333,176.916667,S,CB,F,J,C,K,K,L,Y,,Y,Y,,Y,,,Y,,Y
WELLINGTON,NZ,-41.283333,174.783333,L,CN,E,K,H,K,J,L,Y,,Y,,,Y,Y,,Y,,Y
WANGANUI,NZ,-39.95,175.033333,V,RN,G,O,G,N,N,M,Y,,,Y,,Y,Y,,N,N,Y
NEW PLYMOUTH,NZ,-39.066667,174.033333,S,CB,F,K,A,K,A,L,,,,Y,,Y,Y,S,Y,Y,Y
VARNA,BG,43.183333,27.966667,L,CB,G,K,F,N,M,M,Y,,Y,Y,Y,Y,Y,L,Y,Y,Y
MANGALIA,RO,43.816667,28.583333,V,CB,F,M,A,M,,M,Y,Y,Y,Y,,Y,Y,M,Y,Y,Y
CONSTANTA,RO,44.166667,28.65,M,CB,G,C,A,M,H,M,Y,Y,Y,Y,Y,Y,Y,M,Y,N,Y
SULINA,RO,45.166667,29.666667,V,RN,G,K,J,N,,L,Y,Y,Y,,Y,Y,Y,,Y,N,Y
BRAILA,RO,45.25,27.983333,V,RN,G,J,M,M,,M,Y,,Y,Y,Y,Y,Y,S,Y,,Y
GALATI,RO,45.416667,28.083333,S,RN,G,L,M,N,,M,Y,,Y,Y,Y,Y,Y,S,Y,N,Y
IZMAYIL,UA,45.333333,28.85,V,RN,G,L,K,N,,M,Y,Y,Y,Y,Y,Y,Y,,Y,N,Y
ILLICHIVSK,UA,46.3,30.65,L,CB,G,H,D,K,,M,Y,,Y,Y,Y,Y,Y,M,Y,,Y
ODESA,UA,46.483333,30.733333,L,CB,G,L,K,L,N,M,Y,Y,,Y,Y,Y,Y,M,Y,N,Y
YUZHNYY,UA,46.6,31.016667,S,RB,F,H,G,G,J,M,Y,,Y,Y,Y,Y,Y,,Y,Y,Y
MYKOLAYIV,UA,46.95,31.983333,S,RB,F,K,M,M,,L,Y,Y,Y,Y,Y,Y,Y,M,Y,,Y
KHERSON,UA,46.616667,32.6,S,OR,G,N,L,L,M,M,Y,Y,,Y,Y,Y,,,Y,,Y
VERAVAL,IN,20.9,70.366667,V,OR,F,K,H,,,L,,Y,Y,Y,,,,S,N,,Y
BHAVNAGAR,IN,21.766667,72.233333,S,RT,G,O,J,O,,M,Y,Y,Y,Y,,Y,Y,S,Y,Y,Y
MUMBAI (BOMBAY),IN,18.966667,72.866667,L,CT,G,J,K,K,G,L,Y,N,Y,Y,Y,Y,Y,S,Y,N,Y
JAWAHARLAL NEHRU PORT (NHAVA SHIVA),IN,18.95,72.95,M,OR,G,J,H,H,H,L,Y,N,Y,Y,N,Y,Y,,Y,N,Y
MARMAGAO,IN,15.433333,73.8,S,RN,G,G,E,J,J,L,Y,,,Y,,Y,Y,M,Y,,Y
KARWAR,IN,14.816667,74.116667,V,CB,G,K,M,K,,L,Y,Y,,Y,,Y,,,Y,N,Y
AZHIKAL (AZHIKKAL),IN,11.916667,75.3,V,RN,P,P,L,P,,M,Y,N,Y,,,,,,N,,
CALICUT (KOZHIKODE),IN,11.25,75.766667,V,OR,N,,L,,,M,Y,Y,,,,Y,N,,Y,,Y
BEYPORE,IN,11.166667,75.8,V,OR,F,O,K,P,,M,Y,Y,Y,,,,Y,,Y,,Y
KOCHI (COCHIN),IN,9.966667,76.233333,M,CN,G,G,H,H,B,L,Y,Y,Y,Y,Y,Y,Y,M,Y,N,Y
QUILON (KOLLAM),IN,8.883333,76.583333,V,CB,G,L,H,M,,M,Y,N,,,,Y,,,Y,N,N
KOLACHEL,IN,8.166667,77.25,V,OR,F,,H,,,M,N,Y,,,,,,,N,,
NEATH,GB,51.633333,-3.833333,V,CN,G,O,D,N,N,,Y,,,,,Y,Y,,Y,N,Y
PORT TALBOT,GB,51.583333,-3.816667,S,CB,G,J,B,G,,M,Y,,Y,Y,,Y,Y,,Y,,Y
BARRY,GB,51.4,-3.266667,M,CT,E,P,K,L,L,M,Y,,Y,Y,Y,Y,Y,,Y,,Y
CARDIFF,GB,51.45,-3.166667,M,CT,E,Q,K,J,L,M,Y,,Y,Y,Y,Y,Y,,Y,,Y
NEWPORT,GB,51.55,-2.983333,M,RT,E,K,E,M,,L,Y,,Y,Y,,Y,Y,M,N,,Y
SHARPNESS,GB,51.716667,-2.483333,S,LC,G,P,M,M,,L,Y,,Y,Y,Y,Y,Y,S,Y,N,N
AVONMOUTH,GB,51.5,-2.716667,S,RT,E,M,K,L,K,M,Y,,,Y,,Y,Y,L,Y,,Y
BRISTOL,GB,51.466667,-2.633333,M,RT,E,M,M,G,G,M,Y,,Y,Y,,Y,Y,M,Y,,Y
BRIDGWATER,GB,51.133333,-3.0,V,RN,G,P,M,K,,M,Y,,,Y,,Y,Y,S,Y,N,N
WATCHET HARBOR,GB,51.183333,-3.333333,V,CB,F,P,M,N,,M,,,Y,Y,,Y,Y,,Y,N,N
BIDEFORD,GB,51.033333,-4.2,S,RN,G,P,H,N,O,M,Y,,,Y,,Y,Y,S,Y,N,Y
PADSTOW,GB,50.55,-4.933333,V,RN,E,P,G,O,,M,,,N,N,N,Y,Y,,Y,N,N
HAYLE,GB,50.183333,-5.416667,V,RB,G,P,H,P,,M,,,Y,Y,,Y,,,Y,N,N
NEWLYN,GB,50.1,-5.55,V,CB,G,G,G,N,,L,Y,,N,Y,N,Y,Y,,,N,Y
FALMOUTH HARBOUR,GB,50.15,-5.066667,M,CN,G,G,A,L,L,L,Y,,Y,Y,,Y,Y,M,Y,,Y
CORINTO,NI,12.483333,-87.166667,S,RN,G,H,L,H,H,L,Y,Y,,Y,,N,N,,Y,,Y
PUERTO DE HENCAN,HN,13.4,-87.45,V,RN,F,L,M,K,K,L,Y,Y,,,,N,N,,N,,Y
LA UNION,SV,13.333333,-87.833333,V,CN,G,N,J,G,M,L,Y,Y,,,,Y,Y,,N,N,N
ACAJUTLA,SV,13.583333,-89.833333,V,CB,P,,C,J,H,L,Y,,Y,Y,,Y,,,Y,N,Y
PUERTO QUETZAL,GT,13.916667,-90.8,V,CB,F,G,A,G,H,L,Y,,Y,Y,,Y,,,Y,,Y
PUERTO MADERO,MX,14.7,-92.45,V,RB,F,L,J,F,M,M,,Y,N,N,N,Y,N,S,Y,N,Y
SALINA CRUZ,MX,16.166667,-95.2,S,CB,G,J,M,K,K,L,Y,,,Y,,Y,Y,M,Y,N,Y
PAITA,PE,-5.083333,-81.116667,V,OR,G,K,D,G,K,L,Y,Y,Y,Y,,,,,Y,,Y
TALARA,PE,-4.583333,-81.283333,S,CN,F,E,O,J,J,L,Y,Y,Y,Y,,Y,Y,,Y,N,Y
BAHIA SAN VICENTE,CL,-36.733333,-73.166667,V,CN,F,A,D,J,H,L,Y,Y,Y,Y,Y,Y,Y,L,Y,,Y
TALCAHUANO,CL,-36.7,-73.1,S,CN,G,A,H,L,L,L,Y,Y,Y,Y,Y,Y,Y,M,Y,,Y
LIRQUEN,CL,-36.716667,-72.983333,V,CN,G,,G,H,,M,Y,Y,N,Y,N,Y,,,Y,,Y
PENCO,CL,-36.716667,-73.0,V,CN,G,,J,K,,L,Y,Y,,,,,,,Y,,
PUERTO SAN ANTONIO,CL,-33.583333,-71.616667,S,CB,G,A,A,J,K,L,Y,Y,Y,Y,,Y,Y,,Y,,Y
BAHIA DE VALPARAISO,CL,-33.033333,-71.616667,M,CB,F,A,A,J,G,L,Y,,Y,Y,Y,Y,Y,S,Y,,Y
BAHIA QUINTERO (VENTANAS),CL,-32.766667,-71.533333,V,OR,F,,D,G,A,L,Y,Y,,Y,,Y,N,,Y,N,Y
BAHIA HERRADURA GUAYACAN,CL,-29.966667,-71.366667,V,OR,G,F,H,K,F,L,Y,Y,,,,Y,Y,,Y,N,N
COQUIMBO,CL,-29.95,-71.333333,V,CN,G,B,L,K,,L,Y,Y,Y,Y,,Y,Y,,Y,N,Y
HUASCO,CL,-28.466667,-71.25,V,OR,F,A,A,B,G,L,Y,Y,,,,N,Y,,Y,N,Y
PUERTO CALDERA,CL,-27.05,-70.833333,V,CN,F,G,C,H,K,L,Y,Y,Y,,,N,Y,,Y,N,Y
PUERTO CALDERILLA,CL,-27.083333,-70.866667,V,CN,G,A,E,G,L,L,Y,Y,Y,Y,,N,N,,Y,,
PUERTO CHANARAL,CL,-26.35,-70.65,V,CN,F,A,G,H,C,L,Y,Y,,,,Y,Y,,Y,N,Y
TALTAL,CL,-25.4,-70.483333,V,CN,F,C,A,N,G,L,Y,Y,Y,,,N,,,Y,N,N
ANTOFAGASTA,CL,-23.65,-70.416667,M,CB,G,K,D,J,E,L,Y,Y,Y,Y,Y,,Y,,Y,N,Y
MEJILLONES,CL,-23.1,-70.466667,S,CN,G,C,A,H,G,L,Y,Y,Y,,,N,N,,Y,N,N
TOCOPILLA,CL,-22.083333,-70.233333,S,OR,F,A,A,J,H,L,Y,Y,Y,,,N,N,,Y,N,N
IQUIQUE,CL,-20.2,-70.166667,S,CB,G,H,A,F,K,L,Y,Y,Y,Y,,Y,Y,M,Y,Y,Y
RADA DE ARICA,CL,-18.466667,-70.333333,S,OR,P,F,D,J,H,L,Y,Y,Y,Y,,Y,Y,S,Y,,Y
PUERTO ILO,PE,-17.633333,-71.366667,V,OR,G,D,E,E,F,L,Y,Y,Y,Y,,N,N,,Y,N,Y
BAHIA DE MATARANI,PE,-17.0,-72.116667,S,CB,G,H,A,H,D,L,Y,Y,Y,,,N,Y,,Y,,Y
BAHIA SAN NICOLAS,PE,-15.25,-75.233333,V,CB,G,H,A,D,D,L,Y,Y,N,N,N,N,N,,Y,,Y
GARGANTUA,CA,47.566667,-84.966667,V,CN,G,O,H,P,,M,Y,,,,,,,,Y,N,N
MICHIPICOTEN,CA,47.966667,-84.9,V,CN,P,M,J,N,,M,Y,,,,,Y,Y,,Y,N,N
QUEBEC HARBOUR,CA,47.7,-85.8,V,CN,E,N,J,O,,M,Y,,,,,,,,Y,N,N
HERON BAY,CA,48.65,-86.316667,V,CN,F,M,J,M,,M,Y,,,,,,,,Y,N,N
THUNDER BAY,CA,48.4,-89.233333,M,CB,E,M,K,M,M,L,Y,,,Y,,Y,Y,M,Y,,Y
GRAND MARAIS,US,46.683333,-85.966667,V,CB,G,O,M,O,,M,Y,,,,,,Y,,Y,N,Y
MUNISING,US,46.416667,-86.65,V,CN,G,N,M,M,,M,Y,,,,,,Y,,Y,,
MARQUETTE,US,46.533333,-87.383333,S,CB,G,M,M,M,,M,Y,,,,,N,Y,,Y,N,N
PRESQUE ISLE,US,46.566667,-87.383333,V,CB,F,L,N,L,,M,Y,,,,,N,Y,,,N,N
L ANSE,US,46.766667,-88.466667,V,CN,F,N,N,M,,M,Y,,,,,Y,,,Y,N,N
AMUAY (BAHIA DE AMUAY),VE,11.75,-70.233333,S,OR,F,J,M,,H,L,Y,,,Y,Y,Y,Y,,Y,,Y
PUERTO CUMAREBO,VE,11.483333,-69.35,V,OR,P,,J,K,M,M,,Y,,,,Y,,,Y,,N
EL PALITO,VE,10.483333,-68.116667,V,OR,F,H,A,,G,L,Y,Y,,,,Y,Y,,Y,,Y
PUERTO CABELLO,VE,10.483333,-68.0,M,CN,E,K,J,H,K,L,Y,,,Y,Y,Y,,M,Y,,Y
LA GUAIRA,VE,10.616667,-66.933333,S,CB,G,L,C,J,,M,Y,,Y,Y,N,Y,Y,,Y,,Y
GUANTA,VE,10.25,-64.583333,S,OR,G,J,A,M,,L,Y,,,Y,,Y,,,Y,,Y
BAHIA DE PERTIGALETE,VE,10.233333,-64.566667,S,CN,F,H,H,J,G,M,,,,,,Y,,,Y,,Y
CARUPANO,VE,10.7,-63.25,V,CB,F,L,L,B,,M,Y,,,Y,,,,,Y,,Y
GUIRIA,VE,10.566667,-62.3,V,CB,F,N,K,N,,M,Y,,,Y,,Y,,,Y,,N
PUERTO DE HIERRO,VE,10.633333,-62.1,S,OR,F,,M,N,,L,Y,,Y,Y,,,,,Y,N,N
CARIPITO,VE,10.15,-63.033333,V,RN,E,K,G,,K,L,Y,,Y,Y,,Y,Y,,Y,,Y
PALUA,VE,8.366667,-62.683333,V,RN,P,,,H,,L,Y,,Y,,,Y,,,Y,N,Y
PUERTO ORDAZ,VE,8.35,-62.716667,S,RN,F,K,,K,J,L,Y,,,Y,,Y,Y,,Y,,Y
GEORGETOWN,GY,6.833333,-58.166667,M,RN,G,M,N,M,M,L,Y,Y,Y,Y,N,,Y,S,Y,N,Y
LINDEN,GY,6.0,-58.3,V,RN,E,M,,M,O,M,Y,,,,,Y,,,Y,N,N
NEW AMSTERDAM,GY,6.25,-57.516667,V,RN,G,Q,O,N,N,,Y,Y,,,,Y,,,Y,N,N
NIEUW NICKERIE,SR,5.95,-57.0,V,RN,F,O,O,P,O,M,Y,Y,N,N,N,Y,Y,,Y,,N
PARAMARIBO,SR,5.833333,-55.166667,S,RN,E,O,N,N,N,L,Y,Y,,Y,,Y,N,,Y,N,Y
PARANAM,SR,5.616667,-55.1,V,RN,E,O,K,L,,L,Y,,Y,,,Y,,M,Y,N,N
BASSE TERRE,GP,16.0,-61.733333,V,OR,P,,A,L,,L,Y,Y,,Y,,N,Y,,Y,N,N
PORT LOUIS,GP,16.416667,-61.533333,V,OR,P,,J,Q,,L,,Y,,,,,,,,,
ROSEAU,DM,15.3,-61.4,V,CN,F,A,A,K,K,L,Y,,,,Y,,Y,,Y,N,N
PORTSMOUTH,DM,15.566667,-61.466667,V,CN,F,,K,G,,L,,Y,,,,Y,N,,N,N,N
FORT DE FRANCE,MQ,14.6,-61.066667,M,OR,G,K,K,H,G,L,Y,,,Y,,Y,,M,Y,Y,Y
THOROLD,CA,43.083333,-79.716667,S,LC,G,L,,L,,L,Y,Y,,,,Y,Y,,Y,N,N
ST CATHERINE,CA,43.183333,-79.283333,V,LC,G,K,K,M,M,L,Y,Y,,,,Y,Y,,Y,N,N
NIAGARA,CA,43.25,-79.066667,V,RN,E,N,H,K,,M,Y,,,,Y,,,,Y,N,N
QUEENSTON,CA,43.166667,-79.066667,V,RN,E,M,L,O,,M,Y,,,,,,,,Y,N,N
CHAUMONT,US,44.066667,-76.133333,V,CN,E,L,N,P,,M,Y,,,,,Y,Y,,Y,N,N
CUMBERLAND,CA,45.516667,-75.4,V,RN,E,P,P,P,,,Y,,,,,,,,,,
ORMOS ALIVERIOU,GR,38.383333,24.05,M,CB,P,J,A,N,,M,Y,Y,Y,Y,,Y,,,Y,N,Y
PORTHMOS EVRIPOU,GR,38.466667,23.583333,V,CN,G,N,M,M,,M,Y,Y,,,,Y,,,Y,,
LARIMNA,GR,38.566667,23.283333,V,CN,G,J,K,J,,M,,,,,,,,,,,
STILIS,GR,38.916667,22.616667,V,CN,F,O,G,N,,M,,,,Y,,N,N,,Y,N,N
TSINGELI,GR,39.166667,22.85,V,CN,F,J,J,P,,M,,,,,,,,,,,
VOLOS,GR,39.366667,22.95,M,CB,G,K,B,J,,M,Y,,Y,Y,Y,Y,Y,,Y,,Y
MILIANA,GR,39.166667,23.216667,V,CN,G,A,A,,,M,,Y,,,,,,,,,
THESSALONIKI,GR,40.633333,22.933333,M,CN,G,,C,J,E,L,Y,Y,Y,Y,Y,N,N,M,Y,N,Y
YERAKINI,GR,40.266667,23.466667,V,CN,F,N,K,K,,M,,Y,,,,N,Y,,Y,N,N
STRATONI,GR,40.516667,23.833333,V,CN,F,A,A,O,,M,,Y,,,,N,,,Y,N,N
LAGOS,GR,41.0,25.133333,V,CN,F,O,N,N,,M,,,,,,,,,N,,
ALEXANDROUPOLI,GR,40.833333,25.883333,M,CB,F,K,K,K,,M,Y,Y,Y,Y,Y,,Y,,N,N,Y
MITILINI,GR,39.1,26.566667,S,CB,F,,E,L,,M,Y,Y,,Y,Y,Y,Y,,N,N,N
PLOMARION,GR,38.983333,26.366667,V,CB,P,A,A,,,M,,Y,,,,Y,,,,N,N
VRAKHONISIS KALLONIS,GR,39.083333,26.083333,V,CN,G,E,M,P,,M,,Y,,,,,,,,N,N
KHIOS,GR,38.366667,26.133333,V,CB,G,,A,M,,M,Y,,,,,,Y,,Y,N,N
NEON KARLOVAS,GR,37.8,26.683333,S,CB,F,,A,O,,M,Y,Y,,,Y,,,,N,N,N
SAMOS,GR,37.75,26.966667,V,CN,F,O,A,P,,M,Y,Y,,,,N,,,N,,N
PITHAGORION,GR,37.683333,26.95,V,CB,F,N,K,N,,M,,Y,,,,N,N,,,N,N
GAVRIO,GR,37.883333,24.733333,V,CN,F,J,N,P,,M,Y,Y,,,,,,,Y,,
ANDROS,GR,37.833333,24.95,V,CN,F,J,J,P,,M,,,,,,,,,,,
MIKONOS,GR,37.45,25.333333,V,CN,P,N,C,M,,L,,,,,,N,Y,S,,N,N
LIMIN SIROU,GR,37.433333,24.95,V,CB,F,C,C,N,L,M,Y,Y,,,Y,Y,Y,M,Y,,Y
NISOS NAXOS,GR,37.1,25.366667,V,OR,F,J,J,P,,M,,Y,,,,Y,,,,,
DHIAVLOS STENO,GR,38.45,23.6,V,CN,G,N,M,M,,L,Y,,,Y,,,,,Y,N,N
SHENGJIN,AL,41.816667,19.6,V,CN,F,O,C,N,,,,Y,,,Y,N,N,,Y,,Y
DURRES,AL,41.316667,19.45,S,CB,F,L,L,L,M,M,Y,N,Y,Y,Y,Y,Y,M,Y,Y,Y
VLORES,AL,40.466667,19.5,V,CN,F,L,A,L,J,M,Y,,,Y,,Y,Y,,Y,,Y
KERKIRA,GR,39.616667,19.933333,M,OR,G,L,A,O,M,M,Y,Y,Y,Y,,,Y,L,Y,N,Y
PREVEZA,GR,38.95,20.75,V,CN,F,L,J,N,N,M,,Y,,,,Y,Y,M,N,N,Y
ARGOSTOLION,GR,38.183333,20.516667,V,CN,F,,G,N,,L,Y,Y,,,,N,N,,,N,Y
MESOLONGION,GR,38.366667,21.416667,V,CB,P,N,A,N,,M,Y,Y,,,,Y,Y,,,N,Y
ITEA,GR,38.433333,22.416667,V,OR,P,K,E,M,,M,Y,Y,,,,N,N,,Y,N,N
MANUKAU HARBOR,NZ,-36.933333,174.783333,M,CN,G,O,N,N,K,L,Y,,Y,Y,,Y,Y,,N,,Y
COLLINGWOOD,NZ,-40.683333,172.666667,V,CN,G,P,K,P,,,Y,,,Y,,Y,Y,,Y,,Y
NELSON,NZ,-41.266667,173.266667,S,CB,G,M,J,L,L,L,Y,,Y,Y,,Y,Y,S,Y,,Y
PICTON,NZ,-41.283333,174.016667,S,RB,G,H,A,N,,L,Y,,Y,Y,,Y,,,Y,N,Y
PORT LYTTELTON,NZ,-43.6,172.716667,V,CB,E,J,G,K,H,M,Y,,Y,Y,,Y,,M,Y,Y,Y
AKAROA,NZ,-43.8,172.966667,V,CN,G,H,N,P,,M,Y,,,,,,Y,,,,N
TIMARU,NZ,-44.4,171.25,S,CB,E,K,H,L,K,M,Y,,,Y,,Y,Y,,Y,,Y
OTAGO HARBOR,NZ,-45.816667,170.633333,S,RB,G,G,A,H,N,M,Y,,Y,,,Y,Y,S,Y,,Y
BLUFF HARBOR,NZ,-46.6,168.333333,S,CB,E,H,G,,J,M,Y,,Y,Y,,Y,,S,Y,Y,Y
GREYMOUTH,NZ,-42.433333,171.216667,V,RN,G,P,E,N,,M,Y,,,Y,,,Y,,N,N,N
WESTPORT,NZ,-41.75,171.6,V,RN,E,O,E,O,,M,Y,,,Y,,Y,Y,,Y,,Y
KINGSTON,NF,-29.066667,167.95,V,OR,P,P,E,P,J,M,,Y,,Y,,N,N,,N,N,N
CHARLESTOWN,GB,50.333333,-4.75,V,CT,G,,K,N,,M,,,,Y,,Y,Y,,Y,N,N
PAR,GB,50.35,-4.7,V,CB,G,Q,K,N,,M,Y,,,Y,,Y,Y,S,Y,N,N
HOLYHEAD,GB,53.316667,-4.633333,S,CB,G,O,J,H,,M,Y,,,Y,,Y,Y,S,Y,,Y
CAERNARVON,GB,53.15,-4.266667,S,RB,G,Q,N,O,O,,,,Y,,,,Y,,Y,N,
SLIGO,IE,54.266667,-8.466667,V,RB,E,P,J,O,,M,Y,,Y,Y,,Y,Y,,Y,N,Y
WESTPORT,IE,53.8,-9.533333,V,CN,F,P,L,O,,,Y,,Y,N,N,Y,Y,,Y,,
GALWAY,IE,53.266667,-9.05,V,RT,F,O,K,M,,M,Y,,Y,Y,,Y,Y,,Y,N,Y
LIMERICK,IE,52.633333,-8.616667,S,RT,G,P,J,N,N,M,Y,,Y,Y,,Y,Y,L,Y,,Y
FOYNES,IE,52.616667,-9.116667,L,RN,G,M,A,A,G,L,Y,,Y,Y,,Y,Y,S,Y,N,Y
TARBERT,IE,52.583333,-9.366667,V,RN,G,D,J,P,G,L,,,,,,N,,,Y,N,Y
FENIT,IE,52.266667,-9.866667,V,CN,G,N,N,M,,M,Y,,Y,Y,,Y,Y,,N,N,N
BANTRY,IE,51.683333,-9.45,V,CN,E,K,B,K,B,L,Y,Y,N,N,N,Y,Y,,Y,Y,Y
COBH,IE,51.85,-8.3,M,RN,E,J,E,L,,M,Y,,Y,Y,,Y,Y,S,Y,Y,Y
CORK,IE,51.85,-8.266667,M,RN,E,N,E,J,J,M,Y,,Y,Y,,Y,Y,S,Y,,Y
WATERFORD,IE,52.266667,-7.116667,V,RN,G,N,L,L,,L,Y,,Y,Y,Y,Y,Y,,Y,N,N
ROSSLARE,IE,52.25,-6.333333,S,CB,F,M,M,M,,M,Y,,N,Y,N,Y,Y,,N,N,N
KARATSU,JP,33.483333,129.966667,S,CN,G,M,K,L,J,L,Y,,,,,Y,,,N,,N
HAKATA,JP,33.6,130.4,M,CB,G,G,H,G,N,L,Y,,Y,Y,Y,Y,Y,,N,,Y
IZUHARA,JP,34.2,129.3,V,CN,F,G,G,M,,L,Y,,,,,Y,,,,,N
KIN WAN,JP,26.416667,127.9,V,OR,P,A,A,F,A,L,Y,Y,,,,Y,,,Y,Y,Y
NAHA KO,JP,26.216667,127.683333,S,CB,G,H,H,G,M,L,Y,Y,Y,Y,Y,Y,,,Y,N,Y
HIRARA KO,JP,24.8,125.283333,V,CN,F,L,A,L,,,,,,,,,,,,,
ISHIGAKI,JP,24.333333,124.166667,V,OR,F,L,B,K,,M,Y,,,,,,,,,,
OKHOTSK IY REYD,RU,59.366667,143.2,V,RN,F,O,M,O,,,,Y,,Y,,,,,Y,,Y
WAKAMATSU KO,JP,33.9,130.816667,L,CN,F,K,D,E,,L,Y,,,,Y,Y,Y,S,Y,,Y
HAGI KO,JP,34.416667,131.4,V,CN,F,M,E,M,,,Y,,,,,Y,Y,,N,,Y
HAMADA KO,JP,34.9,132.083333,V,CB,G,L,H,H,,L,Y,Y,N,N,N,Y,Y,S,N,N,Y
SAKAI KO,JP,35.55,133.25,S,CN,F,K,J,H,L,L,Y,,Y,,,Y,Y,M,N,,Y
MIYAZU,JP,35.533333,135.2,M,CN,F,K,G,N,,L,Y,,N,N,N,Y,,,N,,Y
MAIZURU KO,JP,35.516667,135.333333,S,CN,F,K,D,J,,L,Y,,Y,Y,,Y,Y,L,N,,Y
KANAZAWA,JP,36.616667,136.6,S,RB,F,K,J,N,M,L,Y,,Y,Y,,Y,,,N,,Y
NANAO KO,JP,37.05,136.983333,S,CN,G,K,E,K,G,L,Y,,Y,Y,,Y,,,Y,,Y
BARAGA,US,46.783333,-88.483333,V,CN,G,N,N,N,,M,Y,,,,,Y,,,Y,N,N
COPPER HARBOR,US,47.466667,-87.866667,V,CN,F,O,N,O,,M,Y,,,,,Y,,,Y,N,N
EAGLE HARBOR,US,47.466667,-88.166667,V,CN,P,N,O,P,,M,Y,,,,,Y,,,Y,N,N
HOUGHTON,US,47.116667,-88.566667,S,LC,E,M,L,M,,M,Y,,,,,Y,Y,,Y,N,N
ONTONAGON,US,46.883333,-89.333333,V,RN,G,N,M,N,,M,Y,,,,,Y,,,N,N,N
ASHLAND,US,46.6,-90.866667,S,CN,G,M,L,M,,M,Y,,,,,Y,Y,,Y,Y,N
WASHBURN,US,46.666667,-90.883333,V,CN,F,M,L,N,,M,Y,,,,,Y,Y,,Y,N,N
BAYFIELD,US,46.8,-90.816667,V,CN,P,P,H,N,,M,Y,,,,,Y,Y,,Y,N,N
LA POINTE,US,46.783333,-90.783333,V,CN,P,P,H,P,,M,Y,,,,,,Y,,Y,N,N
TWO RIVERS,US,44.15,-87.566667,V,CB,F,P,H,P,,M,Y,,,,,Y,Y,,Y,N,N
KEWAUNEE,US,44.466667,-87.5,V,CB,F,P,K,P,,M,Y,,,,,Y,Y,,Y,N,N
ALGOMA,US,44.6,-87.433333,V,RN,F,P,L,P,,M,Y,,,,,Y,Y,,Y,N,N
SAGINAW,US,43.433333,-83.933333,S,RN,E,L,M,M,N,M,Y,,Y,Y,,Y,Y,,Y,N,N
ALABASTER,US,44.183333,-83.55,V,OR,P,N,L,M,,M,Y,,,,,,Y,,Y,N,N
TAWAS CITY,US,44.266667,-83.5,V,CN,P,Q,M,P,,M,Y,,,,,,,,Y,N,N
AU SABLE,US,44.4,-83.316667,V,RN,E,Q,N,Q,,M,Y,,,,,,Y,,Y,N,N
OSCODA,US,44.416667,-83.316667,V,RN,E,Q,N,Q,,M,Y,,,,,,Y,,Y,N,N
ALPENA,US,45.066667,-83.416667,S,CN,G,M,H,M,,M,Y,,,,,,Y,,Y,N,N
ROCKPORT,US,45.2,-83.383333,V,OR,P,M,K,M,,M,Y,,,,,,,,Y,N,N
CALCITE,US,45.416667,-83.783333,V,CB,P,M,,M,,L,Y,,,,,,,,Y,N,Y
ROGERS CITY,US,45.45,-83.816667,V,OR,P,P,P,P,,M,Y,,,,,Y,Y,,Y,N,N
CHEBOYGAN,US,45.65,-84.466667,S,RN,E,M,N,M,M,M,Y,,,,,Y,Y,,Y,,
MACKINAW CITY,US,45.783333,-84.716667,V,LC,P,N,N,M,,M,Y,,Y,,,Y,Y,,Y,N,N
MACKINAC ISLAND,US,45.85,-84.616667,V,CB,F,L,L,O,,M,Y,,,,,Y,Y,,Y,N,N
ST IGNACE,US,45.85,-84.716667,V,CN,F,M,J,M,,M,Y,,,,,Y,Y,,Y,N,N
SAULT STE MARIE,US,46.5,-84.35,S,RN,E,L,L,N,M,M,Y,,,,,Y,Y,,Y,N,Y
ST. JAMES HARBOR,US,45.733333,-85.516667,V,CN,F,O,K,O,,M,Y,,,,,Y,Y,,Y,N,N
HARBOR SPRINGS,US,45.433333,-84.983333,V,CN,E,N,H,N,,M,Y,,,,,Y,Y,,Y,N,N
PETOSKEY,US,45.366667,-84.966667,V,CB,F,O,M,P,,M,Y,,,,,Y,Y,,Y,N,N
CHARLEVOIX,US,45.316667,-85.266667,V,LC,G,N,H,N,,M,Y,,,,,Y,Y,,Y,N,N
TRAVERSE CITY,US,44.766667,-85.616667,V,CN,F,M,M,N,M,M,Y,,,,,Y,Y,,Y,N,N
LELAND,US,45.016667,-85.766667,V,CB,F,O,P,P,,M,Y,,,,,,Y,,Y,N,N
FRANKFORT,US,44.633333,-86.25,S,CN,E,M,M,M,N,M,Y,,,,,Y,Y,,Y,N,N
MANISTEE,US,44.25,-86.316667,S,RN,E,M,E,M,,M,Y,,Y,,,Y,Y,,Y,N,N
LUDINGTON,US,43.95,-86.45,S,RN,E,L,L,L,,,Y,,,,,Y,Y,,Y,,
WHITE LAKE,US,43.383333,-86.35,S,RN,E,P,P,P,,M,Y,Y,,,,Y,Y,,Y,N,N
MUSKEGON,US,43.233333,-86.266667,S,RN,E,L,L,M,,M,Y,,Y,Y,,Y,Y,,Y,N,N
ZHAPU,CN,30.583333,121.083333,S,OR,F,L,J,J,H,M,,,Y,Y,Y,Y,,S,Y,,Y
SANYA,CN,18.316667,109.45,V,OR,F,M,N,O,,M,,,,,,Y,,,,,
YANGPU,CN,19.733333,109.183333,V,CB,P,L,L,H,,M,Y,Y,,Y,,Y,,,Y,,Y
CHIWAN,CN,19.966667,110.033333,V,CB,F,K,O,O,N,M,,,,Y,,Y,Y,,Y,,Y
SHUI DONG,CN,21.483333,111.083333,V,CB,F,K,K,N,M,M,,Y,Y,Y,,Y,,,Y,,Y
ZHUHAI,CN,22.233333,113.583333,V,CB,G,L,O,N,M,M,,,Y,Y,Y,Y,,,,,Y
QINZHOU,CN,21.733333,108.583333,V,CN,F,H,J,K,M,L,,,,,,,Y,S,,,Y
HUANGPU,CN,23.083333,113.416667,S,RN,F,K,K,L,,M,Y,,,Y,Y,Y,Y,S,Y,,Y
CHANGZHOU,CN,31.966667,119.983333,S,OR,P,K,N,J,,M,Y,,Y,Y,,Y,,,Y,,Y
HANKO,FI,59.816667,22.95,S,CB,P,M,A,H,,M,Y,,Y,Y,,Y,,,Y,,Y
TOREHAMN,SE,65.9,22.65,V,CN,G,L,L,M,,M,Y,Y,,,,Y,,,Y,,
TARAKOHE,NZ,-40.85,172.9,V,CN,F,O,M,M,,M,,,,,,Y,,,,,Y
KOPMANHOLMEN,SE,63.166667,18.583333,V,CN,G,L,A,P,,M,,Y,,Y,,Y,Y,,Y,,
BAKAPIT,MY,4.95,118.583333,V,CN,F,N,O,O,,M,,,,,,,,,,,Y
ORNSKOLDSVIK,SE,63.283333,18.716667,S,CB,G,H,C,O,M,M,Y,Y,Y,Y,,Y,Y,,Y,,Y
HUSUM,SE,63.333333,19.15,V,CN,G,K,M,M,K,M,Y,Y,Y,Y,,Y,Y,,Y,,Y
RUNDVIK,SE,63.533333,19.45,V,CN,G,L,O,M,,M,Y,Y,,,,Y,Y,,Y,,
NORDMALING,SE,63.566667,19.483333,V,CN,G,O,O,N,N,M,Y,Y,,,,Y,,,Y,,
BINTANGOR,MY,2.166667,111.633333,V,RN,F,N,O,O,,,,,,,,Y,,,,N,N
MOSTYN,MY,4.683333,118.25,V,OR,F,A,,L,,,Y,Y,,,,N,,,N,N,N
KEMAMAN HARBOR,MY,4.25,103.466667,V,CN,G,G,C,J,H,L,Y,,Y,Y,,,Y,,Y,,Y
UMEA HAMN,SE,63.7,20.35,S,CB,G,H,G,N,K,M,Y,Y,Y,,,Y,Y,,Y,,Y
TG. MANI,MY,2.15,111.35,V,RN,F,L,L,K,,M,Y,Y,,,,Y,,S,,,Y
GUMBODAHAMN,SE,64.233333,21.1,V,RB,G,N,N,N,,,Y,Y,,,,,,,Y,,
TANJUNG PELEPAS,MY,1.35,103.55,M,RB,G,G,F,G,G,L,Y,Y,Y,Y,,Y,,,Y,,Y
BONGKOT TERMINAL,TH,8.05,102.333333,V,OR,P,A,A,,A,L,,Y,,,,N,N,,Y,,Y
VUNG TAU,VN,10.35,107.066667,S,RN,F,L,H,L,G,L,Y,Y,Y,Y,Y,Y,Y,S,Y,,Y
SKELLEFTEHAMN,SE,64.683333,21.233333,S,CN,G,L,J,N,L,M,Y,Y,Y,,,Y,Y,,Y,,Y
KAGEHAMN,SE,64.833333,21.033333,V,CN,G,M,L,N,,M,Y,Y,,,,Y,,,,,
PATTANI,TH,6.95,101.3,S,CN,F,P,K,N,,,,Y,,,,,,,,,
TANTAWAN MARINE TERMINAL,TH,10.083333,101.416667,V,OR,P,,A,,A,M,,,,,,N,,,Y,,Y
BRANNFORS,SE,65.016667,21.383333,V,CN,G,M,N,O,,M,Y,Y,,,,,,,Y,,
BANG SAPHAN,TH,11.183333,99.6,V,CN,F,G,E,L,,M,,,Y,Y,,Y,,,Y,Y,Y
KHANOM,TH,9.2,99.9,V,CN,F,K,H,L,,,,,,,,,,,N,,Y
LAEM CHABANG,TH,13.083333,100.883333,S,CB,P,H,G,H,A,L,Y,,Y,Y,Y,Y,,M,Y,,Y
PITEA,SE,65.316667,21.483333,S,CN,G,J,M,,H,M,Y,,Y,,,Y,,,Y,,Y
ERAWAN TERMINAL,TH,9.1,101.35,V,OR,P,A,A,,A,L,,,,,,N,N,,Y,,Y
BENCHAMAS TERMINAL,TH,10.516667,101.25,V,OR,P,,A,,A,L,Y,,,,,N,,,,,Y
LULEA,SE,65.583333,22.166667,M,CN,G,J,C,L,L,M,Y,,Y,Y,,Y,Y,,Y,Y,Y
SI RACHA,TH,13.166667,100.916667,M,OR,F,G,B,H,,L,,,Y,Y,,Y,,,Y,,Y
MAP TA PHUT,TH,12.666667,101.166667,V,CB,F,K,,H,N,L,,,,Y,,Y,,,Y,,Y
GAVLE,SE,60.683333,17.166667,S,CN,G,K,J,L,K,M,Y,Y,Y,,,Y,,,Y,,Y
COLON,AR,-32.216667,-58.133333,V,RN,E,O,,L,,,Y,,Y,,,,Y,,Y,Y,
LA PLATA,AR,-34.833333,-57.883333,M,RB,E,L,L,M,L,L,Y,Y,Y,Y,,Y,Y,M,Y,,Y
DEGRAD DES CANNES,GF,4.85,-52.266667,V,RN,F,O,L,N,,L,Y,,,Y,,Y,Y,,Y,,N
PORTO SANTANA,BR,-0.05,-51.183333,V,RN,G,K,B,K,M,L,Y,,,Y,,,,,Y,N,N
LAUTOKA HARBOR,FJ,-17.6,177.45,V,CB,G,K,H,M,J,M,Y,,,Y,,Y,Y,S,Y,N,Y
SUVA HARBOR,FJ,-18.133333,178.416667,S,CN,G,A,E,L,L,L,Y,Y,,Y,Y,Y,Y,S,Y,,Y
LEVUKA,FJ,-17.683333,178.833333,S,CN,G,D,A,L,L,M,Y,,N,N,N,,Y,,Y,N,Y
MALAI,FJ,-16.35,179.366667,V,CB,G,K,F,J,J,,Y,Y,,,,N,,,Y,N,Y
SAVUSAVU BAY,FJ,-16.766667,179.333333,V,OR,F,P,A,N,,M,Y,Y,,,,N,N,,Y,,
NUKU ALOFA,TO,-21.133333,-175.2,V,CN,G,J,A,G,,M,Y,,,,,,Y,,Y,N,N
PANGAI,TO,-19.8,-174.35,V,CN,F,N,A,P,,M,,Y,,,,Y,,,,,Y
NEIAFU,TO,-18.65,-173.983333,V,CN,G,N,A,L,,M,Y,Y,N,N,N,Y,,,Y,N,Y
FUNAFUTI ATOLL,TV,-8.516667,179.133333,V,CN,G,N,H,N,L,M,Y,,,Y,,,Y,,Y,N,N
PORT BONYTHON,AU,-33.016667,137.766667,S,OR,P,J,F,,E,M,Y,,,,,N,N,,Y,Y,Y
PORT LINCOLN,AU,-34.716667,135.85,M,CB,E,G,B,G,L,M,Y,,,Y,,Y,,,Y,,Y
THEVENARD,AU,-32.166667,133.65,S,CN,F,L,M,K,,M,Y,,,,,Y,Y,,Y,,Y
ESPERANCE,AU,-33.866667,121.9,V,CB,G,D,A,D,G,M,Y,,,Y,,,Y,,Y,N,Y
ALBANY,AU,-35.033333,117.883333,S,CN,E,J,K,J,K,M,Y,Y,,,,,Y,,Y,N,Y
BUNBURY,AU,-33.316667,115.633333,S,CB,E,H,G,J,,M,Y,,,Y,,Y,,,Y,,Y
FREMANTLE,AU,-32.05,115.75,L,CB,G,H,G,H,K,M,Y,,Y,Y,Y,Y,Y,M,Y,,Y
GERALDTON,AU,-28.783333,114.6,V,CB,G,G,J,H,K,M,Y,,Y,,,,Y,,Y,Y,Y
POINT MURAT,AU,-21.816667,114.183333,V,OR,P,J,L,J,K,L,Y,,,Y,,N,Y,,N,N,N
ONSLOW,AU,-21.65,115.1,V,OR,P,P,M,M,,,,Y,,,,Y,Y,,,,
PORT WALCOTT,AU,-20.65,117.183333,V,OR,F,H,J,D,K,M,,Y,,Y,,N,N,,Y,Y,Y
DAMPIER,AU,-20.633333,116.716667,M,CB,F,J,A,D,M,M,,Y,,Y,,Y,Y,,Y,Y,Y
PORT HEDLAND,AU,-20.316667,118.583333,S,RN,E,G,N,E,K,L,Y,,,Y,,,Y,,Y,,Y
BROOME,AU,-17.966667,122.233333,S,CN,E,J,G,L,K,M,Y,,,Y,,,Y,,Y,N,Y
WYNDHAM,AU,-15.466667,128.1,V,RN,G,M,K,L,L,M,Y,,,Y,,Y,,,Y,N,N
DARWIN,AU,-12.466667,130.85,M,CN,E,D,E,L,J,M,Y,,Y,Y,,Y,,S,Y,,Y
AIGIO,GR,38.25,22.083333,V,OR,F,J,A,N,,M,,Y,,,,,,,Y,,
PATRAI,GR,38.25,21.733333,S,CB,G,M,A,J,,L,Y,,Y,Y,,Y,Y,,Y,Y,Y
KATAKOLON,GR,37.65,21.316667,V,CB,F,K,K,K,,M,Y,Y,,,,Y,Y,,N,N,N
PILOS,GR,36.9,21.666667,V,CN,F,N,E,K,,M,,Y,,,,N,N,,Y,N,N
KALAMATA,GR,37.016667,22.116667,S,CB,F,K,A,K,O,M,Y,Y,,Y,,Y,Y,,Y,N,N
YITHION,GR,36.75,22.566667,V,OR,F,O,A,L,,M,,,,,,N,N,,,N,N
NAVPLIO,GR,37.566667,22.8,V,CB,E,N,K,N,,M,Y,Y,,Y,,,,,N,,
MEGARA OIL TERMINAL,GR,37.966667,23.4,V,OR,F,,A,,H,L,Y,,,,,,,,Y,,Y
AYIOS NIKOLAOS,GR,37.983333,23.533333,V,CB,F,K,H,L,,,,,,,,,,S,Y,,
ELEVSIS,GR,38.033333,23.55,S,OR,P,,J,J,G,L,Y,,,,,Y,Y,M,Y,N,Y
PAKHI OIL TERMINAL,GR,37.966667,23.383333,V,OR,P,A,A,A,A,M,Y,,,,,Y,Y,,Y,,Y
PERAMA,GR,37.966667,23.566667,S,OR,F,J,L,J,L,L,Y,,,Y,,Y,Y,M,Y,,
NIIGATA KO,JP,37.916667,139.05,M,RB,F,K,A,G,G,L,Y,,Y,Y,Y,Y,,M,N,,Y
RYOTU KO,JP,38.083333,138.566667,V,CN,F,D,A,M,K,L,,Y,,,,Y,,,,,
SAKATA KO,JP,38.933333,139.816667,S,CT,F,K,A,H,M,L,Y,,,Y,,Y,Y,,N,,Y
AKITA-FUNAKAWA KO,JP,39.833333,140.0,V,CB,P,H,H,H,D,L,Y,,,Y,,Y,,,N,Y,Y
HANNAN KO,JP,34.466667,135.35,S,CN,F,J,E,J,K,M,Y,,Y,,,Y,,S,Y,,Y
TAKAMATSU,JP,34.35,134.05,V,CB,F,K,K,J,M,L,Y,,,Y,,Y,,S,N,N,Y
KOMATSUSHIMA,JP,34.016667,134.6,S,CB,F,L,K,J,,,Y,,Y,Y,,Y,,,N,,Y
TACHIBANA,JP,33.866667,134.666667,V,CB,P,K,K,K,,L,Y,,,,,Y,,,N,,Y
KOCHI KO,JP,33.5,133.566667,M,CN,P,L,L,J,,M,Y,,,Y,Y,Y,,,N,,Y
SUSAKI KO,JP,33.383333,133.3,V,CB,F,L,J,G,N,L,Y,,,,,N,,,Y,,Y
UWAJIMA KO,JP,33.216667,132.566667,V,CN,P,B,H,M,,,,Y,,,,Y,,,,,
YAWATAHAMA,JP,33.45,132.416667,V,CN,G,H,F,M,,M,Y,,,Y,,N,,S,Y,,Y
MATSUYAMA,JP,33.85,132.7,S,CB,F,K,G,H,J,L,Y,,N,N,N,Y,,,N,,Y
KIKUMA KO,JP,34.033333,132.833333,V,CB,F,A,A,F,A,L,,Y,,,,Y,,,N,N,Y
MUTUREZIMA KO,JP,33.966667,130.866667,S,OR,P,F,A,,E,L,Y,,,,,Y,,,N,,Y
IMABARI KO,JP,34.066667,133.016667,S,CB,F,L,E,H,,M,Y,Y,,Y,Y,Y,,M,N,,Y
NIIHAMA,JP,33.983333,133.283333,S,CB,F,M,D,G,,L,Y,Y,Y,Y,,Y,,,N,,Y
MISHIMA-KAWANOE KO,JP,34.0,133.55,S,CN,F,K,E,G,L,L,,,,,N,Y,,,N,,Y
MALE,MV,4.166667,73.5,V,CN,F,A,A,K,A,M,,Y,,Y,,Y,Y,,Y,,Y
ABADAN,IR,30.333333,48.283333,M,RN,G,K,K,K,,M,Y,,,Y,Y,Y,Y,S,Y,N,Y
MINA RAYSUT,OM,16.933333,54.016667,S,CB,G,F,K,L,,L,Y,,Y,Y,,Y,Y,,Y,,Y
MINA QABUS,OM,23.633333,58.583333,V,CB,G,L,A,H,,M,Y,Y,,Y,Y,Y,,,Y,Y,Y
MINA AL FAHL,OM,23.633333,58.516667,S,OR,P,,B,,A,M,,Y,,,,Y,Y,,Y,,Y
FUJAYRAH HARBOR,AE,25.166667,56.333333,S,CB,F,G,A,G,E,L,Y,Y,,Y,Y,Y,Y,,Y,,Y
KHAWR FAKKAN,AE,25.35,56.383333,M,CN,F,H,A,F,,L,Y,Y,,Y,,Y,Y,,Y,Y,Y
MINA SAQR,AE,25.983333,56.05,V,CB,F,J,C,J,,M,,,Y,Y,,Y,Y,,Y,,Y
FATEH OIL TERMINAL,AE,25.583333,54.416667,V,OR,P,A,A,,A,L,,Y,,,,N,N,,Y,N,
MUBARRAZ OIL TERMINAL,AE,24.433333,53.516667,S,OR,F,G,F,,F,L,Y,Y,,,,N,Y,M,Y,,N
AL HAMRIYAH LPG TERMINAL,AE,25.466667,55.483333,S,CB,G,G,F,G,G,L,Y,,,,,N,N,,Y,Y,Y
DUBAYY,AE,25.266667,55.3,S,CB,G,H,E,H,J,L,Y,Y,Y,Y,,Y,Y,L,Y,Y,Y
MINA JABAL ALI,AE,25.016667,55.05,L,CB,F,F,B,J,G,L,Y,Y,,,,Y,Y,,Y,Y,Y
JAZIRAT DAS,AE,25.15,52.866667,V,OR,F,B,A,,A,M,Y,Y,,,,N,N,,Y,Y,Y
ABU ZABY,AE,24.5,54.333333,M,CB,G,G,C,H,H,L,Y,Y,,Y,,Y,Y,M,Y,,Y
UMM AN NAR,AE,24.45,54.483333,V,RN,G,J,,L,,M,Y,Y,Y,,,N,N,,Y,,Y
JABAL AZ ZANNAH/RUWAYS,AE,24.2,52.7,M,CB,F,G,F,J,D,L,Y,Y,,,,Y,Y,,Y,N,Y
UMM SAID,QA,24.916667,51.566667,S,OR,F,H,J,G,H,M,Y,Y,,Y,,Y,Y,,Y,Y,Y
DOHA,QA,25.283333,51.533333,S,CN,F,J,J,M,,M,Y,Y,,Y,,Y,Y,,Y,,Y
NANTONG,CN,32.0,120.8,S,RN,F,K,K,L,M,M,,,Y,Y,Y,Y,Y,M,Y,,Y
ZHANGJIANGANG,CN,31.966667,120.4,S,RN,F,K,L,K,M,M,Y,,,Y,Y,Y,,,Y,,Y
DAESAN HANG,KR,37.016667,126.4,V,OR,F,C,A,F,L,,,,Y,,,Y,,,,,Y
VOSTOCHNYY,RU,42.75,133.083333,V,OR,P,B,B,F,J,M,,Y,Y,Y,,Y,Y,,Y,,Y
ATSUMI,JP,34.666667,137.066667,V,CN,P,L,,J,J,M,,,,,,N,N,,Y,,Y
SLAVYANKA,RU,42.866667,131.383333,S,CN,G,,G,N,N,,,,Y,Y,Y,Y,,L,Y,,Y
O0KIHAMA,JP,34.75,134.566667,V,CN,F,K,,M,M,M,,,,,Y,Y,,,N,,Y
ISIKARI WAN,JP,43.233333,141.366667,V,CB,F,L,J,M,M,,,,,Y,,N,N,,N,,Y
TSURUGA KO,JP,35.65,136.066667,S,CB,G,K,C,J,F,L,Y,,Y,Y,,Y,Y,S,N,,Y
NAOETSU KO,JP,37.183333,138.25,V,CB,P,J,A,H,M,L,Y,,Y,Y,,Y,Y,,N,,Y
BELEKERI,IN,14.7,74.266667,V,OR,N,N,K,,,M,,Y,,,,N,N,,N,,
PANAJI,IN,15.5,73.816667,V,CN,P,O,G,O,,M,,Y,N,N,N,,,,Y,,
VADINAR TERMINAL,IN,22.516667,69.7,V,OR,P,A,E,G,A,L,,,,Y,,,,,Y,Y,Y
NAKAGUSUKU,JP,26.266667,127.916667,S,OR,P,A,A,J,A,L,Y,Y,Y,Y,,Y,,,Y,N,Y
AOKATA,JP,32.983333,129.066667,V,OR,P,A,F,,B,,Y,,,,,N,N,,,,Y
FUKUI,JP,36.066667,136.2,V,OR,P,L,J,M,A,,,,,,,Y,,,N,,
KASHIWAZAKI,JP,37.366667,138.55,V,CN,F,L,A,N,,,,,,,,Y,,,N,,Y
HABU KO,JP,34.283333,133.183333,V,CB,F,L,J,K,K,L,,,,,Y,Y,,L,Y,,
NISHIHARA,JP,26.216667,127.8,V,OR,F,,,,H,L,,,,,,Y,,,,,Y
ONODA,JP,34.0,131.183333,S,OR,G,M,M,N,,,,,,,,Y,,,N,N,N
SHINGU,JP,33.666667,135.983333,V,CB,P,K,N,O,,L,,,,,,Y,,,N,,Y
TAKUMA,JP,34.216667,133.683333,S,RB,G,J,L,N,,L,,,,Y,Y,Y,,,N,,Y
TOKACHI,JP,42.25,143.3,V,CB,F,H,D,N,,,,,,,,N,,,N,,Y
TONDA,JP,34.033333,131.75,S,CB,G,K,H,N,,,,,,,,Y,Y,M,N,,Y
UCHIURA,JP,35.516667,135.5,V,CN,P,C,G,C,,,,,,,,N,N,,N,,Y
MCMURDO STATION,AQ,-77.85,166.65,S,CN,G,N,A,L,,,Y,Y,,,,Y,,,,,
PUERTO MORRO REDONDO,MX,28.05,-115.183333,V,OR,P,,A,E,,L,Y,Y,N,N,N,N,N,,Y,,Y
PICHILINGUE,MX,24.266667,-110.333333,S,CB,G,J,J,K,,L,,,,,,Y,,,Y,,
PUERTO COLON,PA,9.366667,-79.883333,M,CB,E,H,,H,,M,Y,Y,,Y,,Y,,,,,Y
CHARCO AZUL,PA,8.216667,-82.866667,V,OR,P,,A,,A,L,,,,,,N,N,,Y,,Y
HIRTSHALS,DK,57.6,9.966667,V,CB,F,L,,M,M,M,Y,,Y,Y,,Y,,M,N,,Y
HANSTHOLM,DK,57.133333,8.6,V,CB,F,M,,M,M,M,,,,Y,,Y,,S,Y,,Y
NYKOBING (FALSTER),DK,54.766667,11.866667,S,RN,G,O,L,N,,M,Y,,,,,Y,Y,,Y,N,Y
ROSTOCK,DE,54.1,12.133333,L,RN,G,L,H,N,O,M,Y,Y,,Y,Y,Y,Y,S,Y,,Y
WISMAR,DE,53.9,11.466667,S,CN,G,K,K,L,L,M,Y,,Y,Y,Y,Y,Y,S,Y,,Y
LUBECK-TRAVEMUNDE,DE,53.966667,10.883333,S,RN,G,L,E,K,,L,Y,,Y,,,Y,Y,M,Y,,Y
LUBECK,DE,53.883333,10.7,M,LC,G,L,H,L,,M,Y,,Y,Y,Y,,,S,Y,,Y
NEUSTADT,DE,54.1,10.816667,V,RN,G,N,N,N,,M,Y,,,,,Y,Y,,Y,,Y
HEILIGENHAFEN,DE,54.366667,10.983333,V,CB,G,N,M,O,,M,Y,,,,,Y,Y,,Y,N,N
KIEL,DE,54.316667,10.133333,L,RB,G,J,M,N,N,M,Y,,Y,Y,,Y,Y,M,,Y,Y
HAKODATE KO,JP,41.783333,140.716667,M,CB,E,K,E,G,G,L,Y,Y,Y,Y,Y,Y,Y,M,N,N,Y
ESASI KO,JP,41.866667,140.116667,V,CB,P,J,F,P,,,,Y,,,,,,,,,
OTARU KO,JP,43.2,141.016667,M,CB,G,J,H,G,M,L,Y,,,Y,N,Y,Y,,N,,Y
RUMOI KO,JP,43.95,141.633333,V,CB,G,L,D,J,M,L,Y,,,,N,Y,,,N,,Y
WAKKANAI,JP,43.416667,141.683333,S,CB,F,K,G,J,,L,Y,,Y,Y,Y,Y,,S,N,,Y
AOMORI KO,JP,40.833333,140.75,S,CB,G,E,E,H,L,L,Y,,Y,Y,N,Y,,M,N,,Y
HACHINOHE KO,JP,40.533333,141.55,S,CB,G,G,B,H,M,L,Y,,Y,Y,,Y,,S,N,,Y
MIYAKO,JP,39.633333,141.983333,S,CB,F,F,F,J,,L,Y,,Y,,,Y,,,N,,Y
KAMAISHI KO,JP,39.266667,141.9,S,CN,F,G,A,G,L,L,Y,Y,Y,Y,Y,,Y,,N,N,Y
OFUNATO,JP,39.05,141.733333,S,CN,G,G,E,L,J,L,Y,,N,Y,N,Y,Y,S,N,,Y
KESENNUMA KO,JP,38.866667,141.6,V,CN,G,N,L,M,N,M,Y,,,,,Y,,,N,,Y
ONAGAWA,JP,38.45,141.45,V,CB,G,K,D,L,,,Y,,,,,,,,,,
ISHINOMAKI KO,JP,38.4,141.316667,V,CN,F,H,G,H,,L,Y,Y,Y,Y,,Y,,,N,,Y
SENDAI-SHIOGAMA,JP,38.316667,141.033333,S,CN,F,M,J,L,E,L,Y,Y,,,,,Y,S,N,,Y
ONAHAMA KO,JP,36.933333,140.9,S,CB,G,J,A,G,G,L,Y,,Y,Y,,Y,,,N,,Y
HITACHI,JP,36.5,140.633333,V,RB,F,L,,J,M,L,,,Y,Y,,,,,N,,Y
KASHIMA KO,JP,35.933333,140.7,S,CB,E,D,B,K,D,L,Y,Y,Y,,,Y,,S,N,,Y
CHOSHI,JP,35.733333,140.85,V,RN,F,N,O,O,,L,,Y,Y,,,,,,,,Y
TATEYAMA KO,JP,35.0,139.8,V,CN,F,E,E,O,,,,Y,,,,Y,,,,,
KISARAZU KO,JP,35.366667,139.883333,V,CB,F,D,G,D,,L,Y,Y,,Y,Y,Y,,M,Y,Y,Y
CHIBA KO,JP,35.583333,140.066667,S,CB,G,E,A,E,D,L,Y,,Y,Y,Y,Y,Y,L,Y,N,Y
KATSUNAN KO,JP,35.666667,139.983333,S,CB,G,J,G,J,K,L,Y,Y,,,,,,,Y,,Y
KAWASAKI KO,JP,35.5,139.766667,L,CB,G,J,E,B,C,L,Y,,Y,,,Y,Y,M,Y,N,Y
YOKOHAMA KO,JP,35.45,139.583333,L,CB,G,J,E,G,D,L,Y,Y,,,Y,Y,Y,L,Y,,Y
MYS ROGATYY OKTYABRSKIY,RU,50.733333,142.1,V,OR,P,H,J,N,,,,Y,,,,,,,,,
POHANG,KR,36.05,129.383333,S,OR,G,E,A,D,M,L,Y,Y,,Y,,Y,,,Y,,Y
MUKHO,KR,37.566667,129.116667,V,CB,F,L,A,L,,M,Y,,,Y,,Y,,,Y,,Y
SOKCH'O HANG,KR,38.2,128.6,V,CB,E,L,L,L,,,,Y,,,,,,,,,N
RICHARDS BAY,ZA,-28.816667,32.083333,M,CB,F,D,D,G,G,M,Y,,Y,Y,,Y,Y,,Y,,Y
MAPUTO,MZ,-25.966667,32.583333,M,LC,E,K,F,J,K,M,Y,,Y,Y,,Y,Y,S,Y,,Y
CHINDE,MZ,-18.566667,36.5,S,RN,F,P,N,,,M,N,Y,Y,,,,,,Y,,Y
QUELIMANE,MZ,-17.883333,36.883333,V,RN,G,O,L,N,,M,Y,,Y,,,Y,N,,Y,,N
MOCAMBIQUE,MZ,-15.033333,40.733333,S,CN,F,L,C,,,,,Y,Y,,,N,Y,,Y,N,N
NACALA,MZ,-14.533333,40.666667,V,CN,G,A,K,M,K,L,Y,Y,Y,Y,Y,,Y,,Y,,Y
PIRAIEVS,GR,37.933333,23.65,L,CB,E,A,A,F,J,L,Y,,Y,Y,Y,Y,Y,L,Y,Y,Y
ORMOS MIKRO VATHI,GR,38.433333,23.6,V,CN,F,N,J,P,,M,Y,,,,,,,,Y,N,N
DUBROVNIK,HR,42.666667,18.083333,S,CN,F,A,A,O,O,M,Y,,Y,Y,,Y,Y,,Y,N,N
PORTO DI BARLETTA,IT,41.316667,16.283333,V,CB,G,L,M,M,M,M,Y,,,Y,,Y,Y,S,Y,,Y
MANFREDONIA,IT,41.616667,15.916667,S,CB,F,M,M,K,,M,Y,,Y,Y,,Y,,,Y,,Y
VASTO,IT,42.116667,14.716667,V,CB,F,N,A,N,M,M,Y,,,Y,,Y,Y,,Y,,Y
ORTONA,IT,42.35,14.416667,S,CB,G,M,,N,N,M,Y,,Y,Y,,Y,Y,,Y,,Y
PESCARA,IT,42.466667,14.216667,S,CB,G,O,H,N,,M,Y,Y,,,,Y,Y,,Y,N,N
ANCONA,IT,43.616667,13.5,S,CB,G,J,J,L,J,L,Y,,Y,Y,Y,Y,Y,S,Y,,Y
PORTO DI CORSINI,IT,44.5,12.283333,M,LC,G,N,N,K,C,M,Y,,,Y,Y,Y,Y,M,Y,N,Y
PORTO DI MALAMOCCO,IT,45.333333,12.316667,V,LC,G,J,J,L,H,M,Y,,Y,Y,,,,,Y,Y,Y
PORTO DI LIDO-VENEZIA,IT,45.416667,12.433333,L,CB,G,J,H,L,H,L,Y,Y,Y,Y,Y,Y,Y,L,Y,Y,Y
MONFALCONE,IT,45.783333,13.55,M,RB,G,K,J,K,,L,Y,,,Y,,Y,Y,S,Y,,Y
TRIESTE,IT,45.65,13.766667,L,CB,G,E,D,E,F,L,Y,,,Y,,Y,Y,M,Y,Y,Y
MUGGIA,IT,45.6,13.766667,V,CB,G,F,H,H,J,,,,,,,,,,Y,,
KOPER,SI,45.55,13.733333,S,CN,F,H,E,H,,M,Y,Y,Y,Y,,Y,Y,M,Y,Y,Y
PIRAN,SI,45.533333,13.566667,V,CB,G,P,G,,,,,Y,,,,Y,,,,,
UMAG,HR,45.433333,13.516667,V,CB,F,M,J,N,,M,Y,Y,,,,Y,Y,,Y,,
ROVINJ,HR,45.083333,13.633333,S,CB,F,N,G,N,,,Y,,,Y,,Y,,,Y,,
PULA,HR,44.883333,13.8,V,CB,G,L,J,O,L,L,Y,Y,,Y,Y,Y,,M,Y,,Y
BRSICA,HR,45.033333,14.05,V,CN,G,,J,J,,,Y,Y,,,,Y,Y,,Y,,N
RIJEKA LUKA,HR,45.333333,14.433333,L,RB,G,E,A,M,K,M,Y,,Y,Y,Y,Y,Y,M,Y,,Y
BAKAR,HR,45.3,14.533333,S,CN,F,A,A,E,K,L,Y,,,,,Y,Y,,Y,,
OMISALJ,HR,45.216667,14.55,S,CN,F,A,A,,A,L,Y,Y,Y,Y,,Y,Y,,Y,Y,Y
SENJ,HR,44.983333,14.9,V,CN,F,G,H,P,,M,Y,,,,,,,,Y,,Y
ZADAR,HR,44.116667,15.216667,S,CN,G,L,F,M,L,M,Y,,,Y,,N,,S,Y,Y,Y
SIBENIK,HR,43.733333,15.883333,S,CN,F,B,G,N,,M,,Y,Y,Y,,Y,Y,S,Y,,Y
MOLFETTA,IT,41.216667,16.6,S,CB,F,L,,M,,M,Y,,,,,Y,Y,,Y,N,N
SPLIT,HR,43.5,16.433333,L,CB,G,H,J,M,M,L,Y,,Y,Y,Y,,Y,S,Y,Y,Y
PLOCE,HR,43.05,17.433333,V,CN,F,K,A,O,K,M,Y,,,Y,Y,Y,,,Y,Y,Y
TORRE ANNUNZIATA,IT,40.75,14.45,S,CB,P,N,A,K,,M,Y,Y,Y,,,Y,Y,,Y,,Y
MILNER BAY,AU,-13.866667,136.416667,V,OR,P,A,E,H,,M,Y,Y,Y,,,N,,,Y,,Y
WEIPA,AU,-12.666667,141.866667,V,CN,G,K,J,J,K,M,Y,,Y,Y,,N,Y,,Y,N,Y
GOVE,AU,-12.2,136.7,V,OR,P,H,G,H,H,L,Y,Y,,Y,,N,N,,Y,,Y
KARUMBA,AU,-17.483333,140.833333,V,RN,G,O,L,P,M,,,Y,,Y,,Y,,,Y,N,N
HOBART,AU,-42.883333,147.333333,M,RN,E,H,D,J,G,L,Y,,Y,Y,,Y,Y,,Y,Y,Y
PORT HUON,AU,-43.166667,146.983333,V,RN,G,L,L,K,,L,Y,Y,,,,Y,Y,,Y,,Y
DOVER,AU,-43.316667,147.033333,V,CN,E,H,K,N,,,,,,,,,,,,,
STANLEY,AU,-40.766667,145.283333,V,CB,F,L,N,L,,L,Y,,,,,Y,Y,,Y,,Y
PORT LATTA,AU,-40.833333,145.383333,V,OR,P,G,A,F,F,M,Y,,,,,N,N,,Y,Y,Y
BURNIE,AU,-41.05,145.95,S,CB,E,K,A,J,J,M,Y,,Y,,,Y,,,Y,,Y
WHYALLA,AU,-33.033333,137.583333,S,CB,P,K,L,K,,M,Y,,Y,Y,,N,Y,,Y,Y,Y
BALLINA,AU,-28.866667,153.566667,S,RN,G,O,O,O,,M,Y,,Y,,,,Y,S,Y,,
NEWCASTLE,AU,-32.916667,151.783333,L,CB,E,G,L,F,K,L,Y,,Y,Y,Y,Y,Y,S,Y,N,Y
JAZIRAT HALUL,QA,25.683333,52.416667,V,OR,F,A,B,O,A,L,,Y,,,,N,Y,,Y,N,Y
SITRAH,BH,26.166667,50.666667,M,OR,F,G,G,G,G,M,Y,Y,Y,Y,Y,Y,Y,L,Y,Y,Y
MINA SALMAN,BH,26.2,50.633333,M,CN,F,G,G,G,,M,Y,,Y,Y,Y,Y,Y,L,Y,,Y
DAMMAM,SA,26.5,50.2,S,CB,F,G,G,H,,L,,,Y,Y,Y,Y,Y,L,Y,Y,Y
AL JUBAYL,SA,27.083333,49.666667,V,CB,F,G,K,F,A,M,Y,Y,Y,Y,Y,Y,Y,M,Y,Y,Y
RAS  TANNURAH,SA,26.633333,50.166667,M,OR,F,F,A,G,A,L,Y,Y,,Y,Y,Y,N,,Y,N,Y
JU AYMAH OIL TERMINAL,SA,26.933333,50.033333,S,OR,F,C,A,,A,L,,Y,,Y,,Y,Y,,Y,Y,Y
MINA AZ ZAWR,KW,28.733333,48.4,V,OR,F,,C,,D,M,,Y,,,,Y,N,,Y,Y,Y
MINA ASH SHUAYBAH,KW,29.033333,48.166667,M,OR,F,G,D,G,F,M,,Y,Y,Y,,Y,Y,,Y,Y,Y
MINA ABD ALLAH,KW,29.016667,48.166667,S,OR,F,G,E,,E,M,,Y,,,,Y,Y,,Y,N,Y
MINA AL AHMADI,KW,29.066667,48.166667,M,OR,F,F,A,H,A,M,Y,Y,Y,Y,Y,Y,Y,,Y,,Y
KHAWR AL AMAYA,IQ,29.783333,48.8,V,OR,P,B,J,F,G,M,Y,Y,,,,N,N,,Y,Y,Y
AL-BASRA OIL TERMINAL,IQ,29.683333,48.816667,V,OR,P,C,,A,A,L,Y,,,,,Y,Y,,Y,Y,Y
UMM QASR,IQ,30.016667,47.95,S,RN,E,J,K,K,,M,Y,Y,Y,Y,,Y,,M,Y,,Y
AL BASRAH,IQ,30.516667,47.833333,M,RN,G,,,,,M,,,,,,,,,,,
KHORRAMSHAHR,IR,30.433333,48.183333,M,RN,G,L,L,K,,M,Y,Y,Y,Y,Y,Y,Y,S,Y,Y,Y
AL AHMADI,YE,14.833333,42.966667,S,CB,P,K,L,N,N,M,Y,Y,Y,Y,Y,Y,,,Y,N,N
ADEN,YE,12.783333,44.95,M,CN,G,G,D,F,F,M,,Y,Y,Y,Y,Y,Y,L,Y,,Y
AL MUKALLA,YE,14.516667,49.116667,S,CB,F,J,A,L,A,L,,Y,Y,Y,Y,Y,Y,L,Y,N,Y
DUBLIN,IE,53.35,-6.25,M,CB,E,K,C,K,K,L,Y,,Y,Y,Y,Y,Y,L,Y,,Y
GREENORE,IE,54.033333,-6.133333,V,CN,G,N,F,O,,L,Y,,Y,Y,,Y,Y,,Y,,Y
SILLOTH,GB,54.866667,-3.4,S,CT,G,N,M,N,,M,Y,Y,,Y,,Y,Y,,Y,N,N
WORKINGTON,GB,54.566667,-3.633333,V,RT,E,P,F,N,L,M,Y,,Y,Y,,Y,Y,,Y,N,Y
BARROW IN FURNESS,GB,54.116667,-3.233333,M,CT,G,K,K,M,M,M,Y,Y,Y,Y,Y,Y,Y,M,Y,,Y
HEYSHAM,GB,54.033333,-2.916667,V,CB,E,J,J,N,O,M,Y,Y,Y,Y,,Y,Y,,Y,N,N
FLEETWOOD,GB,53.916667,-3.016667,S,RT,E,P,A,N,,M,Y,Y,Y,Y,,Y,Y,,Y,,Y
LIVERPOOL,GB,53.416667,-3.0,L,RT,E,M,M,H,H,L,Y,Y,Y,Y,Y,Y,Y,M,Y,Y,Y
MANCHESTER,GB,53.483333,-2.266667,L,RT,E,N,M,N,L,M,Y,,Y,Y,Y,Y,Y,M,Y,,Y
RATHMULLAN,IE,55.1,-7.533333,V,CN,E,K,E,M,,,,,,Y,,Y,Y,,N,N,N
KILLYBEGS,IE,54.633333,-8.45,V,CN,E,A,A,J,,L,Y,,,Y,,Y,Y,,Y,N,Y
MALLAIG,GB,57.0,-5.816667,V,CN,F,N,N,N,,M,Y,,,Y,,Y,Y,,N,N,N
TOBERMORY,GB,56.616667,-6.066667,V,CN,G,C,A,P,,M,,,,,,,,,N,,
CRAIGNURE,GB,56.466667,-5.7,V,CN,F,H,L,N,,,,,,,,,,,,,
CORPACH,GB,56.85,-5.116667,S,CN,F,N,E,J,,,Y,,,,,Y,Y,,N,,
OBAN,GB,56.416667,-5.466667,S,CN,E,H,J,O,,,Y,,,Y,,Y,Y,,,,
PORT ELLEN,GB,55.633333,-6.2,V,OR,P,O,J,O,,M,Y,,,,,,,,N,N,N
CRINAN (CANAL),GB,56.083333,-5.566667,V,LC,G,P,O,P,,M,,,,,,Y,,,N,N,N
CAMPBELTOWN,GB,55.433333,-5.6,S,CN,G,N,K,N,,M,Y,,,,,Y,Y,,N,,Y
LAMLASH HARBOR,GB,55.533333,-5.116667,V,OR,F,A,A,,,L,,Y,,,,,,,N,,
ECKERNFORDE,DE,54.483333,9.833333,S,RB,G,M,E,N,,M,,,N,N,N,,Y,,N,N,N
KAPPELN,DE,54.666667,9.933333,V,RN,G,P,J,P,,M,Y,,,Y,,Y,Y,,,,
FLENSBURG,DE,54.8,9.433333,S,RB,G,N,J,N,N,M,Y,N,Y,Y,,Y,Y,,Y,N,Y
NEKSO,DK,55.066667,15.133333,V,CB,G,O,H,N,,M,,Y,Y,,,Y,Y,S,N,,Y
RONNE,DK,55.1,14.7,S,CB,F,L,C,O,M,L,Y,,Y,Y,,Y,,S,Y,,Y
HASLE,DK,55.183333,14.7,V,CB,F,O,C,O,O,M,,Y,Y,,,Y,Y,,N,,
CHRISTIANSO HARBOR,DK,55.316667,15.183333,V,CB,G,P,,,,M,,,,,,,,,,,
FAKSE LADEPLADS HAVN,DK,55.216667,12.166667,V,CB,F,O,N,O,,M,Y,,,Y,,Y,Y,,N,,Y
KOGE,DK,55.45,12.2,V,CB,G,N,M,M,M,M,Y,,,Y,,Y,Y,S,Y,N,Y
KOBENHAVN,DK,55.7,12.616667,L,CB,E,L,,M,N,L,Y,,Y,Y,,Y,Y,,Y,,Y
TUBORG,DK,55.716667,12.583333,V,CB,G,P,K,N,N,M,Y,,Y,,,Y,Y,,Y,,Y
HELSINGOR,DK,56.033333,12.616667,V,CB,G,Q,L,N,M,L,Y,,,Y,,Y,Y,,Y,,Y
FREDERIKSVAERK,DK,55.966667,12.016667,V,CB,G,O,K,N,L,M,Y,,Y,,,Y,Y,,N,N,Y
FREDERIKSSUND,DK,55.833333,12.05,V,CB,G,P,O,N,,M,,,Y,,,Y,Y,,N,N,N
KYNDBYVAERKETS HAVN,DK,55.816667,11.883333,V,CB,F,O,M,M,M,M,Y,,Y,Y,,Y,Y,S,N,,Y
HOLBAEK,DK,55.716667,11.716667,V,CB,E,N,O,N,,M,Y,,Y,Y,,Y,Y,,N,N,N
KALUNDBORG,DK,55.683333,11.1,S,CB,G,H,H,J,L,L,Y,,Y,Y,,Y,Y,,Y,Y,Y
KORSOR,DK,55.333333,11.133333,S,CB,E,N,H,N,L,M,Y,,Y,Y,,Y,Y,,Y,N,Y
SKAELSKOR,DK,55.25,11.3,V,CB,E,P,N,O,,M,,,Y,Y,,Y,Y,,N,N,N
STIGSNAESVAERKET,DK,55.2,11.25,V,OR,F,F,C,M,F,M,Y,,,,,N,N,,Y,N,Y
NAESTVED,DK,55.233333,11.75,S,RB,E,O,L,N,N,M,,,Y,Y,,Y,Y,,Y,,Y
VORDINGBORG,DK,55.0,11.9,V,CN,F,N,N,M,,M,Y,,,,,Y,Y,,Y,Y,Y
STUBBEKOBING,DK,54.883333,12.05,S,CB,G,O,P,N,,M,,,,,,Y,Y,,Y,N,N
STEGE,DK,54.983333,12.283333,V,CB,G,P,,O,,M,,,N,N,N,Y,Y,,,,
STRALSUND,DE,54.316667,13.1,V,CB,E,O,M,N,,M,Y,,Y,Y,,Y,Y,,Y,Y,Y
HELSINKI,FI,60.166667,24.966667,L,CB,F,L,J,O,K,L,Y,Y,Y,Y,Y,Y,,M,Y,,Y
PORVOO,FI,60.3,25.633333,V,RN,G,G,A,M,M,L,Y,,,,,Y,,,Y,,Y
LOVIISA,FI,60.45,26.233333,V,CN,G,L,L,M,,M,Y,Y,Y,Y,Y,Y,,,,,Y
KOTKA,FI,60.466667,26.966667,L,CB,E,G,J,M,L,M,Y,,Y,Y,,Y,Y,M,Y,,Y
HAMINA,FI,60.566667,27.2,S,CN,G,L,L,M,L,L,Y,,Y,Y,,Y,Y,,Y,Y,Y
VYBORG,RU,60.716667,28.75,M,CN,G,M,J,M,,M,Y,,Y,Y,Y,Y,,,,,Y
GAVAN VYSOTSK,RU,60.616667,28.566667,S,LC,G,L,G,L,,M,Y,,Y,Y,Y,Y,,,Y,,Y
PRIMORSK,RU,60.366667,28.633333,V,OR,G,C,E,,E,M,,Y,N,N,N,Y,,,Y,,Y
SANKT-PETERBURG,RU,59.933333,30.3,L,CB,G,O,C,M,N,M,Y,Y,Y,Y,Y,Y,,,Y,,Y
PUERTO DEL CALLAO,PE,-12.05,-77.15,M,CB,G,K,A,K,K,L,Y,Y,Y,Y,Y,Y,Y,S,Y,,Y
BAHIA DE ANCON,PE,-11.75,-77.183333,V,OR,F,,N,H,,M,,Y,,,,,,,Y,,Y
CHANCAY,PE,-11.583333,-77.25,V,OR,F,,G,N,,,Y,Y,Y,,,N,N,,N,,Y
PUERTO DE HUACHO,PE,-11.116667,-77.616667,V,OR,F,,J,O,,,,Y,Y,,,N,Y,,N,,Y
PUERTO SUPE,PE,-10.8,-77.75,V,OR,N,,F,M,G,L,,Y,Y,,,N,N,,Y,,Y
PUNTA LOBITOS (BAHIA DE HUARMEY),PE,-10.1,-78.166667,V,OR,F,,H,,,,,Y,,Y,,,,,N,,Y
PUERTO DE CHIMBOTE,PE,-9.083333,-78.616667,V,CN,G,B,K,H,L,L,Y,Y,Y,Y,Y,Y,Y,,Y,,Y
SALAVERRY,PE,-8.233333,-78.983333,V,CB,P,L,K,L,L,L,Y,Y,Y,Y,,Y,Y,,Y,,Y
PIMENTAL,PE,-6.833333,-79.933333,V,OR,P,H,K,O,J,M,Y,Y,,Y,,N,N,,N,,Y
MIKINDANI,TZ,-10.266667,40.133333,V,CN,F,L,J,P,,,,Y,,,,,,,Y,,Y
MTWARA,TZ,-10.266667,40.2,V,CB,G,C,N,K,K,L,Y,Y,,Y,,N,N,,Y,,Y
DAR ES SALAAM,TZ,-6.816667,39.3,M,CN,E,K,H,L,J,L,Y,Y,Y,Y,Y,Y,Y,,Y,,Y
CHAKE CHAKE,TZ,-5.25,39.766667,S,CN,F,G,H,,,M,,Y,,,,N,N,,N,,N
MOMBASA,KE,-4.066667,39.666667,M,CT,G,G,M,K,N,M,Y,Y,Y,Y,,Y,Y,L,Y,Y,Y
KILIFI,KE,-3.633333,39.866667,V,OR,P,O,G,K,,M,,,,,,N,N,,Y,,
MALINDI,KE,-3.216667,40.133333,S,CN,F,,J,,,M,,Y,,,,Y,Y,,,,
MARKA,SO,1.716667,44.783333,V,OR,F,A,B,P,,,,Y,,Y,,N,N,,,,N
MUQDISHO,SO,2.033333,45.35,L,CB,F,J,H,K,J,L,,Y,,Y,,Y,N,,Y,Y,Y
FOMBONI,KM,-12.266667,43.75,V,OR,F,A,E,F,,M,,Y,N,N,N,,,,,,N
MOUTSAMOUDU,KM,-12.15,44.4,V,OR,F,K,A,L,J,M,,Y,N,N,N,N,N,,Y,,Y
MAHAJANGA,MG,-15.716667,46.3,V,CN,F,K,M,L,K,L,,Y,Y,Y,,N,Y,,,,Y
SALDANHA BAY,ZA,-33.033333,17.966667,M,CB,F,A,F,B,A,L,Y,Y,Y,Y,,Y,Y,,Y,Y,Y
CAPE TOWN,ZA,-33.916667,18.416667,L,CB,G,F,A,H,H,L,Y,Y,Y,Y,Y,Y,Y,L,Y,Y,Y
OKRIKA,NG,4.716667,7.083333,V,RN,F,L,H,,L,L,Y,,,,,Y,,,Y,,Y
PORT HARCOURT,NG,4.766667,7.0,V,RN,F,L,F,L,L,L,Y,Y,Y,Y,Y,Y,Y,,Y,N,Y
ANTAN OIL TERMINAL,NG,4.216667,8.333333,S,OR,P,A,A,,A,L,,Y,,,,N,,,Y,N,N
CALABAR,NG,4.966667,8.316667,V,RN,E,L,B,L,L,L,Y,Y,Y,Y,,Y,N,S,Y,,Y
UIG,GB,57.583333,-6.35,V,CN,G,H,L,N,,,Y,,,N,,Y,,,,,
LOCHMADDY,GB,57.6,-7.166667,V,CN,G,H,H,O,,M,Y,,,Y,,Y,,,N,N,N
CASTLE BAY,GB,56.95,-7.483333,V,CN,G,M,L,O,,,,,,N,,Y,,,N,,
LOCHBOISDALE,GB,57.15,-7.3,V,CN,P,L,C,O,,M,Y,,,N,,,,,N,,N
STORNOWAY HARBOR,GB,58.183333,-6.366667,V,CN,F,M,G,M,N,M,Y,,,Y,,Y,Y,,N,N,N
TARBERT,GB,57.9,-6.816667,V,CN,F,K,E,M,,M,Y,,,Y,,Y,Y,,N,,Y
MACDUFF,GB,57.666667,-2.5,V,CB,P,P,J,N,,M,Y,,Y,,,Y,Y,,N,,
SEAHAM,GB,54.833333,-1.316667,S,CT,G,P,H,M,,M,Y,,Y,Y,Y,Y,Y,,N,,Y
SUNDERLAND,GB,54.916667,-1.366667,M,RT,G,M,H,M,L,L,Y,,Y,Y,,Y,Y,S,Y,,Y
TYNEMOUTH,GB,55.0,-1.4,M,RT,E,L,H,M,N,L,Y,,Y,Y,Y,Y,Y,L,Y,,Y
BLYTH,GB,55.116667,-1.5,M,RN,G,L,E,M,,M,Y,,Y,Y,,Y,Y,,N,,Y
SYDNEY,AU,-33.866667,151.2,L,CN,E,H,K,K,H,L,Y,,Y,Y,Y,Y,Y,L,Y,Y,Y
BOTANY BAY,AU,-34.0,151.233333,S,CN,G,G,,G,J,L,Y,,,,,Y,Y,,Y,N,Y
PORT KEMBLA,AU,-34.483333,150.916667,M,CB,F,F,A,F,J,L,Y,,Y,Y,,Y,,,Y,N,Y
JERVIS BAY,AU,-35.116667,150.8,V,CN,G,A,H,P,,,,Y,,,,,,,,,
BATEMANS BAY,AU,-35.7,150.166667,V,CN,G,F,K,O,,,Y,,,,,,,,,,
EDEN,AU,-37.066667,149.916667,V,CB,G,K,K,M,,M,Y,,,Y,,,Y,,Y,,Y
WELSHPOOL,AU,-38.7,146.466667,V,CN,G,P,A,N,N,M,Y,,,,,,,,,,
WESTERN PORT,AU,-38.35,145.233333,V,CN,G,G,G,J,G,L,Y,,Y,,,Y,,,Y,Y,Y
MELBOURNE,AU,-37.833333,144.966667,L,CN,E,H,K,K,J,M,Y,,Y,Y,,Y,Y,S,Y,N,Y
GEELONG,AU,-38.15,144.366667,M,CN,E,J,H,J,J,L,Y,,,Y,Y,Y,Y,S,Y,,Y
WARRNAMBOOL,AU,-38.4,142.483333,V,CB,P,L,N,N,,,Y,,,Y,,Y,,,Y,,
PORTLAND,AU,-38.333333,141.6,S,CB,F,H,F,J,K,M,Y,,,Y,,Y,,S,Y,,Y
KINGSCOTE,AU,-35.633333,137.633333,V,CB,F,O,N,O,,,Y,,,,,,Y,,N,N,N
PORT ADELAIDE,AU,-34.85,138.5,M,RN,E,G,E,H,M,M,Y,,,Y,,Y,Y,,Y,N,Y
ARDROSSAN,AU,-34.433333,137.916667,V,OR,G,L,H,L,,M,,,,,,N,N,,Y,N,Y
PORT GILES,AU,-35.033333,137.766667,V,OR,F,H,F,J,,M,Y,,N,N,N,Y,N,,Y,N,Y
WALLAROO,AU,-33.933333,137.616667,V,OR,F,L,L,K,,M,Y,,N,N,N,Y,,,Y,N,Y
PORT PIRIE,AU,-33.183333,138.016667,S,RN,E,K,L,J,,M,Y,,Y,Y,,,Y,,Y,N,Y
FAKFAK,ID,-2.933333,132.283333,V,CN,F,P,A,P,,M,,Y,,,,N,N,,Y,N,N
AMAMAPARE,ID,-4.816667,136.966667,S,CN,F,M,A,M,,L,Y,Y,,,Y,,,,N,,Y
MERAUKE,ID,-8.483333,140.383333,V,RN,F,N,M,O,N,M,Y,,,Y,,N,N,,Y,N,Y
DARU,PG,-9.066667,143.2,V,OR,F,L,,P,,,Y,,,Y,,Y,Y,,N,N,Y
PORT MORESBY,PG,-9.466667,147.133333,S,OR,F,K,G,K,G,M,Y,,Y,Y,,Y,Y,M,Y,N,Y
ALOTOA,PG,-10.316667,150.45,V,CN,F,M,A,K,N,M,Y,N,N,N,N,Y,N,,N,N,N
SAMARAI,PG,-10.616667,150.666667,V,CN,F,L,A,L,,,Y,,,Y,,Y,,,N,N,N
SULOGA HARBOR,PG,-9.216667,152.766667,V,CN,F,A,A,,,,,Y,,Y,,,,,,,
DISCOVERY BAY,PG,-10.416667,150.416667,V,CN,G,J,A,J,,,Y,,,Y,,,,,,,
ORO BAY,PG,-8.883333,148.483333,V,CN,G,J,F,J,,M,Y,,,Y,,Y,Y,,N,N,Y
LAE,PG,-6.733333,147.0,V,OR,G,J,A,G,G,M,Y,,N,N,N,Y,Y,,Y,N,Y
MADANG,PG,-5.216667,145.816667,V,CN,G,K,A,K,,M,Y,Y,,Y,,Y,,,Y,N,N
CASTELLAMMARE DI STABIA,IT,40.7,14.483333,V,CB,G,K,E,H,,M,Y,Y,Y,Y,,Y,Y,,Y,,Y
SALERNO,IT,40.666667,14.75,S,CB,F,J,E,J,,M,Y,Y,Y,Y,,Y,Y,,Y,Y,Y
VIBO VALENTIA MARINA,IT,38.716667,16.133333,V,CB,F,K,,M,,M,Y,Y,,Y,,Y,Y,,Y,,Y
REGGIO DI CALABRIA,IT,38.116667,15.65,S,CB,F,K,A,L,,M,Y,Y,Y,,Y,Y,Y,,Y,,Y
MESSINA,IT,38.2,15.566667,S,CB,E,A,J,L,L,L,Y,Y,Y,Y,Y,Y,Y,M,Y,,Y
MILAZZO,IT,38.216667,15.25,M,OR,E,K,A,K,A,M,Y,Y,Y,Y,,Y,Y,,Y,,Y
GIOIA TAURO,IT,38.416667,15.9,S,LC,F,E,D,F,,M,Y,,Y,Y,,Y,Y,M,Y,,Y
PORTO DI PALERMO,IT,38.133333,13.366667,S,CB,E,A,E,G,G,L,Y,Y,Y,Y,,Y,Y,L,Y,N,Y
TRAPANI,IT,38.016667,12.5,V,CB,F,L,J,K,O,M,Y,Y,,Y,,Y,Y,S,Y,,Y
MARSALA,IT,37.783333,12.433333,S,CB,F,N,J,N,,M,Y,Y,,Y,,Y,Y,,Y,,Y
MAZARA DEL VALLO,IT,37.65,12.583333,V,CT,F,O,K,N,,M,Y,Y,,,,Y,Y,,Y,,Y
ARDRISHAIG,GB,56.016667,-5.45,V,CN,F,M,M,P,,M,Y,,,,,Y,Y,,N,N,N
ROTHESAY HARBOR,GB,55.833333,-5.05,V,CB,G,H,G,P,,,,,,Y,,Y,Y,,N,N,N
GREENOCK,GB,55.95,-4.75,M,CN,F,K,J,J,,L,Y,,Y,Y,,Y,Y,L,Y,N,Y
FINNART OIL TERMINAL,GB,56.116667,-4.833333,S,RN,G,A,A,,A,L,Y,,,,,Y,Y,,Y,,
BOWLING,GB,55.933333,-4.483333,V,RN,G,M,,,L,M,Y,,Y,Y,,Y,Y,,Y,,Y
OLD KILPATRICK,GB,55.916667,-4.466667,V,RN,F,M,,,M,,,,,,,Y,,,Y,,Y
ROTHESAY DOCK,GB,55.9,-4.4,V,RN,F,M,,N,,,,,Y,,,,,,Y,,
RENFREW,GB,55.883333,-4.383333,V,RB,G,M,,P,,M,,,,,,,,,Y,,
GLASGOW,GB,55.866667,-4.283333,M,RT,E,M,J,L,N,L,Y,,Y,Y,Y,Y,Y,L,Y,Y,Y
LARGS,GB,55.8,-4.866667,V,CN,F,G,K,O,,M,Y,,,,,,,,,N,N
HUNTERSTON,GB,55.75,-4.883333,V,OR,P,A,B,A,,L,Y,,,Y,,Y,Y,,Y,,Y
MILLPORT,GB,55.75,-4.916667,S,CN,F,P,J,P,,,,,,,,N,N,,,N,N
ARDROSSAN,GB,55.65,-4.816667,S,CB,F,N,B,N,,M,Y,,Y,,,Y,Y,S,Y,,Y
TROON,GB,55.55,-4.683333,V,CB,F,O,N,N,,M,Y,,Y,,,Y,Y,M,N,,Y
AYR,GB,55.466667,-4.633333,V,RB,G,O,M,N,N,M,Y,,Y,Y,,Y,Y,,Y,,Y
STRANRAER,GB,54.9,-5.033333,V,RB,G,N,N,N,,M,Y,,Y,Y,,Y,Y,,N,,
DOUGLAS,IM,54.15,-4.466667,S,CB,G,M,J,O,O,M,Y,,Y,Y,,Y,Y,,N,N,Y
RAMSEY,IM,54.316667,-4.366667,S,CB,F,M,N,O,,,,,,Y,,Y,,,N,N,N
ARDGLASS,GB,54.266667,-5.616667,V,CN,P,N,J,P,,M,,,,,,,,,N,N,N
MARUGAME KO,JP,34.3,133.783333,V,CB,F,J,,K,,L,Y,,Y,,,Y,,M,N,,Y
UBE KO,JP,33.933333,131.233333,M,CB,F,J,M,H,C,L,Y,Y,,Y,,Y,Y,S,N,,Y
URAGA KO,JP,35.233333,139.716667,V,CN,F,F,A,,,M,Y,,,,Y,,,M,,,
TAGONOURA KO,JP,35.133333,138.7,M,RB,G,L,,J,L,L,Y,Y,Y,Y,,Y,,M,N,,Y
SHIMODA KO,JP,34.666667,138.95,V,CB,F,O,N,N,,,Y,Y,Y,Y,,Y,Y,S,N,Y,Y
OMAEZAKI KO,JP,34.6,138.233333,S,CB,G,J,L,H,N,M,Y,N,Y,Y,N,Y,,,N,,Y
SHIMIZU KO,JP,35.016667,138.5,S,CN,F,J,A,G,C,L,Y,,Y,Y,,Y,Y,S,N,,Y
KINUURA KO,JP,34.85,136.95,S,RN,F,J,G,J,H,L,Y,Y,,,,Y,,,Y,N,Y
GAMAGORI KO,JP,34.816667,137.216667,S,OR,G,K,J,K,N,L,Y,N,Y,Y,,Y,,,Y,,Y
NAGOYA KO,JP,35.066667,136.866667,L,CB,G,F,F,F,G,L,Y,,Y,Y,,Y,Y,S,Y,,Y
YOKKAICHI,JP,34.966667,136.633333,M,CB,G,J,H,G,B,L,Y,Y,,,Y,Y,Y,,Y,,Y
MATSUSAKA,JP,34.6,136.566667,S,CN,F,M,J,M,,,,,,,,,,,Y,,Y
TOBA,JP,34.483333,136.85,S,CN,F,L,G,N,,,Y,Y,,,,,,S,Y,,
OWASE KO,JP,34.066667,136.216667,V,CN,F,C,A,N,E,L,Y,,,,,Y,,,N,,Y
TANABE KO,JP,33.716667,135.366667,V,CN,F,K,A,N,,M,Y,Y,,,N,Y,,,N,,Y
WAKAYAMA-SHIMOTSU KO,JP,34.2,135.133333,L,CB,F,J,A,G,A,L,Y,,Y,Y,,Y,Y,,N,,Y
SAKAI-SENBOKU,JP,34.55,135.433333,M,CB,G,F,K,E,D,M,Y,N,Y,,,Y,Y,M,Y,,Y
AMAGASAKI,JP,34.7,135.383333,S,CT,F,K,J,K,K,M,Y,Y,Y,Y,,Y,Y,,Y,,Y
KOBE,JP,34.65,135.183333,L,OR,G,G,F,G,G,L,Y,,Y,Y,Y,Y,Y,L,Y,N,Y
PUERTO BAYOVAR,PE,-5.833333,-81.05,V,OR,P,,A,K,A,L,Y,Y,,,,,,,Y,,Y
CORONEL,CL,-37.033333,-73.166667,S,CN,E,E,F,H,H,L,Y,Y,Y,Y,,Y,N,,Y,,Y
PUERTO BELGRANO,AR,-38.883333,-62.1,S,CB,G,K,E,L,,L,Y,,Y,Y,Y,Y,Y,L,Y,,Y
BAHIA BLANCA,AR,-38.783333,-62.266667,V,CN,G,K,K,L,H,L,Y,Y,,Y,Y,Y,Y,M,Y,,Y
PUERTO INGENIERO WHITE,AR,-38.8,-62.266667,S,CN,G,H,H,H,H,L,Y,,Y,Y,Y,Y,Y,,Y,N,N
PUERTO NACIONAL,AR,-38.8,-62.283333,V,CN,G,M,K,M,,,Y,,Y,,,,,,Y,,
PUERTO GALVAN,AR,-38.783333,-62.3,V,CN,G,N,,L,H,L,Y,,Y,Y,Y,Y,,,Y,Y,Y
SAN BLAS,AR,-40.566667,-62.233333,V,CN,F,N,E,,,,,Y,,,,,,,Y,,
PUERTO MADRYN,AR,-42.766667,-65.033333,S,CN,E,N,E,F,,L,Y,Y,,Y,,Y,Y,L,Y,N,N
PUERTO SAN JULIAN,AR,-49.316667,-67.7,V,CN,G,Q,M,M,M,M,Y,Y,N,N,N,N,N,,Y,N,N
PUERTO SANTA CRUZ,AR,-50.016667,-68.516667,V,RN,G,L,E,K,,L,Y,Y,Y,Y,,N,N,,Y,N,N
PUERTO GALLEGOS,AR,-51.616667,-68.966667,V,RN,G,P,K,N,,L,Y,Y,Y,Y,,Y,Y,,Y,,Y
USHUAIA,AR,-54.816667,-68.3,S,CN,F,P,H,L,J,M,Y,Y,,Y,Y,Y,Y,,Y,,Y
PRINCE OLAV HARBOR,GS,-54.033333,-37.15,V,CN,G,,A,,,,,Y,,,,,,,,,
STROMNESS HARBOR,GS,-54.15,-36.7,V,CN,F,,A,,,,,,,,,,,,,,
PUERTO SARA,CL,-52.633333,-70.2,V,CN,F,,C,,A,L,,Y,,,,,,,Y,,Y
CALETA CLARENCIA,CL,-52.9,-70.1,V,CN,F,F,O,,K,L,,Y,,,,,,,,,Y
PORT SAN JUAN DE LA JUAN,CL,-53.633333,-70.916667,V,CN,F,,G,,,,,Y,,,,,,,,,
BAHIA HARRIS,CL,-53.85,-70.45,V,CN,F,G,A,P,,,,,,,,,,,,,
CALETA MINA ELENA,CL,-52.683333,-71.9,V,CN,F,,L,,,,,Y,,,,,,,,,
GRAND HAVEN,US,43.066667,-86.233333,S,RN,F,N,N,N,,M,Y,,,,,Y,Y,,Y,N,N
HOLLAND,US,42.783333,-86.133333,S,RN,F,M,L,M,,M,Y,,,,,Y,Y,,Y,N,
SAUGATUCK,US,42.666667,-86.2,V,RN,G,P,P,P,,M,Y,,,,,Y,Y,,Y,N,N
SOUTH HAVEN,US,42.4,-86.283333,V,RN,F,O,O,P,,M,Y,,,,,Y,Y,,Y,N,N
ST JOSEPH,US,42.116667,-86.483333,S,RN,F,M,L,M,,M,Y,,,,,Y,Y,,Y,N,N
MICHIGAN CITY,US,41.733333,-86.9,S,CB,F,Q,Q,Q,,M,Y,,,,,Y,Y,,Y,N,N
GARY,US,41.616667,-87.333333,M,CB,G,L,L,L,,L,Y,,,,,Y,Y,,Y,,Y
BUFFINGTON,US,41.633333,-87.416667,M,CB,F,L,L,L,,L,Y,,,,,,,,Y,,
INDIANA HARBOR,US,41.666667,-87.433333,M,CB,F,L,L,M,L,L,Y,,,,,Y,Y,,Y,,Y
CALUMET HARBOR,US,41.733333,-87.516667,M,CB,E,L,L,M,L,L,Y,,,,,Y,Y,L,Y,,Y
WARKWORTH HARBOUR,GB,55.333333,-1.583333,V,RN,F,P,L,P,,,,,,,,,,,,,
BERWICK-UPON-TWEED,GB,55.766667,-2.0,V,RT,G,P,H,N,,M,,,,Y,,Y,Y,,Y,,
EYEMOUTH,GB,55.866667,-2.083333,V,RN,G,N,O,P,,,,,,,,Y,Y,,N,,
DUNBAR,GB,56.0,-2.516667,V,CB,F,O,H,N,L,M,,,N,N,N,Y,Y,,N,N,N
LEITH,GB,55.983333,-3.183333,M,RT,G,M,L,M,L,M,,,Y,Y,,Y,Y,M,,,Y
GRANTON,GB,55.983333,-3.216667,V,CB,G,K,K,N,J,M,Y,,,Y,,Y,Y,S,N,,Y
BRAEFOOT BAY TERMINAL,GB,56.033333,-3.316667,S,OR,F,K,,,J,M,,,,,,,,,Y,,Y
HOUND POINT TERMINAL,GB,56.0,-3.366667,S,OR,P,D,H,,B,L,,,,,,N,N,,Y,Y,Y
ROSYTH,GB,56.016667,-3.433333,S,RT,E,L,H,N,,M,Y,,Y,Y,,,Y,L,Y,,Y
GRANGEMOUTH,GB,56.016667,-3.716667,S,RT,E,M,N,L,N,M,Y,,Y,Y,,Y,Y,S,Y,Y,Y
BURNTISLAND,GB,56.05,-3.233333,S,CT,G,K,H,L,,M,Y,,Y,Y,,Y,Y,,Y,Y,Y
METHIL,GB,56.183333,-3.0,S,CT,G,P,J,N,,M,Y,,,Y,,Y,Y,,N,,Y
DUNDEE,GB,56.466667,-2.95,L,RB,E,M,L,K,L,L,Y,,Y,Y,,Y,Y,,Y,Y,Y
PERTH,GB,56.4,-3.45,S,RB,E,Q,,O,,M,Y,,Y,Y,,Y,Y,,N,,Y
MONTROSE,GB,56.7,-2.466667,V,RN,G,N,A,M,N,L,Y,,Y,Y,,Y,Y,,Y,N,Y
ABERDEEN,GB,57.15,-2.083333,M,RB,G,N,K,K,M,L,Y,,Y,Y,,Y,Y,S,Y,,Y
PETERHEAD,GB,57.5,-1.783333,M,CB,G,K,H,K,K,L,Y,,,Y,,Y,Y,S,Y,N,Y
FRASERBURGH HARBOR,GB,57.683333,-2.0,S,CB,F,N,J,M,M,M,Y,,,Y,,Y,Y,M,Y,,
TEESPORT,GB,54.65,-1.133333,L,RT,G,G,H,M,M,M,Y,,Y,Y,Y,Y,Y,M,Y,,Y
HARTLEPOOL,GB,54.7,-1.183333,S,CT,G,F,L,M,M,L,Y,,Y,Y,,Y,Y,M,Y,N,Y
DORDRECHT,NL,51.816667,4.65,M,RN,G,K,J,L,M,L,Y,,,Y,Y,Y,Y,,Y,,Y
VLISSINGEN,NL,51.45,3.6,M,RN,G,H,K,L,K,M,Y,,Y,Y,,Y,Y,M,Y,,Y
TERNEUZEN,NL,51.35,3.816667,M,RT,G,K,G,N,L,M,Y,Y,Y,Y,,Y,Y,M,Y,,Y
ANTWERPEN,BE,51.216667,4.4,L,RT,G,J,C,J,M,M,Y,,Y,Y,Y,Y,Y,L,Y,N,Y
BRUXELLES,BE,50.866667,4.35,S,RT,E,O,J,O,O,M,Y,,Y,Y,Y,Y,Y,,Y,,Y
GHENT,BE,51.066667,3.733333,M,LC,F,J,G,J,N,L,Y,,Y,Y,,Y,Y,M,Y,,Y
ZEEBRUGGE,BE,51.333333,3.2,M,CB,G,K,L,G,H,L,Y,,,Y,,Y,Y,M,Y,,Y
BRUGES,BE,51.233333,3.216667,V,LC,E,L,,N,,M,Y,,Y,,Y,Y,Y,,Y,,
OOSTENDE,BE,51.233333,2.916667,S,RT,F,N,M,N,O,M,Y,,Y,Y,Y,Y,Y,M,Y,,Y
NIEUWPOORT,BE,51.133333,2.75,V,LC,G,P,M,O,,M,Y,,Y,Y,,Y,Y,,Y,N,N
WONSAN,KP,39.166667,127.45,S,CN,G,J,M,N,,L,Y,,,Y,Y,,,,,,
HUNGNAM,KP,39.833333,127.616667,S,CB,F,G,O,M,,M,Y,Y,,Y,,,,,Y,,Y
CH'AHO,KP,40.2,128.65,V,CB,F,L,L,K,,,,Y,,,,N,,,,,
CH'ONGJIN,KP,41.766667,129.816667,S,CN,F,E,A,L,,,Y,Y,,Y,,Y,,S,Y,,Y
POS'YET,RU,42.65,130.8,V,CN,F,A,G,L,,M,Y,N,Y,Y,Y,Y,,,Y,,Y
VLADIVOSTOK,RU,43.116667,131.9,L,CN,G,D,A,H,K,L,Y,,Y,Y,,Y,Y,S,Y,,Y
BUKHTA GAYDAMAK,RU,42.866667,132.683333,V,CN,P,H,H,O,,,,Y,,,,,,,,,
NAKHODKA,RU,42.8,132.883333,S,CN,F,K,D,J,M,M,Y,Y,Y,Y,Y,Y,Y,,Y,,Y
SOVETSKAYA GAVAN,RU,48.966667,140.283333,S,CN,G,C,A,K,K,M,Y,,,Y,,Y,,M,Y,,
BUKHTA VANINO,RU,49.083333,140.283333,V,CN,F,D,F,J,K,M,Y,,Y,Y,,Y,,,Y,,Y
PORTO EMPEDOCLE,IT,37.283333,13.533333,V,CB,P,J,K,N,,L,Y,Y,,Y,,Y,Y,,Y,,Y
LICATA,IT,37.1,13.933333,V,CB,P,L,C,N,,M,Y,Y,Y,Y,,Y,Y,,Y,,Y
GELA,IT,37.066667,14.25,V,CB,P,H,K,K,G,M,Y,Y,,Y,,Y,Y,,Y,Y,Y
POZZALLO,IT,36.716667,14.85,V,OR,F,,K,K,,L,Y,Y,,Y,,Y,,,Y,,Y
SIRACUSA,IT,37.05,15.283333,L,CB,G,A,L,N,,L,Y,Y,Y,,,Y,Y,S,Y,,Y
AUGUSTA,IT,37.216667,15.233333,S,CB,F,A,B,,F,M,Y,Y,,,Y,Y,Y,M,Y,,Y
CATANIA,IT,37.5,15.1,S,CB,F,J,A,K,L,M,Y,Y,Y,Y,,Y,Y,S,Y,,Y
LIPARI,IT,38.483333,14.966667,V,CN,F,A,A,N,,,Y,Y,,,,N,N,,Y,,
VALLETTA HARBORS,MT,35.9,14.516667,M,CN,E,F,A,H,,M,Y,Y,Y,Y,Y,Y,Y,M,Y,Y,Y
MARSAXLOKK,MT,35.816667,14.55,S,CN,G,G,A,F,,M,Y,Y,,Y,,Y,Y,,Y,,Y
CROTONE,IT,39.083333,17.133333,S,CB,G,N,G,L,P,M,Y,,,,,Y,Y,,Y,,Y
TARANTO,IT,40.466667,17.2,L,CB,G,G,J,F,B,L,Y,Y,Y,Y,Y,Y,Y,,Y,Y,Y
GALLIPOLI,IT,40.05,17.983333,M,CB,E,J,H,H,,M,,,,Y,,Y,Y,,Y,,
OTRANTO,IT,40.15,18.5,V,CB,F,N,M,N,,M,,,,,,,Y,,Y,,
MONOPOLI,IT,40.95,17.3,S,CB,G,L,A,M,,M,Y,,,Y,,Y,Y,,Y,,N
BARI,IT,41.133333,16.866667,M,CB,G,J,K,J,H,M,Y,,,Y,Y,Y,Y,M,Y,Y,Y
PORTO DI ORISTANO,IT,39.866667,8.55,S,CN,,H,H,J,,L,Y,,,Y,,Y,Y,S,Y,,Y
PORTO TORRES,IT,40.833333,8.4,S,CB,F,J,C,H,G,M,Y,Y,Y,Y,,Y,Y,,Y,,Y
SAN REMO,IT,43.816667,7.783333,V,CT,P,K,J,N,,M,Y,Y,,,,Y,Y,S,N,N,N
IMPERIA,IT,43.883333,8.033333,S,CB,F,L,J,L,,M,Y,Y,,Y,,Y,Y,,Y,,Y
RADA DI VADO,IT,44.266667,8.433333,M,OR,G,K,F,G,A,M,Y,Y,Y,,,Y,Y,,Y,,Y
SAVONA,IT,44.316667,8.5,S,CB,G,K,F,L,L,M,Y,Y,Y,Y,,Y,Y,,Y,,Y
GENOVA,IT,44.4,8.933333,L,CB,E,F,L,G,A,M,Y,Y,Y,Y,Y,Y,Y,L,Y,Y,Y
LA SPEZIA,IT,44.1,9.833333,M,CB,G,G,F,G,J,L,Y,Y,Y,Y,,Y,Y,L,Y,Y,Y
MARINA DI CARRARA,IT,44.033333,10.033333,V,CB,F,H,M,K,,,Y,Y,,Y,,Y,Y,,Y,,Y
LIVORNO,IT,43.55,10.316667,S,CB,G,H,L,N,L,L,Y,Y,Y,Y,Y,Y,Y,L,Y,N,Y
VADA,IT,43.35,10.45,V,OR,P,O,F,J,J,M,Y,Y,Y,Y,,,,,Y,,Y
VANIMO,PG,-2.683333,141.133333,S,CN,E,K,G,N,,M,,,,Y,,Y,,,N,,Y
THURSDAY ISLAND,AU,-10.583333,142.216667,S,CN,G,N,L,O,O,M,Y,,,Y,,Y,,,Y,N,Y
CAIRNS,AU,-16.916667,145.783333,S,RN,G,L,J,K,K,M,Y,,Y,Y,,Y,,S,Y,N,Y
MOURILYAN HARBOUR,AU,-17.6,146.133333,S,CN,G,M,M,K,,M,Y,,Y,,,N,N,,Y,,Y
LUCINDA,AU,-18.516667,146.333333,V,OR,F,H,G,L,,M,Y,,,Y,,N,N,,Y,N,Y
TOWNSVILLE,AU,-19.266667,146.816667,S,CB,F,J,L,J,J,L,Y,,Y,Y,,Y,,,Y,N,Y
MACKAY,AU,-21.116667,149.216667,S,CB,G,L,G,H,J,M,Y,,Y,Y,,Y,,,Y,N,Y
HAY POINT,AU,-21.283333,149.3,S,OR,P,H,H,E,,M,Y,Y,,,,N,,,Y,,Y
PORT ALMA,AU,-23.583333,150.85,V,RN,G,M,J,K,K,L,Y,,Y,,,Y,,,Y,N,N
GLADSTONE,AU,-23.85,151.25,S,RN,E,L,G,K,J,M,Y,N,Y,Y,Y,Y,Y,,Y,Y,Y
BUNDABERG,AU,-24.866667,152.35,V,RN,G,L,L,K,L,M,Y,,,Y,,Y,,,Y,,Y
BRISBANE,AU,-27.466667,153.033333,L,RN,E,L,J,H,G,L,Y,Y,Y,Y,Y,Y,Y,M,Y,,Y
HIMEJI,JP,34.75,134.633333,M,CB,F,F,F,H,C,L,Y,N,Y,Y,,Y,,,N,N,Y
AIOI,JP,34.783333,134.466667,V,CN,F,M,M,N,,L,,Y,,,Y,Y,Y,L,,,Y
KAKOGAWA,JP,34.7,134.833333,V,CB,F,J,L,N,F,M,Y,,,,,Y,,,N,,Y
UNO KO,JP,34.483333,133.95,V,CN,F,H,L,J,,L,Y,Y,Y,Y,Y,Y,,M,Y,,Y
HIBI KO,JP,34.45,133.933333,V,CN,F,H,L,,,L,Y,Y,Y,Y,,Y,,L,N,,Y
MIZUSHIMA KO,JP,34.5,133.75,M,CN,G,G,C,E,E,L,Y,,Y,Y,,Y,,M,Y,N,Y
ONOMICHI-ITOZAKI,JP,34.383333,133.166667,L,CN,G,K,K,K,,L,Y,Y,,,Y,Y,,L,N,,Y
KURE,JP,34.233333,132.55,M,CN,G,E,B,E,G,L,Y,Y,,Y,Y,Y,Y,L,N,N,Y
KANOKAWA KO,JP,34.183333,132.433333,V,CN,G,E,J,,J,L,,Y,N,N,N,Y,Y,,N,N,Y
IWAKUNI KO,JP,34.183333,132.25,M,OR,G,B,G,J,F,L,Y,Y,Y,,,Y,Y,,N,Y,Y
KUDAMATSU,JP,34.0,131.866667,S,CN,G,L,K,L,D,M,Y,,,Y,Y,Y,Y,L,N,N,Y
TOKUYAMA,JP,34.033333,131.816667,M,OR,F,J,F,J,H,L,Y,,,,Y,Y,Y,M,N,Y,Y
YOKOSUKA KO,JP,35.283333,139.666667,M,CN,G,G,A,K,K,L,Y,,,,Y,Y,Y,M,Y,,Y
ALEKSANDROVSK -SAKHALINSKIY,RU,50.9,142.133333,S,OR,P,L,G,P,,M,,Y,,Y,Y,,,,Y,,Y
LAZAREV,RU,52.216667,141.516667,V,OR,G,N,G,M,O,M,Y,,,Y,,,,,Y,,Y
MOSKAL VO,RU,53.583333,142.5,V,CN,F,M,L,M,M,M,,Y,,Y,,Y,,,Y,,
MAINTIRANO,MG,-18.066667,44.016667,V,OR,P,O,L,,,,,Y,,,,,,,N,,
TOLANARO,MG,-25.033333,47.0,V,OR,F,K,F,P,,L,,Y,Y,Y,,N,N,,,N,N
MANAKARA,MG,-22.116667,48.05,V,OR,P,L,G,P,,,,Y,Y,,,,,,,,
MAROANTSETRA,MG,-15.45,49.816667,V,OR,F,A,J,,,,,Y,,,,,,,,,
IHARANA,MG,-13.35,50.0,V,CN,G,G,G,N,,M,,Y,,,,N,N,,,,
PORT EST,RE,-20.933333,55.316667,S,CB,F,H,A,J,H,L,Y,Y,Y,,,Y,Y,,Y,Y,Y
SAINT-PIERRE,RE,-21.35,55.466667,V,OR,P,G,A,P,,,,Y,,,,,,,,,
DIEGO GARCIA,IO,-7.35,72.466667,V,CB,G,H,F,,H,,,,,,,N,N,L,Y,,Y
BERBERA,SO,10.45,45.016667,S,CB,F,J,E,L,L,M,Y,Y,Y,Y,,N,N,,Y,,
DJIBOUTI,DJ,11.6,43.133333,S,CN,G,E,C,J,J,M,Y,Y,,Y,Y,Y,Y,M,Y,,Y
ASSAB,ER,13.0,42.75,S,CN,F,J,E,K,J,M,Y,Y,Y,Y,,Y,Y,,Y,,Y
MITSIWA HARBOR,ER,15.616667,39.466667,S,CB,G,K,F,J,L,L,Y,Y,Y,Y,,,Y,,Y,Y,Y
PORT SUDAN,SD,19.6,37.233333,M,CB,E,A,A,J,,L,Y,Y,Y,Y,,Y,Y,,Y,Y,Y
AL QUSAYR,EG,26.1,34.283333,V,OR,F,L,A,L,,,,N,Y,Y,,N,N,,Y,,Y
BUR SAFAGA,EG,26.733333,33.95,S,CB,G,F,A,J,,L,,Y,Y,,,Y,N,S,Y,,Y
ZEIT BAY TERMINAL,EG,27.833333,33.6,S,OR,F,O,C,N,C,M,,Y,,Y,,N,N,,Y,,Y
WARREN POINT,GB,54.1,-6.25,V,CN,P,N,M,,,M,Y,,Y,Y,,Y,Y,,Y,,Y
WISBECH,GB,52.666667,0.15,S,LC,G,Q,N,O,,M,Y,,,Y,,Y,Y,,Y,,Y
EEMSHAVEN,NL,53.45,6.833333,S,RB,F,L,K,J,L,M,Y,Y,,Y,Y,Y,,M,Y,,Y
HANSWEERT,NL,51.45,4.0,V,CT,F,N,J,,,M,Y,,,,,Y,Y,,,,Y
BUSUM,DE,54.133333,8.866667,V,CN,F,M,P,P,,M,Y,,,,,,Y,,N,,Y
BUTZFLETH,DE,53.65,9.516667,S,OR,G,H,M,G,K,M,Y,,,,,Y,Y,,Y,,Y
ITZEHOE,DE,53.916667,9.516667,V,RN,F,N,J,P,,M,Y,,Y,,,Y,Y,,,N,N
NEUHAUS,DE,53.8,9.033333,V,RN,F,O,J,P,,M,Y,,,,,Y,Y,,,,N
ORTH,DE,54.45,11.05,V,CB,P,P,O,P,,M,Y,,,,,Y,Y,,N,,N
LEMVIG,DK,56.583333,8.283333,V,CB,G,P,O,O,,M,,,Y,Y,,Y,Y,,Y,,Y
SKAERBAEK,DK,55.516667,9.616667,V,OR,F,M,M,E,J,M,Y,,,Y,,Y,,,N,,Y
HOLSTEBRO-STUER,DK,56.5,8.583333,S,CB,G,O,O,O,,M,,,,Y,,Y,,,Y,,
THISTED,DK,56.95,8.7,V,CB,F,N,K,O,,M,,,,,,Y,,,Y,N,N
POLICE,PL,53.566667,14.566667,S,CN,F,K,L,L,,M,Y,,Y,,,,,,Y,,Y
LIELUPE,LV,57.0,23.433333,V,RN,F,P,A,O,,M,,,,,,Y,,,Y,,Y
SALACGRIVA,LV,57.7,24.366667,V,RN,F,M,K,O,,M,,,,,,Y,,,Y,,
BUTINGE OIL TERMINAL,LT,56.033333,20.95,V,OR,P,C,C,,J,L,,,,,,N,,,,,Y
HUNDESTED,DK,55.966667,11.85,V,CB,F,O,O,N,,M,Y,,,,,,Y,,Y,,
FUSHIKI-TOYAMA,JP,36.766667,137.133333,S,CB,F,H,J,G,A,L,Y,,,Y,,Y,,L,N,N,Y
KINGSTOWN,VC,13.15,-61.233333,S,CN,F,,A,J,L,L,Y,Y,,Y,,Y,Y,,Y,N,N
ST GEORGE'S,GD,12.05,-61.75,S,CN,F,H,H,D,K,L,Y,,,,,,Y,,Y,N,N
GALEOTA POINT TERMINAL,TT,10.133333,-60.983333,S,OR,F,A,,,A,L,,,,,,Y,,,N,N,N
FUKUI KO,JP,36.183333,136.1,M,RN,,L,F,K,F,L,Y,,,,,Y,,,N,,Y
PORT OF SPAIN,TT,10.65,-61.516667,M,CN,E,J,J,J,M,L,Y,Y,,Y,Y,Y,,,Y,,Y
POINTE A PIERRE,TT,10.316667,-61.466667,S,OR,F,H,H,M,G,L,Y,Y,,,Y,Y,Y,,Y,,Y
IBIZA,ES,38.9,1.45,V,CB,F,L,A,C,L,M,Y,,,,,Y,Y,,Y,N,Y
KRALENDIJK,BQ,12.15,-68.283333,V,OR,F,H,,K,,L,Y,,,Y,,Y,,,Y,,Y
HORTA,PT,38.533333,-28.633333,S,CB,F,H,A,M,,M,Y,Y,Y,Y,,Y,Y,,Y,N,Y
HIGASHI-HARIMA,JP,34.7,134.833333,M,CB,G,G,D,E,E,L,,Y,Y,Y,,Y,,,N,,Y
OSAKA,JP,34.65,135.433333,L,CB,G,J,F,G,M,L,Y,,Y,Y,Y,Y,Y,L,Y,,Y
SAKAIDE KO,JP,34.333333,133.85,V,CN,F,H,F,H,D,L,Y,,,Y,,Y,Y,L,N,,Y
SINT NICOLAAS BAAI,AW,12.433333,-69.916667,S,CB,F,H,A,H,A,L,Y,,,,,Y,Y,,Y,,Y
CUMANA (PUERTO SUCRE),VE,10.466667,-64.183333,V,OR,P,A,A,K,,M,Y,Y,,Y,,,,,Y,,N
ST JOHN'S,CA,47.566667,-52.7,S,CN,E,J,G,E,F,L,Y,,Y,Y,Y,Y,Y,M,Y,,Y
KEFLAVIK,IS,64.0,-22.55,V,OR,F,A,A,H,,,Y,Y,,Y,,Y,Y,,Y,N,Y
HAFNARFJORDUR,IS,64.066667,-21.95,V,CN,F,L,J,L,J,L,Y,Y,,Y,,Y,Y,,Y,,Y
REYKJAVIK,IS,64.15,-21.933333,M,CB,G,L,G,L,H,L,Y,,,Y,Y,Y,Y,L,Y,N,Y
BILDUDALUR,IS,65.683333,-23.6,V,CN,F,N,J,N,,,Y,,,,,N,N,,,,
SIGLUFJORHURD,IS,66.15,-18.916667,V,CN,F,L,A,L,,,Y,,N,N,N,Y,Y,,Y,N,Y
KIMCH'AEK,KP,40.666667,129.2,V,OR,G,E,G,K,,M,Y,Y,,,,,,,,,Y
NAJIN,KP,42.233333,130.3,S,RB,F,C,C,K,,,Y,,,,Y,,,M,N,,
SENBONG,KP,42.333333,130.4,S,CN,F,A,A,A,,L,Y,Y,,,,,,,Y,,Y
PAAMUIT (FREDERIKSHAB),GL,62.0,-49.666667,S,CN,F,M,E,L,N,M,Y,Y,Y,,,Y,Y,,,N,N
KARAIKAL PORT,IN,10.833333,79.866667,S,CB,G,F,J,G,,L,Y,,Y,Y,N,Y,Y,,Y,,Y
PYEONGTAEK HANG,KR,37.0,126.8,M,RN,F,B,A,G,G,L,Y,,Y,,,N,N,,Y,,
ATTU,GL,67.95,-53.733333,V,CN,F,A,A,O,,M,,Y,,,,,,,,,N
JINZHOU WAN,CN,40.75,121.1,V,OR,F,H,K,G,J,M,Y,,Y,Y,,,Y,,Y,,Y
QINHUANGDAO,CN,39.933333,119.616667,M,CB,F,H,G,F,J,M,Y,Y,,Y,Y,Y,Y,M,Y,,Y
ILLULISSAT (JAKOBSHAVN),GL,69.216667,-51.1,S,CN,F,J,C,L,P,M,Y,Y,,Y,,,,,N,N,N
PENZANCE,GB,50.116667,-5.533333,S,CT,G,,G,N,,M,Y,,,Y,,Y,Y,S,,N,Y
SHANGHAI,CN,31.216667,121.5,L,RN,G,L,G,J,K,M,Y,Y,Y,Y,Y,Y,Y,L,Y,Y,Y
MEVAGISSEY,GB,50.266667,-4.783333,V,CB,G,P,O,Q,,M,,,,,,,,,Y,,
PONTA DELGADA,PT,37.733333,-25.666667,S,CB,G,L,H,J,,M,Y,Y,,Y,,Y,Y,S,Y,N,Y
VILA DO PORTO,PT,36.933333,-25.15,V,CN,F,H,A,N,J,L,,,,,,Y,,,Y,,
MALONG MARINE TERMINAL,MY,4.633333,104.816667,V,OR,P,A,A,,A,L,,Y,,Y,,N,,,,Y,Y
SUNGAIGERONG,ID,-2.983333,104.833333,V,RN,G,N,,K,L,M,Y,,,Y,,Y,Y,S,Y,,Y
BLANGLANCANG,ID,5.233333,97.1,S,TH,F,G,B,M,G,M,Y,Y,,Y,,,,,Y,,Y
POLENG OIL FIELD,ID,-6.65,112.916667,V,OR,P,,A,,A,,Y,,,,,N,,,,,
PULAU BAAI,ID,-3.916667,102.283333,V,OR,P,K,J,K,J,M,,,,Y,,N,Y,,Y,,Y
RAMBA,ID,-2.616667,104.133333,V,OR,P,N,,N,,M,Y,,,,,Y,,,N,,
PORT DE BECANCOUR,CA,46.4,-72.383333,V,RN,E,K,K,K,,M,Y,,,,,,,,Y,,Y
KUALA BELAIT,BN,4.633333,114.2,V,CN,G,Q,P,,P,,,,,Y,,,,,,,Y
PELABUHAN SUNGAI UDANG,MY,2.25,102.133333,V,OR,P,E,D,N,L,M,Y,Y,,,,Y,Y,,N,,Y
COMODORO RIVADAVIA,AR,-45.866667,-67.466667,V,CB,F,A,H,K,A,L,Y,Y,Y,Y,,Y,Y,,Y,Y,Y
PUERTO DESEADO,AR,-47.75,-65.9,V,RN,G,M,G,L,,L,Y,,Y,,,Y,Y,,Y,N,N
RIO GRANDE,AR,-53.783333,-67.683333,V,RN,G,,,,,,,,Y,,,Y,Y,,Y,,
STANLEY,FK,-51.7,-57.833333,M,CN,G,L,N,M,O,M,Y,Y,Y,,,Y,,,N,N,N
GRYTVIKEN,GS,-54.266667,-36.5,V,CN,F,,,M,J,,Y,,,,,,,,,,
PUNTA DELGADA,CL,-52.466667,-69.55,V,OR,F,,N,,,,,Y,,,,,,,,,Y
RADA PUNTA ARENAS,CL,-53.166667,-70.9,S,OR,F,,E,K,K,L,Y,Y,Y,Y,,Y,Y,,Y,Y,Y
BAHIA AGUA FRESCA,CL,-53.383333,-70.966667,V,CN,F,,N,,,,,Y,,,,,,,,,
PUERTO YARTOU,CL,-53.883333,-70.15,V,CN,F,A,G,P,,,,,,,,,,,,,
ENITWETAK ISLAND,MH,11.333333,162.333333,V,OR,G,H,C,L,,,,Y,,,,Y,,,,,
KWAJALEIN,MH,8.716667,167.733333,V,OR,G,G,G,L,L,M,Y,,,Y,Y,Y,,,Y,Y,Y
POHNPEI HARBOR,FM,6.983333,158.2,S,CN,F,K,A,K,L,M,,,,,,Y,,,Y,N,N
MOEN,FM,7.433333,151.833333,V,OR,G,L,,L,L,,Y,Y,Y,,,Y,,,,N,N
KAVIENG HARBOR,PG,-2.583333,150.8,S,CN,E,E,,,,M,Y,,,Y,,Y,Y,,,,N
RABAUL,PG,-4.2,152.183333,S,CN,E,A,G,A,L,M,Y,Y,,,,Y,Y,,Y,N,Y
RINGGI COVE,SB,-8.116667,157.1,S,CN,F,A,,L,,M,,Y,,,,Y,,,,,
PUERTO LA CRUZ,VE,10.25,-64.633333,L,OR,G,L,A,M,F,L,Y,,Y,Y,,Y,Y,,Y,,Y
JOSE TERMINAL,VE,10.1,-64.85,V,OR,F,E,A,J,B,L,Y,Y,,,,Y,Y,,Y,,Y
CATIA LA MAR,VE,10.6,-67.016667,V,CN,G,M,H,M,F,M,Y,Y,,,,,,,Y,N,Y
PUERTO BORBURATA,VE,10.483333,-67.983333,V,CN,F,K,J,,K,L,Y,,,Y,Y,Y,,,Y,,Y
PUERTO CHICHIRIVICHE,VE,10.916667,-68.266667,V,CN,G,K,L,M,M,M,Y,Y,Y,Y,,,,,Y,,
BAYONNE,FR,43.5,-1.466667,M,RN,E,N,A,K,,L,Y,,Y,Y,,Y,Y,S,Y,,Y
TOULON,FR,43.1,5.916667,L,CB,E,K,C,K,,L,Y,,Y,,,Y,Y,M,Y,,Y
PORTO VECCHIO,FR,41.583333,9.283333,V,CN,G,N,C,L,,,Y,Y,,,,,,,Y,N,N
LAS PIEDRAS,VE,11.7,-70.216667,S,OR,G,,F,L,H,M,Y,,,,,,N,,Y,,Y
FUKUYAMA,JP,34.433333,133.433333,M,CN,G,F,F,E,N,L,Y,,Y,Y,Y,Y,,,Y,,Y
VITINO,RU,67.083333,32.316667,V,CN,P,H,B,,H,L,Y,,,,,Y,Y,,Y,,Y
TABARKA,TN,36.966667,8.766667,V,CB,F,,,,,,,,,,,,,,,,
ABU KHAMMASH,LY,33.066667,11.816667,V,CN,N,L,,,L,,,,,,,,,,Y,,
RAS AL MISHAB,SA,28.116667,48.633333,S,OR,F,J,K,J,,L,Y,Y,Y,Y,,N,N,,Y,N,Y
RAS AL KHAFJI,SA,28.433333,48.583333,S,OR,F,C,G,J,C,L,Y,Y,,,,Y,Y,,Y,,Y
ISLAS HORMIGAS,ES,37.65,-0.65,,,,,,,,,,,,,,,,,,,
LAS HORMIGAS,ES,41.866667,3.183333,,,,,,,,,,,,,,,,,,,
FORT WILLIAM,GB,56.816667,-5.116667,V,RB,F,J,G,J,,M,Y,,,,,,,,,,
GLENSANDA,GB,56.566667,-5.533333,V,RN,G,C,A,J,,L,Y,,,,,,,,Y,,N
LOCHALINE,GB,56.55,-5.766667,V,RB,F,Q,G,L,,M,Y,,,,,,,,,,
LAGOS,PT,37.1,-8.616667,,,,,,,,,,,,,,,,,,,
KHALIFA BIN SALMAN,BH,26.25,50.75,M,CB,F,G,G,G,,L,Y,,Y,Y,,,,,Y,,Y
SUIZHANG GANG,CN,40.066667,121.05,V,OR,N,J,,H,,L,Y,Y,,,,,,,,,
BODRUM,TR,37.033333,27.433333,V,CN,F,,E,B,,L,Y,,,,,Y,Y,,Y,,Y
LAMU,KE,-2.266667,40.9,S,CN,F,N,N,N,,,,,,,,,,,Y,,
GWANGYANG HANG,KR,34.85,127.8,M,CN,G,C,G,B,A,L,Y,Y,,,,Y,Y,M,Y,,
ISHIKARI BAY NEW PORT,JP,43.216667,141.283333,M,CB,F,K,,G,M,L,Y,,,,,,,,N,,Y
SAPANGAR BAY,MY,6.083333,116.116667,S,CN,F,J,B,K,J,,,,,,,Y,,,,,
SILLAMAE,EE,59.4,27.05,M,CB,G,,,K,G,L,Y,,,Y,,,,,Y,,Y
PORT LANGKAWI,MY,6.433333,99.766667,V,OR,F,,K,L,L,M,,,,,,,,,Y,N,N
QASIGIANNGUIT-CHRISTIANSHAB,GL,68.816667,-51.183333,V,CN,G,L,H,L,,M,Y,,Y,Y,,N,Y,,N,N,N
FOWEY HARBOUR,GB,50.333333,-4.633333,S,RN,E,H,G,L,,M,Y,,,Y,,Y,,,Y,,Y
PITUFFIK (THULE AIR BASE),GL,76.533333,-68.866667,V,CN,G,A,H,K,,L,Y,Y,,Y,,Y,Y,,,N,N
PLYMOUTH,GB,50.366667,-4.15,M,CN,E,K,L,L,L,M,Y,,Y,Y,Y,Y,Y,L,Y,,Y
BRIXHAM HARBOUR,GB,50.4,-3.516667,V,CB,G,O,A,P,,M,,,,Y,,,Y,,Y,N,N
HAUGESUND,NO,59.416667,5.266667,S,CN,E,J,C,N,J,M,Y,Y,Y,Y,Y,Y,,M,Y,,Y
KOPERVIK,NO,59.283333,5.316667,V,OR,G,N,K,N,L,,Y,Y,,Y,Y,Y,,M,,,Y
KARSTO,NO,59.266667,5.516667,M,OR,F,A,A,J,G,L,,Y,,,,N,N,M,Y,,Y
ESPEVAER,NO,59.583333,5.15,V,CN,G,,H,M,,M,Y,Y,,,,Y,,,,,
SAUDA,NO,59.65,6.35,V,CN,G,,J,O,,M,Y,Y,Y,,,N,N,,Y,N,
AKRAHAMN,NO,59.266667,5.183333,V,CB,G,G,,P,,M,Y,Y,,,,,,,,,
SANDNES,NO,58.85,5.75,V,RB,G,N,C,N,H,,Y,Y,,Y,,,,,Y,,Y
STAVANGER,NO,58.966667,5.75,M,CB,E,A,A,L,K,L,Y,Y,Y,Y,Y,Y,Y,L,Y,N,Y
SKUDENESHAVN,NO,59.15,5.266667,V,CB,G,M,N,N,M,M,Y,Y,,,,Y,,,,,Y
TANANGER,NO,58.933333,5.583333,V,CB,G,A,M,H,J,M,Y,Y,Y,Y,,Y,Y,,Y,N,Y
EGERSUND,NO,58.45,6.0,V,RN,G,O,N,O,N,M,Y,Y,Y,Y,,Y,Y,,N,N,Y
REKEFJORD,NO,58.333333,6.266667,V,RN,G,E,A,N,P,M,Y,Y,Y,,,,,,,,
KIRKEHAMN,NO,58.233333,6.533333,V,CB,G,O,F,,,M,,Y,,,,,,,,N,N
FLEKKEFJORDEN,NO,58.3,6.666667,S,RB,E,L,J,N,,M,Y,Y,Y,,,Y,,,N,,Y
FARSUND,NO,58.083333,6.816667,V,CN,G,A,O,N,,M,Y,Y,Y,,,,Y,,Y,,Y
STUSVIK,NO,58.0,7.033333,V,CB,F,,M,M,,M,Y,Y,,,,,,,,,
MANDAL,NO,58.016667,7.466667,V,RN,G,J,A,N,H,M,Y,Y,,Y,Y,Y,,,Y,,Y
KRISTIANSAND,NO,58.15,8.0,S,CN,G,N,G,N,J,L,Y,Y,Y,Y,,Y,Y,L,Y,Y,Y
ARENDAL,NO,58.466667,8.766667,S,CB,G,B,B,N,,M,Y,Y,Y,Y,,,Y,,Y,,Y
TVEDESTRAND,NO,58.616667,8.933333,S,RB,F,,G,M,,M,Y,Y,,,,N,N,,Y,,Y
RISOR,NO,58.716667,9.233333,V,CN,G,J,A,L,,M,Y,Y,,,,Y,,S,Y,N,Y
KRAGERO,NO,58.866667,9.416667,V,CB,E,F,C,M,,L,Y,Y,,Y,,Y,,S,Y,,Y
BREVIK,NO,59.066667,9.7,S,CN,G,J,E,K,J,M,Y,Y,N,N,N,Y,,,Y,,Y
PORSGRUNN,NO,59.15,9.666667,S,RN,E,L,E,J,L,L,Y,Y,Y,Y,,,,S,Y,,Y
SKIEN,NO,59.2,9.6,S,RN,E,M,E,M,,M,Y,Y,Y,Y,Y,Y,Y,S,Y,N,Y
LARVIK,NO,59.05,10.033333,S,CB,G,A,K,N,K,M,Y,Y,,Y,,Y,Y,,Y,N,Y
SANDEFJORDEN,NO,59.116667,10.233333,S,RB,G,G,A,O,J,L,Y,Y,Y,Y,,Y,,,Y,,Y
TONSBERG,NO,59.283333,10.416667,V,LC,G,N,J,N,L,L,Y,Y,Y,Y,Y,Y,Y,S,Y,,Y
VALLOY,NO,59.266667,10.5,V,OR,G,N,H,,L,,Y,Y,,,,Y,,,Y,,
NOUMEA,NC,-22.283333,166.433333,S,CN,E,L,L,K,K,M,Y,,,Y,,Y,Y,,Y,,Y
BAIE UGUE,NC,-21.15,165.55,V,OR,F,,G,J,,L,Y,Y,,,,,,,,,Y
M'BYA OIL TERMINAL,GA,-3.883333,10.933333,V,OR,P,A,A,,A,L,,,,,,N,N,,Y,N,Y
PORTO AMBOIM,AO,-10.733333,13.75,V,OR,P,A,D,O,,,,Y,Y,,,Y,N,,,,
SUMBE,AO,-11.2,13.833333,V,OR,P,A,L,O,,,,Y,,Y,,N,N,,N,,
JAMESTOWN,SH,-15.916667,-5.716667,V,OR,P,A,A,P,,L,Y,Y,Y,,,N,N,,N,N,N
EDINBURGH OF THE SEVEN SEAS,SH,-37.05,-12.3,V,OR,P,A,A,,,M,,Y,,,,,,,,,
PELABUHAN BASS,MY,6.316667,99.833333,V,CN,G,A,O,N,,M,,,,,,Y,,,Y,,
PULAU PINANG,MY,5.416667,100.35,M,CN,G,K,L,M,L,L,Y,Y,Y,Y,,Y,Y,L,Y,N,Y
SERANGOON HARBOR,SG,1.4,103.95,V,CN,G,H,J,L,,M,Y,Y,,,,,,,,,
DRY SPRUCE BAY,US,57.933333,-153.033333,V,CN,G,,A,L,,,Y,Y,,,,Y,Y,,,,
PORT VITA,US,58.066667,-153.066667,V,CN,G,,,N,,,Y,Y,,,,,,,,,
BEAR ISLAND,US,58.45,-152.683333,V,CN,F,,,,,,,Y,,,,,,,,,
HOGG ISLAND,US,58.466667,-152.683333,V,CN,F,,,,,,,Y,,,,,,,,,
PORT WILLIAM,US,58.483333,-152.583333,V,CN,G,,,M,,,Y,Y,,,,,Y,,,,
KANATAK,US,57.566667,-156.033333,V,OR,P,,,,,,,,,,,,,,,,
CHIGNIK,US,56.3,-158.4,V,CN,P,,,M,,,Y,Y,,,,,,,,,
IVANOF BAY,US,55.8,-159.466667,V,CN,F,,A,M,,,Y,Y,,,,,,,,,
SAND POINT,US,55.333333,-160.533333,V,CN,F,,,M,O,,Y,Y,,,,Y,Y,,,,
BARALOF BAY,US,55.233333,-160.533333,V,CN,F,,A,L,P,,Y,Y,,,,N,N,,,,
BELKOFSKI,US,55.083333,-162.033333,V,OR,P,,E,,,,,Y,,,,,,,,,
KING COVE,US,55.05,-162.316667,V,CN,P,,A,M,,,Y,Y,,,,Y,Y,,,,
COLD BAY,US,55.2,-162.7,V,CN,F,,,K,,,Y,Y,,,,,,,,,
SANAK,US,54.483333,-162.816667,V,OR,F,,N,,,,,Y,,,,,,,,,
CANNERY BAY,US,53.7,-166.75,V,CN,F,,B,,,,,Y,,,,,,,,,
MAKUSHIN,US,53.766667,-166.983333,V,OR,F,,B,,,,,Y,,,,,,,,,
DUTCH HARBOR,US,53.9,-166.533333,S,CN,P,H,,,B,,Y,Y,,,,Y,Y,,Y,,N
UNALASKA,US,53.866667,-166.533333,V,CN,P,L,,K,,,Y,Y,,,,Y,Y,,,,
PALISADES POINT,US,52.233333,-174.166667,V,CN,F,,,M,,,Y,Y,,,,,,,,,
CONSTANTINE HARBOR,US,51.4,179.3,V,CN,F,A,J,H,,,Y,Y,,,,N,Y,,,,
KISKA,US,51.966667,177.55,V,CN,F,B,B,J,,,Y,Y,,,,,,,,,
ALCAN HARBOR,US,52.733333,174.066667,V,CN,F,,,O,,,Y,Y,,,,,,,,,
WHITTIER,US,60.833333,-148.666667,V,CN,G,,,J,,,Y,,,,,Y,Y,,,,
CRAB BAY,US,60.066667,-148.0,V,CN,F,,,L,,,Y,,,,,,,,Y,,
PORT ASHTON,US,60.066667,-148.05,V,CN,G,,,L,L,,Y,,,,,,,,,,
SKOOT COVE,US,52.716667,174.066667,V,CN,F,,,O,,,Y,Y,,,,,,,,,
KETCHIKAN,US,55.333333,-131.65,S,CN,G,,,L,K,L,Y,Y,,,,Y,Y,,,,Y
WARD COVE,US,55.4,-131.733333,V,CN,G,A,B,J,,,Y,Y,,,,N,N,,,,
KNUDSON COVE,US,55.466667,-131.8,V,OR,P,,M,,,,,Y,,,,N,N,,,,
LORING,US,55.6,-131.633333,V,CN,F,,A,,,,,Y,,,,,,,,,
YES BAY,US,55.916667,-131.8,V,CN,G,,G,,,,Y,Y,,,,N,Y,,,,
UNION BAY,US,55.766667,-132.216667,V,CN,G,,A,L,,,Y,Y,,,,,,,,,
BURNETT INLET,US,56.066667,-132.466667,V,CN,F,,J,O,,,Y,Y,,,,,,,,,
WRANGELL,US,56.466667,-132.383333,S,CN,G,L,M,J,K,M,Y,Y,,,,N,N,,,,Y
KASAAN,US,55.533333,-132.4,V,CN,E,,,K,,,Y,Y,,,,N,N,,,,
SLAGENSTANGEN,NO,59.316667,10.516667,V,OR,F,A,A,,K,M,Y,Y,,,,Y,Y,,Y,Y,Y
HORTEN,NO,59.416667,10.5,M,CN,G,K,K,M,,M,Y,Y,,Y,Y,Y,,M,Y,,Y
HOLMESTRAND,NO,59.483333,10.3,V,CB,G,C,C,O,,M,Y,Y,,,,Y,,,N,,Y
SVELVIK,NO,59.616667,10.4,V,CN,G,K,M,O,,,Y,Y,,Y,,Y,,,N,,Y
DRAMMEN,NO,59.733333,10.25,M,CB,G,K,B,M,L,L,Y,Y,,Y,Y,Y,Y,,N,,Y
STORSTEILENE,NO,59.816667,10.6,V,CN,G,,A,,H,,Y,Y,,,,,,,N,,Y
OSLO,NO,59.916667,10.75,L,CN,G,J,E,N,N,L,Y,Y,Y,Y,Y,Y,Y,,Y,,Y
DROBAK,NO,59.666667,10.65,V,CB,G,J,G,O,,,Y,Y,,,,,,,N,,Y
MOSTERHAMN,NO,59.7,5.4,V,CN,G,G,G,O,,M,Y,Y,,,,Y,,,,,
SAGVAG,NO,59.766667,5.383333,V,CN,G,L,K,J,,M,Y,Y,,,,,,,,,
LEIRVIK,NO,59.783333,5.5,V,CN,G,,A,N,P,M,Y,Y,,,,,,S,N,,Y
MOSJOEN,NO,65.833333,13.2,V,RN,E,N,K,N,N,M,Y,Y,Y,Y,N,Y,Y,,,,Y
TJOTTA,NO,65.833333,12.433333,V,CN,F,N,N,M,,M,Y,Y,,,,,,,,,
BRONNOYSUND,NO,65.466667,12.2,V,CN,G,,J,N,O,M,Y,Y,Y,,,Y,,,N,,Y
BERG,NO,65.366667,12.2,V,CN,F,N,N,K,,,Y,,,,,Y,Y,,,,
RORVIK,NO,64.866667,11.25,V,CN,G,,J,L,,M,Y,Y,Y,,,Y,Y,,,,Y
SALSBRUKET,NO,64.8,11.866667,S,CN,G,,A,M,,M,Y,,,,,,,,N,N,N
SANTA CRUZ DE BARAHONA,DO,18.2,-71.083333,S,CN,G,K,H,K,,L,Y,Y,Y,Y,,,Y,,Y,,Y
CABO ROJO,DO,17.916667,-71.65,V,OR,P,K,N,K,,L,Y,,,,,N,N,,Y,N,N
AGUADILLA,PR,18.433333,-67.15,V,OR,F,C,F,J,L,L,,Y,,,,Y,Y,S,Y,,Y
ARECIBO,PR,18.483333,-66.7,V,CB,G,M,G,M,P,,Y,Y,,,,Y,,,Y,,
SAN JUAN,PR,18.466667,-66.116667,S,OR,E,K,J,L,N,L,Y,Y,Y,Y,Y,Y,Y,S,Y,,Y
BAHIA DE FAJARDO,PR,18.333333,-65.633333,V,CB,F,N,N,P,,,Y,Y,,,,,,,Y,,
ENSENADA HONDA,PR,18.233333,-65.633333,M,CB,F,L,K,K,K,L,Y,,Y,Y,,Y,,,,,
PLAYA DE HUMACAO,PR,18.166667,-65.75,V,OR,F,J,M,O,,M,,Y,,,,Y,,,Y,,
PUERTO YABUCOA,PR,18.05,-65.833333,V,OR,F,G,E,H,H,L,,,,,,Y,Y,,Y,Y,Y
ARROYO,PR,17.966667,-66.066667,S,OR,P,L,M,P,,,,Y,,,,Y,,,Y,,
BAHIA DE JOBOS,PR,17.95,-66.183333,V,CB,F,O,N,L,,L,Y,,,,,N,N,,Y,N,Y
LAS MAREAS,PR,17.95,-66.166667,V,OR,P,K,J,,J,L,Y,,,,,Y,,,,,Y
PLAYA DE PONCE,PR,17.983333,-66.616667,M,CB,F,K,L,L,,,Y,,,Y,,Y,Y,,Y,,Y
PLAYA DE GUAYANILLA,PR,18.016667,-66.766667,M,CB,F,K,J,,J,L,Y,Y,,,,,Y,S,Y,N,Y
PLAYA DE GUANICA,PR,17.966667,-66.916667,S,OR,G,K,L,L,,L,Y,,Y,,,Y,N,,Y,N,Y
MAYAGUEZ,PR,18.2,-67.15,S,OR,E,L,N,L,,L,Y,,Y,,,,,,Y,N,N
CHARLOTTE AMALIE,VI,18.35,-64.933333,S,OR,G,K,N,L,O,L,Y,Y,Y,Y,,Y,Y,S,Y,,Y
CRUZ BAY,VI,18.333333,-64.8,S,CN,P,O,O,O,,,,,,,,Y,Y,,,,
FREDERIKSTED,VI,17.716667,-64.883333,S,OR,P,J,L,K,F,L,Y,N,,Y,,Y,,,Y,N,N
LIMETREE BAY,VI,17.7,-64.75,V,OR,F,H,,N,K,L,Y,,,,,Y,,,Y,,Y
CHRISTIANSTED,VI,17.75,-64.7,V,CN,F,O,P,N,,M,Y,,,Y,,Y,,,Y,,Y
ROAD HARBOR,VG,18.416667,-64.616667,M,CN,G,M,B,K,L,L,Y,Y,,Y,,Y,,,Y,,N
BAIE DU MARIGOT,FR,18.066667,-63.083333,V,OR,G,M,M,N,,M,,Y,,,,,,,,,
GUSTAVIA,GP,17.9,-62.85,V,CN,E,J,L,N,,M,Y,Y,N,N,N,,,,Y,N,Y
ROSE INLET,US,54.95,-132.966667,V,CN,G,,,L,,,Y,,,,,N,N,,,,
HYDABURG,US,55.2,-132.833333,V,CN,F,,,M,,,Y,,,,,Y,Y,,,,
WATERFALL,US,55.3,-133.233333,V,OR,P,,A,M,L,,Y,Y,,,,Y,,,,,
CRAIG,US,55.466667,-133.15,V,CN,G,,,N,O,,Y,,,,,Y,Y,,,,
KLAWOCK,US,55.55,-133.1,V,CN,G,,,N,,,Y,Y,,,,,,,,,
STEAMBOAT BAY,US,55.533333,-133.633333,V,CN,G,,A,N,O,,Y,Y,,,,,Y,,,,
FISHERMANS HARBOR,US,55.966667,-133.8,V,CN,G,O,O,N,,,Y,,,,,,,,,,Y
PETERSBURG,US,56.816667,-132.95,S,CN,G,M,M,M,M,M,Y,Y,,,,Y,Y,,,,Y
KAKE,US,56.966667,-133.933333,V,OR,F,,,M,M,,Y,Y,,,,,,,,,
WASHINGTON BAY,US,56.733333,-134.35,V,CN,G,,,L,,,Y,,,,,,,,,,
BAY OF PILLARS,US,56.6,-134.233333,V,CN,G,,B,K,,,Y,Y,,,,,,,,,
BIG PORT WALTER,US,56.383333,-134.733333,V,CN,G,A,,J,,,Y,,,,,,,,,,
LITTLE PORT WALTER,US,56.383333,-134.633333,V,CN,G,N,G,M,,,Y,Y,,,,,,,,,
PORT ARMSTRONG,US,56.3,-134.666667,V,CN,G,,A,M,,,Y,Y,,,,Y,Y,,,,
PORT CONCLUSION,US,56.25,-134.683333,V,CN,G,,O,M,,,Y,Y,,,,,,,,,
PORT ALEXANDER,US,56.25,-134.65,V,CN,G,O,H,O,O,,Y,Y,,,,,,,,,
SITKA,US,57.05,-135.333333,S,CN,G,L,A,J,,,Y,Y,,,,Y,Y,,Y,,Y
KIMSHAN COVE,US,57.683333,-136.116667,V,CN,G,J,J,P,,,Y,Y,,,,,,,,,
PELICAN,US,57.966667,-136.233333,V,CN,G,A,,N,N,,Y,Y,,,,Y,Y,,,,
PORT SULPHUR,US,29.483333,-89.683333,V,RN,E,J,J,G,K,L,Y,,Y,,,Y,Y,,Y,N,Y
GRETNA,US,29.916667,-90.066667,V,RN,E,K,H,H,L,M,Y,,,,,Y,Y,,Y,,
NEW ORLEANS,US,29.95,-90.05,L,RN,E,J,A,J,E,L,Y,,Y,Y,Y,Y,Y,S,Y,,Y
PORT OF MEMPHIS,US,35.066667,-90.166667,S,RN,E,O,,,,M,Y,Y,Y,Y,Y,Y,Y,,N,,
ST ROSE,US,29.95,-90.316667,V,RN,N,K,H,K,J,L,Y,,,,,,,,Y,,
RESERVE,US,30.05,-90.55,V,RN,N,K,H,G,D,L,Y,,,,,N,N,,Y,Y,
DESTREHAN,US,29.95,-90.366667,V,RN,N,K,H,H,,L,Y,,,,Y,,,,Y,,
BATON ROUGE,US,30.45,-91.183333,S,RN,G,H,H,K,J,L,Y,,Y,Y,,Y,Y,S,Y,,Y
LOOP TERMINAL,US,28.883333,-90.016667,L,OR,F,A,A,,A,L,Y,Y,,,,N,N,,Y,Y,Y
GRAND ISLE,US,29.233333,-90.0,V,CN,N,P,P,Q,,M,Y,,,Y,Y,Y,Y,,,,
MORGAN CITY,US,29.7,-91.216667,V,RN,N,N,H,P,,L,Y,,,Y,Y,Y,Y,S,Y,,Y
HAYMARK TERMINAL,US,30.133333,-93.316667,V,RN,N,K,K,L,N,M,Y,,,,,Y,Y,,Y,,
LAKE CHARLES,US,30.216667,-93.25,S,RN,N,J,L,L,M,L,Y,,,Y,,Y,Y,,Y,N,Y
SABINE,US,29.716667,-93.866667,V,CN,N,J,J,J,L,L,Y,,,Y,Y,Y,Y,,Y,Y,Y
SABINE PASS,US,29.733333,-93.9,V,CN,N,J,J,J,L,,Y,,,,,Y,Y,,Y,,
ORANGE,US,30.083333,-93.733333,V,RN,N,L,L,L,,L,Y,,,Y,Y,Y,Y,S,Y,,Y
PORT ARTHUR,US,29.833333,-93.966667,M,LC,G,J,J,J,K,L,Y,,,Y,Y,Y,Y,S,Y,,Y
BRUNSWICK,US,31.15,-81.5,S,RN,G,K,L,L,L,L,Y,,Y,Y,,Y,Y,,Y,,Y
FERNANDINA BEACH,US,30.683333,-81.466667,S,RN,G,L,M,L,,M,Y,,,,,Y,Y,,Y,,Y
MAYPORT,US,30.4,-81.433333,V,RN,E,H,H,H,,L,Y,,,,,Y,Y,,Y,,Y
PAULSBORO,US,39.85,-75.25,V,RN,G,K,K,K,J,L,Y,,,,,Y,Y,,Y,,
GLOUCESTER,US,39.9,-75.133333,S,RN,E,J,J,H,K,M,Y,,Y,Y,Y,,,,Y,,Y
CAMDEN,US,39.95,-75.133333,M,RN,E,J,J,J,J,L,Y,,Y,Y,Y,Y,Y,M,Y,,Y
BURLINGTON,US,40.083333,-74.866667,V,RN,E,P,M,P,O,M,Y,,Y,,,,,,Y,,Y
BRISTOL,US,40.1,-74.85,V,RN,E,M,M,J,J,M,Y,,,,,,,,Y,,Y
TRENTON,US,40.2,-74.766667,V,RN,E,N,M,M,O,M,Y,,Y,,,Y,Y,,Y,,
OCEAN CITY,US,38.333333,-75.083333,V,CN,E,P,P,P,,M,Y,,,,,,Y,,,,
CAPE CHARLES,US,37.266667,-76.016667,V,CN,E,N,O,O,,M,Y,,,,,Y,Y,,Y,,
SALISBURY,US,38.366667,-75.6,V,RN,E,P,P,P,,M,Y,,,,,Y,Y,,Y,,
ORANJESTAD,BQ,17.483333,-62.983333,S,OR,F,L,E,O,D,L,Y,Y,Y,,,Y,Y,,Y,,Y
BASSETERRE,KN,17.3,-62.716667,V,OR,F,B,B,L,N,L,Y,,Y,Y,,Y,,,Y,N,Y
ST JOHNS,AG,17.116667,-61.85,M,OR,F,K,F,G,H,L,Y,,Y,Y,,Y,Y,,Y,,Y
MEDIA LUNA,CU,20.15,-77.433333,V,OR,P,K,M,M,,L,,Y,,,,N,N,,Y,,Y
CEIBA HUECA,CU,20.216667,-77.316667,V,OR,P,K,K,L,N,M,Y,Y,,,,N,N,,Y,,
MANZANILLO,CU,20.35,-77.116667,V,OR,P,K,L,K,L,L,,Y,N,N,N,N,N,,Y,,Y
JUCARO,CU,21.616667,-78.85,V,OR,P,L,K,K,,L,,Y,,,,N,N,,Y,,Y
TUNAS DE ZAZA,CU,21.633333,-79.55,V,OR,P,M,L,L,,M,,Y,,,,N,N,,Y,,
CASILDA,CU,21.75,-79.983333,M,CN,F,M,J,M,M,L,Y,,,,,N,N,,Y,N,N
AKUREYRI,IS,65.683333,-18.083333,V,CN,F,A,A,J,,,Y,,Y,N,N,Y,Y,M,N,N,Y
SEYDHISFJORDHUR,IS,65.266667,-14.0,S,CN,F,A,J,M,,,Y,Y,Y,Y,,Y,Y,,,N,N
ESKIFJORDHUR,IS,65.066667,-14.016667,V,CN,F,A,A,L,,,Y,,,Y,,Y,,,,N,N
HORNABJORDUR,IS,64.25,-15.233333,V,CN,F,N,N,N,,,Y,,,Y,,Y,Y,,Y,N,Y
NANORTALIK HAVN,GL,60.116667,-45.2,V,CN,P,A,A,O,,M,Y,Y,Y,Y,,Y,Y,,,N,N
NARSAQ,GL,60.916667,-46.05,V,CN,P,A,C,J,,M,Y,Y,,Y,,,Y,,N,N,N
NARSARSSUAQ,GL,61.15,-45.433333,V,CN,F,A,A,K,,M,Y,Y,,Y,,Y,Y,,N,N,N
GRONNEDAL (KANGILINNGUIT),GL,61.233333,-48.1,V,CN,F,A,A,K,,M,Y,,,,,Y,Y,,,,
NUUK,GL,64.183333,-51.75,S,CN,G,D,E,K,,M,Y,,,Y,,Y,Y,,N,N,Y
MANIITSOQ,GL,65.416667,-52.916667,V,CN,F,A,H,L,,M,Y,Y,,Y,,Y,Y,,,N,N
SISIMIUT,GL,66.916667,-53.7,S,CN,F,A,A,J,,M,Y,Y,Y,Y,,,Y,,N,,Y
AASIAAT,GL,68.7,-52.866667,S,CN,G,A,A,L,,M,Y,,,Y,,Y,,,N,N,N
QEQERTARSUAQ,GL,69.233333,-53.533333,S,CN,G,A,A,M,,M,Y,,Y,Y,,N,Y,,N,N,Y
HAVRE DE GRACE,US,39.533333,-76.083333,V,RN,G,O,N,O,O,M,Y,,,,,Y,Y,,Y,,
BALTIMORE,US,39.266667,-76.583333,L,RN,G,G,G,G,J,L,Y,,Y,Y,Y,Y,Y,L,Y,,Y
ANNAPOLIS,US,38.983333,-76.483333,V,RN,E,N,K,O,,M,Y,,,,,,Y,,Y,,
SOLOMONS ISLAND,US,38.316667,-76.45,V,RN,E,L,L,P,,M,Y,,,,,,Y,,Y,,
WASHINGTON D.C.,US,38.866667,-77.033333,S,RN,E,N,N,N,,M,Y,,,,,Y,Y,,Y,N,N
ALEXANDRIA,US,38.8,-77.033333,S,RN,E,M,N,N,,M,Y,,,,,Y,Y,,Y,N,N
PINEY POINT,US,38.133333,-76.533333,V,RN,E,N,N,J,K,L,,,,,,Y,,,Y,Y,Y
YORKTOWN,US,37.233333,-76.5,V,RN,E,J,K,N,J,L,Y,,,,,Y,Y,,Y,,
WEST POINT,US,37.533333,-76.8,V,RN,E,N,N,N,O,M,Y,,,,,,Y,,Y,,
FREDERICKSBURG,US,38.3,-77.45,V,RN,E,P,P,P,,M,Y,,,,,,,,Y,,
NORFOLK,US,36.85,-76.3,L,RN,E,H,H,J,H,L,Y,Y,Y,Y,Y,Y,Y,M,Y,Y,Y
PORTSMOUTH,US,36.816667,-76.3,S,RN,E,H,H,J,L,L,Y,,Y,Y,Y,Y,Y,L,Y,Y,Y
NEWPORT NEWS,US,36.966667,-76.433333,M,CN,G,H,H,J,K,L,Y,,Y,Y,Y,Y,Y,L,Y,Y,Y
WARWICK,US,37.45,-77.416667,S,RN,E,L,L,N,,M,Y,,Y,,,Y,Y,,Y,,
RICHMOND,US,37.533333,-77.416667,V,RN,E,N,N,N,N,L,Y,,Y,,,Y,Y,S,Y,,Y
ELIZABETH CITY,US,36.3,-76.216667,V,RN,E,P,O,O,,M,Y,,,,,Y,Y,S,N,,
JOHOR,MY,1.433333,103.9,L,RN,F,K,K,N,G,L,Y,Y,Y,Y,,Y,,L,Y,,Y
NORTH PULAU LAUT COAL TERMINAL,ID,-3.2,116.283333,V,OR,P,H,E,E,,M,,,,Y,,N,,,Y,,Y
TANAH MERAH,ID,-1.816667,116.166667,V,CN,P,K,G,K,,M,Y,Y,,,,N,N,,Y,,Y
TANJUNG SANGATA,ID,0.366667,117.566667,V,OR,P,,,,E,,,Y,,,,N,,,,,Y
TANJUNG BALAI KARIMUN,ID,0.983333,103.433333,V,CN,P,B,D,L,B,L,,Y,,,,,,,,,Y
KUALA TANJUNG,ID,3.366667,99.483333,V,OR,P,L,G,K,,L,Y,,Y,,,Y,,,Y,,Y
SEKUPANG,ID,1.133333,103.916667,V,OR,P,K,F,J,,M,,,,Y,,N,,,,,
TANJUNG GEREM,ID,-5.966667,105.983333,V,OR,P,H,A,,J,M,,,,,,Y,Y,,Y,,
EASTERN PART OF NIIGATA-KO,JP,38.016667,139.233333,S,CB,,J,,M,M,L,Y,,Y,,Y,Y,Y,,N,,Y
FUNABASHI,JP,35.666667,139.95,V,CB,F,J,H,K,,,Y,Y,,Y,Y,Y,,,,,Y
SOMA,JP,37.833333,140.95,V,CB,P,M,,N,M,,,,,,,Y,,,N,,Y
HIKARI,JP,33.95,131.933333,S,CN,F,H,,J,,M,,,,,Y,Y,,M,N,,Y
HIMEKAWA,JP,37.033333,137.85,V,CN,F,L,A,K,,L,Y,N,Y,Y,N,Y,,,N,,
HIROHATA,JP,34.766667,134.633333,V,CB,F,E,,M,,,,,Y,Y,Y,Y,,,Y,,Y
HIBIKINADA,JP,33.933333,130.833333,V,CN,F,K,A,L,,M,Y,Y,Y,Y,,Y,,M,Y,,Y
MEGA,JP,34.783333,134.7,V,CB,E,G,,J,D,M,,,,,,Y,,,Y,,Y
MITSUKOJIMA,JP,34.183333,132.516667,V,CN,F,E,,,,M,,,,,Y,Y,,,N,,
MATSU-SHIMA,JP,32.933333,129.6,V,OR,P,,K,L,L,L,,,,,,Y,,,Y,,Y
NAMIKATA,JP,34.116667,132.9,V,OR,P,A,,,B,M,,,,,,N,N,,Y,,Y
NOSHIRO KO,JP,40.216667,140.0,V,CN,F,K,,M,M,,,,,,,N,,,,,
SAKAIMINATO,JP,35.533333,133.233333,V,CN,F,L,,N,M,,Y,N,,,,Y,,,Y,,Y
SHIKAMA,JP,34.766667,134.65,S,CB,G,J,,N,M,M,,,,,,Y,,,Y,,Y
TOBATA,JP,33.916667,130.816667,V,CN,P,K,,L,,M,Y,,,,Y,Y,,,Y,,Y
YANAI,JP,33.95,132.133333,V,OR,P,,E,O,G,M,,Y,,,,Y,,,,,Y
KAJALLEQ UPERNAVIK,GL,72.15,-55.533333,V,CN,F,A,O,,,,,Y,,Y,,N,N,,,N,N
POND INLET,CA,72.75,-76.75,M,OR,P,A,A,,,,,Y,,,,,,,,,
PADLOPING ISLAND,CA,67.033333,-62.733333,V,CN,F,A,A,P,,,Y,,,,,,,,,,
PANGNIRTUNG,CA,66.133333,-65.75,V,CN,F,A,A,,,,,Y,Y,Y,,,,,N,,
AKSAZ LIMANI,TR,36.833333,28.383333,S,CN,,A,,,,L,Y,,,,,Y,Y,S,,,
COCKBURN TOWN,BS,24.05,-74.533333,V,OR,F,,M,P,,,Y,Y,,,,,Y,,,,
ROCKY POINT,JM,17.816667,-77.15,V,OR,P,J,K,K,K,L,Y,,,,,Y,,,Y,N,Y
PUNTA NIZAO OIL TERMINAL,DO,18.2,-70.2,S,OR,F,,H,,H,L,,,,,,N,N,,Y,N,N
PUERTO BOTADO,DO,19.2,-69.45,V,CN,F,N,,L,,L,Y,,,Y,,Y,Y,,Y,N,N
COLES BAY OIL TERMINAL,SX,18.016667,-63.083333,S,OR,F,,J,,K,,Y,,,,,,,,N,,
TORQUAY HARBOUR,GB,50.466667,-3.533333,V,CB,G,N,A,O,,M,,,,,,Y,Y,,Y,,Y
SKERJAFJORDUR,IS,64.15,-22.016667,V,CN,G,M,M,P,M,L,Y,Y,,,,Y,Y,,Y,,Y
PORTLAND HARBOUR,GB,50.583333,-2.433333,M,CB,F,J,C,H,J,L,Y,,Y,Y,,Y,Y,,Y,Y,Y
GRUNDARTANGI,IS,64.266667,-22.0,M,CB,G,H,F,H,,L,Y,,,Y,,Y,Y,,Y,,Y
WEYMOUTH HARBOUR,GB,50.616667,-2.45,S,CN,G,N,E,N,,M,,,,Y,,Y,Y,,Y,N,Y
COWES HARBOUR,GB,50.766667,-1.3,S,RN,G,N,E,N,P,M,Y,,,Y,,Y,Y,,Y,N,Y
YARMOUTH HARBOUR,GB,50.7,-1.5,S,CT,G,P,G,P,,,,,Y,Y,,Y,Y,,Y,N,N
FAWLEY MARINE TERMINAL,GB,50.816667,-1.333333,S,RN,F,H,B,,G,L,Y,,,,,Y,Y,,Y,Y,Y
PORTSMOUTH HARBOUR,GB,50.8,-1.1,M,CT,E,K,A,J,L,M,Y,,Y,Y,,Y,Y,L,Y,,Y
YAHATA,JP,33.866667,130.816667,S,RB,F,L,,L,,,,,,Y,Y,Y,,,Y,,Y
YURA,JP,33.95,135.1,,,,O,L,,,,,,,,,Y,,L,Y,,Y
QUEEN CAROLA HARBOR,PG,-5.166667,154.55,V,CN,G,E,J,P,,M,Y,Y,,Y,,,Y,,Y,Y,Y
CHINAE,KR,35.133333,128.65,S,CN,F,K,F,O,,M,,Y,,Y,Y,,,S,N,,Y
CAPE FLATTERY HARBOR,AU,-14.95,145.35,S,OR,F,,M,G,H,M,,Y,,,,N,,,Y,,N
NOUAKCHOTT,MR,18.033333,-16.033333,S,OR,P,J,K,L,K,M,Y,,Y,Y,,,,,Y,,Y
BIALLA,PG,-5.3,150.983333,V,CN,F,,,,H,,,,,,,,Y,,Y,N,N
PORT OF SOHAR,OM,24.516667,56.633333,S,CB,F,F,A,F,F,,Y,,Y,Y,Y,,,,Y,,Y
UNGA,US,55.183333,-160.5,V,OR,P,,,,,,,Y,,,,,,,,,
AKUTAN HARBOR,US,54.133333,-165.8,V,CN,G,A,B,J,,,Y,Y,,,,,,,,,
ADAK NAVAL AIR STATION,US,51.866667,-176.633333,S,CB,F,A,J,J,J,L,Y,Y,,,,Y,Y,,,,
PORT CHILKOOT,US,59.233333,-135.433333,V,CN,G,,,,L,,Y,,,,,,,,,,
ORCA,US,60.583333,-145.716667,V,CN,G,N,,N,,,Y,Y,,,,,,,,,
AL SHAHEEN TERMINAL,QA,26.583333,52.0,V,OR,N,,A,,A,M,Y,,Y,,,N,,,,Y,Y
AL RAYYAN TERMINAL,QA,26.65,51.55,V,OR,N,A,A,,C,M,,Y,Y,,,N,,,N,,Y
KEPPEL - (EAST SINGAPORE),SG,1.283333,103.85,L,CN,G,H,C,G,,L,Y,Y,Y,Y,,Y,Y,L,Y,,Y
JURONG ISLAND,SG,1.283333,103.733333,L,CN,G,G,K,E,E,L,Y,,Y,Y,Y,Y,Y,L,Y,,Y
SAINT-VALERY-SUR-SOMME,FR,50.183333,1.616667,V,CB,E,Q,,O,,M,Y,,Y,Y,,Y,Y,,,,Y
LE TREPORT,FR,50.066667,1.366667,V,RT,F,Q,G,M,,M,,,Y,Y,,Y,Y,,Y,N,N
DIEPPE,FR,49.933333,1.083333,S,LC,G,N,J,L,,M,,,Y,Y,,Y,Y,S,Y,,Y
PORT DU HAVRE-ANTIFER,FR,49.65,0.15,S,CB,F,A,A,,A,L,Y,,Y,Y,,Y,Y,,Y,Y,Y
PORT OF LE HAVRE,FR,49.483333,0.116667,L,RT,E,G,M,F,C,L,Y,,Y,Y,Y,Y,Y,L,Y,Y,Y
SATTAHIP,TH,12.616667,100.916667,M,CB,P,L,A,L,J,,Y,,,,,,,,Y,,
MATANZAS,CU,23.05,-81.55,S,CN,G,G,N,J,E,L,Y,Y,,,,Y,N,,Y,,Y
PORT OF ROUEN,FR,49.45,1.066667,L,RN,E,K,H,J,J,M,Y,,Y,Y,Y,Y,Y,S,Y,N,Y
LITTLEHAMPTON HARBOUR,GB,50.783333,-0.533333,V,RN,G,Q,N,,,M,Y,,,Y,,Y,Y,,Y,N,N
THINGEYRI,IS,65.883333,-23.483333,V,CN,E,M,C,N,,,Y,,,,,N,N,,,,
ISAFJORDUR,IS,66.066667,-23.116667,V,CN,G,L,H,L,M,L,Y,,,,,Y,Y,,Y,N,Y
SAUDARKROKUR,IS,65.75,-19.666667,V,CN,P,A,N,M,,,Y,,,,,N,N,,Y,N,N
HUSAVIK,IS,66.033333,-17.333333,V,CN,P,L,A,M,,,Y,,,,,Y,Y,,N,N,N
NAMSOS,NO,64.466667,11.5,S,CN,G,E,E,K,N,M,Y,Y,,Y,,Y,,,,N,Y
MALM,NO,64.066667,11.233333,V,RN,G,J,A,P,,M,Y,,,,,N,N,,N,N,N
STEINKJER,NO,64.016667,11.5,V,CN,G,L,A,M,O,M,Y,Y,,Y,,Y,Y,,Y,,Y
DJUPVIKEN,NO,63.783333,11.45,S,CN,G,K,B,N,,M,Y,,,,,Y,Y,,N,N,N
LEVANGER,NO,63.75,11.3,V,RN,G,O,L,O,,,Y,Y,,,,Y,,,Y,,
LANGSTEIN,NO,63.533333,10.9,V,CN,G,,M,M,,,Y,Y,,,,,,,,,
MURUVIK,NO,63.433333,10.85,V,CN,G,,B,L,J,M,Y,,,,,N,N,,N,N,N
HOMMELVIK,NO,63.416667,10.8,V,CN,G,,A,N,,M,Y,Y,Y,Y,,Y,,,,,
TRONDHEIM,NO,63.433333,10.4,M,CN,E,M,A,L,N,M,Y,Y,Y,Y,Y,Y,Y,L,N,N,Y
THAMSHAMM,NO,63.316667,9.883333,S,CN,G,A,L,L,,L,Y,Y,Y,Y,,N,N,,Y,N,N
KRISTIANSUND,NO,63.116667,7.733333,S,CN,E,J,G,O,N,M,Y,Y,,Y,,Y,Y,L,Y,Y,Y
SUNNDALSORA,NO,62.683333,8.55,V,RB,G,A,K,K,,M,Y,,Y,Y,,,N,,,N,N
BUD,NO,62.9,6.916667,V,CB,F,,N,N,,M,Y,Y,,,,Y,,,,,
HAROYSUND,NO,62.9,6.966667,S,CN,G,,L,M,K,,Y,Y,,,,Y,,,,,
MOLDE,NO,62.733333,7.166667,S,CN,G,A,A,J,,M,Y,Y,Y,Y,,Y,,,Y,N,Y
ANDALSNES,NO,62.566667,7.683333,V,CN,F,,A,K,,,Y,Y,,Y,,Y,N,,,,
HAREID,NO,62.366667,6.033333,V,CB,F,,N,N,,,Y,Y,,,,Y,,,,,
MOLDTUSTRANDA,NO,62.3,5.65,V,CN,G,,C,O,,,Y,Y,,,,,,,,,
ORSTAV,NO,62.2,6.133333,S,CN,F,A,E,N,,,Y,Y,,,,Y,,,,,
ALESUND,NO,62.466667,6.166667,S,CB,F,N,C,O,L,L,Y,Y,,Y,Y,Y,,S,Y,,Y
MALOY,NO,61.933333,5.116667,S,CN,G,A,A,J,,M,Y,Y,N,N,N,Y,,,,N,Y
FLORO,NO,61.6,5.033333,V,CB,G,,,M,K,,Y,Y,,Y,,Y,Y,,Y,,Y
ARDALSTANGEN,NO,61.233333,7.716667,V,RN,F,A,A,L,,L,Y,Y,Y,,,,,,Y,,Y
MONGSTAD,NO,60.816667,5.033333,M,OR,G,A,A,M,L,M,Y,N,,Y,,Y,Y,M,Y,N,Y
VAKSDAL,NO,60.483333,5.733333,S,RN,G,A,M,Q,,M,Y,Y,,,,,,,,,Y
BERGEN,NO,60.4,5.316667,M,CN,E,A,L,J,M,L,Y,Y,Y,Y,Y,Y,Y,M,Y,,Y
BRATTHOLMEN,NO,60.35,5.166667,V,CN,G,A,J,O,,M,Y,Y,,,,Y,,,,,
TRANNESET,NO,60.416667,5.016667,S,CN,G,A,A,,O,L,Y,Y,Y,Y,,Y,,M,Y,,Y
STRANDVIK,NO,60.166667,5.666667,V,CN,G,,H,L,,M,,Y,,,,,,,,,
NORHEIMSUND,NO,60.366667,6.15,V,RB,F,,J,J,,M,Y,Y,,,,,,,,,
ODDA,NO,60.083333,6.55,V,RB,F,G,A,M,,M,Y,Y,Y,Y,,Y,,,Y,N,N
PUERTO PADRE,CU,21.283333,-76.533333,S,CN,G,L,N,L,L,L,Y,Y,,,,N,N,,Y,,Y
BAHIA DE SAGUA DE TANAMO,CU,20.683333,-75.333333,L,OR,E,C,J,M,M,L,Y,,,,,N,N,,Y,,Y
PUERTO GUANTANAMO,CU,19.983333,-75.133333,L,CN,F,H,K,N,,L,Y,,,,,,N,,Y,,Y
DEAUVILLE,FR,49.366667,0.083333,V,LC,F,Q,H,O,,M,Y,,Y,Y,,Y,Y,S,Y,N,N
PORT DE CAEN,FR,49.183333,-0.35,S,LC,E,M,J,L,L,M,Y,,Y,Y,,,Y,S,Y,,Y
OUISTREHAM,FR,49.283333,-0.25,V,LC,G,M,J,L,L,M,Y,,Y,Y,,,,S,Y,,
ELFIN COVE,US,58.2,-136.35,V,CN,G,P,,,,,Y,Y,,,,,,,,,
HOONAH,US,58.116667,-135.45,V,CN,G,,B,O,N,,Y,Y,,,,Y,Y,,,,
TENAKEE SPRINGS,US,57.783333,-135.2,V,CN,F,,,M,,,Y,Y,,,,,,,,,
CHATHAM,US,57.516667,-134.933333,V,CN,F,,E,K,N,,Y,Y,,,,Y,Y,,,,
TODD,US,57.466667,-135.05,V,CN,F,,,L,,,Y,Y,,,,,,,,,
HOOD BAY,US,57.4,-134.5,V,CN,G,,L,M,M,,Y,Y,,,,Y,Y,,,,
HAWK INLET,US,58.116667,-134.75,V,CN,G,,J,L,O,,Y,Y,,,Y,Y,Y,,,,
FUNTER,US,58.25,-134.9,V,CN,G,A,A,B,,,Y,Y,,,,N,N,,,,
DUPONT,US,58.233333,-134.266667,V,CN,F,,,L,,,Y,,,,,,,,,,
JUNEAU,US,58.3,-134.416667,S,CN,G,L,A,H,N,,Y,Y,Y,,,Y,Y,,,,
HAINES,US,59.233333,-135.433333,V,CN,G,,B,N,L,,Y,Y,Y,,,N,N,,,,Y
TANANI POINT,US,59.283333,-135.45,V,CN,F,,,,J,,Y,,Y,,,,,,,,
SKAGWAY,US,59.45,-135.333333,V,CN,F,A,L,J,,L,Y,Y,,,,N,N,,Y,,Y
LETNIKOF COVE,US,59.183333,-135.4,V,CN,G,,J,M,,,Y,Y,,,,,,,,,
EXCURSION INLET,US,58.416667,-135.45,V,CN,G,,A,L,M,,Y,Y,,,,N,N,,,,
YAKUTAT,US,59.55,-139.733333,V,CN,G,,A,K,,,Y,Y,,,,Y,Y,,,,
KATALLA,US,60.2,-144.533333,V,OR,F,,J,,,,,Y,,,,,,,,,
CORDOVA,US,60.55,-145.766667,S,CN,G,N,L,L,M,M,Y,Y,Y,,,Y,Y,,,,Y
SHEPARD POINT,US,60.633333,-145.666667,V,OR,G,,,L,,,Y,Y,,,,,,,,,
SWANPORT,US,61.083333,-146.4,V,OR,F,,E,,,,,Y,,,,,,,,,
METLAKATLA,US,55.133333,-131.566667,V,OR,P,,P,M,,L,Y,Y,,,,N,N,,,,Y
GEORGE INLET,US,55.383333,-131.466667,V,CN,F,,,L,N,,Y,,,,,,,,,,
VALDEZ,US,61.116667,-146.25,V,CN,G,A,,H,A,L,Y,,Y,Y,,N,N,,Y,,Y
BAMBERTON,CA,48.55,-123.516667,V,CN,F,A,A,L,L,L,,,,,,,,,Y,,
VICTORIA HARBOR,CA,48.433333,-123.383333,M,CB,G,E,A,H,N,L,Y,,,,,Y,Y,L,Y,,Y
ESQUIMALT HARBOR,CA,48.433333,-123.433333,S,CN,G,J,J,H,,L,Y,Y,Y,Y,Y,Y,Y,L,Y,,Y
PORT SAN JUAN,CA,48.55,-124.433333,V,CN,G,K,F,O,,M,Y,Y,,,,,,,,,
PORT ALBERNI,CA,49.233333,-124.816667,S,RN,G,A,C,H,K,L,Y,Y,Y,Y,,Y,Y,,Y,,Y
UCLUELET,CA,48.95,-125.55,V,CN,F,P,M,M,N,M,Y,Y,,,,Y,Y,,Y,,
CLAYOQUOT,CA,49.15,-125.916667,V,CN,F,N,M,O,,M,Y,Y,,,,,,,,,
AHOUSAT,CA,49.283333,-126.066667,V,CN,F,,,N,,,Y,,,,,,Y,,,,
TAHSIS,CA,49.916667,-126.666667,V,CN,E,A,A,J,,L,Y,Y,,,,N,Y,,Y,,Y
MELING,NO,59.783333,5.116667,V,CN,G,,H,P,,M,Y,Y,Y,,,Y,,,,,
HEMNESBERGET,NO,66.233333,13.616667,V,CN,G,,,G,,M,Y,Y,,,,,Y,,,,
HAMMERFEST,NO,70.666667,23.666667,M,CN,G,A,L,O,K,M,Y,Y,Y,Y,,Y,,,Y,,Y
SORVAER,NO,70.633333,21.983333,V,CN,P,J,N,O,,M,Y,Y,Y,,,,Y,,,,
BREDVIK,NO,70.583333,22.133333,V,CN,G,,M,N,,M,Y,Y,N,N,N,,Y,,Y,Y,Y
OKSFJORD,NO,70.233333,22.35,V,CN,G,,G,K,,M,Y,Y,,,,Y,,,,,
ALTA,NO,69.966667,23.25,V,CN,G,,C,K,N,M,Y,Y,,,,,Y,,Y,,
TALVIK,NO,70.05,22.966667,V,CN,G,,E,N,,M,Y,Y,,,,,,,,,
TROMSO,NO,69.65,18.966667,M,OR,G,M,A,O,N,M,Y,Y,Y,Y,,Y,Y,,Y,Y,Y
GIBOSTAD,NO,69.35,18.083333,V,CN,F,,G,L,,M,Y,Y,,,,,Y,,,N,N
FINNSNES,NO,69.233333,17.966667,V,CN,F,K,H,M,,M,Y,Y,,,,,Y,,,N,N
MEDBY,NO,68.916667,17.733333,V,CN,P,,A,K,,M,Y,Y,,,,,Y,,Y,N,N
SJOVEGAN,NO,68.883333,17.833333,V,CN,P,A,H,N,,M,Y,Y,,,,,Y,,,N,N
HARSTAD,NO,68.8,16.55,M,CN,G,A,A,L,M,M,Y,Y,,Y,,Y,Y,M,Y,N,Y
ANDENES,NO,69.333333,16.133333,V,OR,P,N,N,N,,M,Y,Y,,,,Y,Y,,,,
SORTLAND,NO,68.7,15.416667,V,CN,G,K,,N,N,M,Y,,,,,Y,,,,,
CIENFUEGOS,CU,22.15,-80.45,L,CN,E,J,K,K,J,L,Y,,Y,,Y,Y,,,Y,N,Y
LUCEA,JM,18.45,-78.166667,V,OR,E,M,L,K,,L,Y,Y,,,,Y,,,Y,N,N
MONTEGO BAY,JM,18.466667,-77.933333,S,CB,E,K,L,K,L,L,Y,,Y,,,Y,Y,,Y,,
FALMOUTH,JM,18.483333,-77.65,V,OR,P,H,J,J,,M,Y,Y,Y,,,Y,,,Y,,
RIO BUENO,JM,18.466667,-77.466667,V,OR,F,A,A,L,,M,Y,Y,Y,,,N,N,,Y,,
OCHO RIOS,JM,18.416667,-77.116667,V,CN,P,G,H,J,,L,Y,,Y,,,Y,Y,,Y,N,N
PORT ANTONIO,JM,18.183333,-76.45,S,CN,G,L,A,L,,L,Y,,N,N,N,Y,Y,,Y,N,N
PORT ESQUIVEL,JM,17.883333,-77.133333,V,OR,F,J,J,J,H,L,Y,,,Y,,,,,Y,N,Y
PORT KAISER,JM,17.866667,-77.6,V,OR,F,,B,J,J,L,Y,,,Y,,Y,N,,Y,N,Y
SAVANNAH LA MAR,JM,18.2,-78.133333,V,OR,P,G,M,P,,M,,Y,,,,N,N,,Y,N,N
JACMEL,HT,18.233333,-72.533333,V,OR,P,M,M,N,,M,,Y,,,,,,,,,
MIRAGOANE,HT,18.45,-73.083333,V,OR,G,H,G,K,,M,,Y,,,,,,,Y,,Y
PETIT GOAVE,HT,18.433333,-72.866667,V,OR,G,C,H,P,,M,,Y,,,,,,,Y,,
PORT AU PRINCE,HT,18.55,-72.35,M,OR,G,H,G,K,K,L,Y,,Y,Y,,Y,,,Y,N,Y
SANTIAGO DE CUBA,CU,20.016667,-75.833333,M,CN,E,L,L,L,J,L,Y,,,Y,Y,Y,Y,,Y,,Y
PUERTO CABEZAS,NI,14.016667,-83.383333,V,OR,P,K,N,M,M,M,Y,Y,,Y,,,Y,,Y,N,N
PUERTO LIMON,CR,9.983333,-83.016667,V,CB,G,G,H,J,,L,Y,,,Y,,Y,,,Y,,Y
CHIRIQUI GRANDE,PA,8.95,-82.116667,V,OR,F,L,A,J,C,L,Y,,,,,Y,,,,,N
BERGH COVE,CA,50.533333,-127.616667,V,CN,G,A,,N,,M,Y,,,,,,Y,,,,
PORT ALICE,CA,50.383333,-127.45,S,CN,G,A,A,K,K,L,Y,Y,,Y,,Y,Y,,Y,,Y
COAL HARBOR,CA,50.6,-127.583333,V,CN,G,D,B,M,,M,Y,Y,,,,Y,Y,,,,
PORT HARDY,CA,50.716667,-127.483333,V,CN,G,A,A,M,,M,Y,Y,,,,Y,Y,,Y,,
SOINTULA,CA,50.633333,-127.016667,V,CN,F,A,E,K,N,M,Y,Y,,,,,Y,,,,
ALERT BAY,CA,50.583333,-126.933333,V,CN,F,G,H,L,,L,Y,Y,,,,,Y,,Y,,
PORT MCNEILL,CA,50.583333,-127.083333,V,CN,F,J,F,M,J,M,Y,Y,,,,N,Y,,Y,,
BELLA COOLA,CA,52.366667,-126.8,V,CN,F,,A,M,,L,Y,Y,,,,,Y,,Y,,
BELLA BELLA,CA,52.166667,-128.15,V,CN,F,A,A,M,M,,Y,Y,Y,,,,Y,,,,
KLEMTU,CA,52.6,-128.516667,V,CN,G,G,B,L,N,M,Y,Y,,,,,Y,,,,
BUTEDALE,CA,53.166667,-128.683333,V,CN,F,,,K,M,,Y,,,,,,Y,,,,
KEMANO BAY,CA,53.483333,-128.133333,V,RB,G,A,A,M,,M,Y,Y,,,,Y,Y,,Y,,
KITIMAT,CA,54.0,-128.683333,S,CN,F,K,J,K,,L,Y,Y,,,,Y,Y,,Y,,Y
PORPOISE HARBOR,CA,54.216667,-130.283333,V,CN,G,O,G,K,,L,Y,Y,,,,,Y,,Y,,
PRINCE RUPERT,CA,54.316667,-130.333333,M,CN,G,A,H,J,K,L,Y,Y,,Y,Y,Y,Y,S,Y,Y,Y
PORT SIMPSON,CA,54.566667,-130.433333,V,CN,E,F,A,K,,L,Y,Y,,,,,Y,,Y,,
STEWART,CA,55.933333,-130.0,V,CN,P,,A,L,M,L,Y,Y,,,,N,Y,,Y,,Y
HERTFORD,US,36.183333,-76.466667,V,RN,E,P,P,P,,M,Y,,,,,Y,Y,,N,,
EDENTON,US,36.05,-76.616667,V,CN,F,O,P,P,P,M,Y,,,,,,Y,,N,,
PLYMOUTH,US,35.866667,-76.75,V,RN,G,O,O,N,,M,Y,,,,,Y,Y,,N,,
COLUMBIA,US,35.916667,-76.25,V,RN,G,O,P,P,,M,Y,,,,,Y,Y,,N,,
BELHAVEN,US,35.616667,-76.616667,V,RN,G,P,O,P,,M,Y,,,,,Y,Y,,N,,
WASHINGTON,US,35.55,-77.05,V,RN,G,O,N,N,,M,Y,,,,,Y,Y,,N,,
BAYBORO,US,35.15,-76.766667,V,RN,G,O,P,P,P,M,Y,,,,,Y,,,N,,
NEW BERN,US,35.1,-77.05,V,RB,F,O,O,O,,M,Y,,,,,Y,Y,,N,,
BEAUFORT,US,34.716667,-76.666667,V,CN,G,O,O,O,L,L,Y,,,,,,Y,,Y,,
MOREHEAD CITY,US,34.716667,-76.7,V,CN,G,L,L,K,K,L,Y,,,Y,,Y,Y,S,Y,,Y
SWANSBORO,US,34.683333,-77.133333,V,CN,F,O,P,P,,M,Y,,,,,,Y,,,,
WRIGHTSVILLE,US,34.216667,-77.816667,S,CN,G,P,P,P,,M,Y,,,,,,Y,,,,
WILMINGTON,US,34.233333,-77.95,M,RN,G,J,K,K,J,L,Y,,Y,Y,,Y,Y,S,Y,,Y
SOUTHPORT,US,33.916667,-78.016667,V,RN,G,K,K,M,,M,Y,,,,,,Y,,Y,,
GEORGETOWN,US,33.366667,-79.283333,V,RN,G,L,J,M,M,L,Y,,,,,Y,Y,,Y,N,Y
CHARLESTON,US,32.783333,-79.916667,S,RN,G,H,H,J,H,L,Y,,Y,Y,Y,Y,Y,S,Y,Y,Y
PORT ROYAL,US,32.366667,-80.683333,V,RN,G,L,L,L,,M,Y,,Y,,,Y,Y,,Y,N,Y
BEAUFORT,US,32.433333,-80.666667,V,RN,G,O,P,N,,L,Y,,,,,,Y,,Y,N,Y
SAVANNAH,US,32.083333,-81.083333,M,RN,G,H,H,K,J,L,Y,,Y,Y,,Y,Y,S,Y,,Y
DARIEN,US,31.366667,-81.433333,V,RN,G,P,P,N,,M,Y,,,,,,Y,,N,N,N
PHILADELPHIA,US,39.95,-75.133333,L,RN,G,J,J,J,J,L,Y,,Y,Y,Y,Y,Y,L,Y,,Y
BROOKLYN,US,40.666667,-74.016667,L,RN,E,H,H,H,J,L,Y,Y,Y,Y,Y,Y,Y,M,Y,,Y
NEW YORK CITY,US,40.7,-74.016667,L,RN,E,H,H,H,G,L,Y,Y,Y,Y,Y,Y,Y,L,Y,Y,Y
PATCHOGUE,US,40.75,-73.016667,V,RN,G,P,P,P,K,L,Y,,,,,,Y,,Y,,Y
YONKERS,US,40.933333,-73.9,S,RN,E,K,K,N,L,M,Y,,,,,,Y,,Y,,Y
NEWBURGH,US,41.5,-74.0,V,RN,G,L,J,L,K,L,Y,,,,Y,Y,Y,,Y,,Y
POUGHKEEPSIE,US,41.7,-73.95,V,RN,G,M,J,M,,M,Y,,,,,Y,Y,,Y,,Y
KINGSTON,US,41.933333,-73.966667,S,RN,G,O,J,N,,M,Y,,,,,Y,Y,,Y,,Y
ALMIRANTE,PA,9.3,-82.4,V,CN,G,K,E,L,,L,Y,,,Y,,N,N,S,Y,N,N
BOCAS DEL TORO,PA,9.333333,-82.233333,V,OR,F,L,H,M,,M,,Y,,,,Y,,,Y,,N
ST GEORGE'S,BM,32.383333,-64.683333,S,CN,G,L,K,L,K,L,Y,Y,,,,Y,Y,,Y,,Y
IRELAND ISLAND,BM,32.316667,-64.833333,M,CB,G,L,J,J,L,L,Y,,,,,Y,Y,,Y,N,Y
HAMILTON,BM,32.3,-64.783333,S,CN,E,L,K,L,K,L,Y,,Y,Y,,Y,,,Y,N,Y
FREEPORT,BS,26.516667,-78.783333,S,RB,F,G,A,J,A,L,Y,Y,,Y,Y,Y,Y,M,Y,,Y
SOUTH RIDING POINT,BS,26.616667,-78.216667,V,CN,F,A,H,,A,L,Y,,N,N,N,N,N,,Y,Y,Y
NASSAU,BS,25.083333,-77.35,M,CN,G,J,G,J,J,L,Y,,Y,Y,N,Y,,S,Y,,Y
MANATI,CU,21.366667,-76.816667,S,RN,G,F,K,K,,L,Y,,,,,Y,N,,Y,,Y
GUAYABAL,CU,20.7,-77.616667,S,OR,G,H,K,K,,L,Y,,,,,N,N,,Y,,Y
ANSE TEMBLADORA,TT,10.683333,-61.583333,V,OR,F,J,J,L,,L,Y,,,,,Y,,,Y,,Y
EL BOSQUE,CO,10.4,-75.533333,S,CN,G,H,A,J,,L,Y,,Y,Y,,Y,,,Y,,Y
PUERTO PRODECO,CO,11.15,-74.216667,S,OR,F,,C,,E,L,,Y,Y,,Y,N,N,,Y,,Y
QALHAT LNG TERMINAL,OM,22.683333,59.4,V,OR,P,,C,,M,M,Y,,,,,N,N,,Y,,Y
COXEN HOLE,HN,16.316667,-86.55,V,CN,G,C,H,K,,L,Y,,,,,Y,Y,,N,,N
EL BLUFF,NI,12.0,-83.7,V,CN,,O,M,O,O,M,Y,,,,,Y,Y,S,Y,,Y
ALTAMIRA,MX,22.483333,-97.85,V,RB,P,H,E,J,K,L,Y,Y,,Y,,,,,Y,,Y
TUXPAN,MX,20.95,-97.4,M,RN,E,O,G,J,N,L,Y,Y,Y,,,Y,,S,Y,,Y
DOS BOCAS TERMINAL,MX,18.433333,-93.216667,V,OR,P,N,A,A,A,L,,Y,Y,Y,,,,,Y,,Y
ASHQELON,IL,31.666667,34.5,V,OR,F,,E,,A,L,Y,,,,,N,N,,Y,,Y
ASHTART OIL TERMINAL,TN,34.283333,11.383333,S,OR,F,,A,,A,L,,Y,,,,N,N,,Y,,Y
ZARZIS,TN,33.5,11.116667,V,CB,F,H,N,K,L,M,Y,,,Y,,Y,,,Y,,Y
DIDON TERMINAL,TN,33.783333,11.9,S,OR,F,,A,,A,M,,Y,,,,N,N,,Y,,Y
MELILLI OIL TERMINAL,IT,37.116667,15.25,V,OR,F,B,A,,E,L,Y,,,,,Y,Y,,Y,,Y
TONGHAE,KR,37.533333,129.15,V,CB,F,H,C,H,,M,Y,Y,,Y,,Y,,,Y,,Y
NINGBO,CN,29.883333,121.55,S,RN,G,L,L,N,N,L,Y,Y,Y,Y,,Y,,S,Y,,Y
PORT METHANIER,DZ,36.883333,6.95,S,CB,F,E,E,K,G,M,,Y,Y,,,Y,Y,,Y,Y,Y
M BAO OIL TERMINAL,SN,14.716667,-17.4,V,OR,P,,D,G,K,M,,Y,,,,N,,,Y,,Y
LYNDIANE,SN,14.166667,-16.166667,V,RN,F,,,N,N,M,Y,,,,,N,N,,,,Y
FORCADOS OIL TERMINAL,NG,5.166667,5.183333,V,OR,P,A,A,,A,L,,Y,,,,Y,Y,,Y,N,N
MOUDI MARINE TERMINAL,CM,4.116667,8.483333,V,OR,P,,A,,A,M,,Y,Y,,,N,,,Y,,Y
EBOME MARINE TERMINAL,CM,2.8,9.816667,V,OR,P,A,A,,A,M,,,,,,N,N,,Y,,
CATSKILL,US,42.216667,-73.85,V,RN,G,P,J,N,,M,Y,,,,,Y,Y,S,Y,,Y
ALBANY,US,42.65,-73.75,M,RN,G,K,J,L,L,L,Y,Y,Y,,,Y,Y,,Y,,Y
RENSSELAER,US,42.65,-73.75,V,RN,G,N,J,L,K,M,Y,,,,,,,,Y,,Y
TROY,US,42.733333,-73.7,V,RN,G,O,O,O,O,M,,,,,,Y,Y,,Y,,Y
EDGEWATER,US,40.816667,-73.983333,V,RN,G,K,K,M,K,L,Y,,Y,,Y,Y,Y,,Y,,Y
WEEHAWKEN,US,40.766667,-74.016667,S,RN,G,H,H,K,,L,Y,,Y,,Y,Y,Y,L,Y,,Y
HOBOKEN,US,40.75,-74.016667,M,RN,G,H,H,K,,L,Y,,Y,Y,Y,Y,Y,M,Y,,Y
JERSEY CITY,US,40.716667,-74.033333,M,RN,G,H,H,K,K,L,Y,,Y,Y,Y,Y,Y,,Y,,Y
BAYONNE,US,40.683333,-74.1,M,RN,G,K,H,H,K,L,Y,,Y,Y,Y,Y,Y,,Y,,Y
NEWARK,US,40.7,-74.15,M,RB,G,L,J,J,M,L,Y,,Y,Y,Y,Y,Y,,Y,,Y
ELIZABETHPORT,US,40.65,-74.183333,S,CN,G,J,J,K,L,L,Y,,Y,Y,Y,Y,Y,,Y,,Y
STAPLETON SI,US,40.633333,-74.066667,S,CN,G,H,H,J,H,L,Y,,Y,,Y,Y,Y,,Y,,Y
TOMPKINSVILLE SI,US,40.633333,-74.066667,M,CN,G,H,H,J,,,Y,,Y,,Y,Y,Y,,Y,,Y
PORT RICHMOND SI,US,40.65,-74.133333,S,CN,G,J,J,L,,,Y,,Y,,Y,Y,Y,,Y,,Y
MARINERS HARBOR SI,US,40.633333,-74.166667,S,CN,G,J,J,K,,,Y,,Y,,Y,Y,Y,L,Y,,Y
GULFPORT SI,US,40.633333,-74.2,S,RN,G,J,J,K,K,L,Y,,Y,,Y,Y,Y,,Y,,Y
NISHTUN,YE,15.816667,52.2,V,CN,F,,K,O,,M,,,Y,,,,Y,,Y,,N
DOHA HARBOR,KW,29.383333,47.8,V,CN,P,O,,O,,,,,,,,,,,,,
BANDAR-E SHAHID REAJIE,IR,27.1,56.066667,S,CB,F,H,J,G,G,M,Y,Y,Y,Y,,Y,Y,,Y,,Y
BANDAR ABBAS,IR,27.15,56.2,M,CB,F,L,C,K,K,M,Y,Y,,Y,Y,Y,Y,,Y,,Y
BANDAR TAHERI OFFSHORE TERMINAL,IR,27.65,52.35,V,CN,P,,A,,F,L,,Y,,,,,,,,,Y
KHAWR KHASAB,OM,26.216667,56.233333,S,CN,F,,,O,,M,,,,,,Y,,,,,
AL KUWAYT,KW,29.35,47.933333,V,CN,P,L,K,K,,M,Y,,Y,Y,Y,,,M,Y,,Y
AL MUKHA,YE,13.316667,43.25,M,CN,P,L,L,L,L,M,,,,Y,,,,,Y,,Y
ASH SHIHR OIL TERMINAL,YE,14.733333,49.5,V,CN,P,,,A,A,,,,Y,,,N,N,L,Y,,
HADERA,IL,32.466667,34.9,V,OR,,,A,C,E,M,Y,Y,Y,,,Y,Y,,Y,,Y
RAS SUDR,EG,29.583333,32.7,V,OR,P,,H,,L,M,,Y,,,,Y,,,Y,,
DAMIETTA,EG,31.483333,31.75,L,CB,G,G,F,G,,L,Y,,Y,,,Y,N,,Y,,Y
BUR SAID (PORT SAID),EG,31.266667,32.3,L,LC,E,G,E,H,,M,Y,Y,Y,Y,Y,Y,Y,L,Y,,Y
EL HAMRA OIL TERMINAL,EG,30.983333,28.866667,V,OR,G,,B,,B,L,,Y,,,,N,N,,Y,N,N
SOYO ANGOLA LNG TERMINAL,AO,-6.116667,12.333333,V,RN,F,G,,G,,L,Y,N,,Y,,,Y,,Y,,Y
MERSA MATRUH,EG,31.35,27.233333,V,CB,F,L,M,J,,M,,Y,,,,,Y,,,,
HAMRAWEIN,EG,26.25,34.2,V,OR,,,,K,,M,,,Y,Y,,Y,,,Y,N,N
AL MANAMAH,BH,26.233333,50.583333,S,CN,F,O,L,,,L,Y,Y,,,,Y,Y,,Y,,
KHOSROWABAD,IR,30.166667,48.416667,V,RN,G,J,,,L,M,Y,,,,,,,,Y,,
BOURI OIL FIELD,LY,33.9,12.65,V,OR,P,,,,A,M,,,,,,Y,Y,,Y,,
KHOMS,LY,32.666667,14.25,V,CN,F,H,L,J,,,,,,,,Y,Y,,Y,,Y
MENZEL BOURGUIBA,TN,37.15,9.8,S,LC,G,K,,K,,M,,,Y,Y,,Y,Y,L,Y,Y,Y
RADES,TN,36.816667,10.3,V,CB,F,K,,K,L,M,,,,,,Y,Y,,Y,,
DJEN-DJEN,DZ,36.816667,5.883333,V,CB,F,,,J,,,Y,,Y,Y,,Y,Y,,Y,,Y
AGADIR,MA,30.433333,-9.633333,L,CB,F,L,,G,,M,,Y,,Y,Y,Y,Y,,Y,,Y
PUNTA EUROPA TERMINAL,GQ,3.783333,8.716667,V,OR,P,A,A,,A,L,,Y,,Y,,N,,,Y,Y,Y
MALABO,GQ,3.75,8.783333,S,CN,F,E,A,L,L,L,Y,Y,,,,Y,Y,,Y,,Y
LUBA,GQ,3.5,8.566667,V,CN,F,D,A,M,,M,Y,Y,Y,,,Y,Y,,Y,,Y
SANTO ANTONIO,ST,1.65,7.45,V,CN,F,O,J,O,,,,Y,Y,,,N,N,,,,N
SAO TOME,ST,0.35,6.733333,V,OR,F,N,N,P,,,,Y,Y,,,N,N,,N,,N
YOMBO TERMINAL,CG,-4.45,11.1,V,OR,P,A,A,,A,L,Y,Y,,,,N,,,Y,,Y
FUTILA TERMINAL,AO,-5.45,12.183333,V,OR,P,M,A,,M,M,Y,Y,Y,,,N,N,,Y,,
KUITO OIL FIELD,AO,-5.466667,11.5,V,OR,P,A,A,,A,L,Y,Y,,,,N,,,Y,,Y
NESKAUPSTADUR,IS,65.15,-13.683333,V,CN,F,A,A,L,,,Y,,Y,,,Y,Y,,N,N,N
NEWHAVEN HARBOUR,GB,50.783333,0.05,V,RN,G,N,G,L,,L,,,Y,Y,,Y,Y,,Y,N,Y
RYE HARBOUR,GB,50.933333,0.766667,V,RN,F,Q,N,O,,M,,,,Y,,Y,Y,,Y,N,Y
BUDIR,IS,64.933333,-14.016667,V,CN,F,P,F,L,,,Y,,,,,N,Y,,,N,N
VESTMANNAEYJAR,IS,63.433333,-20.283333,S,CN,E,L,A,N,,M,Y,,Y,Y,,Y,Y,,Y,N,Y
HAIMEN,CN,28.683333,121.45,V,RN,G,M,L,N,M,,Y,Y,Y,Y,,Y,,,Y,,Y
DOVER HARBOR,GB,51.116667,1.333333,S,CB,F,L,L,K,,L,,,Y,Y,Y,Y,Y,,Y,,Y
RAMSGATE,GB,51.333333,1.416667,S,CB,G,M,P,M,,M,Y,,Y,Y,,Y,Y,M,Y,N,Y
EL JORF LASFAR,MA,33.116667,-8.616667,S,CB,F,F,A,F,,M,,,Y,Y,,Y,Y,,Y,,Y
ESPOIR MARINE TERMINAL,CI,5.05,-4.45,V,OR,P,A,A,,A,L,,Y,,,,,,,Y,,Y
BAOBAB MARINE TERMINAL,CI,4.966667,-4.55,V,OR,P,,A,,A,L,,Y,,,,,,,Y,N,Y
ODUDU TERMINAL,NG,4.0,7.766667,V,OR,P,A,A,,A,L,,Y,,,,N,N,,Y,,Y
OKONO TERMINAL,NG,3.983333,7.3,V,OR,P,A,A,,A,L,,Y,Y,,,N,N,,Y,,
OKWORI TERMINAL,NG,3.85,6.983333,V,OR,P,A,A,,A,L,,,,,,N,N,,Y,,Y
ONNE,NG,4.683333,7.15,V,RN,F,L,F,H,,L,,,,,,Y,,,Y,,
EL MAADIYA,EG,31.266667,30.15,V,CB,,M,N,N,,,,,,,,,,,Y,,
AL ISKANDARIYH (ALEXANDRIA),EG,31.166667,29.833333,L,CB,G,G,A,H,K,M,Y,Y,,Y,Y,Y,Y,M,Y,Y,Y
GIRASSOL TERMINAL,AO,-7.65,11.683333,V,OR,P,,,,A,L,,,,,,N,N,,Y,,Y
KANDLA,IN,23.033333,70.216667,S,RN,F,J,J,J,J,L,Y,,Y,Y,,Y,,S,Y,,Y
ALDERNEY HARBOUR,GG,49.733333,-2.2,V,CB,F,O,G,N,N,M,,,,,,,,,Y,,
SAINT SAMPSON,GG,49.483333,-2.516667,V,CB,F,Q,H,M,M,M,,,,,,,,,Y,,
SAINT PETER PORT,GG,49.45,-2.533333,S,CB,F,O,K,L,,M,Y,,Y,Y,,Y,Y,,Y,,
GRANVILLE,FR,48.833333,-1.6,V,CT,F,Q,M,L,,M,,,Y,Y,,Y,,S,Y,N,N
SAINT-MALO,FR,48.65,-2.016667,S,CT,G,O,B,L,L,M,Y,Y,Y,Y,,Y,Y,S,Y,N,Y
LE LEGUE,FR,48.533333,-2.75,V,RT,G,Q,M,N,,M,,,Y,Y,Y,Y,Y,,Y,N,N
PROBOLINGGO,ID,-7.716667,113.216667,V,OR,G,P,J,P,,,,Y,,Y,,Y,,,N,,Y
AGBAMI OIL TERMINAL,NG,3.466667,5.566667,V,OR,P,A,A,L,A,L,,,,,,,,,Y,,
EGINA OIL TERMINAL,NG,3.066667,6.7,V,OR,P,A,A,L,A,L,,,,,,,,,,,
AKPO OIL TERMINAL,NG,3.133333,6.816667,V,OR,P,A,A,L,A,L,,,,,,,,,,,
OLOWI MARINE TERMINAL,GA,-3.133333,10.216667,V,OR,P,,,,,,,,,,,,,,,,
DUSSAFU TERMINAL,CG,-4.25,10.816667,V,OR,P,A,A,A,A,L,,,,,,,,,Y,,
KIZOMBA A TERMINAL,AO,-6.316667,11.05,V,OR,P,A,A,A,A,L,,,,,,,,,Y,,
PSVM TERMINAL,CD,0.0,0.0,,,,,,,,,,,,,,,,,,,
KIZOMBA B TERMINAL,AO,-6.35,11.15,V,OR,P,A,A,A,A,L,,,,,,,,,Y,,
KIZOMBA C TERMINAL,AO,-6.316667,11.283333,V,OR,P,A,A,A,A,L,,,,,,,,,Y,,
DALIA TERMINAL,AO,-7.683333,11.766667,V,OR,P,A,A,A,A,L,,,,,,,,,Y,,
GREATER PLUTONIO TERMINAL,AO,-7.833333,12.1,V,OR,P,A,A,A,A,L,,,,,,,,,Y,,
ETAME TERMINAL,GA,-3.75,10.516667,V,OR,P,A,A,A,A,L,,,,,,,,,Y,,
PSVM TERMINAL,AO,-6.25,10.733333,V,OR,P,A,A,A,A,L,,,,,,,,,Y,,
DUNKERQUE PORT OUEST,FR,51.066667,2.35,M,CT,G,C,C,B,B,L,Y,,Y,Y,,Y,Y,,Y,,Y
GRAVELINES,FR,51.0,2.116667,V,RT,G,Q,K,,,M,,,Y,Y,,Y,Y,,N,,Y
CALAIS,FR,50.966667,1.85,S,CB,G,L,D,J,,M,Y,,Y,Y,,Y,Y,S,Y,,Y
IQUITOS,PE,-3.75,-73.233333,S,RN,E,M,,M,M,L,Y,,,,,Y,N,,,,
ITAQUI,BR,-2.566667,-44.366667,S,CN,G,F,D,E,D,L,Y,Y,Y,Y,,Y,,,Y,,Y
STOKKMARKNES,NO,68.566667,14.916667,V,CB,F,N,K,L,,M,Y,Y,,,,Y,Y,,,,
REINE,NO,67.933333,13.1,V,CN,F,N,C,O,,M,Y,Y,Y,,,Y,Y,,,,
BALLSTAD,NO,68.066667,13.7,V,CN,F,M,,K,,M,Y,Y,Y,,,Y,Y,,,,
STAMSUND,NO,68.116667,13.85,V,CN,F,N,E,M,,M,Y,Y,Y,,,Y,Y,,,,Y
HENNINGSVAER,NO,68.15,14.216667,V,OR,F,E,N,K,,M,Y,,Y,,,Y,,,,,
SVOLVAER,NO,68.233333,14.583333,S,CN,G,,K,P,L,M,Y,Y,Y,,,Y,Y,M,Y,,Y
SKROVA HAVN,NO,68.166667,14.666667,V,CN,G,,F,M,,M,Y,Y,Y,,,Y,Y,,,,
BRETTESNES,NO,68.233333,14.85,V,CN,G,,N,M,,M,Y,Y,Y,,,Y,Y,,,N,N
LODINGEN,NO,68.416667,16.0,V,CN,G,,A,P,N,M,Y,Y,,,,Y,,,Y,,Y
ULVIK,NO,68.566667,16.266667,V,RN,F,,A,,,,,Y,,,,,,,,,
LILANDSGRUNNEN,NO,68.483333,16.883333,V,CN,G,,C,M,,,Y,Y,,,,,,,,,
NARVIK,NO,68.433333,17.416667,V,CB,F,A,E,O,M,L,Y,Y,Y,Y,,Y,Y,,Y,,Y
LITLE BALLANGEN,NO,68.333333,16.85,V,CN,G,K,K,L,,M,Y,Y,,,,,,,,,
DRAG,NO,68.05,16.083333,V,CN,F,,A,O,,M,Y,,,,,,,,,,
KORSNES,NO,68.25,16.066667,V,CN,F,,G,P,,M,Y,Y,,,,,,,,,
TRANOY,NO,68.183333,15.666667,V,CN,F,L,E,,P,M,Y,Y,,,,,,,,,
KJERRINGOY,NO,67.516667,14.766667,V,CN,F,,N,O,,M,Y,Y,,,,,,,,,
BODO,NO,67.283333,14.383333,V,CB,G,C,A,O,M,L,Y,Y,,Y,,Y,Y,,Y,Y,Y
LAKSELV,NO,67.366667,15.6,S,CN,G,J,,O,,M,Y,Y,N,,,N,N,,N,N,N
FAUSKE,NO,67.25,15.366667,V,CN,G,,K,M,,,Y,Y,,,,,,,,,
ROGNAN,NO,67.1,15.416667,V,CN,E,,C,O,,M,Y,Y,,,,,,,,,
ORNES,NO,66.866667,13.716667,V,CN,F,A,,K,,,Y,Y,,,,,,,,,
GLOMFJORD,NO,66.816667,13.983333,V,CN,G,A,,M,,M,,Y,,,,Y,N,,N,N,N
SANDNESSJOEN,NO,66.016667,12.633333,V,CN,F,,F,J,,M,Y,Y,Y,Y,,Y,,,,,Y
MO INLET,NO,66.316667,14.133333,S,OR,E,A,A,M,,L,Y,Y,Y,Y,,Y,Y,,Y,,Y
KVALSUND,NO,70.5,23.983333,V,CN,F,H,H,N,,,,,,,,,,,Y,,
PORT MOLLER,US,55.983333,-160.566667,V,CN,F,,H,M,,,Y,Y,,,,Y,Y,,,,
PORT HEIDEN,US,56.883333,-158.7,V,CN,F,,,,,,,Y,,,,,,,,,
PILOT POINT,US,57.566667,-157.6,V,CN,F,,,,,,,,,,,N,N,,,,
UGASHIK,US,57.533333,-157.416667,V,RN,F,,,,,,Y,Y,Y,,,,,,,,
EGEGIK,US,58.2,-157.366667,V,CN,F,,,P,,,,Y,Y,,,,,,,,
NAKNEK,US,58.716667,-157.016667,V,CN,F,K,K,P,,,Y,Y,Y,,,N,Y,,,,
KOGGIUNG,US,58.966667,-156.916667,V,CN,F,,,,,,Y,Y,,,,,,,,,
EKUK,US,58.816667,-158.566667,V,OR,F,,,P,,,Y,Y,Y,,,,,,,,
AMPENAN,ID,-8.566667,116.066667,V,OR,P,L,D,,,M,Y,Y,Y,,,Y,N,,,,Y
WAINGAPU,ID,-9.633333,120.216667,V,OR,E,H,A,J,L,M,,Y,N,N,N,Y,Y,,N,N,N
NUEVA GERONA,CU,21.916667,-82.8,V,OR,F,N,M,N,,L,Y,Y,,,,N,N,,Y,N,Y
GEORGETOWN,KY,19.3,-81.383333,V,OR,P,,G,M,G,L,Y,,,Y,,,Y,,,,N
CAYMAN BRAC,KY,19.75,-79.75,V,OR,P,O,A,O,M,L,Y,Y,Y,,,Y,Y,,Y,,
STAGEN,ID,-3.3,116.15,V,CN,F,N,K,M,,M,Y,,,,,,,,,,
SAMPIT,ID,-2.516667,113.0,V,RN,G,L,P,M,M,,Y,,,Y,,N,,,Y,N,N
BITUNG,ID,1.433333,125.183333,V,CN,E,L,A,K,L,M,Y,,,Y,,,Y,,Y,,Y
LUWUK,ID,-0.95,122.8,V,OR,G,M,A,M,M,M,,Y,,,,,,,,,
MASSET HARBOR,CA,54.016667,-132.15,V,CN,G,O,A,M,,M,Y,Y,,,,Y,Y,,N,,
PORT CLEMENTS,CA,53.683333,-132.183333,V,CN,F,Q,H,O,,M,Y,Y,,,,,,,N,,
QUEEN CHARLOTTE,CA,53.25,-132.083333,V,CN,G,,E,M,,L,Y,Y,,,,,,,N,,
ALLIFORD BAY,CA,53.216667,-131.983333,V,CN,G,G,G,M,,L,Y,Y,,,,,,,N,,
HYDER,US,55.916667,-130.0,V,CN,P,,,Q,,,Y,,,,,,,,,,
HIDDEN INLET,US,54.95,-130.333333,V,LC,F,,,M,P,,Y,,,,,Y,,,,,
LYALL HARBOR,CA,48.8,-123.2,V,CN,F,,H,L,,M,Y,Y,,,,,Y,,,,
HOPE BAY,CA,48.8,-123.283333,V,CN,F,,F,K,,M,Y,Y,,,,,Y,,,,
SIDNEY,CA,48.65,-123.383333,V,CN,F,,E,N,K,L,Y,Y,,Y,,,Y,L,Y,,Y
ROCHE  HARBOR,US,48.616667,-123.166667,V,CN,E,,L,,L,,,Y,Y,,,Y,Y,,Y,,
ORCAS,US,48.6,-122.933333,V,CN,E,,,P,,,Y,,,,,Y,Y,,Y,,
ANACORTES,US,48.516667,-122.616667,S,CN,E,H,F,J,H,L,Y,Y,,Y,,Y,Y,,Y,,Y
BELLINGHAM,US,48.75,-122.5,S,CN,E,,K,K,N,L,Y,Y,Y,Y,Y,Y,Y,,Y,,Y
CHERRY POINT,US,48.866667,-122.75,V,CN,F,A,A,,D,L,Y,,,,,Y,,,Y,,Y
SEMIAHMOO,US,48.983333,-122.766667,V,CN,G,,N,L,,,Y,Y,,,,Y,Y,,Y,,
BLAINE,US,49.0,-122.75,V,CN,G,,P,M,,,Y,Y,,,,Y,Y,,Y,,
STEVESTON,CA,49.133333,-123.183333,V,RN,F,,G,,,M,Y,,,,,,Y,,Y,,
NEW WESTMINSTER,CA,49.2,-122.916667,M,RN,F,K,G,J,L,L,Y,Y,Y,Y,,Y,Y,,Y,,Y
FRASER MILLS,CA,49.216667,-122.866667,V,RN,F,,G,L,,M,Y,,Y,Y,,Y,Y,,Y,,Y
PORT COQUITLAM,CA,49.266667,-122.783333,V,RN,G,,G,M,,M,Y,,,,,,,,Y,,
MISSION CITY,CA,49.116667,-122.25,V,RN,G,,G,O,,,Y,,Y,,,,,,Y,,
VANCOUVER,CA,49.283333,-123.116667,L,CN,E,A,A,G,N,L,Y,Y,Y,Y,Y,Y,Y,M,Y,Y,Y
PORT MOODY,CA,49.283333,-122.883333,V,CN,E,K,N,J,L,M,Y,Y,Y,Y,Y,Y,Y,M,Y,,Y
SQUAMISH,CA,49.683333,-123.15,V,RN,F,L,A,J,,L,Y,,Y,Y,,Y,Y,,Y,,Y
PORT MELLON,CA,49.516667,-123.483333,V,CN,F,K,,K,,M,Y,,,Y,,,,,Y,,Y
WESTVIEW,CA,49.833333,-124.516667,V,CB,F,,,L,,M,Y,Y,,,,Y,Y,,,,
POWELL RIVER,CA,49.866667,-124.533333,S,CB,F,K,,L,K,L,Y,Y,Y,,,Y,Y,,Y,,Y
DUNCAN BAY,CA,50.066667,-125.283333,V,CN,F,A,A,K,J,M,Y,Y,N,N,N,Y,Y,,Y,,
CAMPBELL RIVER,CA,50.016667,-124.233333,V,CN,G,,,K,O,L,Y,,N,N,N,Y,Y,,Y,,Y
CLARKS POINT,US,58.85,-158.55,V,OR,F,,,,,,Y,Y,Y,,,N,Y,,,,
DILLINGHAM,US,59.033333,-158.483333,V,CN,F,,,,,,Y,Y,,,,,Y,,,,
PLATINUM,US,59.016667,-161.833333,V,CN,F,,,,,,,,,,,,Y,,,,
BETHEL,US,60.816667,-161.716667,V,RN,F,,,,,,,,,,,Y,,,,,
NASH HARBOR,US,60.2,-166.983333,V,OR,P,,L,,,,,Y,,,,,,,,,
KWIGUK,US,62.733333,-164.466667,V,RN,F,,,,,,,,,,,Y,,,,,
KOTLIK,US,63.033333,-163.55,V,RN,F,,,,,,,,,,,Y,Y,,,,
HAMILTON,US,62.9,-163.916667,V,RN,F,,,,,,,,,,,,Y,,,,
ST MICHAEL,US,63.483333,-162.033333,V,OR,P,,N,,,,Y,Y,,,,,Y,,,,
UNALAKLEET,US,63.883333,-160.783333,V,OR,P,,L,,,,,Y,,,,,,,,,
SOLOMON,US,64.55,-164.4,V,OR,P,,G,,,,,Y,,,,,,,,,
NOME,US,64.5,-165.416667,S,OR,P,P,H,P,,,Y,Y,,,,Y,Y,,,,
GRANTLEY HARBOR,US,65.266667,-166.333333,V,OR,G,P,M,,,,,Y,,,,,Y,,,,
SAVOONGA,US,63.683333,-170.4,V,OR,P,,,,,,,Y,,,,Y,Y,,,,
SHISHMAREF,US,66.25,-166.083333,V,CN,F,,L,,,,,Y,,,,,Y,,,,
DEERING,US,66.083333,-162.733333,V,OR,F,,L,,,,,Y,,,,N,N,,,,
KOTZEBUE,US,66.916667,-162.583333,V,CN,F,,L,,,,,Y,,,,,,,,,
CLIFTON PIER,BS,25.0,-77.55,V,OR,F,J,G,,J,L,Y,,,,,Y,,,,,Y
MATTHEW TOWN,BS,20.95,-73.683333,V,OR,G,O,G,H,,M,Y,Y,,,,,Y,,N,N,N
GRAND TURK,TC,21.433333,-71.15,V,OR,G,H,H,N,,M,,Y,Y,,,Y,Y,,N,N,N
CABANAS,CU,23.0,-82.966667,M,CN,F,M,N,M,,M,Y,Y,,,,N,N,,Y,,Y
MARIEL,CU,22.983333,-82.75,S,CB,E,K,L,L,L,L,Y,N,,Y,,Y,N,,Y,,Y
BAHAI DE LA HABANA,CU,23.133333,-82.366667,L,CB,E,H,K,K,J,L,Y,Y,,Y,Y,Y,Y,M,Y,,Y
CARDENAS,CU,23.05,-81.2,S,OR,G,N,L,N,,L,Y,N,,Y,,N,N,,Y,,Y
ISABELA DE SAGUA,CU,22.95,-80.0,S,OR,P,M,O,N,N,L,Y,Y,,,,Y,N,,Y,,Y
NUEVITAS BAY,CU,21.55,-77.266667,L,CN,F,K,K,N,K,L,Y,Y,Y,,,Y,N,,Y,,Y
ANTILLA,CU,20.833333,-75.733333,L,CN,E,H,N,M,N,L,Y,Y,,,,,,,Y,,Y
FELTON,CU,20.733333,-75.6,S,CN,E,N,J,L,,L,,Y,,Y,,Y,N,,Y,,Y
NICARO,CU,20.716667,-75.55,S,CN,E,G,K,L,L,L,Y,Y,,Y,,Y,N,,Y,,Y
TEXAS CITY,US,29.383333,-94.916667,S,CN,G,J,L,J,K,L,Y,,Y,Y,,Y,Y,,Y,Y,Y
BAYTOWN,US,29.733333,-95.016667,V,CN,G,G,K,J,J,L,Y,,,,,Y,Y,,Y,Y,Y
NORSWORTHY,US,29.733333,-95.2,V,RN,G,J,K,K,,,Y,,,,,Y,Y,,Y,N,N
PASADENA,US,29.716667,-95.216667,V,RN,G,J,L,L,J,L,Y,,,,,Y,Y,,Y,Y,Y
SINCO,US,29.716667,-95.233333,V,RN,G,J,K,K,,,Y,,,,,Y,Y,,Y,,
HOUSTON,US,29.75,-95.283333,L,RT,G,G,K,L,J,L,Y,,Y,Y,Y,Y,Y,M,Y,Y,Y
FREEPORT,US,28.95,-95.333333,V,RN,G,J,L,L,J,L,Y,,,Y,Y,Y,Y,,Y,Y,Y
PALACIOS,US,28.683333,-96.216667,V,CN,G,O,P,P,,,Y,,,,,Y,Y,,Y,,
PORT LAVACA,US,28.616667,-96.616667,V,CN,G,H,H,J,,M,Y,,,,,Y,Y,,Y,,
COMOX HARBOR,CA,49.666667,-124.916667,S,CN,G,H,B,L,P,M,Y,Y,,,,Y,Y,,Y,,
NANOOSE HARBOR,CA,49.266667,-124.15,V,CN,E,,A,D,,M,,Y,,,,,,,,,
NANAIMO,CA,49.166667,-123.933333,S,CN,G,E,A,J,H,,Y,Y,Y,Y,,Y,Y,,Y,,Y
HARMAC,CA,49.133333,-123.85,V,CN,F,,M,H,K,L,Y,,,,,,,,,,
CHEMAINUS,CA,48.933333,-123.716667,V,CN,F,K,B,F,,L,Y,,Y,,,Y,Y,,Y,,Y
CROFTON,CA,48.866667,-123.633333,V,CN,F,,A,J,,L,Y,Y,N,N,N,N,Y,,Y,,Y
COWICHAN BAY,CA,48.75,-123.616667,V,CN,F,K,A,L,,L,Y,Y,,,,Y,Y,,Y,,Y
GANGES,CA,48.85,-123.483333,V,CN,F,J,M,N,,M,Y,Y,,,,,Y,,,Y,
FRIDAY HARBOR,US,48.533333,-123.016667,V,CN,E,,J,N,N,,Y,Y,Y,Y,,Y,Y,,Y,,
WESTPORT,US,46.133333,-123.383333,V,RN,E,L,,,,,Y,,,,,Y,Y,,,,
RAINIER,US,46.083333,-122.933333,V,RN,E,L,,M,,,Y,,,,,Y,Y,,,,
LONGVIEW,US,46.133333,-122.933333,S,RN,E,J,,K,L,L,Y,,Y,Y,,Y,Y,,,,Y
KALAMA,US,46.016667,-122.85,V,RN,E,J,,,,L,Y,,,,,,,,,,
ST HELENS,US,45.866667,-122.8,V,RN,E,M,,L,,,Y,,,,,Y,Y,,,,
PORTLAND,US,45.516667,-122.666667,L,RN,E,J,L,H,H,L,Y,Y,Y,Y,Y,Y,Y,M,Y,Y,Y
VANCOUVER,US,45.633333,-122.683333,M,RN,E,H,J,J,,L,Y,Y,Y,Y,,Y,Y,,N,,Y
CAMAS,US,45.583333,-122.4,V,RN,E,,,,,,,,,,,,Y,,,,
PORT SOCONY,US,40.55,-74.25,S,RN,G,K,K,L,K,L,Y,,Y,,,Y,Y,,Y,,Y
BAYWAY,US,40.633333,-74.2,V,RN,G,K,K,L,J,L,Y,,Y,,,Y,Y,,Y,,Y
GRASSELLI,US,40.616667,-74.2,S,RN,G,K,K,K,,,Y,,,,,,,,Y,,Y
CARTERET,US,40.583333,-74.216667,S,RN,G,K,K,K,L,L,Y,,,,,Y,Y,,Y,,Y
CHROME,US,40.566667,-74.216667,S,RN,G,K,K,L,,M,Y,,,,,Y,Y,,Y,,Y
PORT READING,US,40.566667,-74.233333,S,RN,G,K,K,K,J,M,Y,,,,,Y,Y,,Y,,Y
SEWAREN,US,40.55,-74.25,V,RN,G,J,J,K,K,L,Y,,,,,Y,Y,,Y,,
MAURER,US,40.533333,-74.25,V,RN,G,J,J,J,,,Y,,,,,Y,Y,,Y,,Y
PERTH AMBOY,US,40.5,-74.266667,S,RN,G,J,L,L,J,L,Y,,,,,Y,Y,S,Y,,Y
SAYREVILLE,US,40.466667,-74.366667,V,CN,G,O,O,O,,M,Y,,,,,,,,Y,N,N
SOUTH AMBOY,US,40.483333,-74.266667,S,CN,G,K,K,L,,M,Y,,,,,,,,Y,Y,N
LEONARDO,US,40.433333,-74.066667,S,CN,F,K,J,J,,M,Y,,,,,,Y,,Y,,
BARNEGAT,US,39.766667,-74.1,V,CN,G,P,P,P,,M,Y,,,,,Y,Y,,,N,N
ATLANTIC CITY,US,39.366667,-74.416667,V,CN,G,P,O,J,,M,Y,,,,,Y,Y,,Y,,
SALEM NJ,US,39.666667,-75.483333,V,RN,E,D,K,D,D,M,Y,,Y,Y,Y,Y,Y,,Y,Y,
NEW CASTLE,US,39.65,-75.566667,V,RN,G,L,P,O,,L,Y,,,,,,,,Y,,
DEEPWATER POINT,US,39.7,-75.516667,V,RN,G,M,M,L,,L,Y,,,,,,,,Y,,
WILMINGTON,US,39.733333,-75.55,M,RN,G,M,M,H,J,L,Y,,Y,Y,,Y,Y,,Y,Y,Y
MARCUS HOOK,US,39.816667,-75.416667,S,RN,G,J,J,K,J,L,Y,,,,,Y,Y,,Y,,
CHESTER,US,39.85,-75.35,L,RN,G,J,J,K,,L,Y,,Y,,,Y,Y,M,Y,,
CITY ISLAND,US,40.85,-73.783333,V,CN,G,J,L,O,,,Y,,,,,,Y,,Y,,Y
GLOUCESTER,US,42.6,-70.666667,S,CN,G,N,L,M,,M,Y,,,Y,,Y,Y,,Y,N,Y
BEVERLY,US,42.533333,-70.883333,V,CN,G,M,M,M,,M,Y,,,Y,,Y,Y,,Y,,Y
SALEM,US,42.516667,-70.883333,S,CN,G,L,M,L,K,L,Y,,,,,Y,Y,,Y,,Y
MARBLEHEAD,US,42.5,-70.85,V,CN,G,M,M,M,,M,Y,,,Y,,,Y,,N,N,N
LYNN,US,42.45,-70.95,V,CN,G,N,N,N,,M,Y,,,,,,Y,,N,N,N
BOSTON,US,42.35,-71.05,L,CN,E,J,H,H,J,L,Y,,Y,Y,Y,Y,Y,L,Y,,Y
QUINCY,US,42.25,-70.966667,S,RN,E,P,L,K,,M,Y,,,,,Y,Y,M,Y,N,Y
SCITUATE,US,42.2,-70.716667,V,CB,G,P,O,P,,M,Y,,,,,Y,Y,,,N,N
PORT OCONNOR,US,28.45,-96.4,V,CN,G,O,P,P,,M,Y,,,,,Y,Y,,Y,,
ROCKPORT,US,28.016667,-97.05,V,CN,G,P,O,O,,M,Y,,,,,Y,Y,,Y,,
CORPUS CHRISTI,US,27.816667,-97.4,M,CN,G,G,K,J,J,L,Y,,Y,Y,,Y,Y,M,Y,Y,Y
PORT ARANSAS,US,27.833333,-97.05,V,CN,G,P,P,O,,,Y,,,,,Y,Y,,Y,,Y
PORT INGLESIDE,US,27.816667,-97.183333,V,CN,G,K,K,,K,L,Y,,,,,Y,Y,,Y,N,Y
PORT ISABEL,US,26.083333,-97.2,V,CN,G,K,K,K,K,L,Y,,,Y,,Y,Y,,Y,N,Y
BROWNSVILLE,US,25.95,-97.4,S,LC,G,H,K,K,K,L,Y,Y,Y,Y,Y,Y,Y,S,Y,Y,Y
TAMPICO,MX,22.216667,-97.866667,M,RN,G,J,J,L,J,L,Y,Y,Y,Y,,Y,Y,M,Y,,Y
VERACRUZ,MX,19.2,-96.133333,M,CB,G,G,A,J,,L,Y,Y,,,Y,Y,,M,Y,N,Y
CAYO ARCAS TERMINAL,MX,20.166667,-91.983333,V,OR,P,,A,,C,L,Y,,,,,Y,Y,,Y,,Y
COATZACOALCOS,MX,18.15,-94.416667,S,RN,G,G,A,K,K,L,Y,N,N,Y,N,Y,,,Y,Y,Y
MINATITLAN,MX,17.9,-94.583333,V,RN,E,L,,,M,M,Y,,Y,,,Y,,S,Y,,Y
ESTRELA OIL FIELD,AO,-6.45,12.4,S,OR,P,A,,,A,L,,,,,,N,,,,,
NORTH POINT,SH,-7.883333,-14.366667,S,OR,P,,O,,J,M,,Y,,,,,,,,,
SALINA,BQ,12.083333,-68.283333,V,OR,P,A,,G,,L,Y,,,,,,Y,,Y,,Y
SINT MICHELSBAAI,CW,12.133333,-69.016667,V,OR,P,,A,A,,L,,Y,,,Y,N,N,,,,Y
COVENAS OFFSHORE TERM.,CO,9.5,-75.733333,V,OR,P,A,A,,A,L,,Y,,Y,,Y,,,Y,,Y
EL GUAMACHE,VE,10.9,-64.1,V,OR,F,B,G,K,,L,Y,Y,Y,,,,Y,,Y,,Y
VILA DO CONDE,BR,-1.55,-48.75,V,RN,F,J,G,G,G,L,,Y,Y,,,Y,,,Y,N,N
GUAMARE OIL TERMINAL,BR,-4.866667,-36.283333,V,OR,P,F,E,,K,L,,Y,,,,N,,,N,,
UKPOKITI MARINE TERMINAL,NG,5.716667,4.833333,V,OR,P,A,A,,A,L,,,,,,N,,,Y,,Y
SAN SEBASTIAN BAY,AR,-53.166667,-68.5,S,CN,F,,G,,K,,,,,,,Y,,,,,
VILLA CONSTITUCION,AR,-33.3,-60.333333,V,RN,F,L,,N,,L,Y,,,,,,,,Y,,Y
PUERTO WILLIAMS,CL,-54.933333,-67.6,V,OR,F,,B,L,K,M,,,,Y,,,,,Y,,
CALETA PATILLOS,CL,-20.733333,-70.2,V,CN,F,,B,J,,L,Y,,,,,N,,,Y,,
JAYAPURA,ID,-2.533333,140.716667,S,CN,G,O,A,J,K,M,,,,Y,,Y,,,Y,N,Y
ACAJUTLA OFFSHORE TERMINAL,SV,13.583333,-89.866667,V,OR,F,,E,,E,L,,Y,,,,Y,Y,,Y,,Y
DILI,TL,-8.533333,125.583333,S,CN,G,A,A,M,,M,,Y,,Y,,Y,,,N,N,N
KUPANG,ID,-10.166667,123.583333,S,CN,F,N,B,N,N,L,,Y,,Y,,Y,Y,,Y,,Y
VACAMONTE,PA,8.866667,-79.666667,V,OR,P,N,,L,,M,Y,,,,,Y,,,Y,,Y
CAYO MOA GRANDE,CU,20.666667,-74.9,S,CB,P,J,G,J,,L,Y,Y,,,,,,,Y,,
NEW ROSS,IE,52.383333,-6.95,S,RN,F,N,N,M,L,M,Y,,Y,Y,,Y,,,Y,,Y
CASTLETOWN BEARHAVEN,IE,51.65,-9.916667,V,CN,F,L,L,N,,M,Y,Y,,,,,Y,,N,N,N
PLYMOUTH,US,41.95,-70.666667,V,CN,F,N,O,O,,M,Y,,Y,Y,,Y,Y,,Y,N,Y
PROVINCETOWN,US,42.05,-70.183333,V,CN,E,O,F,O,,M,Y,,,,,Y,Y,,Y,N,N
HYANNIS,US,41.65,-70.283333,V,CN,E,O,O,O,,M,Y,,,,,,Y,,N,N,N
HYANNIS PORT,US,41.633333,-70.3,V,CB,F,P,N,P,,M,Y,,,,,,Y,,N,,
FALMOUTH,US,41.55,-70.616667,V,CN,F,P,K,P,,M,Y,,Y,,,,Y,,N,N,N
NANTUCKET,US,41.283333,-70.1,V,CN,G,O,O,O,,M,Y,,,,,,Y,,N,N,N
EDGARTOWN,US,41.383333,-70.5,V,CN,G,O,L,N,,M,Y,,,,,Y,Y,,N,N,N
VINEYARD HAVEN,US,41.45,-70.6,V,CB,G,N,M,M,,M,Y,,,,,,Y,,N,Y,Y
WOODS HOLE,US,41.516667,-70.666667,V,CN,G,O,M,L,,M,Y,,,,,,Y,,,N,N
NEW BEDFORD,US,41.633333,-70.916667,S,CN,E,L,L,L,L,M,Y,,,Y,,Y,Y,M,Y,,Y
NEWPORT,US,41.5,-71.333333,S,CN,E,N,A,N,,M,Y,,,,,Y,Y,,Y,N,Y
FALL RIVER,US,41.7,-71.166667,V,CN,E,K,M,K,J,M,Y,,,,,Y,Y,,Y,,Y
TIVERTON,US,41.633333,-71.216667,S,RN,G,L,M,K,K,L,Y,,,,,Y,Y,,Y,N,Y
BRISTOL,US,41.666667,-71.266667,V,CN,G,M,N,O,,M,Y,,,,,,Y,,Y,N,Y
PROVIDENCE,US,41.8,-71.4,M,RN,G,J,K,J,J,M,Y,,Y,Y,,Y,Y,,Y,,Y
QUONSET POINT,US,41.583333,-71.4,V,CN,F,K,K,L,,M,Y,,,,,Y,Y,,Y,N,Y
DAVISVILLE DEPOT,US,41.616667,-71.4,V,CN,F,K,K,K,,M,Y,,,,,,,,Y,N,N
TAKULA TERMINAL,AO,-5.216667,11.783333,S,OR,P,,A,,A,L,Y,Y,Y,,,,,,Y,,Y
ANTSOHIM BONDRONA,MG,-13.083333,48.833333,V,CN,F,L,L,L,,,,,Y,,,Y,Y,,,,Y
KOME KRIBI 1 MARINE TERMINAL,CM,2.916667,9.8,V,OR,P,,A,,A,L,,Y,Y,,,N,N,,Y,,Y
LIMBOH TERMINAL,CM,3.983333,9.15,V,OR,P,A,,K,C,L,Y,Y,Y,,,Y,Y,,Y,Y,
CEIBA TERMINAL,GQ,1.416667,9.233333,V,OR,P,,A,,A,M,,Y,,,,N,N,,,,Y
COGO,GQ,1.083333,9.7,V,RN,P,M,E,J,,M,,,,,,,,,N,,
SERPENTINA TERMINAL,GQ,3.8,8.083333,V,OR,P,A,A,,A,L,,Y,,,,N,N,,Y,,Y
SIDON/ZAHRANI TERMINAL,LB,33.533333,35.316667,V,OR,P,,A,,F,M,,,Y,,,Y,Y,,Y,N,N
ANTALYA OFFSHORE TERMINAL,TR,36.816667,30.6,V,OR,P,,D,,C,M,,Y,,,,,,,Y,,Y
BOTAS NATURAL GAS TERMINAL,TR,41.0,27.983333,V,OR,P,,,,J,M,Y,,Y,,,Y,Y,,Y,,Y
BOTAS DORTYOL OIL TERMINAL,TR,36.866667,36.133333,V,OR,P,,K,,G,M,,,,,,Y,Y,,Y,,
TOROS GUBRE,TR,36.916667,35.966667,V,OR,P,,A,N,N,,,,Y,Y,,N,N,,Y,,
YAKACIK,TR,36.716667,36.183333,V,CB,F,E,D,N,G,M,,,,Y,,Y,Y,,,,Y
CHALKIS,GR,38.466667,23.6,S,CN,F,M,N,N,O,M,Y,Y,,Y,Y,,,,Y,,Y
DELTA TERMINAL,TR,36.85,36.166667,V,OR,P,,A,,M,M,Y,Y,,,,Y,Y,,Y,,Y
DIKILI,TR,39.016667,26.816667,V,OR,F,,C,M,,M,,,,,,,,,Y,,
GEBZE,TR,40.766667,29.55,V,OR,F,,E,L,G,L,,,N,N,N,Y,,,,,Y
GULLUK,TR,37.25,27.616667,V,CB,F,,C,L,,,,,N,N,N,,Y,,Y,,N
YARIMCA,TR,40.8,29.7,S,OR,F,,G,M,K,,,,Y,N,N,,,,Y,,Y
GELENDZHIK,RU,44.55,38.066667,V,CN,F,N,B,O,,M,,,,Y,,Y,,,Y,N,Y
CERNAVODA,RO,44.333333,28.05,V,RN,P,M,,P,P,M,Y,,Y,Y,,Y,Y,,,,
BASARABI,RO,44.166667,28.433333,V,RN,P,M,,M,M,,Y,,Y,Y,,,,,,,
KILRUSH,IE,52.633333,-9.5,V,RT,F,N,L,N,,M,Y,,,Y,,Y,Y,M,Y,,Y
GOLD RIVER,CA,49.683333,-126.116667,V,RN,F,,,K,,L,,Y,,Y,,Y,Y,,Y,,Y
STURA,NO,60.616667,4.85,V,OR,F,A,,,B,L,,,,,,N,N,,Y,Y,Y
SANDARNE,SE,61.266667,17.183333,S,CN,G,M,G,M,M,L,Y,Y,Y,,,,,,Y,,Y
DOMSJO,SE,63.266667,18.733333,V,CN,G,C,C,O,,M,,,,,,,,,Y,,Y
OBBOLA,SE,63.7,20.333333,V,CN,E,K,K,M,J,M,Y,Y,Y,,,,,,Y,,Y
VEITSILUOTO,FI,65.7,24.616667,S,CN,G,M,F,M,,M,Y,Y,Y,Y,,Y,,,Y,Y,Y
PORI,FI,61.483333,21.8,L,CN,G,M,C,L,K,M,Y,Y,Y,Y,,Y,Y,,Y,,Y
PARGAS,FI,60.283333,22.066667,V,CN,G,M,M,O,,M,Y,,,,,Y,,,N,N,Y
NYKOBING (MOR),DK,56.766667,11.866667,V,CB,F,N,,O,O,M,Y,,,Y,,Y,Y,,Y,,Y
GULFHAVEN,DK,55.2,11.266667,V,OR,P,N,C,,M,M,Y,,,,,N,N,,Y,N,N
CONTRECOUR,CA,45.883333,-73.2,V,RN,,K,,M,,L,Y,,,,,,,,,,
GOOSE BAY,CA,53.366667,-60.3,V,CN,P,K,,N,,,Y,,,,,Y,,,N,,N
AYIOS NIKOLAOS,GR,35.2,25.716667,V,CN,,,H,L,,M,Y,Y,,,,Y,Y,,N,,Y
GEMLIK,TR,40.416667,29.116667,V,OR,F,,A,M,F,M,Y,Y,,Y,,Y,Y,,Y,,Y
PORTO DE MUCURIPE,BR,-3.716667,-38.483333,S,OR,G,K,M,K,K,L,Y,Y,Y,,Y,Y,Y,,Y,N,Y
NATAL,BR,-5.783333,-35.2,S,RN,G,L,K,L,M,L,Y,Y,Y,,,Y,Y,S,Y,N,N
PORT DE ARACAJU,BR,-10.916667,-37.05,S,RN,F,P,K,N,G,L,Y,Y,Y,Y,,Y,Y,,Y,N,N
PORT DE SALVADOR,BR,-12.966667,-38.516667,M,CB,G,J,H,K,K,L,Y,Y,Y,Y,,Y,Y,S,,N,Y
VITORIA,BR,-20.316667,-40.333333,M,RN,E,K,C,K,L,L,Y,,Y,,,Y,,,Y,,Y
TUBARAO,BR,-20.283333,-40.25,L,CB,P,B,E,A,L,L,Y,Y,Y,Y,,Y,Y,,Y,,Y
RIO DE JANEIRO,BR,-22.9,-43.166667,L,CN,E,F,A,H,J,L,Y,Y,Y,Y,Y,Y,Y,L,Y,Y,Y
NITEROI,BR,-22.883333,-43.116667,S,CN,E,M,K,L,,,Y,Y,Y,,,Y,,M,Y,N,Y
PARANAGUA,BR,-25.5,-48.516667,S,CN,G,J,F,J,J,L,Y,Y,Y,Y,,Y,Y,,Y,N,Y
SAO FRANCISCO,BR,-26.25,-48.633333,S,RN,P,J,L,K,,L,Y,Y,Y,,,Y,,,Y,,Y
MONTEVIDEO,UY,-34.9,-56.216667,M,CB,G,J,L,K,L,L,Y,,Y,Y,Y,Y,Y,M,Y,,Y
COLONIA,UY,-34.466667,-57.85,V,OR,F,P,M,N,,M,Y,Y,Y,Y,,N,N,,Y,N,N
NUEVA PALMIRA,UY,-33.883333,-58.416667,V,RN,G,K,O,L,,,Y,,Y,,,Y,N,,Y,N,Y
PUERTO DE ASUNCION,PY,-25.266667,-57.683333,V,RN,E,P,,P,,,Y,,Y,Y,,Y,Y,,Y,,Y
SANTA FE,AR,-31.65,-60.7,S,RN,E,O,,M,,L,Y,,Y,Y,,Y,Y,,Y,N,Y
DANUBE-BLACK SEA CANAL,RO,44.266667,28.183333,M,LC,P,M,,,,,Y,,,,,N,N,,Y,,Y
MEDGIDIA,RO,44.25,28.266667,V,LC,P,N,,M,M,L,Y,,Y,Y,,,,,,,Y
MIDIA,RO,44.35,28.666667,V,OR,F,N,C,L,,,,,Y,,,Y,Y,M,,,Y
TULCEA,RO,45.166667,28.816667,V,RN,F,,,P,,L,,,Y,Y,,Y,Y,M,Y,,Y
BELGOROD-DNESTROVSKY,UA,46.183333,30.366667,V,CN,F,N,G,O,,M,Y,,Y,Y,Y,Y,Y,,Y,,Y
DNIPRO-BUZKYY,UA,46.733333,31.883333,S,CB,F,K,K,N,,M,Y,,Y,Y,,Y,Y,S,Y,,Y
PORT OKTYABRSK,UA,46.833333,31.933333,V,CN,F,K,M,K,,M,Y,Y,Y,Y,,,,,Y,,Y
UST-DUNAISK,UA,45.466667,29.7,V,CN,P,J,J,Q,,M,,,,,Y,Y,Y,,Y,,
KAVALA,GR,40.933333,24.4,S,CB,G,J,A,L,A,M,Y,,,Y,,Y,Y,,Y,,Y
ALIAGA,TR,38.833333,26.933333,V,CB,F,,L,,M,M,Y,Y,Y,,,Y,Y,,Y,Y,Y
AMBARLI,TR,40.966667,28.7,V,CN,G,,N,N,J,,,,Y,Y,,Y,Y,,Y,,Y
BORUSAN FERTILIZER JETTY,TR,40.416667,29.1,V,CN,F,,A,M,,M,Y,,Y,Y,,Y,Y,,Y,,Y
KYMASSI,GR,38.833333,23.466667,V,CN,F,,A,L,,,Y,Y,,,,,Y,,,N,N
ASPROPIRGOS,GR,38.033333,23.6,V,OR,P,L,A,,J,M,Y,Y,,,,Y,Y,,Y,,Y
ACHLADI,GR,38.9,22.816667,V,CN,F,,A,F,,M,Y,Y,,Y,,Y,Y,,Y,,
ASTAKOS,GR,38.483333,21.1,S,CN,F,,E,O,,,Y,,,,,Y,Y,,N,,
AKRA KAVONISI,GR,35.516667,23.633333,V,CB,F,,,L,,M,,,,Y,,,,S,,N,N
TELUK BEO,ID,4.233333,126.783333,V,CN,P,,A,,,M,,Y,,,,,,,,,
PATANI,ID,0.366667,128.75,V,CN,F,,A,Q,,M,,Y,,,,,,,,,
WAHAI,ID,-2.783333,129.5,V,CN,F,A,A,O,,M,,Y,,,,,,,,,
MIEI,ID,-2.733333,134.5,V,CN,F,A,A,,,,,Y,,,,,,,,,
TG. SORONG,ID,-0.883333,131.233333,S,OR,F,D,A,J,K,M,Y,,Y,,,Y,Y,S,Y,N,Y
MERAK MAS TERMINAL,ID,-5.916667,105.983333,M,CN,F,J,A,J,J,M,Y,,,Y,,Y,Y,,,,Y
TOKYO KO,JP,35.666667,139.75,L,CN,G,F,D,G,K,L,Y,,Y,Y,Y,Y,Y,S,Y,Y,Y
PONTRIEUX,FR,48.7,-3.15,V,CB,P,P,J,O,,M,,,,,,Y,Y,,Y,,
TREGUIER,FR,48.783333,-3.233333,V,RN,F,O,J,F,,M,,,,Y,,Y,Y,,Y,N,N
MORLAIX,FR,48.583333,-3.833333,S,RT,G,Q,C,O,,M,,,Y,Y,,,,,Y,N,N
PORT DE ROSCOFF-BLOSCON,FR,48.733333,-3.983333,V,CB,P,N,G,M,,M,,,,Y,,Y,Y,,Y,N,N
KINGSTON,JM,17.966667,-76.783333,M,CN,E,E,J,G,J,L,Y,,Y,Y,,Y,,M,Y,N,Y
BEDI,IN,22.516667,70.033333,V,RN,G,G,G,,,L,,Y,,Y,,Y,,S,N,Y,Y
DALHOUSIE,CA,48.066667,-66.366667,S,OR,F,K,J,K,K,L,Y,,,Y,,Y,Y,M,N,N,N
SEPT ILES,CA,50.2,-66.383333,M,RN,G,J,J,E,J,L,,,Y,Y,,Y,Y,,Y,N,Y
PORT DE ST PIERRE,PM,46.783333,-56.166667,S,CB,G,L,G,L,K,M,Y,,Y,,,N,Y,,Y,N,N
COME BY CHANCE HARBOR,CA,47.8,-54.016667,S,OR,P,A,A,G,A,L,Y,,,,,Y,Y,,Y,Y,Y
BELAWAN,ID,3.783333,98.683333,M,RN,G,L,L,K,N,L,Y,Y,Y,Y,Y,Y,Y,S,Y,,Y
SIDI KERIR (KURAYR),EG,31.1,29.616667,S,OR,P,,A,,B,L,Y,Y,,,,N,N,,Y,,Y
GRESIK,ID,-7.15,112.65,S,OR,G,G,C,C,L,M,Y,,,Y,,N,,,Y,,Y
HAIFA,IL,32.816667,35.0,M,CB,G,H,E,H,,L,Y,,Y,Y,,,,,Y,,Y
BAYRUT,LB,33.9,35.5,L,CB,E,G,A,F,K,M,Y,Y,Y,Y,,,Y,L,Y,Y,Y
BRINDISI,IT,40.65,17.983333,L,CB,F,G,A,J,K,L,Y,,,Y,Y,Y,Y,M,Y,,Y
PORT BERINGOVSKY,RU,63.066667,179.366667,,,,,E,O,,,,,,,,,,,,,
EL JADIDA,MA,33.25,-8.5,V,CB,G,O,H,N,,M,Y,Y,Y,Y,,,,M,Y,,Y
GUSTAVSBERG,SE,59.316667,18.383333,V,CN,E,O,J,O,,M,Y,Y,,,,Y,,,Y,,
SANDHAMN,SE,59.283333,18.916667,V,CN,G,J,D,O,,M,Y,Y,,,,Y,,,Y,,
STOCKHOLM,SE,59.333333,18.05,L,CB,G,K,F,M,N,M,Y,Y,Y,Y,Y,Y,Y,L,Y,Y,Y
VASTERAS,SE,59.616667,16.55,M,LC,G,N,M,O,N,M,Y,Y,Y,Y,,Y,Y,,Y,,Y
GRISSLEHAMN,SE,60.1,18.816667,V,CN,F,N,L,P,,M,Y,Y,,,,Y,,,Y,,
HALLSTAVIK,SE,60.05,18.583333,V,RB,E,M,N,M,,M,Y,Y,Y,Y,,Y,,,Y,,Y
HARGSHAMN,SE,60.183333,18.45,V,CN,E,L,M,M,,L,Y,Y,Y,Y,,Y,,,Y,,Y
SKUTSKAR,SE,60.65,17.4,S,CN,G,M,M,N,N,L,Y,Y,Y,,,Y,,,Y,,Y
OSKARSHAMN,SE,57.266667,16.45,S,CN,G,M,G,N,K,M,Y,Y,Y,Y,,Y,,S,Y,,Y
FIGEHOLM,SE,57.366667,16.5,V,CN,F,O,L,O,,M,Y,Y,,,,,,,Y,,
MOSS,NO,59.45,10.666667,S,CN,G,J,C,L,K,L,Y,Y,Y,Y,Y,,,M,N,,Y
SARPSBORG,NO,59.266667,11.1,V,RN,G,N,,N,L,M,Y,,Y,Y,,,Y,,Y,,Y
FREDRIKSTAD,NO,59.2,10.95,S,RN,G,N,L,O,M,L,Y,Y,Y,Y,,Y,Y,M,Y,,Y
HALDEN,NO,59.116667,11.383333,S,RN,G,M,H,N,,L,Y,Y,Y,Y,Y,Y,,,Y,,Y
STROMSTAD,SE,58.933333,11.166667,V,CB,E,L,H,,H,,Y,Y,Y,Y,,Y,,,Y,,Y
SAN LORENZO,AR,-32.75,-60.733333,V,RN,E,L,,J,M,L,Y,,N,N,Y,Y,Y,,Y,N,Y
ROSARIO,AR,-32.95,-60.633333,M,RN,E,M,,L,N,L,Y,,Y,Y,Y,Y,Y,,Y,,Y
SAN PEDRO,AR,-33.583333,-59.816667,V,RN,E,L,M,,M,L,,,,Y,,Y,N,,Y,N,Y
PUERTO IBICUY,AR,-33.75,-59.183333,V,RN,E,,L,M,,,Y,,Y,Y,,Y,N,,,N,Y
CONCEPCION DEL URUGUAY,AR,-32.483333,-58.233333,S,RN,E,N,,N,N,L,Y,,Y,Y,Y,Y,Y,,Y,,Y
BUENOS AIRES,AR,-34.6,-58.366667,L,CB,E,M,M,L,K,L,Y,Y,Y,Y,Y,Y,Y,L,Y,Y,Y
QUEQUEN,AR,-38.583333,-58.7,V,CB,P,L,E,J,,L,Y,Y,Y,Y,,Y,Y,,Y,,Y
PUERTO ROSALES,AR,-38.933333,-62.066667,V,CB,G,Q,E,N,N,L,Y,,Y,Y,,Y,,,Y,,Y
WAINWRIGHT,US,70.65,-160.0,V,OR,P,,,,,,,,,,,,,,,,
BARROW,US,71.283333,-156.783333,V,OR,P,,,,,,,,,,,N,Y,,,,
PRUDHOE BAY,US,70.333333,-148.416667,V,CN,P,,,,,,,Y,,,,,,,,,
BERNARD HARBOR,US,70.133333,-143.633333,V,OR,F,P,P,,,,,Y,,,,,,,,,
TUKTOYAKTUK,CA,69.45,-133.0,V,CN,F,O,,O,N,,Y,Y,,,,Y,Y,M,N,Y,Y
POLICE POINT,CA,70.183333,-124.75,V,CN,F,,G,,,,,Y,,,,N,N,,,,
PAULATUK,CA,69.35,-124.083333,S,CN,F,Q,,,,,,Y,,,,,,,,,
PEARCE POINT,CA,69.816667,-122.75,V,CN,G,,L,,,,,Y,,,,,,,,,
TYSOE POINT,CA,69.6,-120.75,V,CN,P,,G,,,,,Y,,,,,,,,,
SACHS HARBOR,CA,71.966667,-125.25,V,CN,P,,,,,,,Y,,,,,,,,,
CAPE YOUNG,CA,68.933333,-116.933333,V,OR,P,,F,,,,,Y,,,,,,,,,
BERNARD HARBOR,CA,68.783333,-114.766667,S,CN,F,,J,,,,,Y,,,,,,,,,
LADY FRANKLIN POINT,CA,68.483333,-113.266667,V,CN,F,,M,,,,,Y,,,,,,,,,
COPPERMINE,CA,67.8,-115.05,V,RN,F,,J,P,,,Y,Y,,,,,,,,,
CAMBRIDGE BAY,CA,69.116667,-105.066667,V,CN,G,,O,,,,Y,Y,,,,Y,,,,,
RESOLUTE BAY,CA,74.683333,-95.9,V,CN,F,H,N,,,,,Y,,Y,,,,,,,Y
BARENTSBURG,XR,78.066667,14.233333,V,CN,F,,A,L,,,Y,Y,,,,,,,,,
LONGYEARBYEN,XR,78.2,15.7,V,CN,G,,A,L,,M,Y,Y,,,,,,,,,
NY ALESUND,XR,78.916667,11.95,V,CN,F,,A,L,,M,Y,Y,,,,,,,,,
KIRKENES,NO,69.733333,30.05,S,CN,G,A,A,N,K,M,Y,Y,Y,Y,,Y,N,,Y,,Y
VADSO,NO,70.066667,29.75,S,CB,F,M,N,N,M,M,Y,,,,,Y,Y,,Y,Y,Y
BATSFJORDEN,NO,70.633333,29.733333,S,CN,G,,J,N,,M,Y,,Y,Y,,Y,Y,S,N,,Y
VARDO,NO,70.366667,31.116667,S,CN,E,E,M,M,,M,Y,Y,,Y,N,Y,,,Y,N,Y
BERLEVAG,NO,70.866667,29.1,V,OR,P,,L,N,,M,,Y,,,,,,,Y,,
KJOLLEFJORDEN,NO,70.95,27.333333,V,CN,G,,C,N,,M,,Y,,,,Y,,,Y,,
HONNINGSVAG,NO,70.983333,26.0,S,CN,F,,A,M,H,L,Y,Y,Y,,,Y,,,Y,N,N
MASSACRE BAY,US,52.833333,173.233333,V,CN,F,,A,K,,,Y,Y,,,,,,,,,
VILLAGE COVE,US,57.133333,-170.266667,V,OR,P,,G,,,,,Y,,,,,,,,,
SAN JUAN CANNERY,US,60.05,-148.066667,V,CN,G,,,K,,,Y,,,,,,,,,,
LATOUCHE,US,60.05,-148.066667,V,CN,G,,,,,,,,,,,,,,,,
SEWARD,US,60.1,-149.433333,S,CN,P,A,A,K,,,Y,Y,,Y,,Y,Y,,,,
PORT GRAHAM,US,59.35,-151.816667,V,CN,G,,,O,,,Y,,,,,N,Y,,,,
SELDOVIA,US,59.433333,-151.733333,V,CN,E,M,F,M,,,Y,Y,,,,Y,Y,,,,
HOMER,US,59.6,-151.416667,V,CN,F,,E,M,,L,Y,Y,,Y,,Y,Y,,,,Y
COAL POINT,US,59.6,-151.416667,V,CN,F,,E,M,,,Y,Y,,,,Y,,,,,
MIKAWA,JP,34.716667,137.3,L,CB,G,J,M,J,,M,Y,,Y,Y,N,Y,,,Y,,Y
PORBANDAR,IN,21.633333,69.6,V,CB,F,H,E,K,,L,Y,,Y,,,Y,,S,Y,,Y
SANTA BARBARA DE SAMANA,DO,19.2,-69.333333,S,CN,G,K,,L,,L,Y,Y,,Y,,Y,,,Y,N,N
PUERTO PLATA,DO,19.8,-70.7,S,OR,G,K,B,L,N,L,Y,,N,N,N,Y,,,Y,N,Y
PEPILLO SALCEDO,DO,19.7,-71.75,V,OR,G,K,A,J,,L,Y,,Y,,,Y,,,Y,N,N
CAP HAITIEN,HT,19.766667,-72.2,V,OR,F,E,G,K,,L,Y,Y,Y,,,Y,,,Y,N,Y
PHILLIPSBURG,SX,18.016667,-63.05,S,CN,F,B,L,K,,M,Y,,,,,N,N,,Y,N,Y
CHARLESTOWN,KN,17.133333,-62.633333,V,OR,F,H,L,L,O,,,Y,,,,Y,,,,,
GRAND CUL DE SAC BAY,LC,13.983333,-61.016667,S,CN,G,A,,J,A,L,Y,Y,,,,N,N,,Y,,Y
WASHOUGAL,US,45.583333,-122.35,V,RN,E,,,,,,,,,,,,Y,,,,
THE DALLES,US,45.6,-121.183333,V,RN,E,N,,N,,,Y,,,,,Y,Y,,,,
NAHCOTTA,US,46.5,-124.033333,V,CN,E,P,,,,,,,,,,N,N,,,,
SOUTH BEND,US,46.666667,-123.783333,S,RN,E,L,L,L,,,Y,Y,,,,Y,Y,,Y,,
RAYMOND,US,46.683333,-123.733333,S,RN,E,L,L,L,,,Y,Y,,,,Y,Y,,Y,,Y
WILLAPA HARBOR,US,46.683333,-123.75,V,RN,E,L,,M,,,Y,Y,Y,,,Y,Y,,Y,,
WESTHAVEN COVE,US,46.916667,-124.116667,V,RN,E,O,,N,,,Y,,Y,,,Y,N,,Y,,Y
BAY CITY,US,46.866667,-124.066667,V,RN,E,,,,,,,,,,,,,,,,
ABERDEEN,US,46.983333,-123.816667,S,RN,E,L,,K,L,,,,Y,Y,,Y,Y,,Y,,
HOQUIAM,US,46.966667,-123.9,S,RN,E,L,,K,,,,,Y,Y,,Y,Y,,Y,,
LA PUSH,US,47.9,-124.633333,V,RN,G,P,,P,,,Y,,,,,Y,Y,,,,
NEAH BAY,US,48.366667,-124.616667,V,CB,G,N,M,N,,,Y,Y,,,,,Y,,Y,,
SEKIU,US,48.266667,-124.3,V,CN,F,M,,O,,,Y,,,,,,,,,,
PORT ANGELES,US,48.116667,-123.433333,S,CN,G,D,H,G,,,Y,Y,,Y,,Y,Y,,Y,,Y
PORT TOWNSEND,US,48.116667,-122.75,S,CN,G,P,G,N,,,Y,Y,,Y,,Y,Y,,Y,,
GLEN COVE,US,48.083333,-122.783333,V,CN,G,,,L,,,Y,Y,,,,,,,,,
HOODSPORT,US,47.416667,-123.133333,V,CN,E,,,M,,,Y,,,,,,Y,,,,
PORT GAMBLE,US,47.85,-122.583333,V,CN,E,M,M,J,,,,,,,,,,,,,
POULSBO,US,47.733333,-122.65,V,CN,E,,,O,,,Y,,,,,,Y,,,,
KEYPORT,US,47.7,-122.616667,V,CN,E,,,L,,,Y,Y,,,,,,,,,
WINSLOW,US,47.616667,-122.516667,V,CN,E,,L,J,,,Y,Y,,,,,,,,,
CREOSOTE,US,47.616667,-122.5,V,CN,E,,K,K,,,Y,Y,,,,,,,,,
FORT WARD,US,47.583333,-122.516667,V,CN,E,,,N,,,Y,,,,,,,,,,
EAST BREMERTON,US,47.566667,-122.616667,V,CN,E,,,,,,,,,,,,,,,,
SILVERDALE,US,47.65,-122.7,V,CN,E,,,,,,,,,,,N,N,,,,
BREMERTON,US,47.566667,-122.65,M,CN,E,H,H,H,,L,Y,Y,Y,Y,Y,Y,Y,L,Y,,Y
PORT ORCHARD,US,47.533333,-122.633333,V,CN,E,K,K,K,,,Y,Y,,,Y,N,Y,,,,
QUARTERMASTER HARBOR,US,47.383333,-122.466667,V,CN,E,P,L,,,,,Y,,,,,,,,,
SHELTON,US,47.216667,-123.1,V,CN,E,,,,,,Y,,,,,Y,Y,,,,
OLYMPIA,US,47.05,-122.9,S,CN,E,L,L,K,,L,Y,Y,Y,Y,,Y,Y,,Y,,Y
NISQUALLY HEAD,US,47.116667,-122.75,V,CN,E,,,M,,,Y,,,,,,,,,,
TACOMA,US,47.283333,-122.416667,M,CN,E,A,A,G,J,L,Y,Y,Y,Y,,Y,Y,M,Y,Y,Y
GREBBESTAD,SE,58.683333,11.266667,V,CN,G,O,M,N,,M,Y,Y,,,,,,,Y,,
FJALLBACKA,SE,58.6,11.283333,V,CN,G,M,L,N,,M,,,Y,,,,,,Y,,
BOVALLSTRAND,SE,58.483333,11.333333,V,CN,F,L,K,O,,M,Y,,Y,,,,,,Y,,
HUNNEBOSTRAND,SE,58.433333,11.3,V,CN,G,O,L,N,,M,Y,Y,Y,,,,,,Y,,
LYSEKIL,SE,58.266667,11.433333,V,CB,G,L,H,M,,L,Y,Y,Y,Y,,Y,,,Y,,Y
UDDEVALLA,SE,58.35,11.916667,M,RB,G,N,A,N,K,M,Y,Y,Y,Y,,Y,Y,,Y,,Y
MARSTRAND,SE,57.883333,11.583333,V,CN,G,O,K,Q,,M,Y,Y,Y,,,Y,,,Y,,Y
GOTEBORG,SE,57.7,11.966667,L,RT,G,L,A,N,L,L,Y,Y,Y,Y,Y,Y,Y,M,Y,,Y
VARBERG,SE,57.116667,12.25,M,CB,G,J,G,N,M,M,Y,,Y,Y,,Y,,,Y,,Y
FALKENBERG,SE,56.9,12.5,M,CB,G,M,N,M,M,M,Y,Y,Y,Y,,Y,Y,M,Y,,Y
HALMSTAD,SE,56.666667,12.866667,S,CB,G,J,L,M,L,M,Y,,Y,Y,,Y,,S,,,Y
HOGANAS,SE,56.2,12.55,V,CB,F,L,,N,M,M,Y,Y,Y,Y,,Y,,,Y,N,Y
HELSINGBORG,SE,56.05,12.7,M,CB,G,K,G,N,L,M,Y,Y,Y,Y,,Y,Y,S,,,Y
LANDSKRONA,SE,55.866667,12.833333,S,CN,G,J,K,N,,M,Y,Y,Y,Y,,Y,Y,M,,,Y
MALMO,SE,55.616667,13.0,L,CB,G,L,K,N,J,M,Y,Y,Y,Y,,Y,Y,S,,Y,Y
LIMHAMN,SE,55.583333,12.933333,V,CB,G,M,L,M,,L,Y,Y,Y,,,Y,,S,Y,,Y
TRELLEBORG,SE,55.366667,13.15,S,CB,G,M,M,L,L,L,Y,Y,Y,Y,,Y,Y,,Y,,Y
YSTAD,SE,55.433333,13.833333,S,CB,G,M,M,N,,M,,,Y,Y,,Y,,,Y,,Y
SIMRISHAMN,SE,55.55,14.366667,S,CT,F,N,G,N,,M,Y,Y,,Y,,Y,,,,,
AHUS,SE,55.933333,14.316667,S,RB,G,L,N,L,L,M,,,Y,Y,Y,Y,,,Y,,Y
SOLVESBORG,SE,56.05,14.583333,S,CN,E,M,M,M,M,M,Y,Y,Y,Y,Y,Y,,S,Y,,Y
KARLSHAMN,SE,56.166667,14.866667,M,RN,G,H,J,N,J,M,Y,Y,Y,Y,,Y,Y,S,Y,,Y
RONNEBY,SE,56.183333,15.3,S,RN,G,N,M,N,N,M,Y,Y,,Y,,Y,,,Y,N,Y
KARLSKRONA,SE,56.166667,15.6,V,CB,G,M,M,P,M,M,Y,Y,Y,Y,Y,Y,,M,Y,,Y
BERGKVARA,SE,56.383333,16.1,V,OR,F,N,M,O,,M,Y,Y,,Y,,Y,,,Y,,Y
KALMAR,SE,56.666667,16.366667,V,CB,G,M,M,N,M,M,Y,Y,Y,Y,Y,Y,,M,Y,,Y
STORA JATTERSON,SE,57.1,16.566667,V,OR,F,M,K,,L,M,Y,Y,,,,,,,Y,,
TOFTE,NO,59.55,10.566667,V,CN,F,,C,J,,M,Y,Y,Y,,,,,,Y,,Y
KAMBO,NO,59.466667,10.683333,V,CN,G,N,A,K,G,M,Y,Y,Y,,,,,,N,,
HUSNES,NO,59.866667,5.766667,V,CB,G,,F,K,,L,Y,Y,,Y,,N,N,,Y,N,Y
VIEUX FORT,LC,13.716667,-60.966667,V,CN,G,J,D,K,,L,Y,,,Y,,Y,,,Y,N,Y
CASTRIES,LC,14.016667,-61.0,S,CN,G,J,B,K,J,L,Y,,Y,Y,,Y,,,Y,N,Y
BRIDGETOWN,BB,13.1,-59.633333,S,CB,G,H,L,J,H,L,Y,,Y,Y,,Y,Y,,Y,N,Y
SCARBOROUGH,TT,11.183333,-60.733333,V,OR,F,K,J,L,,M,,Y,,Y,,,,,Y,,Y
CHAGUARAMAS,TT,10.683333,-61.65,V,CN,G,,A,K,N,L,Y,,,Y,,Y,,M,Y,N,N
POINT LISAS PORT,TT,10.383333,-61.483333,S,RB,F,H,N,J,J,L,Y,,,,,Y,Y,,Y,,Y
POINT LISAS INDUSTRIAL PORT,TT,10.4,-61.5,S,CN,G,H,N,J,J,L,Y,,Y,Y,,Y,Y,,Y,,Y
BRIGHTON,TT,10.25,-61.633333,V,OR,P,H,H,N,L,L,Y,,,,,Y,,,Y,N,Y
POINT FORTIN,TT,10.2,-61.7,V,OR,P,H,E,,J,L,Y,Y,Y,Y,,Y,,,Y,N,Y
NINILCHIK,US,60.05,-151.683333,V,CN,G,P,P,,,,,,,,,,,,,,
KENAI,US,60.55,-151.266667,V,CN,F,,M,,,,,Y,Y,Y,Y,Y,Y,,,,Y
NIKISKI,US,60.683333,-151.4,V,CN,F,,,,H,L,Y,,,,,N,N,,,N,Y
ANCHORAGE,US,61.216667,-149.9,S,CN,F,M,E,K,K,L,Y,Y,Y,Y,,Y,Y,,,,Y
DRIFT RIVER,US,60.55,-152.133333,V,CN,F,,,,E,,Y,,,,,,,,,,
SNUG HARBOR,US,60.1,-152.583333,V,CN,G,,B,N,,,Y,Y,,,,,,,,,
OUZINKIE,US,57.916667,-152.5,V,CN,F,,,N,,,Y,Y,,,,,,,,,
KODIAK,US,57.783333,-152.4,S,CN,G,M,H,L,L,L,Y,Y,,Y,,Y,Y,,Y,,Y
WOMENS BAY,US,57.716667,-152.516667,V,CN,G,L,,L,L,,Y,,,,,Y,Y,,,,
PORT HOBRON,US,57.166667,-153.166667,V,CN,G,,,L,,,Y,Y,,,,,,,,,
MCCORD,US,57.15,-153.2,V,CN,G,,,L,,,Y,Y,,,,,,,,,
THREE SAINTS BAY,US,57.116667,-153.5,V,CN,G,,,M,,,,Y,,,,,,,,,
TRAP POINT,US,57.0,-154.15,V,CN,G,,,K,,,Y,Y,,,,,,,,,
LAZY BAY,US,56.9,-154.25,V,CN,P,A,F,L,,,Y,Y,,,,N,Y,,,,
KARLUK,US,57.566667,-154.45,V,OR,P,,B,,,,,Y,,,,,,,,,
UYAK,US,57.633333,-154.0,V,CN,F,,B,,,,Y,Y,,,,,,,,,
LARSEN BAY,US,57.533333,-153.983333,V,CN,G,L,A,P,,,Y,Y,Y,,,Y,Y,,,,
PORT OBRIEN,US,57.733333,-153.316667,V,CN,G,,A,K,M,,Y,Y,,,,Y,Y,,,,
CIUDAD DEL CARMEN,MX,18.633333,-91.866667,V,CB,E,O,M,N,O,M,Y,,,,,,,,Y,N,N
PROGRESO,MX,21.283333,-89.666667,V,OR,F,J,L,J,J,L,Y,Y,Y,Y,Y,Y,,,Y,N,Y
SAN MIGUEL DE COZUMEL,MX,20.5,-86.966667,V,OR,F,H,J,G,O,M,Y,Y,,,,,,,Y,N,N
PUERTO BARRIOS,GT,15.733333,-88.6,S,OR,F,K,L,L,,M,Y,,,,,,,,Y,N,Y
SANTO THOMAS DE CASTILLA,GT,15.7,-88.616667,S,CN,G,K,O,L,L,L,Y,,Y,Y,,Y,,,Y,Y,Y
PUERTO CORTES,HN,15.833333,-87.95,S,OR,F,G,L,J,H,L,Y,,,,Y,Y,,S,Y,N,Y
TELA,HN,15.783333,-87.45,V,OR,G,,J,,M,L,Y,,,Y,,N,,,Y,N,N
LA CEIBA,HN,15.783333,-86.8,V,OR,G,N,B,K,,L,Y,,,,,Y,Y,,Y,,N
TRUJILLO,HN,15.916667,-85.95,V,OR,F,H,L,N,,L,,Y,,,,N,,,N,N,N
PUERTO CASTILLA,HN,16.0,-85.983333,V,OR,F,H,A,K,,L,Y,Y,N,N,N,N,N,,Y,N,N
PORT NECHES,US,30.0,-93.95,S,RN,G,J,L,J,J,L,Y,,,N,,Y,Y,S,Y,,Y
BEAUMONT,US,30.083333,-94.083333,M,RN,G,J,L,L,L,L,Y,,,Y,Y,Y,Y,S,Y,,Y
GALVESTON,US,29.316667,-94.783333,L,CN,G,J,L,L,M,L,Y,Y,Y,Y,Y,Y,Y,S,Y,,Y
JACKSONVILLE,US,30.316667,-81.65,M,RN,E,J,J,J,J,L,Y,,Y,Y,Y,Y,Y,S,Y,,Y
ST AUGUSTINE,US,29.9,-81.316667,V,CN,E,O,M,N,,M,Y,,,,,,Y,,N,,
CANAVERAL HARBOR,US,28.7,-80.616667,V,CN,E,H,H,H,J,L,Y,,,,,Y,Y,,Y,,Y
FORT PIERCE,US,27.466667,-80.316667,V,CN,E,L,M,M,,M,Y,,,,,Y,Y,,Y,,Y
PALM BEACH,US,26.766667,-80.05,V,CN,E,K,A,K,K,L,Y,,Y,,,Y,Y,,Y,,Y
PORT EVERGLADES,US,26.1,-80.116667,M,CN,E,H,A,,J,L,Y,,Y,Y,,Y,Y,S,Y,,Y
MIAMI,US,25.783333,-80.183333,S,CN,E,H,A,H,K,L,Y,Y,Y,Y,Y,Y,Y,S,Y,Y,Y
KEY WEST,US,24.55,-81.816667,S,CN,G,K,N,K,,L,Y,,,Y,,Y,Y,,Y,,Y
BOCA GRANDE,US,26.7,-82.333333,V,CN,E,K,M,K,L,L,Y,,,,,Y,Y,,Y,,Y
SEATTLE,US,47.6,-122.333333,L,CN,E,K,A,A,H,L,Y,Y,Y,Y,Y,Y,Y,S,Y,,Y
POINT WELLS,US,47.783333,-122.4,V,CN,G,,,J,H,,Y,,,,,Y,Y,,Y,,
EDWARDS POINT,US,47.8,-122.4,V,CN,G,,,,J,,Y,,,,,Y,Y,,Y,,
MUKILTEO,US,47.95,-122.3,V,CN,E,J,J,J,,,Y,Y,,Y,,Y,Y,,Y,,
EVERETT,US,48.0,-122.216667,S,CN,E,M,K,J,,L,Y,Y,,Y,,Y,Y,,Y,,Y
COUPEVILLE,US,48.233333,-122.683333,V,CN,E,,,O,,,Y,,,,,,Y,,Y,,
RICHARDSON,US,48.45,-122.9,V,CN,E,,,,N,,Y,,,,,,Y,,Y,,
WARRENTON,US,46.166667,-123.916667,V,RN,E,P,,,,,Y,Y,,,,,,,,,
ASTORIA,US,46.2,-123.833333,S,RN,E,H,,K,E,L,Y,,Y,,,Y,Y,,N,,Y
TONGUE POINT,US,46.2,-123.75,V,RN,E,K,,N,,,Y,,,,,Y,Y,,,,Y
SAN FRANCISCO,US,37.816667,-122.416667,L,CN,E,K,L,J,J,L,Y,Y,Y,Y,Y,Y,Y,M,Y,Y,Y
YERBABUENA ISLAND,US,37.816667,-122.366667,V,CN,E,M,K,,,,,,,,,Y,Y,,Y,,
REDWOOD CITY,US,37.533333,-122.2,V,RN,E,L,,J,J,M,Y,,,,,Y,Y,,Y,,
ALAMEDA,US,37.783333,-122.266667,S,CN,E,,,L,,,Y,,Y,Y,Y,Y,Y,M,Y,,
OAKLAND,US,37.816667,-122.333333,L,CN,E,L,,L,L,L,Y,Y,Y,Y,Y,Y,Y,L,Y,,Y
BERKELEY,US,37.866667,-122.3,V,CN,E,P,,,,,Y,,,,,,Y,,Y,,
POINT RICHMOND,US,37.916667,-122.366667,S,CN,E,K,,K,G,L,Y,,,,,Y,Y,M,Y,,Y
MONTAUK HARBOR,US,41.066667,-71.933333,V,CB,G,O,O,P,,M,Y,,,,,,Y,,Y,N,N
GREENPORT,US,41.1,-72.366667,V,CB,G,P,O,N,,M,Y,,,,,,Y,,Y,N,N
STONINGTON,US,41.333333,-71.9,V,RN,G,O,N,O,,M,Y,,,,,,Y,,Y,N,N
NOANK,US,41.316667,-71.983333,V,CN,F,P,P,P,,M,Y,,,,,,Y,,Y,N,N
MYSTIC,US,41.35,-71.966667,V,RN,E,P,P,P,,M,Y,,,,Y,,Y,,Y,N,N
NEW LONDON,US,41.35,-72.083333,S,RN,E,K,K,K,J,L,Y,,Y,Y,Y,Y,Y,M,Y,,Y
NORWICH,US,41.516667,-72.083333,V,RN,E,M,M,M,M,M,Y,,,,,Y,Y,,Y,N,N
ESSEX,US,41.35,-72.383333,V,RN,E,P,O,P,,M,Y,,Y,,,Y,Y,,Y,N,N
NEW HAVEN,US,41.233333,-72.916667,S,CB,G,K,P,K,J,L,Y,,Y,,,Y,Y,,Y,,Y
PORT JEFFERSON,US,40.95,-73.083333,V,CB,G,M,L,M,L,L,Y,,,,,,Y,S,Y,,Y
BRIDGEPORT,US,41.166667,-73.183333,M,CB,E,L,G,K,K,L,Y,,,,,Y,Y,,Y,,Y
SOUTHPORT,US,41.133333,-73.283333,V,RN,G,P,P,P,,M,Y,,,,,Y,Y,,Y,N,N
NORWALK,US,41.1,-73.416667,V,RN,E,P,P,P,,,Y,,,,,,Y,,Y,N,N
STAMFORD,US,41.033333,-73.55,V,RN,E,O,O,O,,M,Y,,,,,Y,Y,,Y,N,N
GREENWICH,US,41.016667,-73.616667,V,CN,E,P,P,O,,M,Y,,,,,,Y,,Y,N,N
PORT CHESTER,US,41.0,-73.666667,V,RN,G,P,P,O,,M,,,,,,,Y,,N,,N
NEWBURYPORT,US,42.816667,-70.866667,V,RN,G,O,O,P,,M,Y,,,,,Y,Y,,Y,N,N
ROCKPORT,US,42.666667,-70.616667,V,CB,G,P,P,P,,M,Y,,,,,Y,Y,,,N,N
WINTER HARBOR,US,44.383333,-68.083333,V,CN,G,F,F,P,,M,Y,,,,,,Y,,N,N,N
SORRENTO,US,44.466667,-68.183333,V,CN,F,P,P,P,,M,Y,,,,,,,,N,N,N
BAR HARBOR,US,44.383333,-68.2,V,CN,F,N,P,O,,M,Y,,,,,,Y,,N,N,N
NORTHEAST HARBOR,US,44.3,-68.283333,V,CN,F,O,O,P,,M,Y,,Y,,,,Y,,Y,N,N
SOUTHWEST HARBOR,US,44.283333,-68.316667,V,CN,G,K,H,O,,M,Y,,Y,,,Y,Y,,N,N,N
MOUNT DESERT,US,44.366667,-68.333333,V,CN,F,M,M,N,,M,Y,,Y,,,Y,Y,,N,N,N
FRENCHBORO,US,44.116667,-68.366667,V,CN,F,M,P,P,,M,Y,,,,,Y,Y,,N,N,N
MINTURN,US,44.15,-68.45,V,CN,G,P,K,Q,,M,Y,,,,,,Y,,N,N,N
SWANS ISLAND,US,44.133333,-68.45,V,CN,G,N,N,P,,M,Y,,,,,Y,Y,,N,N,N
BASS HARBOR,US,44.233333,-68.35,V,CN,F,P,P,P,,M,Y,,,,,Y,Y,,N,N,N
GOTO OIL TERMINAL,BQ,12.216667,-68.383333,V,OR,F,A,,,A,L,Y,,,Y,,Y,,,Y,,Y
CARACASBAAI,CW,12.066667,-68.866667,S,OR,P,G,,H,H,L,Y,Y,Y,,,N,N,,Y,,Y
WILLEMSTAD,CW,12.116667,-68.933333,M,CB,G,G,J,G,H,L,Y,,,Y,,Y,Y,M,Y,Y,Y
BULLEN BAAI,CW,12.183333,-69.033333,M,OR,P,B,,,A,L,Y,,,,,Y,Y,,Y,,Y
PAARDEN BAAI - (ORANJESTAD),AW,12.516667,-70.033333,V,CB,F,J,A,K,,L,Y,,Y,Y,,Y,Y,,Y,,Y
TURBO,CO,8.083333,-76.733333,V,OR,F,H,J,J,O,M,Y,Y,,,Y,N,N,,Y,,Y
COVENAS,CO,9.416667,-75.683333,S,OR,F,A,A,L,E,L,,Y,,Y,,Y,N,,Y,,Y
CARTAGENA,CO,10.416667,-75.533333,M,CN,E,J,J,H,J,L,Y,,Y,Y,,Y,,,Y,,Y
SANTA MARTA,CO,11.25,-74.216667,S,CN,G,A,A,F,,L,Y,Y,Y,Y,,Y,,,Y,,Y
POINTE A PITRE,GP,16.233333,-61.533333,M,CN,G,J,J,J,L,L,Y,,,Y,,Y,,S,Y,N,Y
SANCHEZ,DO,19.233333,-69.616667,V,OR,F,H,L,P,,M,,Y,Y,,,,,,N,,Y
LA ROMANA,DO,18.416667,-68.966667,V,RN,G,L,A,L,,L,Y,,,Y,,Y,Y,S,Y,N,Y
SAN PEDRO DE MACORIS,DO,18.45,-69.316667,S,RN,G,L,E,L,H,L,Y,,,,,Y,Y,M,Y,N,Y
ANDRES (ANDRES LNG TERMINAL),DO,18.433333,-69.633333,M,OR,G,K,H,M,H,M,Y,,,,,Y,Y,,Y,N,N
SANTO DOMINGO,DO,18.466667,-69.883333,M,RN,E,K,H,L,K,L,Y,,,Y,,Y,Y,S,Y,,Y
PUERTO DE HAINA,DO,18.416667,-70.016667,S,RN,G,K,H,K,J,L,Y,Y,,Y,,,Y,M,Y,,Y
LAS CALDERAS,DO,18.216667,-70.516667,S,CN,G,K,L,,,M,Y,Y,,,,,,,Y,N,N
PUERTO VIEJO DE AZUA,DO,18.35,-70.833333,V,OR,P,K,J,L,L,L,Y,Y,,,,Y,Y,,Y,N,N
ARGENTIA,CA,47.3,-53.983333,M,CN,F,J,B,J,H,M,Y,,Y,,,Y,Y,M,N,N,N
ROCKLAND,CA,45.55,-75.3,V,RN,E,P,P,Q,,,Y,,,,,,,,,,
CATALINA HARBOR,CA,48.5,-53.083333,S,CN,G,L,L,N,N,M,Y,,,,,,,,N,N,N
PORT UNION,CA,48.5,-53.083333,V,CN,G,L,L,N,,M,Y,,,,,Y,,,N,N,N
CLARENVILLE,CA,48.15,-53.95,S,CN,G,A,H,L,M,M,Y,Y,Y,,,Y,Y,,N,N,N
PORT MANATEE,US,27.633333,-82.566667,S,CT,,J,,,,,Y,Y,,Y,Y,,,S,,,
TAMPA,US,27.916667,-82.45,M,CN,E,H,G,J,K,L,Y,,Y,Y,Y,Y,Y,M,Y,,Y
ST PETERSBURG,US,27.766667,-82.616667,S,CN,G,N,M,N,,L,Y,,,Y,,Y,Y,,Y,,Y
TARPON SPRINGS,US,28.15,-82.766667,V,CN,N,P,P,P,,M,Y,,,,,,Y,,N,,
CARRABELLE,US,29.85,-84.666667,V,RN,N,N,N,P,,M,Y,,,,,,Y,,,,
APALACHICOLA,US,29.716667,-84.983333,V,RN,N,P,P,Q,,M,Y,,N,,,Y,Y,,N,,
PORT ST JOE,US,29.816667,-85.316667,S,CN,N,K,M,K,K,M,Y,,,,,Y,Y,,Y,N,Y
PANAMA CITY,US,30.133333,-85.65,S,CN,N,K,K,K,L,M,Y,,,,Y,N,Y,,Y,Y,Y
PENSACOLA,US,30.4,-87.216667,S,CN,N,J,O,K,K,L,Y,,,,,Y,Y,,Y,,Y
MOBILE,US,30.683333,-88.116667,L,RN,E,J,B,J,J,L,Y,,Y,Y,Y,Y,Y,M,Y,,Y
PASCAGOULA,US,30.35,-88.566667,S,RN,E,K,M,J,J,L,Y,,,Y,,Y,Y,M,Y,,Y
BILOXI,US,30.383333,-88.883333,V,CN,E,P,P,P,,,Y,,,,,Y,Y,M,Y,,Y
GULFPORT,US,30.35,-89.083333,S,CN,E,K,J,K,,M,Y,,,Y,,Y,Y,,Y,,Y
SLIDELL,US,30.266667,-89.783333,V,LC,E,P,P,P,,M,Y,,Y,,Y,Y,Y,S,Y,,Y
MADISONVILLE,US,30.4,-90.15,V,RN,E,P,P,P,,M,Y,,,,,Y,Y,S,N,,
CONCHAN OIL TERMINAL,PE,-12.166667,-77.0,V,OR,,,,,E,L,,Y,,,,Y,,,,,
LA PAMPILLA OIL TERMINAL,PE,-11.933333,-77.133333,V,OR,P,,D,J,E,,,Y,,,,Y,,,,,
ZIRKUH OIL FIELD,AE,24.866667,53.05,S,OR,P,C,,,C,,,Y,,Y,,N,,,Y,,Y
SALIF,YE,15.3,42.666667,V,CB,F,K,A,H,,M,Y,,,,,N,N,,Y,Y,
BARBERS POINT TERMINAL,US,21.266667,-158.1,V,OR,P,,B,,B,M,,Y,,,,,,,Y,,Y
LAAYOUNE,EH,27.083333,-13.433333,V,CN,,,A,M,,M,Y,,,,,N,,,Y,,Y
ISLE OF GRAIN,GB,51.433333,0.7,S,CN,F,J,G,H,H,L,Y,,Y,Y,,Y,Y,,Y,,Y
FELIXSTOWE,GB,51.95,1.316667,V,RN,F,G,J,M,L,L,Y,,Y,Y,,Y,Y,,Y,,Y
STRAUMSVIK,IS,64.05,-22.05,V,CN,F,,A,,,L,Y,Y,,,,,,,,,
BOLUNGAVIK,IS,66.166667,-23.233333,V,CB,F,A,,M,,L,Y,,,,,,,,,,
DALVIK,IS,65.983333,-18.516667,V,CB,F,N,B,B,,,Y,,,,,,,,N,,
KILKEEL,GB,54.05,-5.983333,V,CN,F,P,J,P,,M,,,,,,Y,Y,,,,
QUTDLEQ,GL,61.516667,-42.216667,V,CN,G,A,A,,,M,,,,,,,,,,,N
KUSANARTOQ,GL,61.766667,-42.216667,S,CN,G,H,E,,,M,,Y,,,,,,,,,N
LIVERPOOL BAY TERMINAL,GB,53.533333,-3.55,V,OR,P,,,,A,M,,,,,,N,,,Y,,Y
FOLKESTONE HARBOUR,GB,51.083333,1.2,S,CB,G,Q,E,N,,M,Y,,,Y,,Y,Y,,Y,,
LAVRIO,GR,37.7,24.066667,V,CB,F,N,H,N,N,M,,,N,N,N,Y,Y,,Y,,Y
RENI,UA,45.433333,28.3,V,RN,F,M,K,O,M,,,,Y,Y,Y,Y,,,Y,,Y
SUPSA MARINE TERMINAL,GE,42.1,41.716667,V,OR,P,A,G,,,M,,,,,,N,N,,Y,Y,Y
LAJES,PT,38.4,-28.266667,V,CB,,P,A,,,,,,,,,,,,Y,,
NAVLAKHI,IN,22.95,70.45,V,OR,P,J,J,,,L,N,Y,,Y,Y,Y,,S,Y,,Y
YETAGUN MARINE TERMINAL,MM,13.05,96.85,V,OR,P,A,,,A,,,Y,,,,N,N,,Y,Y,Y
ANGRA DO HEROISMO,PT,38.65,-27.216667,V,CN,F,H,A,M,,M,Y,Y,Y,,,Y,Y,,Y,,
PRAIA DE VITORIA,PT,38.716667,-27.05,V,CN,F,E,A,H,,M,,Y,Y,,,Y,Y,,Y,N,N
ELLSWORTH,US,44.55,-68.416667,V,RN,F,P,P,P,,M,Y,,,,,Y,Y,,N,N,N
BROOKLIN,US,44.266667,-68.583333,V,CN,F,O,M,P,,M,Y,,,,,N,N,,N,N,N
BUCKS HARBOR,US,44.333333,-68.733333,V,CN,G,M,J,O,,M,Y,,,,,Y,Y,,N,N,N
STONINGTON,US,44.15,-68.666667,V,CN,G,N,N,P,,M,Y,,Y,,,Y,Y,,N,N,N
CRIEHAVEN,US,43.833333,-68.883333,V,CB,P,P,P,P,,M,Y,,,,,Y,Y,,N,N,N
MATINICUS,US,43.866667,-68.883333,V,CB,F,M,O,P,,M,Y,,,,,Y,Y,,N,N,N
VINALHAVEN,US,44.05,-68.833333,V,CN,G,O,M,P,,M,Y,,,,,,Y,S,Y,N,N
NORTH HAVEN,US,44.133333,-68.866667,V,CN,G,N,M,O,,M,Y,,Y,,,,Y,,Y,N,N
CASTINE,US,44.383333,-68.733333,V,CN,G,H,E,L,,M,Y,,,,,,Y,,Y,N,N
SANDYPOINT,US,44.516667,-68.816667,V,RN,F,O,O,L,,M,Y,,,,,Y,Y,,Y,N,N
BUCKSPORT,US,44.566667,-68.783333,V,RN,G,K,O,K,K,M,Y,,,,,Y,Y,,Y,N,Y
WINTERPORT,US,44.633333,-68.85,V,RN,F,O,M,M,,M,Y,,,,,Y,Y,,,N,N
BANGOR,US,44.8,-68.766667,S,RN,G,O,N,M,M,L,Y,,,,,Y,Y,,Y,N,Y
SEARSPORT,US,44.45,-68.916667,S,RN,G,K,K,H,J,L,Y,,,,,Y,Y,,,N,Y
BELFAST,US,44.416667,-69.0,V,RN,F,O,L,O,,M,Y,,,,,Y,Y,,Y,N,Y
CAMDEN,US,44.216667,-69.066667,V,CN,F,N,K,O,,M,Y,,,,,Y,Y,,Y,N,N
ROCKPORT,US,44.183333,-69.066667,V,CN,G,G,D,P,,M,Y,,,,,Y,Y,,Y,N,N
ROCKLAND,US,44.1,-69.1,V,CB,G,O,M,N,O,M,Y,,Y,,,Y,Y,,Y,N,N
RETHIMNON,GR,35.366667,24.466667,V,CB,F,,F,N,,M,Y,,,,,Y,Y,,N,N,N
ZALIV RASA,HR,45.05,14.066667,V,CN,F,A,K,G,,,,,Y,,,Y,Y,,Y,,Y
DUGI RAT,HR,43.45,16.65,V,CN,F,A,L,,,M,,,,,,,,,Y,N,N
KORCULA,HR,42.933333,17.133333,V,CN,F,A,M,A,,M,,,Y,,,Y,Y,,Y,,
TERMINI IMERESE,IT,37.983333,13.7,V,CB,F,M,G,L,H,M,Y,Y,Y,,,N,Y,,,,
PORTOFERRAIO,IT,42.816667,10.333333,S,OR,F,K,H,M,,,Y,,,,,N,N,,Y,,N
TORRE DEL GRECO,IT,40.783333,14.366667,V,CB,P,L,O,A,,,Y,Y,,,,Y,Y,,,,Y
SPETSES,GR,37.266667,23.166667,V,OR,F,A,A,,,M,,,,,,,,,,,
PUERTO DE GARRUCHA,ES,37.183333,-1.816667,V,CB,F,,A,L,,M,,,Y,,,Y,Y,,Y,,Y
VILLANUEVA Y GELTRU,ES,41.233333,1.733333,V,CB,F,M,M,M,,M,Y,,Y,Y,,,,,Y,,Y
DROGHEDA,IE,53.716667,-6.3,V,RB,F,N,P,J,P,M,,,,Y,,Y,,,Y,,
VALENTIA,IE,51.933333,-10.3,V,CN,F,N,P,H,,M,,,,,,Y,Y,,N,,
RUNAVIK,FO,62.116667,-6.716667,V,CN,F,G,A,N,,M,,,,,,Y,Y,,Y,,
VAGUR,FO,61.483333,-6.8,V,CN,F,J,J,M,L,M,,,,,,,Y,,Y,,
ST. MARY'S (SCILLY ISL.),GB,49.916667,-6.316667,S,CB,G,J,N,N,,M,,,,,,,,,Y,N,N
BANGOR,GB,54.65,-5.666667,V,RB,F,N,L,P,,M,,,,Y,,Y,Y,,N,N,N
BIRD PORT,GB,51.566667,-2.966667,V,RN,P,P,N,K,,M,Y,,,Y,,Y,Y,,,,
GARLSTON,GB,53.35,-2.9,V,RT,F,M,M,N,,M,Y,Y,Y,Y,,Y,Y,,Y,,Y
HOWDENDYKE,GB,53.733333,-0.883333,V,RN,F,O,N,,,M,Y,Y,,,,Y,Y,,Y,,Y
KILROOT,GB,54.733333,-5.716667,S,CN,F,,K,K,M,M,Y,,,,,Y,Y,,Y,,Y
LANCASTER,GB,54.05,-2.783333,S,RB,F,,L,O,,M,,,,,,Y,Y,,N,N,N
MOSTYN,GB,53.316667,-3.266667,V,CN,F,J,F,P,,M,Y,,Y,Y,Y,,,,Y,,Y
NEW HOLLAND,GB,53.7,-0.366667,V,OR,P,Q,N,Q,,M,Y,,,Y,Y,Y,Y,,Y,,
TILBURY,GB,51.466667,0.333333,S,RT,G,,M,K,,M,,,Y,,,Y,Y,,Y,,Y
